ID	NAME	SECONDARY ID	FORMULA	MASS	SMILES	PDB ACCESSION
CHEBI:23178	cholest-7-ene		C27H46	370.65414	[H][C@@]1(CC[C@@]2([H])C3=CCC4CCCC[C@]4(C)[C@@]3([H])CC[C@]12C)[C@H](C)CCCC(C)C		
CHEBI:28051	veratridine	CHEBI:27281; CHEBI:9952	C36H51NO11	673.79028	[H][C@@]12CC[C@H](C)CN1C[C@@]1([H])[C@]3(O)C[C@]45O[C@]6(O)[C@H](CC[C@@]4(C)[C@]6([H])CC[C@@]5([H])[C@]3(O)C[C@H](O)[C@]1(O)[C@]2(C)O)OC(=O)c1ccc(OC)c(OC)c1		
CHEBI:28810	cholest-5-ene	CHEBI:2045; CHEBI:23174; CHEBI:23175	C27H46	370.65414	[H][C@@]1(CC[C@@]2([H])[C@]3([H])CC=C4CCCC[C@]4(C)[C@@]3([H])CC[C@]12C)[C@H](C)CCCC(C)C		
CHEBI:35652	cevine		C27H43NO8	509.63220	[H][C@@]12CC[C@H](C)CN1C[C@@]1([H])[C@]3(O)C[C@]45O[C@]6(O)[C@H](O)CC[C@@]4(C)[C@]6([H])CC[C@@]5([H])[C@]3(O)C[C@H](O)[C@]1(O)[C@]2(C)O		
CHEBI:37925	androst-16-ene		C19H30	258.44150	[H][C@@]12CCC3CCCC[C@]3(C)[C@@]1([H])CC[C@]1(C)C=CC[C@@]21[H]		
CHEBI:37927	5alpha-androst-16-ene		C19H30	258.44150	[H][C@]12CCCC[C@]1(C)[C@@]1([H])CC[C@]3(C)C=CC[C@@]3([H])[C@]1([H])CC2		
CHEBI:52031	glycochenodeoxycholic acid 7-sulfate		C26H43NO8S	529.68700	[H][C@@]12C[C@H](O)CC[C@]1(C)[C@@]1([H])CC[C@]3(C)[C@]([H])(CC[C@@]3([H])[C@]1([H])[C@@H](C2)OS(O)(=O)=O)[C@H](C)CCC(=O)NCC(O)=O		
CHEBI:61313	C21-steroid		C21H36	288.511	C1CCCC2C1(C3C(CC2)C4C(CC3)(C(CC4)CC)C)C		
CHEBI:138029	14alpha-methyl steroid		C20H33R	273.477	C12C([C@]3(C(C(CC3)*)(C)CC1)C)CCC4C2(CCCC4)C		
CHEBI:138031	Delta(14) steroid		C19H29R	257.434	C12C(C=3C(C(CC3)*)(C)CC1)CCC4C2(CCCC4)C		
CHEBI:9177	sodium deoxycholate		C24H39O4.Na; C24H39NaO4	414.55383	[Na+].[H][C@]12CC[C@@]3([H])[C@]4([H])CC[C@]([H])([C@H](C)CCC([O-])=O)[C@@]4(C)[C@@H](O)C[C@]3([H])[C@@]1(C)CC[C@@H](O)C2		
CHEBI:9410	taurodeoxycholic acid		C26H45NO6S	499.70464	[H][C@]12CC[C@@]3([H])[C@]4([H])CC[C@]([H])([C@H](C)CCC(=O)NCCS(O)(=O)=O)[C@@]4(C)[C@@H](O)C[C@]3([H])[C@@]1(C)CC[C@@H](O)C2		
CHEBI:15896	3,4-dihydroxy-9,10-secoandrosta-1,3,5(10)-triene-9,17-dione	CHEBI:11690; CHEBI:19876; CHEBI:1376	C19H24O4	316.39150	[H][C@@]1(CCc2c(C)ccc(O)c2O)C(=O)CC[C@]2(C)C(=O)CC[C@@]12[H]		
CHEBI:16525	taurochenodeoxycholic acid	CHEBI:46136; CHEBI:3590; CHEBI:13961; CHEBI:23096	C26H45NO6S	499.70464	[H][C@@]12C[C@H](O)CC[C@]1(C)[C@@]1([H])CC[C@]3(C)[C@]([H])(CC[C@@]3([H])[C@]1([H])[C@H](O)C2)[C@H](C)CCC(=O)NCCS(O)(=O)=O		
CHEBI:17525	testolic acid	CHEBI:9459; CHEBI:15212; CHEBI:26881	C19H28O4	320.42322	[H][C@@]12CCC3=CC(=O)CC[C@]3(C)[C@@]1([H])CC[C@](C)(O)[C@@]2([H])CCC(O)=O		
CHEBI:35865	5alpha-cholest-7-ene		C27H46	370.65414	[H][C@]12CCCC[C@]1(C)[C@@]1([H])CC[C@]3(C)[C@]([H])(CC[C@@]3([H])C1=CC2)[C@H](C)CCCC(C)C		
CHEBI:35866	5beta-cholest-7-ene		C27H46	370.65414	[H][C@@]12CCCC[C@]1(C)[C@@]1([H])CC[C@]3(C)[C@]([H])(CC[C@@]3([H])C1=CC2)[C@H](C)CCCC(C)C		
CHEBI:36237	cholanic acid		C24H40O2	360.57320	[H][C@@]1(CC[C@@]2([H])[C@]3([H])CCC4CCCC[C@]4(C)[C@@]3([H])CC[C@]12C)[C@H](C)CCC(O)=O		
CHEBI:49275	chol-4-en-24-oic acid		C24H38O2	358.55732	[H][C@@]1(CC[C@@]2([H])[C@]3([H])CCC4=CCCC[C@]4(C)[C@@]3([H])CC[C@]12C)[C@H](C)CCC(O)=O		
CHEBI:49277	chola-4,6-dien-24-oic acid		C24H36O2	356.54144	[H][C@@]1(CC[C@@]2([H])[C@]3([H])C=CC4=CCCC[C@]4(C)[C@@]3([H])CC[C@]12C)[C@H](C)CCC(O)=O		
CHEBI:50421	cyprinol		C27H48O5	452.66702	[H][C@@]1(CC[C@@]2([H])[C@]3([H])[C@H](O)CC4C[C@H](O)CC[C@]4(C)[C@@]3([H])C[C@H](O)[C@]12C)[C@H](C)CCCC(CO)CO		
CHEBI:50422	5alpha-cyprinol		C27H48O5	452.66702	[H][C@]12C[C@H](O)CC[C@]1(C)[C@@]1([H])C[C@H](O)[C@]3(C)[C@]([H])(CC[C@@]3([H])[C@]1([H])[C@H](O)C2)[C@H](C)CCCC(CO)CO		
CHEBI:80774	tauroursodeoxycholic acid	CHEBI:132326	C26H45NO6S	499.706	C1[C@@]2([C@]3(CC[C@]4([C@]([C@@]3([C@H](C[C@@]2(C[C@@H](C1)O)[H])O)[H])(CC[C@]4([H])[C@@H](CCC(NCCS(O)(=O)=O)=O)C)[H])C)[H])C		
CHEBI:142528	5beta-chola-3,8(14),11-trien-24-oic acid		C24H34O2	354.526	C1[C@@]2([C@]3(C=C[C@]4(C(=C3CC[C@@]2(C=CC1)[H])CC[C@@]4([C@H](C)CCC(O)=O)[H])C)[H])C		
CHEBI:145227	tauroursocholic acid		C26H45NO7S	515.710	C1[C@@]2([C@]3(C[C@@H]([C@]4([C@]([C@@]3([C@H](C[C@@]2(C[C@@H](C1)O)[H])O)[H])(CC[C@]4([H])[C@@H](CCC(NCCS(O)(=O)=O)=O)C)[H])C)O)[H])C		
CHEBI:145340	3beta-hydroxy-5alpha-ergosta-7,24(28)-diene-4alpha-carboxylic acid		C29H46O3	442.684	C1[C@@]2([C@]3(CC[C@]4([C@](C3=CC[C@]2([C@@H]([C@H](C1)O)C(=O)O)[H])(CC[C@@]4([C@@H](CCC(C(C)C)=C)C)[H])[H])C)[H])C		
CHEBI:1624	3-oxo-5beta-steroid	CHEBI:13602	C19H29OR	273.434	C12C(C3C(C(CC3)*)(C)CC1)CC[C@]4(C2(CCC(C4)=O)C)[H]		
CHEBI:1722	3beta-hydroxy-Delta(5)-steroid	CHEBI:13608; CHEBI:136845; CHEBI:20245	C19H29OR	273.434	C12C(C3C(C(CC3)*)(C)CC1)CC=C4C2(CC[C@@H](C4)O)C		
CHEBI:3663	cholesteryl palmitate	CHEBI:84319	C43H76O2	625.06234	[H][C@@]1(CC[C@@]2([H])[C@]3([H])CC=C4C[C@H](CC[C@]4(C)[C@@]3([H])CC[C@]12C)OC(=O)CCCCCCCCCCCCCCC)[C@H](C)CCCC(C)C		
CHEBI:4315	danazol	CHEBI:505364; CHEBI:554019	C22H27NO2	337.45532	[H][C@@]12CCC3=Cc4oncc4C[C@]3(C)[C@@]1([H])CC[C@@]1(C)[C@@]2([H])CC[C@@]1(O)C#C		
CHEBI:4453	desogestrel		C22H30O	310.47300	[H][C@]12CCCC=C1CC[C@@]1([H])[C@]3([H])CC[C@@](O)(C#C)[C@@]3(CC)CC(=C)[C@]21[H]		
CHEBI:4591	dihydrotachysterol		C28H46O	398.66424	[H][C@@]1(CC[C@]2([H])[C@]1(C)CCC\C2=C/C=C1\C[C@@H](O)CC[C@@H]1C)[C@H](C)\C=C\[C@H](C)C(C)C		
CHEBI:4712	doxercalciferol		C28H44O2	412.649	C1[C@]2([C@](/C(=C/C=C/3\C([C@H](C[C@@H](C3)O)O)=C)/CC1)(CC[C@@]2([C@H](C)/C=C/[C@@H](C(C)C)C)[H])[H])C		
CHEBI:4903	17alpha-ethynylestradiol		C20H24O2	296.40336	[H][C@]12CC[C@@]3(C)[C@@]([H])(CC[C@@]3(O)C#C)[C@]1([H])CCc1cc(O)ccc21		
CHEBI:7907	pancuronium	CHEBI:406486	C35H60N2O4	572.86190	[H][C@@]12CC[C@]3([H])[C@]([H])(CC[C@]4(C)[C@@]([H])(OC(C)=O)[C@H](C[C@@]34[H])[N+]3(C)CCCCC3)[C@@]1(C)C[C@@H]([C@H](C2)OC(C)=O)[N+]1(C)CCCCC1		
CHEBI:7931	paricalcitol		C27H44O3	416.63646	[H][C@@]1(CC[C@]2([H])[C@]1(C)CCC\C2=C/C=C1C[C@@H](O)C[C@H](O)C1)[C@H](C)\C=C\[C@H](C)C(C)(C)O		
CHEBI:8379	prednisolone sodium phosphate		C21H27O8P.2Na; C21H27O8P.Na.Na	484.392	C[C@@]12C[C@@H]([C@]3([C@]([C@]2([H])CC[C@@]1(C(COP(=O)([O-])[O-])=O)O)(CCC=4[C@]3(C)C=CC(C4)=O)[H])[H])O.[Na+].[Na+]		
CHEBI:8386	pregnane		C21H36	288.51054	[H][C@]1(CC)CC[C@@]2([H])[C@]3([H])CCC4([H])CCCC[C@]4(C)[C@@]3([H])CC[C@]12C		
CHEBI:8716	quinestrol		C25H32O2	364.52038	[H][C@]12CC[C@@]3(C)[C@@]([H])(CC[C@@]3(O)C#C)[C@]1([H])CCc1cc(OC3CCCC3)ccc21		
CHEBI:9463	testosterone cypionate		C27H40O3	412.60470	[H][C@@]12CCC3=CC(=O)CC[C@]3(C)[C@@]1([H])CC[C@]1(C)[C@H](CC[C@@]21[H])OC(=O)CCC1CCCC1		
CHEBI:13601	3-oxo-5alpha-steroid	CHEBI:1622; CHEBI:20150	C19H29OR	273.434	C12C(C3C(C(CC3)*)(C)CC1)CC[C@@]4(C2(CCC(C4)=O)C)[H]		
CHEBI:13610	3beta-hydroxysterol ester	CHEBI:1727; CHEBI:20249	C20H30O2R2	302.452	C12C(C3C(C(CC3)*)(C)CC1)CCC4C2(CC[C@@H](C4)OC(*)=O)C		
CHEBI:15576	(24R)-24-methylcycloart-25-en-3beta-ol	CHEBI:10852; CHEBI:176	C31H52O	440.74398	[H][C@@]1(CC[C@@]2(C)[C@]3([H])CC[C@@]4([H])C(C)(C)[C@@H](O)CC[C@@]44C[C@@]34CC[C@]12C)[C@H](C)CC[C@@H](C)C(C)=C		
CHEBI:15822	17alpha-estradiol 3-glucosiduronic acid	CHEBI:4863; CHEBI:14218; CHEBI:23962	C24H32O8	448.50610	[H][C@]12CC[C@]3(C)[C@H](O)CC[C@@]3([H])[C@]1([H])CCc1cc(O[C@@H]3O[C@@H]([C@@H](O)[C@H](O)[C@H]3O)C(O)=O)ccc21		
CHEBI:15826	16alpha-hydroxyprogesterone	CHEBI:11332; CHEBI:777; CHEBI:19164	C21H30O3	330.46110	[H][C@@]12CCC3=CC(=O)CC[C@]3(C)[C@@]1([H])CC[C@]1(C)[C@H]([C@H](O)C[C@@]21[H])C(C)=O		
CHEBI:15889	sterol	CHEBI:13688; CHEBI:15114; CHEBI:9266; CHEBI:26771	C19H31OR	275.450	C12C(C3C(C(CC3)*)(C)CC1)CCC4C2(CCC(C4)O)C		
CHEBI:15938	pregnan-21-ol	CHEBI:8385; CHEBI:14880; CHEBI:26231	C21H36O	304.50994	[H][C@@]12CCC3CCCC[C@]3(C)[C@@]1([H])CC[C@]1(C)[C@@H](CCO)CC[C@@]21[H]		
CHEBI:16129	17alpha-(N-acetyl-D-glucosaminyl)estradiol 3-glucosiduronic acid	CHEBI:11338; CHEBI:787; CHEBI:19171	C32H45NO13	651.69860	[H][C@]12CC[C@]3(C)[C@@H](CC[C@@]3([H])[C@]1([H])CCc1cc(O[C@@H]3O[C@@H]([C@@H](O)[C@H](O)[C@H]3O)C(O)=O)ccc21)OC1O[C@H](CO)[C@@H](O)[C@H](O)[C@H]1NC(C)=O		
CHEBI:16312	3alpha,7alpha-dihydroxy-12-oxo-5beta-cholanic acid	CHEBI:20227; CHEBI:1703; CHEBI:20228	C24H38O5	406.55552	[H][C@@]12C[C@H](O)CC[C@]1(C)[C@@]1([H])CC(=O)[C@]3(C)[C@]([H])(CC[C@@]3([H])[C@]1([H])[C@H](O)C2)[C@H](C)CCC(O)=O		
CHEBI:16495	4alpha-methyllathosterone	CHEBI:12049; CHEBI:71571; CHEBI:20487; CHEBI:1947	C28H46O	398.66420	[H][C@@]1(CC[C@@]2([H])C3=CC[C@@]4([H])[C@H](C)C(=O)CC[C@]4(C)[C@@]3([H])CC[C@]12C)[C@H](C)CCCC(C)C		
CHEBI:16784	6beta-hydroxy-17beta-estradiol	CHEBI:12238; CHEBI:2242; CHEBI:20762	C18H24O3	288.38136	[H][C@]12CC[C@]3(C)[C@@H](O)CC[C@@]3([H])[C@]1([H])C[C@@H](O)c1cc(O)ccc21		
CHEBI:16799	16alpha-hydroxy steroid	CHEBI:13584; CHEBI:11333; CHEBI:778; CHEBI:19165	C19H31OR	275.450	C12C(C3C(C([C@@H](C3)O)*)(C)CC1)CCC4C2(CCCC4)C		
CHEBI:17002	cholesteryl ester	CHEBI:13983; CHEBI:23205; CHEBI:3660	C28H45O2R	413.65570	[H][C@@]1(CC[C@@]2([H])[C@]3([H])CC=C4C[C@H](CC[C@]4(C)[C@@]3([H])CC[C@]12C)OC([*])=O)[C@H](C)CCCC(C)C		
CHEBI:17354	16beta-hydroxy steroid	CHEBI:11334; CHEBI:779; CHEBI:19166	C19H31OR	275.450	C12C(C3C(C([C@H](C3)O)*)(C)CC1)CCC4C2(CCCC4)C		
CHEBI:17639	3-oxo-5beta-cholanic acid	CHEBI:1623; CHEBI:20151; CHEBI:20152	C24H38O3	374.55672	[H][C@]12CC[C@]3([H])[C@]([H])(CC[C@]4(C)[C@]([H])(CC[C@@]34[H])[C@H](C)CCC(O)=O)[C@@]1(C)CCC(=O)C2		
CHEBI:17687	glycocholic acid	CHEBI:11894; CHEBI:42804; CHEBI:5464; CHEBI:24378; CHEBI:20215; CHEBI:29080	C26H43NO6; C26H43NO6	465.62270	C[C@H](CCC(=O)NCC(O)=O)[C@H]1CC[C@H]2[C@@H]3[C@H](O)C[C@@H]4C[C@H](O)CC[C@]4(C)[C@H]3C[C@H](O)[C@]12C		
CHEBI:17934	pregnan-21-al	CHEBI:8384; CHEBI:14879; CHEBI:26230	C21H34O	302.49406	[H][C@@]12CCC3CCCC[C@]3(C)[C@@]1([H])CC[C@]1(C)[C@H](CC[C@@]21[H])CC=O		
CHEBI:18378	4alpha-methyl-5alpha-cholest-7-en-3beta-ol	CHEBI:6534; CHEBI:12050	C28H48O	400.68012	[H][C@@]1(CC[C@@]2([H])C3=CC[C@@]4([H])[C@H](C)[C@@H](O)CC[C@]4(C)[C@@]3([H])CC[C@]12C)[C@H](C)CCCC(C)C		
CHEBI:19168	17-oxo steroid		C18H27OR	259.407	CC12CCC3C(CCC4CCCCC34[*])C1CCC2=O		
CHEBI:19793	20,26-dihydroxyecdysone		C27H44O8	496.63350	[H][C@]12CC[C@]3(C)[C@]([H])(CC[C@@]3(O)C1=CC(=O)[C@]1([H])C[C@@H](O)[C@@H](O)C[C@]21C)[C@@](C)(O)[C@H](O)CCC(C)(O)CO		
CHEBI:19804	22-deoxy-20,21-dihydroxyecdysone		C27H44O7	480.63406	[H][C@]12CC[C@]3(C)[C@]([H])(CC[C@@]3(O)C1=CC(=O)[C@]1([H])C[C@@H](O)[C@@H](O)C[C@]21C)[C@](O)(CO)CCCC(C)(C)O		
CHEBI:20538	2-deoxy-20-hydroxy-5alpha-ecdysone 3-acetate		C29H46O7	506.67134	[H][C@]12CC[C@]3(C)[C@]([H])(CC[C@@]3(O)C1=CC(=O)[C@@]1([H])C[C@H](CC[C@]21C)OC(C)=O)[C@@](C)(O)[C@H](O)CCC(C)(C)O		
CHEBI:20640	5alpha-campestane		C28H50	386.69660	[H][C@]12CCCC[C@]1(C)[C@@]1([H])CC[C@]3(C)[C@]([H])(CC[C@@]3([H])[C@]1([H])CC2)[C@H](C)CC[C@@H](C)C(C)C		
CHEBI:20642	5alpha-cholane		C24H42	330.59028	[H][C@]12CCCC[C@]1(C)[C@@]1([H])CC[C@]3(C)[C@]([H])(CC[C@@]3([H])[C@]1([H])CC2)[C@H](C)CCC		
CHEBI:20652	5alpha-ergostane		C28H50	386.69660	[H][C@]12CCCC[C@]1(C)[C@@]1([H])CC[C@]3(C)[C@]([H])(CC[C@@]3([H])[C@]1([H])CC2)[C@H](C)CC[C@H](C)C(C)C		
CHEBI:20653	5alpha-estrane		C18H30	246.43080	[H][C@]12CCCC[C@]1([H])[C@@]1([H])CC[C@]3(C)CCC[C@@]3([H])[C@]1([H])CC2		
CHEBI:20654	5alpha-gorgostane		C30H52	412.73388	[H][C@]12CCCC[C@]1(C)[C@@]1([H])CC[C@]3(C)[C@]([H])(CC[C@@]3([H])[C@]1([H])CC2)[C@H](C)[C@@]1([H])C[C@]1(C)[C@H](C)C(C)C		
CHEBI:20655	5alpha-poriferastane		C29H52	400.72318	[H][C@]12CCCC[C@]1(C)[C@@]1([H])CC[C@]3(C)[C@]([H])(CC[C@@]3([H])[C@]1([H])CC2)[C@H](C)CC[C@H](CC)C(C)C		
CHEBI:20656	5alpha-pregnane		C21H36	288.51054	[H][C@]1(CC)CC[C@@]2([H])[C@]3([H])CC[C@@]4([H])CCCC[C@]4(C)[C@@]3([H])CC[C@]12C		
CHEBI:20658	5alpha-stigmastane		C29H52	400.72318	[H][C@]12CCCC[C@]1(C)[C@@]1([H])CC[C@]3(C)[C@]([H])(CC[C@@]3([H])[C@]1([H])CC2)[C@H](C)CC[C@@H](CC)C(C)C		
CHEBI:20659	5beta-androstane		C19H32	260.45738	[H][C@@]12CCCC[C@]1(C)[C@@]1([H])CC[C@]3(C)CCC[C@@]3([H])[C@]1([H])CC2		
CHEBI:20662	5beta-campestane		C28H50	386.69660	[H][C@@]12CCCC[C@]1(C)[C@@]1([H])CC[C@]3(C)[C@]([H])(CC[C@@]3([H])[C@]1([H])CC2)[C@H](C)CC[C@@H](C)C(C)C		
CHEBI:20664	5beta-cholane		C24H42	330.59028	[H][C@@]12CCCC[C@]1(C)[C@@]1([H])CC[C@]3(C)[C@]([H])(CC[C@@]3([H])[C@]1([H])CC2)[C@H](C)CCC		
CHEBI:20669	5beta-ergostane		C28H50	386.69660	[H][C@@]12CCCC[C@]1(C)[C@@]1([H])CC[C@]3(C)[C@]([H])(CC[C@@]3([H])[C@]1([H])CC2)[C@H](C)CC[C@H](C)C(C)C		
CHEBI:20670	5beta-estrane		C18H30	246.43080	[H][C@@]12CCCC[C@]1([H])[C@@]1([H])CC[C@]3(C)CCC[C@@]3([H])[C@]1([H])CC2		
CHEBI:20671	5beta-furostan		C27H46O	386.65354	[H][C@@]12CCCC[C@]1(C)[C@@]1([H])CC[C@@]3(C)[C@@]([H])(C[C@]4([H])OC(CCC(C)C)[C@@H](C)[C@]34[H])[C@]1([H])CC2		
CHEBI:20672	5beta-gorgostane		C30H52	412.73388	[H][C@@]12CCCC[C@]1(C)[C@@]1([H])CC[C@]3(C)[C@]([H])(CC[C@@]3([H])[C@]1([H])CC2)[C@H](C)[C@@]1([H])C[C@]1(C)[C@H](C)C(C)C		
CHEBI:20673	5beta-poriferastane		C29H52	400.72318	[H][C@@]12CCCC[C@]1(C)[C@@]1([H])CC[C@]3(C)[C@]([H])(CC[C@@]3([H])[C@]1([H])CC2)[C@H](C)CC[C@H](CC)C(C)C		
CHEBI:20674	5beta-pregnane		C21H36	288.51054	[H][C@]1(CC)CC[C@@]2([H])[C@]3([H])CC[C@]4([H])CCCC[C@]4(C)[C@@]3([H])CC[C@]12C		
CHEBI:20675	5beta-spirostan		C27H44O2	400.63706	[H][C@@]12CCCC[C@]1(C)[C@@]1([H])CC[C@@]3(C)[C@@]([H])(C[C@]4([H])O[C@]5(CCC(C)CO5)[C@@H](C)[C@]34[H])[C@]1([H])CC2		
CHEBI:20676	5beta-stigmastane		C29H52	400.72318	[H][C@@]12CCCC[C@]1(C)[C@@]1([H])CC[C@]3(C)[C@]([H])(CC[C@@]3([H])[C@]1([H])CC2)[C@H](C)CC[C@@H](CC)C(C)C		
CHEBI:20747	6-oxocampestanol		C28H48O2	416.67952	[H][C@@]1(CC[C@@]2([H])[C@]3([H])CC(=O)[C@@]4([H])C[C@@H](O)CC[C@]4(C)[C@@]3([H])CC[C@]12C)[C@H](C)CC[C@@H](C)C(C)C		
CHEBI:22542	androstane-3,17-dione		C19H28O2	288.42440	C[C@]12CC[C@H]3[C@@H](CCC4CC(=O)CC[C@]34C)[C@@H]1CCC2=O		
CHEBI:23966	estrane		C18H30	246.43080	[H][C@]12CCCCC1CC[C@]1([H])[C@]2([H])CC[C@]2(C)CCC[C@@]12[H]		
CHEBI:24130	furostan		C27H46O	386.65354	[H][C@]12C[C@@]3([H])[C@]4([H])CCC5CCCC[C@]5(C)[C@@]4([H])CC[C@]3(C)[C@@]1([H])[C@H](C)C(CCC(C)C)O2		
CHEBI:24424	gorgostane		C30H52	412.73388	[H][C@@]12CCC3CCCC[C@]3(C)[C@@]1([H])CC[C@]1(C)[C@]([H])(CC[C@@]21[H])[C@H](C)[C@@]1([H])C[C@]1(C)[C@H](C)C(C)C		
CHEBI:26211	poriferastane		C29H52	400.72318	[H][C@@]1(CC[C@@]2([H])[C@]3([H])CCC4CCCC[C@]4(C)[C@@]3([H])CC[C@]12C)[C@H](C)CC[C@H](CC)C(C)C		
CHEBI:26711	sodium cholate		C24H39NaO5	430.55323	[Na+].[H][C@@]12C[C@H](O)CC[C@]1(C)[C@@]1([H])C[C@H](O)[C@]3(C)[C@]([H])(CC[C@@]3([H])[C@]1([H])[C@H](O)C2)[C@H](C)CCC([O-])=O		
CHEBI:26745	spirostan		C27H44O2	400.63706	[H][C@]12C[C@@]3([H])[C@]4([H])CCC5CCCC[C@]5(C)[C@@]4([H])CC[C@]3(C)[C@@]1([H])[C@H](C)[C@@]1(CCC(C)CO1)O2		
CHEBI:26773	stigmastane		C29H52	400.72318	[H][C@@]1(CC[C@@]2([H])[C@]3([H])CCC4CCCC[C@]4(C)[C@@]3([H])CC[C@]12C)[C@H](C)CC[C@@H](CC)C(C)C		
CHEBI:27471	glycodeoxycholic acid	CHEBI:1686; CHEBI:5465; CHEBI:20208	C26H43NO5	449.624	C1[C@@]2([C@]3(C[C@@H]([C@]4([C@]([C@@]3(CC[C@@]2(C[C@@H](C1)O)[H])[H])(CC[C@@]4([C@@H](CCC(NCC(O)=O)=O)C)[H])[H])C)O)[H])C		
CHEBI:27634	5,6alpha-epoxy-5alpha-cholestane	CHEBI:2004; CHEBI:20517	C27H46O	386.65350	[H][C@@]1(CC[C@@]2([H])[C@]3([H])C[C@@H]4O[C@@]44CCCC[C@]4(C)[C@@]3([H])CC[C@]12C)[C@H](C)CCCC(C)C		
CHEBI:27727	androstane-3,17-diol	CHEBI:2713; CHEBI:22544	C19H32O2	292.45618	[H][C@@]12CCC3CC(O)CC[C@]3(C)[C@@]1([H])CC[C@]1(C)C(O)CC[C@@]21[H]		
CHEBI:27965	conessine	CHEBI:3853; CHEBI:23369	C24H40N2; C24H40N2	356.58780	C[C@H]1[C@H]2CC[C@H]3[C@@H]4CC=C5C[C@H](CC[C@]5(C)[C@H]4CC[C@]23CN1C)N(C)C		
CHEBI:27974	estriol	CHEBI:42467; CHEBI:4869; CHEBI:23969	C18H24O3	288.38140	[H][C@]12CC[C@]3(C)[C@@H](O)[C@H](O)C[C@@]3([H])[C@]1([H])CCc1cc(O)ccc21		
CHEBI:28247	11beta-hydroxyprogesterone	CHEBI:737; CHEBI:19133	C21H30O3	330.46110	[H][C@@]12CCC3=CC(=O)CC[C@]3(C)[C@@]1([H])[C@@H](O)C[C@]1(C)[C@H](CC[C@@]21[H])C(C)=O		
CHEBI:28744	2-hydroxy-17beta-estradiol	CHEBI:42267; CHEBI:1155; CHEBI:19637	C18H24O3	288.38136	[H][C@]12CC[C@]3(C)[C@@H](O)CC[C@@]3([H])[C@]1([H])CCc1cc(O)c(O)cc21		
CHEBI:28818	(24R)-24,25-dihydroxycalciol	CHEBI:47128; CHEBI:9072; CHEBI:19806	C27H44O3	416.63646	[H][C@@]1(CC[C@]2([H])[C@]1(C)CCC\C2=C/C=C1/C[C@@H](O)CCC1=C)[C@H](C)CC[C@@H](O)C(C)(C)O		
CHEBI:28859	5alpha-androstane	CHEBI:20638; CHEBI:2712	C19H32	260.45738	[H][C@]12CCCC[C@]1(C)[C@@]1([H])CC[C@]3(C)CCC[C@@]3([H])[C@]1([H])CC2		
CHEBI:28934	vitamin D2	CHEBI:23937; CHEBI:10007	C28H44O	396.659	[H][C@@]1(CC[C@@]2([H])\C(CCC[C@]12C)=C\C=C1\C[C@@H](O)CCC1=C)[C@H](C)\C=C\[C@H](C)C(C)C		
CHEBI:28955	2-methoxy-17beta-estradiol	CHEBI:42274; CHEBI:19675; CHEBI:1187	C19H26O3	302.40794	[H][C@]12CC[C@]3(C)[C@@H](O)CC[C@@]3([H])[C@]1([H])CCc1cc(O)c(OC)cc21		
CHEBI:29107	24-methylidenelophenol	CHEBI:1305; CHEBI:11664	C29H48O; C29H48O	412.702	C1[C@@]([C@@]2([C@@](C1)(C3=CC[C@@]4([H])[C@H](C)[C@@H](O)CC[C@]4(C)[C@]3(CC2)[H])[H])C)([C@H](C)CCC(=C)C(C)C)[H]		
CHEBI:31297	bolandiol dipropionate		C24H36O4	388.548	C[C@@]12[C@]([C@]3([C@](CC1)([C@@]4(C(CC3)=C[C@H](CC4)OC(CC)=O)[H])[H])[H])(CC[C@@H]2OC(CC)=O)[H]		
CHEBI:31578	ethylestrenol		C20H32O	288.46750	CC[C@]1(O)CC[C@H]2[C@@H]3CCC4=CCCC[C@@H]4[C@H]3CC[C@]12C		
CHEBI:31580	ethynodiol diacetate		C24H32O4	384.50848	[H][C@]12CC[C@H](OC(C)=O)C=C1CC[C@]1([H])[C@]2([H])CC[C@@]2(C)[C@@]1([H])CC[C@@]2(OC(C)=O)C#C		
CHEBI:32223	tibolone		C21H28O2	312.44580	[H][C@]12CC[C@@]3(C)[C@@]([H])(CC[C@@]3(O)C#C)[C@]1([H])[C@H](C)CC1=C2CCC(=O)C1		
CHEBI:32709	6-dehydrotestosterone 17-glucosiduronic acid		C25H34O8	462.53266	[H][C@@]12CC[C@H](O[C@@H]3O[C@@H]([C@@H](O)[C@H](O)[C@H]3O)C(O)=O)[C@@]1(C)CC[C@@]1([H])[C@@]2([H])C=CC2=CC(=O)CC[C@]12C		
CHEBI:33237	vitamin D4		C28H46O	398.66424	[H][C@@]1(CC[C@]2([H])[C@]1(C)CCC\C2=C/C=C1/C[C@@H](O)CCC1=C)[C@H](C)CC[C@H](C)C(C)C		
CHEBI:33279	vitamin D5		C29H48O	412.69082	[H][C@@]1(CC[C@]2([H])[C@]1(C)CCC\C2=C/C=C1/C[C@@H](O)CCC1=C)[C@H](C)CC[C@@H](CC)C(C)C		
CHEBI:34153	12alpha-hydroxyprogesterone		C21H30O3	330.46110	[H][C@@]12CCC3=CC(=O)CC[C@]3(C)[C@@]1([H])C[C@H](O)[C@]1(C)[C@H](CC[C@@]21[H])C(C)=O		
CHEBI:34859	mytatrienediol		C20H28O3	316.43452	[H][C@]12CC[C@]3(C)[C@@H](O)[C@@](C)(O)C[C@@]3([H])[C@]1([H])CCc1cc(OC)ccc21		
CHEBI:35343	17beta-hydroxy steroid	CHEBI:19176; CHEBI:794	C18H29OR	261.423	CC12CCC3C(CCC4CCCCC34[*])C1CC[C@@H]2O		
CHEBI:35346	11beta-hydroxy steroid	CHEBI:19134; CHEBI:738; CHEBI:13774	C19H31OR	275.450	C12(CCCCC1CCC3C2[C@H](CC4(C3CCC4*)C)O)C		
CHEBI:35348	3beta-sterol	CHEBI:1725; CHEBI:13609; CHEBI:1726; CHEBI:20248	C19H31OR	275.450	C12C(C3C(C(CC3)*)(C)CC1)CCC4C2(CC[C@@H](C4)O)C		
CHEBI:35349	7beta-hydroxy steroid	CHEBI:2297; CHEBI:13202; CHEBI:20802	C19H31OR	275.450	C12C(C3C(C(CC3)*)(C)CC1)[C@H](CC4C2(CCCC4)C)O		
CHEBI:35509	androstane		C19H32	260.45738	[H][C@@]12CCC3CCCC[C@]3(C)[C@@]1([H])CC[C@]1(C)CCC[C@@]21[H]		
CHEBI:35512	ergostane		C28H50	386.69660	[H][C@@]1(CC[C@@]2([H])[C@]3([H])CCC4CCCC[C@]4(C)[C@@]3([H])CC[C@]12C)[C@H](C)CC[C@H](C)C(C)C		
CHEBI:35515	5alpha-cholestane	CHEBI:20650	C27H48	372.67002	[H][C@]12CCCC[C@]1(C)[C@@]1([H])CC[C@]3(C)[C@]([H])(CC[C@@]3([H])[C@]1([H])CC2)[C@H](C)CCCC(C)C		
CHEBI:35516	cholestane		C27H48	372.67002	[H][C@@]1(CC[C@@]2([H])[C@]3([H])CCC4CCCC[C@]4(C)[C@@]3([H])CC[C@]12C)[C@H](C)CCCC(C)C		
CHEBI:35517	5beta-cholestane		C27H48	372.67002	[H][C@@]12CCCC[C@]1(C)[C@@]1([H])CC[C@]3(C)[C@]([H])(CC[C@@]3([H])[C@]1([H])CC2)[C@H](C)CCCC(C)C		
CHEBI:35518	campestane		C28H50	386.69660	[H][C@@]1(CC[C@@]2([H])[C@]3([H])CCC4CCCC[C@]4(C)[C@@]3([H])CC[C@]12C)[C@H](C)CC[C@@H](C)C(C)C		
CHEBI:35519	cholane		C24H42	330.59028	[H][C@@]1(CC[C@@]2([H])[C@]3([H])CCC4CCCC[C@]4(C)[C@@]3([H])CC[C@]12C)[C@H](C)CCC		
CHEBI:35525	5alpha-gonane		C17H28	232.40422	[H][C@]12CCCC[C@]1([H])[C@@]1([H])CC[C@]3([H])CCC[C@@]3([H])[C@]1([H])CC2		
CHEBI:35527	5beta-gonane		C17H28	232.40422	[H][C@@]12CCCC[C@]1([H])[C@@]1([H])CC[C@]3([H])CCC[C@@]3([H])[C@]1([H])CC2		
CHEBI:35528	gonane		C17H28	232.40422	[H][C@@]12CCC[C@@]1([H])[C@]1([H])CCC3CCCC[C@]3([H])[C@@]1([H])CC2		
CHEBI:35534	5alpha-furostan		C27H46O	386.65354	[H][C@]12CCCC[C@]1(C)[C@@]1([H])CC[C@@]3(C)[C@@]([H])(C[C@]4([H])OC(CCC(C)C)[C@@H](C)[C@]34[H])[C@]1([H])CC2		
CHEBI:35535	(25R)-5beta-spirostan		C27H44O2	400.63706	[H][C@@]1(C)CC[C@@]2(OC1)O[C@@]1([H])C[C@@]3([H])[C@]4([H])CC[C@]5([H])CCCC[C@]5(C)[C@@]4([H])CC[C@]3(C)[C@@]1([H])[C@@H]2C		
CHEBI:35537	(25S)-5beta-spirostan		C27H44O2	400.63706	[H][C@]1(C)CC[C@@]2(OC1)O[C@@]1([H])C[C@@]3([H])[C@]4([H])CC[C@]5([H])CCCC[C@]5(C)[C@@]4([H])CC[C@]3(C)[C@@]1([H])[C@@H]2C		
CHEBI:35538	5alpha-spirostan		C27H44O2	400.63706	[H][C@]12CCCC[C@]1(C)[C@@]1([H])CC[C@@]3(C)[C@@]([H])(C[C@]4([H])O[C@]5(CCC(C)CO5)[C@@H](C)[C@]34[H])[C@]1([H])CC2		
CHEBI:35539	(25R)-5alpha-spirostan		C27H44O2	400.63706	[H][C@]12CCCC[C@]1(C)[C@@]1([H])CC[C@@]3(C)[C@@]([H])(C[C@]4([H])O[C@]5(CC[C@@H](C)CO5)[C@@H](C)[C@]34[H])[C@]1([H])CC2		
CHEBI:35651	cevane		C27H45N	383.65294	[H][C@@]12CC[C@H](C)CN1C[C@]1([H])[C@]([H])(CC[C@@]3([H])[C@]4([H])CC[C@]5([H])CCCC[C@]5(C)[C@@]4([H])C[C@@]13[H])[C@H]2C		
CHEBI:35655	conanine		C22H37N	315.53592	[H][C@]12CC[C@@]3([H])[C@]4([H])CCC5CCCC[C@]5(C)[C@@]4([H])CC[C@]13CN(C)[C@H]2C		
CHEBI:35915	sterol ester	CHEBI:9269; CHEBI:13220; CHEBI:9268; CHEBI:15115; CHEBI:18213; CHEBI:26770; CHEBI:26772	C20H30O2R2	302.452	C12C(C3C(C(CC3)*)(C)CC1)CCC4C2(CCC(C4)OC(*)=O)C		
CHEBI:36238	5beta-cholanic acid		C24H40O2	360.57320	[H][C@@]12CCCC[C@]1(C)[C@@]1([H])CC[C@]3(C)[C@]([H])(CC[C@@]3([H])[C@]1([H])CC2)[C@H](C)CCC(O)=O		
CHEBI:36239	5alpha-cholanic acid		C24H40O2	360.57320	[H][C@]12CCCC[C@]1(C)[C@@]1([H])CC[C@]3(C)[C@]([H])(CC[C@@]3([H])[C@]1([H])CC2)[C@H](C)CCC(O)=O		
CHEBI:36273	sodium glycocholate		C26H42NNaO6	487.60459	[Na+].[H][C@@]12C[C@H](O)CC[C@]1(C)[C@@]1([H])C[C@H](O)[C@]3(C)[C@]([H])(CC[C@@]3([H])[C@]1([H])[C@H](O)C2)[C@H](C)CCC(=O)NCC([O-])=O		
CHEBI:36274	glycochenodeoxycholic acid	CHEBI:5463; CHEBI:41520; CHEBI:3591	C26H43NO5	449.62336	[H][C@@]12C[C@H](O)CC[C@]1(C)[C@@]1([H])CC[C@]3(C)[C@]([H])(CC[C@@]3([H])[C@]1([H])[C@H](O)C2)[C@H](C)CCC(=O)NCC(O)=O		
CHEBI:36276	sodium taurocholate		C26H44NNaO7S	537.68587	[Na+].[H][C@@]12C[C@H](O)CC[C@]1(C)[C@@]1([H])C[C@H](O)[C@]3(C)[C@]([H])(CC[C@@]3([H])[C@]1([H])[C@H](O)C2)[C@H](C)CCC(=O)NCCS([O-])(=O)=O		
CHEBI:36412	19-norandrosterone		C18H28O2	276.41372	[H][C@@]12CC[C@]3([H])[C@]([H])(CC[C@]4(C)C(=O)CC[C@@]34[H])[C@@]1([H])CC[C@@H](O)C2		
CHEBI:36488	dammarane		C30H54	414.74980	[H][C@@]1(CC[C@]2(C)[C@]1([H])CC[C@]1([H])[C@@]3(C)CCCC(C)(C)[C@]3([H])CC[C@@]21C)[C@H](C)CCCC(C)C		
CHEBI:36835	3alpha-hydroxy steroid	CHEBI:71194	C19H31OR	275.450	C12C(C3C(C(CC3)*)(C)CC1)CCC4C2(CC[C@H](C4)O)C		
CHEBI:36836	3beta-hydroxy steroid	CHEBI:71195	C19H31OR	275.450	C12C(C3C(C(CC3)*)(C)CC1)CCC4C2(CC[C@@H](C4)O)C		
CHEBI:36843	7alpha-hydroxy steroid		C19H31OR	275.450	CC12CCC3C(C1CCC2[*])[C@H](O)CC1CCCCC31C		
CHEBI:37451	3alpha-hydroxy-5beta-androstan-17-one 3-glucosiduronic acid	CHEBI:4908; CHEBI:24007	C25H38O8	466.56442	[H][C@]12CC[C@@]3([H])[C@]4([H])CCC(=O)[C@@]4(C)CC[C@]3([H])[C@@]1(C)CC[C@H](C2)O[C@@H]1O[C@@H]([C@@H](O)[C@H](O)[C@H]1O)C(O)=O		
CHEBI:37894	5alpha-androst-16-en-3-one		C19H28O	272.42502	[H][C@@]12CC[C@]3([H])[C@]([H])(CC[C@]4(C)C=CC[C@@]34[H])[C@@]1(C)CCC(=O)C2		
CHEBI:42156	17-epiestriol		C18H24O3	288.382	C12=CC=C(C=C1CC[C@@]3([C@@]2(CC[C@]4([C@]3(C[C@H]([C@H]4O)O)[H])C)[H])[H])O		
CHEBI:42977	25-hydroxycholesterol	CHEBI:37616; CHEBI:42972	C27H46O2	402.65294	[H][C@@]1(CC[C@@]2([H])[C@]3([H])CC=C4C[C@@H](O)CC[C@]4(C)[C@@]3([H])CC[C@]12C)[C@H](C)CCCC(C)(C)O		
CHEBI:42989	7beta-hydroxycholesterol	CHEBI:35351; CHEBI:42983	C27H46O2	402.65294	[H][C@@]1(CC[C@@]2([H])[C@]3([H])[C@@H](O)C=C4C[C@@H](O)CC[C@]4(C)[C@@]3([H])CC[C@]12C)[C@H](C)CCCC(C)C		
CHEBI:46900	cholesteryl octadec-9-enoate		C45H78O2	651.09962	[H]C(CCCCCCCC)=C([H])CCCCCCCC(=O)O[C@H]1CC[C@@]2(C)C(C1)=CC[C@]1([H])[C@]2([H])CC[C@]2(C)[C@]([H])(CC[C@@]12[H])[C@H](C)CCCC(C)C		
CHEBI:46903	cholesteryl octadeca-9,12-dienoate		C45H76O2	649.08374	[H]C(CCCCC)=C([H])CC([H])=C([H])CCCCCCCC(=O)O[C@H]1CC[C@@]2(C)C(C1)=CC[C@]1([H])[C@]2([H])CC[C@]2(C)[C@]([H])(CC[C@@]12[H])[C@H](C)CCCC(C)C		
CHEBI:47214	(23S)-23,25-dihydroxycalciol		C27H44O3	416.63646	[H][C@@]1(CC[C@@]2([H])\C(CCC[C@]12C)=C\C=C1\C[C@@H](O)CCC1=C)[C@H](C)C[C@H](O)CC(C)(C)O		
CHEBI:47786	16-oxo steroid	CHEBI:770; CHEBI:13583; CHEBI:19161	C19H29OR	273.434	C12C(C3C(C(C(C3)=O)*)(C)CC1)CCC4C2(CCCC4)C		
CHEBI:47787	11-oxo steroid	CHEBI:725; CHEBI:13773; CHEBI:19127	C19H29OR	273.434	C12(CCCCC1CCC3C2C(CC4(C3CCC4*)C)=O)C		
CHEBI:47788	3-oxo steroid	CHEBI:1653; CHEBI:13607; CHEBI:20182; CHEBI:71186	C19H29OR	273.434	C12C(C3C(C(CC3)*)(C)CC1)CCC4C2(CCC(C4)=O)C		
CHEBI:47789	7-oxo steroid	CHEBI:2283; CHEBI:13618; CHEBI:20796	C19H29OR	273.434	C12C(C3C(C(CC3)*)(C)CC1)C(CC4C2(CCCC4)C)=O		
CHEBI:47799	calcitetrol		C27H44O4	432.63586	[H][C@@]1(CC[C@@]2([H])\C(CCC[C@]12C)=C\C=C1\C[C@@H](O)C[C@H](O)C1=C)[C@H](C)CC[C@@H](O)C(C)(C)O		
CHEBI:47803	(23S)-23,25,26-trihydroxycalciol		C27H44O4	432.63586	[H][C@@]1(CC[C@@]2([H])\C(CCC[C@]12C)=C\C=C1\C[C@@H](O)CCC1=C)[C@H](C)C[C@H](O)CC(C)(O)CO		
CHEBI:47824	(1S)-1-hydroxy-23,24-didehydro-25,26,27-trinorcalciol		C24H36O2	356.54144	[H][C@@]1(CC[C@@]2([H])\C(CCC[C@]12C)=C\C=C1\C[C@@H](O)C[C@H](O)C1=C)[C@H](C)CC=C		
CHEBI:47828	calcitroic acid		C23H34O4	374.51366	[H][C@@]1(CC[C@@]2([H])\C(CCC[C@]12C)=C\C=C1\C[C@@H](O)C[C@H](O)C1=C)[C@H](C)CC(O)=O		
CHEBI:47834	(23S,25R)-23,25,26-trihydroxycalciol		C27H44O4	432.63586	[H][C@@]1(CC[C@@]2([H])\C(CCC[C@]12C)=C\C=C1\C[C@@H](O)CCC1=C)[C@H](C)C[C@H](O)C[C@@](C)(O)CO		
CHEBI:47907	3-oxo-Delta(5)-steroid	CHEBI:136846; CHEBI:13605; CHEBI:1627; CHEBI:20158	C19H27OR	271.418	C12C(C3C(C(CC3)*)(C)CC1)CC=C4C2(CCC(C4)=O)C		
CHEBI:50593	3-dehydro-4-methylzymosterol		C28H44O	396.64836	[H][C@@]12CCC3=C(CC[C@]4(C)[C@]([H])(CC[C@@]34[H])[C@H](C)CCC=C(C)C)[C@@]1(C)CCC(=O)C2C		
CHEBI:50815	norgestimate		C23H31NO3	369.49718	[H][C@]12CCC(\C=C1CC[C@]1([H])[C@]2([H])CC[C@@]2(CC)[C@@]1([H])CC[C@@]2(OC(C)=O)C#C)=N/O		
CHEBI:52320	ergosteryl ester		C29H43O2R	423.65050	[H][C@@]1(CC[C@@]2([H])C3=CC=C4C[C@H](CC[C@]4(C)[C@@]3([H])CC[C@]12C)OC([*])=O)[C@H](C)\C=C\[C@H](C)C(C)C		
CHEBI:52321	fecosterol ester		C29H45O2R	425.66640	CC(C)C(=C)CC[C@@H](C)[C@H]1CC[C@H]2C3=C(CC[C@]12C)[C@@]1(C)CC[C@@H](C[C@@H]1CC3)OC([*])=O		
CHEBI:52322	zymosterol ester		C28H43O2R	411.63980	[H][C@@]12CCC3=C(CC[C@]4(C)[C@]([H])(CC[C@@]34[H])[C@H](C)CCC=C(C)C)[C@@]1(C)CC[C@@H](C2)OC([*])=O		
CHEBI:52375	episteryl oleate		C46H78O2	663.11030	[H][C@@]12CC=C3[C@]4([H])CC[C@]([H])([C@H](C)CCC(=C)C(C)C)[C@@]4(C)CC[C@]3([H])[C@@]1(C)CC[C@@H](C2)OC(=O)CCCCCCC\C=C/CCCCCCCC		
CHEBI:52376	episteryl palmitoleate		C44H74O2	635.05720	[H][C@@]12CC=C3[C@]([H])(CC[C@]4(C)[C@]([H])(CC[C@@]34[H])[C@H](C)CCC(=C)C(C)C)[C@@]1(C)CC[C@@H](C2)OC(=O)CCCCCCC\C=C/CCCCCC		
CHEBI:52379	fecosteryl oleate		C46H78O2	663.11030	[H][C@@]12CCC3=C(CC[C@]4(C)[C@]([H])(CC[C@@]34[H])[C@H](C)CCC(=C)C(C)C)[C@@]1(C)CC[C@@H](C2)OC(=O)CCCCCCC\C=C/CCCCCCCC		
CHEBI:52380	fecosteryl palmitoleate		C44H74O2	635.05720	[H][C@@]12CCC3=C(CC[C@]4(C)[C@]([H])(CC[C@@]34[H])[C@H](C)CCC(=C)C(C)C)[C@@]1(C)CC[C@@H](C2)OC(=O)CCCCCCC\C=C/CCCCCC		
CHEBI:52384	zymosteryl oleate		C45H76O2	649.08370	[H][C@@]12CCC3=C(CC[C@]4(C)[C@]([H])(CC[C@@]34[H])[C@H](C)CCC=C(C)C)[C@@]1(C)CC[C@@H](C2)OC(=O)CCCCCCC\C=C/CCCCCCCC		
CHEBI:52385	zymosteryl palmitoleate		C43H72O2	621.03060	[H][C@@]12CCC3=C(CC[C@]4(C)[C@]([H])(CC[C@@]34[H])[C@H](C)CCC=C(C)C)[C@@]1(C)CC[C@@H](C2)OC(=O)CCCCCCC\C=C/CCCCCC		
CHEBI:52386	zymosterol intermediate 2		C27H42O	382.62180	[H][C@@]12CCC3=C(CC[C@]4(C)[C@]([H])(CC[C@@]34[H])[C@H](C)CCC=C(C)C)[C@@]1(C)CCC(=O)C2		
CHEBI:52393	episterol ester		C29H45O2R	425.66640	[H][C@@]12CC=C3C(CC[C@]4(C)[C@]([H])(CC[C@@]34[H])[C@H](C)CCC(=C)C(C)C)[C@@]1(C)CC[C@@H](C2)OC([*])=O		
CHEBI:52394	lanosteryl ester		C31H49O2R	453.71960	[H][C@@]1(CC[C@@]2(C)C3=C(CC[C@]12C)[C@@]1(C)CC[C@H](OC([*])=O)C(C)(C)[C@]1([H])CC3)[C@H](C)CCC=C(C)C		
CHEBI:62447	dammara-20,24-diene		C30H50	410.71800	[H][C@@]1(CC[C@]2(C)[C@]1([H])CC[C@]1([H])[C@@]3(C)CCCC(C)(C)[C@]3([H])CC[C@@]21C)C(=C)CCC=C(C)C		
CHEBI:62672	11alpha-hydroxyprogesterone 11-glucosiduronic acid		C27H38O9	506.58520	[H][C@@]12CCC3=CC(=O)CC[C@]3(C)[C@@]1([H])[C@@H](C[C@]1(C)[C@H](CC[C@@]21[H])C(C)=O)O[C@@H]1O[C@@H]([C@@H](O)[C@H](O)[C@H]1O)C(O)=O		
CHEBI:62845	4-hydroxy-17beta-estradiol	CHEBI:34424	C18H24O3	288.38140	[H][C@]12CC[C@]3(C)[C@@H](O)CC[C@@]3([H])[C@]1([H])CCc1c(O)c(O)ccc21		
CHEBI:62847	6alpha-hydroxy-17beta-estradiol		C18H24O3	288.38140	[H][C@]12CC[C@]3(C)[C@@H](O)CC[C@@]3([H])[C@]1([H])C[C@H](O)c1cc(O)ccc21		
CHEBI:62848	11beta-hydroxy-17beta-estradiol		C18H24O3	288.38140	[H][C@@]12CCc3cc(O)ccc3[C@@]1([H])[C@@H](O)C[C@]1(C)[C@@H](O)CC[C@@]21[H]		
CHEBI:62849	16-estratetraen-3-ol		C18H22O	254.36670	[H][C@]12CC[C@]3(C)C=CC[C@@]3([H])[C@]1([H])CCc1cc(O)ccc21		
CHEBI:62850	6,7-didehydro-17beta-estradiol		C18H22O2	270.36610	[H][C@]12CC[C@]3(C)[C@@H](O)CC[C@@]3([H])[C@]1([H])C=Cc1cc(O)ccc21		
CHEBI:62851	7,8-didehydro-17beta-estradiol		C18H22O2	270.36610	[H][C@]12CC[C@]3(C)[C@@H](O)CC[C@@]3([H])C1=CCc1cc(O)ccc21		
CHEBI:63841	4-methylzymosterol		C28H46O	398.66420	[H][C@@]12CCC3=C(CC[C@]4(C)[C@]([H])(CC[C@@]34[H])[C@H](C)CCC=C(C)C)[C@@]1(C)CC[C@H](O)C2C		
CHEBI:63906	cholest-5-en-3-one		C27H44O	384.63770	[H][C@@]1(CC[C@@]2([H])[C@]3([H])CC=C4CC(=O)CC[C@]4(C)[C@@]3([H])CC[C@]12C)[C@H](C)CCCC(C)C		
CHEBI:63911	(24S)-1alpha,24,25-trihydroxyvitamin D3		C27H44O4	432.63590	[H][C@@]1(CC[C@@]2([H])\C(CCC[C@]12C)=C\C=C1\C[C@@H](O)C[C@H](O)C1=C)[C@H](C)CC[C@H](O)C(C)(C)O		
CHEBI:64966	3-dehydro-4-carboxyzymosterol		C28H42O3	426.63130	[H][C@@]12CCC3=C(CC[C@]4(C)[C@]([H])(CC[C@@]34[H])[C@H](C)CCC=C(C)C)[C@@]1(C)CCC(=O)C2C(O)=O		
CHEBI:64971	ergosta-5,7,22,24(28)-tetraen-3beta-yl acetate		C30H44O2	436.66920	[H][C@@]1(CC[C@@]2([H])C3=CC=C4C[C@H](CC[C@]4(C)[C@@]3([H])CC[C@]12C)OC(C)=O)[C@H](C)\C=C\C(=C)C(C)C		
CHEBI:65534	22alpha-methoxy-3-beta-O-{beta-D-Xylp(1->3)-[beta-D-Glcp-(1->2)]-beta-D-Glcp-(1->4)-beta-D-Glcp}-furost-3beta,26-diol 26-O-beta-D-Glcp		C57H96O28	1229.35530	[H][C@]12C[C@@]3([H])[C@]4([H])CCC5C[C@H](CC[C@]5(C)[C@@]4([H])CC[C@]3(C)[C@@]1([H])[C@H](C)[C@](CCC(C)CO[C@@H]1O[C@H](CO)[C@@H](O)[C@H](O)[C@H]1O)(OC)O2)O[C@@H]1O[C@H](CO)[C@@H](O[C@@H]2O[C@H](CO)[C@@H](O)[C@H](O[C@@H]3OC[C@@H](O)[C@H](O)[C@H]3O)[C@H]2O[C@@H]2O[C@H](CO)[C@@H](O)[C@H](O)[C@H]2O)[C@H](O)[C@H]1O		
CHEBI:65999	halosterol B		C29H48O2	428.69020	[H][C@@]1(CC[C@@]2([H])[C@]3([H])C=CC4=C[C@@H](O)CC[C@]4(C)[C@@]3([H])CC[C@]12C)[C@H](C)[C@H](O)C[C@@H](CC)C(C)C		
CHEBI:66023	hookerianamide K		C25H42N2	370.61440	[H][C@@]1(CC=C2[C@]3([H])CCC4=C[C@H](CC[C@]4(C)[C@@]3([H])CC[C@]12C)N(C)C)[C@H](C)N(C)C		
CHEBI:66343	(22S,24R)-3alpha-ureido-ergosta-4,6,8(14),22-tetraene		C29H44N2O	436.67250	CC(C)[C@@H](C)\C=C\[C@@H](C)[C@H]1CCC2=C3C=CC4=C[C@@H](CC[C@]4(C)[C@H]3CC[C@]12C)NC(N)=O		
CHEBI:68389	(22E)-19-norcholesta-1,3,5(10),22-tetraen-3-ol		C26H38O	366.57930	[H][C@@]1(CC[C@@]2([H])[C@]3([H])CCc4cc(O)ccc4[C@@]3([H])CC[C@]12C)[C@H](C)\C=C\CC(C)C		
CHEBI:68390	(22E)-19,24-dinorcholesta-1,3,5(10),22-tetraen-3-ol		C25H36O	352.55270	[H][C@@]1(CC[C@@]2([H])[C@]3([H])CCc4cc(O)ccc4[C@@]3([H])CC[C@]12C)[C@H](C)\C=C\C(C)C		
CHEBI:68391	(22E)-24,26-cyclo-19-norcholesta-1,3,5(10),22-tetraen-3-ol		C26H36O	364.56340	[H][C@@]1(CC[C@@]2([H])[C@]3([H])CCc4cc(O)ccc4[C@@]3([H])CC[C@]12C)[C@H](C)\C=C\C1CC1C		
CHEBI:68392	24-methylene-19-norcholesta-1,3,5(10)-trien-3-ol		C27H40O	380.60590	[H][C@@]1(CC[C@@]2([H])[C@]3([H])CCc4cc(O)ccc4[C@@]3([H])CC[C@]12C)[C@H](C)CCC(=C)C(C)C		
CHEBI:68393	(22E,24S)-24-methyl-19-norcholesta-1,3,5(10),22-tetraen-3-ol		C27H40O	380.60590	[H][C@@]1(CC[C@@]2([H])[C@]3([H])CCc4cc(O)ccc4[C@@]3([H])CC[C@]12C)[C@H](C)\C=C\[C@@H](C)C(C)C		
CHEBI:68394	(22E,24R)-24-methyl-19-norcholesta-1,3,5(10),22-tetraen-3-ol		C27H40O	380.60590	[H][C@@]1(CC[C@@]2([H])[C@]3([H])CCc4cc(O)ccc4[C@@]3([H])CC[C@]12C)[C@H](C)\C=C\[C@H](C)C(C)C		
CHEBI:68397	19-norcholesta-1,3,5(10)-trien-3-ol		C26H40O	368.59520	[H][C@@]1(CC[C@@]2([H])[C@]3([H])CCc4cc(O)ccc4[C@@]3([H])CC[C@]12C)[C@H](C)CCCC(C)C		
CHEBI:68834	dehydroisoandrosterone 3-glucuronide		C25H36O8	464.54850	[H][C@@]12CC=C3C[C@H](CC[C@]3(C)[C@@]1([H])CC[C@]1(C)C(=O)CC[C@@]21[H])O[C@@H]1O[C@@H]([C@@H](O)[C@H](O)[C@H]1O)C(O)=O		
CHEBI:69432	fungisterol		C28H48O	400.68010	CC(C)[C@@H](C)CC[C@@H](C)[C@H]1CC[C@H]2C3=CC[C@H]4C[C@@H](O)CC[C@]4(C)[C@H]3CC[C@]12C		
CHEBI:69433	beta-sitosterol 3-O-acetate		C31H52O2	456.74340	CC[C@H](CC[C@@H](C)[C@H]1CC[C@H]2[C@@H]3CC=C4C[C@H](CC[C@]4(C)[C@H]3CC[C@]12C)OC(C)=O)C(C)C		
CHEBI:69434	stigmasterol 3-O-acetate		C31H50O2	454.72750	CC[C@H](\C=C\[C@@H](C)[C@H]1CC[C@H]2[C@@H]3CC=C4C[C@H](CC[C@]4(C)[C@H]3CC[C@]12C)OC(C)=O)C(C)C		
CHEBI:71550	lathosterone		C27H44O	384.63770	[H][C@@]12CC=C3[C@]4([H])CC[C@]([H])([C@H](C)CCCC(C)C)[C@@]4(C)CC[C@]3([H])[C@@]1(C)CCC(=O)C2		
CHEBI:73201	17alpha-(N-acetyl-alpha-D-glucosaminyl)estradiol 3-glucuronoside		C32H45NO13	651.69860	[H][C@]12CC[C@]3(C)[C@@H](CC[C@@]3([H])[C@]1([H])CCc1cc(O[C@@H]3O[C@@H]([C@@H](O)[C@H](O)[C@H]3O)C(O)=O)ccc21)O[C@H]1O[C@H](CO)[C@@H](O)[C@H](O)[C@H]1NC(C)=O		
CHEBI:73910	cholesteryl (7Z,10Z,13Z,16Z,19Z)-docosapentaenoate	CHEBI:84364	C49H78O2	699.14240	CC\C=C/C\C=C/C\C=C/C\C=C/C\C=C/CCCCCC(=O)O[C@H]1CC[C@]2(C)[C@H]3CC[C@]4(C)[C@H](CC[C@H]4[C@@H]3CC=C2C1)[C@H](C)CCCC(C)C		
CHEBI:74102	cholesteryl (4Z,7Z,10Z,13Z,16Z,19Z)-docosahexaenoate		C49H76O2	697.12650	CC\C=C/C\C=C/C\C=C/C\C=C/C\C=C/C\C=C/CCC(=O)O[C@H]1CC[C@]2(C)[C@H]3CC[C@]4(C)[C@H](CC[C@H]4[C@@H]3CC=C2C1)[C@H](C)CCCC(C)C		
CHEBI:74103	CE(22:6)		C49H76O2	697.128	C1[C@@]2([C@]3(CC[C@]4([C@]([C@@]3(CC=C2C[C@H](C1)OC(=O)*)[H])(CC[C@@]4([C@H](C)CCCC(C)C)[H])[H])C)[H])C		
CHEBI:74686	(25S)-5alpha-spirostan		C27H44O2	400.63710	[H][C@]12CCCC[C@]1(C)[C@@]1([H])CC[C@@]3(C)[C@@]([H])(C[C@]4([H])O[C@]5(CC[C@H](C)CO5)[C@@H](C)[C@]34[H])[C@]1([H])CC2		
CHEBI:78242	cholesteryl acetate		C29H48O2	428.69020	CC(C)CCC[C@@H](C)[C@H]1CC[C@H]2[C@@H]3CC=C4C[C@H](CC[C@]4(C)[C@H]3CC[C@]12C)OC(C)=O		
CHEBI:78726	25-azacoprostane		C26H47N	373.65810	C[C@H](CCCN(C)C)[C@H]1CC[C@H]2[C@@H]3CC[C@@H]4CCCC[C@]4(C)[C@H]3CC[C@]12C		
CHEBI:79756	3-(allyloxy)estra-1,3,5(10)-triene-16alpha,17beta-diol		C21H28O3	328.44520	C[C@]12CC[C@H]3[C@@H](CCc4cc(OCC=C)ccc34)[C@@H]1C[C@@H](O)[C@@H]2O		
CHEBI:79763	estra-1,3,5(10)-triene-3,16beta-diol		C18H24O2	272.38200	C[C@@]12C[C@@H](O)C[C@H]1[C@@H]1CCc3cc(O)ccc3[C@H]1CC2		
CHEBI:79764	3-methoxyestra-1,3,5(10)-trien-16beta-ol		C19H26O2	286.40850	COc1ccc2[C@H]3CC[C@]4(C)C[C@@H](O)C[C@H]4[C@@H]3CCc2c1		
CHEBI:79765	A-norpregn-3(5)-ene-2,20-dione		C20H28O2	300.43510	CC(=O)[C@H]1CC[C@H]2[C@@H]3CCC4=CC(=O)C[C@]4(C)[C@H]3CC[C@]12C		
CHEBI:79766	17beta-hydroxy-5alpha-androstane acetate		C21H34O2	318.49350	CC(=O)O[C@H]1CC[C@H]2[C@@H]3CC[C@H]4CCCC[C@]4(C)[C@H]3CC[C@]12C		
CHEBI:82750	cholesteryl stearate		C45H80O2	653.11550	CCCCCCCCCCCCCCCCCC(=O)O[C@H]1CC[C@]2(C)[C@H]3CC[C@]4(C)[C@H](CC[C@H]4[C@@H]3CC=C2C1)[C@H](C)CCCC(C)C		
CHEBI:82751	cholesteryl arachidonate		C47H76O2	673.10510	CCCCC\C=C/C\C=C/C\C=C/C\C=C/CCCC(=O)O[C@H]1CC[C@]2(C)[C@H]3CC[C@]4(C)[C@H](CC[C@H]4[C@@H]3CC=C2C1)[C@H](C)CCCC(C)C		
CHEBI:83147	15alpha-hydroxy steroid		C19H31OR	275.450	CC12CCC3C(CCC4CCCCC34C)C1[C@@H](O)CC2[*]		
CHEBI:83549	cholesteryl 6-O-myristoyl-alpha-D-glucoside		C47H82O7	759.14980	CCCCCCCCCCCCCC(=O)OC[C@H]1O[C@H](OC2CC[C@]3(C)[C@H]4CC[C@]5(C)[C@H](CC[C@H]5[C@@H]4CC=C3C2)[C@H](C)CCCC(C)C)[C@H](O)[C@@H](O)[C@@H]1O		
CHEBI:84304	cholesteryl myristate		C41H72O2	597.00920	CCCCCCCCCCCCCC(=O)O[C@H]1CC[C@]2(C)[C@H]3CC[C@]4(C)[C@H](CC[C@H]4[C@@H]3CC=C2C1)[C@H](C)CCCC(C)C		
CHEBI:84318	cholesteryl pentadecanoate		C42H74O2	611.03580	CCCCCCCCCCCCCCC(=O)O[C@H]1CC[C@]2(C)[C@H]3CC[C@]4(C)[C@H](CC[C@H]4[C@@H]3CC=C2C1)[C@H](C)CCCC(C)C		
CHEBI:84323	cholesteryl palmitoleate		C43H74O2	623.04650	CCCCCC\C=C/CCCCCCCC(=O)O[C@H]1CC[C@]2(C)[C@H]3CC[C@]4(C)[C@H](CC[C@H]4[C@@H]3CC=C2C1)[C@H](C)CCCC(C)C		
CHEBI:84326	cholesteryl heptadecanoate		C44H78O2	639.08890	CCCCCCCCCCCCCCCCC(=O)O[C@H]1CC[C@]2(C)[C@H]3CC[C@]4(C)[C@H](CC[C@H]4[C@@H]3CC=C2C1)[C@H](C)CCCC(C)C		
CHEBI:84329	cholesteryl (9Z)-heptadecenoate		C44H76O2	637.07300	CCCCCCC\C=C/CCCCCCCC(=O)O[C@H]1CC[C@]2(C)[C@H]3CC[C@]4(C)[C@H](CC[C@H]4[C@@H]3CC=C2C1)[C@H](C)CCCC(C)C		
CHEBI:84341	cholesteryl linolenate		C45H74O2	647.06790	CC\C=C/C\C=C/C\C=C/CCCCCCCC(=O)O[C@H]1CC[C@]2(C)[C@H]3CC[C@]4(C)[C@H](CC[C@H]4[C@@H]3CC=C2C1)[C@H](C)CCCC(C)C		
CHEBI:84346	cholesteryl all-cis-icosa-8,11,14-trienoate		C47H78O2	675.12100	CCCCC\C=C/C\C=C/C\C=C/CCCCCCC(=O)O[C@H]1CC[C@]2(C)[C@H]3CC[C@]4(C)[C@H](CC[C@H]4[C@@H]3CC=C2C1)[C@H](C)CCCC(C)C		
CHEBI:84352	cholesteryl behenate		C49H88O2	709.22180	CCCCCCCCCCCCCCCCCCCCCC(=O)O[C@H]1CC[C@]2(C)[C@H]3CC[C@]4(C)[C@H](CC[C@H]4[C@@H]3CC=C2C1)[C@H](C)CCCC(C)C		
CHEBI:84965	cholesteryl nonadecenoate		C46H80O2	665.1262	CC(C)CCC[C@@H](C)[C@H]1CC[C@H]2[C@@H]3CC=C4C[C@H](CC[C@]4(C)[C@H]3CC[C@]12C)OC([*])=O		
CHEBI:84967	cholesteryl henicosenoate		C48H84O2	693.17936	CC(C)CCC[C@@H](C)[C@H]1CC[C@H]2[C@@H]3CC=C4C[C@H](CC[C@]4(C)[C@H]3CC[C@]12C)OC([*])=O		
CHEBI:84969	cholesteryl (5Z,8Z,11Z,14Z,17Z-eicosapentaenoate)		C47H74O2	671.08930	CC\C=C/C\C=C/C\C=C/C\C=C/C\C=C/CCCC(=O)O[C@H]1CC[C@]2(C)[C@H]3CC[C@]4(C)[C@H](CC[C@H]4[C@@H]3CC=C2C1)[C@H](C)CCCC(C)C		
CHEBI:84972	cholesteryl tetracosadienoate		C51H88O2	733.24322	CC(C)CCC[C@@H](C)[C@H]1CC[C@H]2[C@@H]3CC=C4C[C@H](CC[C@]4(C)[C@H]3CC[C@]12C)OC([*])=O		
CHEBI:86319	25-hydroxyvitamin D2		C28H44O2	412.64780	C[C@H](\C=C\[C@H](C)C(C)(C)O)[C@H]1CC[C@H]2\C(CCC[C@]12C)=C\C=C1\C[C@@H](O)CCC1=C		
CHEBI:86320	1alpha,25-dihydroxyvitamin D2		C28H44O3	428.64720	C[C@H](\C=C\[C@H](C)C(C)(C)O)[C@H]1CC[C@H]2\C(CCC[C@]12C)=C\C=C1\C[C@@H](O)C[C@H](O)C1=C		
CHEBI:86393	(5alpha)-androst-3-en-17-one		C19H28O	272.426	[H][C@@]12CC[C@]3([C@@](CCC3=O)([C@@]2(CC[C@]4(C=CCC[C@@]41C)[H])[H])[H])C		
CHEBI:86570	(5alpha)-cholestan-3beta-ol		C27H48O	388.66940	CC(C)CCC[C@@H](C)[C@H]1CC[C@H]2[C@@H]3CC[C@H]4C[C@@H](O)CC[C@]4(C)[C@H]3CC[C@]12C		
CHEBI:87050	4alpha-methyl-5alpha-cholest-8-en-3-one		C28H46O	398.66420	CC(C)CCC[C@@H](C)[C@H]1CC[C@H]2C3=C(CC[C@]12C)[C@@]1(C)CCC(=O)[C@@H](C)[C@@H]1CC3		
CHEBI:87056	5alpha-cholest-8-en-3-one		C27H44O	384.63770	CC(C)CCC[C@@H](C)[C@H]1CC[C@H]2C3=C(CC[C@]12C)[C@@]1(C)CCC(=O)C[C@@H]1CC3		
CHEBI:87818	sodium glycochenodeoxycholate		C26H42NNaO5	471.606	C1[C@@]2([C@]3(CC[C@]4([C@]([C@@]3([C@@H](C[C@@]2(C[C@@H](C1)O)[H])O)[H])(CC[C@@]4([C@@H](CCC(NCC([O-])=O)=O)C)[H])[H])C)[H])C.[Na+]		
CHEBI:87819	sodium glycodeoxycholate		C26H42NNaO5	471.606	[Na+].C1[C@@]2([C@]3(C[C@@H]([C@]4([C@]([C@@]3(CC[C@@]2(C[C@@H](C1)O)[H])[H])(CC[C@]4([H])[C@@H](CCC(NCC([O-])=O)=O)C)[H])C)O)[H])C		
CHEBI:88752	cholesteryl (5Z,8Z,11Z)-icosatrienoate		C47H78O2	675.123	C1[C@@]2([C@]3(CC[C@]4([C@]([C@@]3(CC=C2C[C@H](C1)OC(CCC/C=C\C/C=C\C/C=C\CCCCCCCC)=O)[H])(CC[C@@]4([C@H](C)CCCC(C)C)[H])[H])C)[H])C		
CHEBI:88756	cholesteryl gamma-linolenate		C45H74O2	647.070	C1[C@@]2([C@]3(CC[C@]4([C@]([C@@]3(CC=C2C[C@H](C1)OC(CCCC/C=C\C/C=C\C/C=C\CCCCC)=O)[H])(CC[C@@]4([C@H](C)CCCC(C)C)[H])[H])C)[H])C		
CHEBI:88768	(11Z-octadecenoyl)-cholesterol		C45H78O2	651.117	[H][C@@]1(CC[C@@]2([H])[C@]3([H])CC=C4C[C@H](CC[C@]4(C)[C@@]3([H])CC[C@]12C)OC(=O)CCCCCCCCC\C=C/CCCCCC)[C@H](C)CCCC(C)C		
CHEBI:88795	cholesteryl (11Z)-icosenoate		C47H82O2	679.171	[H]C1(CCC2([H])C3([H])CC=C4CC(CCC4(C)C3([H])CCC12C)OC(=O)CCCCCCCCC\C=C/CCCCCCCC)C(C)CCCC(C)C		
CHEBI:89400	stigmastanol		C29H52O	416.724	[C@@]12(CC[C@@H](C[C@@]1(CC[C@@]3([C@@]2(CC[C@]4([C@]3(CC[C@@]4([C@@](CC[C@H](C(C)C)CC)(C)[H])[H])[H])C)[H])[H])[H])O)C		
CHEBI:89519	coprostanol	CHEBI:133639	C27H48O	388.670	[C@]1([C@@H](CCCC(C)C)C)([C@]2(CC[C@@]3([C@]4(CC[C@@H](C[C@]4(CC[C@]3([C@@]2(CC1)[H])[H])[H])O)C)[H])C)[H]		
CHEBI:132001	cholesteryl octadecenoate		C45H78O2	651.101	C1[C@@]2([C@]3(CC[C@]4([C@]([C@@]3(CC=C2C[C@H](C1)OC(=O)*)[H])(CC[C@@]4([C@H](C)CCCC(C)C)[H])[H])C)[H])C		
CHEBI:132002	cholesteryl octadecadienoate		C45H76O2	649.085	C1[C@@]2([C@]3(CC[C@]4([C@]([C@@]3(CC=C2C[C@H](C1)OC(=O)*)[H])(CC[C@@]4([C@H](C)CCCC(C)C)[H])[H])C)[H])C		
CHEBI:132004	cholesteryl octadecatrienoate		C45H74O2	647.070	C1[C@@]2([C@]3(CC[C@]4([C@]([C@@]3(CC=C2C[C@H](C1)OC(=O)*)[H])(CC[C@@]4([C@H](C)CCCC(C)C)[H])[H])C)[H])C		
CHEBI:132006	cholesteryl icosatetraenoate		C47H76O2	673.107	C1[C@@]2([C@]3(CC[C@]4([C@]([C@@]3(CC=C2C[C@H](C1)OC(=O)*)[H])(CC[C@@]4([C@H](C)CCCC(C)C)[H])[H])C)[H])C		
CHEBI:132007	cholesteryl icosapentaenoate		C47H74O2	671.091	C1[C@@]2([C@]3(CC[C@]4([C@]([C@@]3(CC=C2C[C@H](C1)OC(=O)*)[H])(CC[C@@]4([C@H](C)CCCC(C)C)[H])[H])C)[H])C		
CHEBI:133176	glycohyocholic acid		C26H43NO6	465.624	C(C[C@@H](C)[C@@]1([C@@]2([C@]([C@]3([C@](CC2)([C@@]4([C@@](C[C@@H](CC4)O)([C@H]([C@H]3O)O)[H])C)[H])[H])(CC1)[H])C)[H])C(NCC(O)=O)=O		
CHEBI:133627	24-ethylcoprostanol		C29H52O	416.724	[C@]1([C@@H](CCC(C(C)C)CC)C)([C@]2(CC[C@@]3([C@]4(CC[C@@H](C[C@]4(CC[C@]3([C@@]2(CC1)[H])[H])[H])O)C)[H])C)[H]		
CHEBI:133745	cholesteryl nonadecanoate		C46H82O2	667.144	C(CCCCCCCC)CCCCCCCCCC(O[C@@H]1CC=2[C@]([C@]3(CC[C@]4([C@]([C@@]3(CC2)[H])(CC[C@@]4([C@H](C)CCCC(C)C)[H])[H])C)[H])(C)CC1)=O		
CHEBI:134693	androstan-3-yl hydroperoxide		C19H32O2	292.457	C1[C@@]2([C@]3(CC[C@]4([C@]([C@@]3(CCC2CC(C1)OO)[H])(CCC4)[H])C)[H])C		
CHEBI:137412	cholesteryl (11Z,14Z,17Z)-icosatrienoate		C47H78O2	675.123	C1[C@@]2([C@]3(CC[C@]4([C@]([C@@]3(CC=C2C[C@H](C1)OC(=O)CCCCCCCCC/C=C\C/C=C\C/C=C\CC)[H])(CC[C@@]4([C@H](C)CCCC(C)C)[H])[H])C)[H])C		
CHEBI:138130	Delta(7)-sterol		C19H29OR	273.434	C12C(C3C(C(CC3)*)(C)CC1)=CCC4C2(CCC(C4)O)C		
CHEBI:138131	Delta(5),Delta(7)-sterol		C19H27OR	271.418	C12C(C3C(C(CC3)*)(C)CC1)=CC=C4C2(CCC(C4)O)C		
CHEBI:138141	17alpha-hydroxy-C21-steroid		C21H36O	304.511	C1CCCC2C1(C3C(CC2)C4C(CC3)([C@](CC4)(CC)O)C)C		
CHEBI:138142	21-hydroxy-C21-steroid		C21H36O	304.511	C1CCCC2C1(C3C(CC2)C4C(CC3)(C(CC4)CCO)C)C		
CHEBI:142575	25-acyl-27-norcholesterol		C26H43OR	371.620	C1[C@@]2([C@]3(CC[C@]4([C@]([C@@]3(CC=C2C[C@H](C1)O)[H])(CC[C@@]4([C@H](C)CCCC(C)*)[H])[H])C)[H])C		
CHEBI:143563	3beta-hydroxy-4,4-dimethylsteroid		C21H35OR	303.503	C12C(C3C(C(CC3)*)(C)CC1)CCC4C2(CC[C@@H](C4(C)C)O)C		
CHEBI:143570	4alpha-methyl-3-oxosteroid		C20H31OR	287.460	C12C(C3C(C(CC3)*)(C)CC1)CCC4C2(CCC([C@H]4C)=O)C		
CHEBI:143571	4,4-dimethylcholest-8(14)-en-3beta-ol		C29H50O	414.718	[C@]12(C(=C3[C@]([C@](CC3)([C@@H](CCCC(C)C)C)[H])(C)CC1)CCC4[C@@]2(CC[C@@H](C4(C)C)O)C)[H]		
CHEBI:145944	4alpha-hydroxymethyl steroid		C20H33OR	289.476	C12C(C3C(C(CC3)*)(C)CC1)CCC4C2(CCC[C@H]4CO)C		
CHEBI:145945	4beta-hydroxymethyl steroid		C20H33OR	289.476	C12C(C3C(C(CC3)*)(C)CC1)CCC4C2(CCC[C@@H]4CO)C		
CHEBI:145951	4-hydroxymethylsteroid		C20H33OR	289.476	C12C(C3C(C(CC3)*)(C)CC1)CCC4C2(CCCC4CO)C		
CHEBI:145952	4-formyl steroid		C20H31OR	287.460	C12C(C3C(C(CC3)*)(C)CC1)CCC4C2(CCCC4C=O)C		
CHEBI:145954	4alpha-formyl steroid				C12C(C3C(C(CC3)*)(C)CC1)CCC4C2(CCC[C@H]4C=O)C		
CHEBI:145955	4beta-formyl steroid				C12C(C3C(C(CC3)*)(C)CC1)CCC4C2(CCC[C@@H]4C=O)C		
CHEBI:146151	marinobufagenin		C24H32O5	400.515	[C@]12(CC[C@@H](C[C@]2(CC[C@]3([C@]45[C@](CC[C@]13[H])([C@H](C[C@H]4O5)C6=COC(C=C6)=O)C)[H])O)O)C		
CHEBI:166785	cholest-5-en-3beta-yl (13Z,16Z-docosadienoate)	CHEBI:88774	C49H84O2	705.209	[H][C@@]1(CC[C@@]2([H])[C@]3([H])CC=C4C[C@H](CC[C@]4(C)[C@@]3([H])CC[C@]12C)OC(=O)CCCCCCCCCCC\C=C/C\C=C/CCCCC)[C@H](C)CCCC(C)C		
CHEBI:166835	tachysterol 3		C27H44O	384.648	[H][C@@]1(CC[C@@]2([H])C(\C=C\C3=C(C)CC[C@H](O)C3)=CCC[C@]12C)[C@H](C)CCCC(C)C		
CHEBI:167166	3-oxocholestane		C27H46O	386.664	[H][C@@]1(CC[C@@]2([H])[C@]3([H])CCC4CC(=O)CC[C@]4(C)[C@@]3([H])CC[C@]12C)[C@H](C)CCCC(C)C		
CHEBI:176902	14alpha-formyl steroid		C20H31OR	287.460	CC12CCC3C(CCC4CCCCC34C)[C@@]1(CCC2[*])C=O		
CHEBI:177917	phenolic steroid	CHEBI:8074; CHEBI:25968	C18H23OR	255.375	CC12CCC3C(CCC4=CC(O)=CC=C34)C1CCC2[*]		
CHEBI:178195	14-formyl steroid		C20H31OR	287.460	CC12CCC3C(CCC4CCCCC34C)C1(CCC2[*])C=O		
CHEBI:183805	cholesteryl icosenoate		C47H82O2	679.155	[H][C@@]1(CC[C@@]2([H])[C@]3([H])CC=C4C[C@H](CC[C@]4(C)[C@@]3([H])CC[C@]12C)OC([*])=O)[C@H](C)CCCC(C)C		
CHEBI:196788	cholest-5-en-3beta-yl eicosanoate	CHEBI:88763	C47H84O2	681.187	[H][C@@]1(CC[C@@]2([H])[C@]3([H])CC=C4C[C@H](CC[C@]4(C)[C@@]3([H])CC[C@]12C)OC(=O)CCCCCCCCCCCCCCCCCCC)[C@H](C)CCCC(C)C		
CHEBI:228289	pachyaximine A		C24H41NO	359.598	[H]C1(CCC2([H])C3([H])CC=C4CC(CCC4(C)C3([H])CCC12C)OC)C(C)N(C)C		
CHEBI:232735	CE(20:0)		C28H45O2R	413.657	[H][C@@]1(CC[C@@]2([H])[C@]3([H])CC=C4C[C@H](CC[C@]4(C)[C@@]3([H])CC[C@]12C)OC(C)=O)[C@H](C)CCCC(C)C		
CHEBI:1720	3beta-Hydroxy-5alpha-cholest-7-ene-4alpha-carboxylate		C28H46O3	430.664	CC(C)CCC[C@@H](C)[C@H]1CC[C@H]2C3=CC[C@H]4[C@@H]([C@@H](O)CC[C@]4(C)[C@H]3CC[C@]12C)C(O)=O		
CHEBI:2528	Ajugasterone C		C27H44O7	480.635	CC(C)CC[C@@H](O)[C@](C)(O)[C@H]1CC[C@@]2(O)C3=CC(=O)[C@@H]4C[C@@H](O)[C@@H](O)C[C@]4(C)[C@H]3[C@H](O)C[C@]12C		
CHEBI:5193	Funtumine		C21H35NO	317.509	CC(=O)[C@H]1CC[C@H]2[C@@H]3CC[C@H]4C[C@H](N)CC[C@]4(C)[C@H]3CC[C@]12C		
CHEBI:6145	Kurchessine		C25H44N2	372.631	C[C@@H]([C@H]1CC[C@H]2[C@@H]3CC=C4C[C@H](CC[C@]4(C)[C@H]3CC[C@]12C)N(C)C)N(C)C		
CHEBI:6453	Lichesterol		C28H44O	396.649	CC(C)[C@@H](C)\C=C\[C@@H](C)[C@H]1CC[C@H]2C3=C(CC[C@]12C)[C@@]1(C)CC[C@H](O)CC1=CC3		
CHEBI:6836	Methostenol		C28H48O	400.681	CC(C)CCCC(C)C1CCC2C3=CCC4[C@H](C)[C@@H](O)CC[C@]4(C)C3CC[C@]12C		
CHEBI:8334	Poriferasterol		C29H48O	412.692	CC[C@H](C(C)C)\C=C\[C@@H](C)[C@H]1CC[C@H]2[C@@H]3CC=C4C[C@@H](O)CC[C@]4(C)[C@H]3CC[C@]12C		
CHEBI:8629	Pterosterone		C27H44O7	480.635	CC(C)[C@@H](O)C[C@@H](O)[C@](C)(O)[C@H]1CC[C@@]2(O)C3=CC(=O)[C@@H]4C[C@@H](O)[C@@H](O)C[C@]4(C)[C@H]3CC[C@]12C		
CHEBI:9049	Schottenol		C29H50O	414.708	CC[C@H](CC[C@@H](C)[C@H]1CC[C@H]2C3=CC[C@H]4C[C@@H](O)CC[C@]4(C)[C@H]3CC[C@]12C)C(C)C		
CHEBI:10333	alpha-Spinasterol		C29H48O	412.692	CC[C@@H](C(C)C)\C=C\[C@@H](C)[C@H]1CC[C@H]2C3=CC[C@H]4C[C@@H](O)CC[C@]4(C)[C@H]3CC[C@]12C		
CHEBI:10542	delta7,24-Cholestadien-3beta-ol		C27H44O	384.639	C[C@H](CCC=C(C)C)[C@H]1CC[C@H]2C3=CCC4C[C@@H](O)CC[C@]4(C)[C@H]3CC[C@]12C		
CHEBI:31189	Allylestrenol		C21H32O	300.479	C[C@]12CC[C@H]3[C@@H](CCC4=CCCC[C@H]34)[C@@H]1CC[C@@]2(O)CC=C		
CHEBI:31640	Furazabol		C20H30N2O2; C20H30N2O2	330.465	C1C=2C(C[C@@]3([C@@]4([C@@](CC[C@@]13[H])([C@]5([C@](C)(CC4)[C@](CC5)(O)C)[H])[H])[H])C)=NON2		
CHEBI:31790	Lynestrenol		C20H28O	284.436	C[C@]12CC[C@H]3[C@@H](CCC4=CCCC[C@H]34)[C@@H]1CC[C@@]2(O)C#C		
CHEBI:34331	3-Deoxyestradiol		C18H24O	256.383	C[C@]12CC[C@H]3[C@@H](CCc4ccccc34)[C@@H]1CC[C@@H]2O		
CHEBI:34340	3-Methoxy-19-nor-17alpha-pregna-1,3,5(10)-trien-17beta-ol		C21H30O2	314.462	CC[C@]1(O)CC[C@H]2[C@@H]3CCc4cc(OC)ccc4[C@H]3CC[C@]12C		
CHEBI:34462	5alpha-Androstan-17beta-ol		C19H32O	276.457	C[C@]12CC[C@H]3[C@@H](CC[C@H]4CCCC[C@]34C)[C@@H]1CC[C@@H]2O		
CHEBI:34554	Batrachotoxin		C31H42N2O6	538.676	C[C@@H](OC(=O)c1c(C)c[nH]c1C)C1=CC[C@@]23OCCN(C)C[C@@]12C[C@@H](O)[C@]12O[C@@]4(O)CC[C@@]1(C)[C@H](CC=C32)C4		
CHEBI:34738	Epimestrol		C19H26O3	302.409	COc1ccc2[C@H]3CC[C@]4(C)[C@H](O)[C@H](O)C[C@H]4[C@@H]3CCc2c1		
CHEBI:34782	Hatomasterol		C28H46O3	430.664	CC(C)C(C)\C=C\[C@@H](C)[C@H]1CC[C@H]2[C@@H]3[C@H](O)[C@@H](O)[C@@]45C[C@@]4(CC[C@H](O)C5)[C@H]3CC[C@]12C		
CHEBI:34893	Norcholestenol iodomethyl (131 I)		C27H45[131I]O	516.562	CC(C)CCC[C@@H](C)[C@H]1CC[C@H]2[C@@H]3C[C@@H](C[131I])C4=C(CC[C@H](O)C4)[C@H]3CC[C@]12C		
CHEBI:34896	Normethandrolone		C19H28O2	288.425	C[C@]1(O)CC[C@H]2[C@@H]3CCC4=CC(=O)CC[C@@H]4[C@H]3CC[C@]12C		
CHEBI:34983	Stylisterol A		C28H46O3	430.664	CC(C)C(C)\C=C\[C@@H](C)[C@H]1CC[C@@H]2[C@]1(C)CC[C@@H]1[C@@]3(C)CC[C@H](O)CC3=C[C@H](O)[C@@]21O		
CHEBI:34984	Stylisterol B		C28H46O4	446.663	CC(C)C(C)\C=C\[C@@H](C)[C@H]1CC[C@@H]2[C@]1(C)CC[C@@H]1[C@@]3(CO)CC[C@H](O)CC3=C[C@H](O)[C@@]21O		
CHEBI:34985	Stylisterol C		C28H46O3	430.664	CC(C)C(C)\C=C\[C@@H](C)[C@H]1CC[C@H]2[C@@H]3[C@H](O)[C@@H](O)C4=C[C@@H](O)CC[C@]4(C)[C@H]3CC[C@]12C		
CHEBI:67711	3-epi-gitingensine		C21H31NO2	329.47630	[H][C@]12CC[C@@]3([H])[C@]4([H])CC=C5C[C@@H](N)CC[C@]5(C)[C@@]4([H])CC[C@]13C(=O)O[C@H]2C		
CHEBI:67712	Paravallarine	CHEBI:7928	C22H33NO2; C22H33NO2	343.50290	[H][C@]12CC[C@@]3([H])[C@]4([H])CC=C5C[C@H](CC[C@]5(C)[C@@]4([H])CC[C@]13C(=O)O[C@H]2C)NC		
CHEBI:67714	Gitingensine		C21H31NO2	329.47630	[H][C@]12CC[C@@]3([H])[C@]4([H])CC=C5C[C@H](N)CC[C@]5(C)[C@@]4([H])CC[C@]13C(=O)O[C@H]2C		
CHEBI:67715	N-methylgitingensine		C22H33NO2	343.50290	[H][C@]12CC[C@@]3([H])[C@]4([H])CC=C5C[C@@H](CC[C@]5(C)[C@@]4([H])CC[C@]13C(=O)O[C@H]2C)NC		
CHEBI:67716	N-acetylgitingensine		C23H33NO3	371.51300	[H][C@]12CC[C@@]3([H])[C@]4([H])CC=C5C[C@@H](CC[C@]5(C)[C@@]4([H])CC[C@]13C(=O)O[C@H]2C)NC(C)=O		
CHEBI:67717	Kibalaurifoline		C24H33NO3	383.52370	[H][C@]12CC[C@@]3([H])[C@]4([H])C=CC5=C[C@@H](CC[C@]5(C)[C@@]4([H])CC[C@]13C(=O)O[C@H]2C)N(C)C(C)=O		
CHEBI:68105	beta-sitostenone		C29H48O	412.69080	[H][C@@]1(CC[C@@]2([H])[C@]3([H])CCC4=CC(=O)CC[C@]4(C)[C@@]3([H])CC[C@]12C)[C@H](C)CC[C@@H](CC)C(C)C		
CHEBI:69270	Inflatin A		C27H38O5	442.58760	[H][C@@]12CC[C@@]3([H])[C@]4(C)CO[C@@H](O[C@]4([H])CC[C@]3(C)[C@]11CC[C@](O)(CO)[C@]([H])(C2)C1)c1ccc(O)cc1		
CHEBI:69271	Inflatin B		C29H40O6	484.62430	[H][C@@]12CC[C@@]3([H])[C@]4(C)CO[C@@H](O[C@]4([H])CC[C@]3(C)[C@]11CC[C@](O)(COC(C)=O)[C@]([H])(C2)C1)c1ccc(O)cc1		
CHEBI:69321	6beta-hydroxystigmast-4-en-3-one		C29H48O2	428.69020	[H][C@@]1(CC[C@@]2([H])[C@]3([H])C[C@@H](O)C4=CC(=O)CC[C@]4(C)[C@@]3([H])CC[C@]12C)[C@H](C)CC[C@@H](CC)C(C)C		
CHEBI:69577	3beta,23-dihydroxy-30-nor-olean-12,20-dien-28-oic acid		C29H44O4	456.65730	[H][C@@]12CC(C)=CC[C@@]1(CC[C@]1(C)C2=CC[C@]2([H])[C@@]3(C)CC[C@H](O)[C@@](C)(CO)[C@]3([H])CC[C@@]12C)C(O)=O		
CHEBI:69589	30-nor-Hederagenin		C29H44O4	456.65730	[H][C@@]12CC(=C)CC[C@@]1(CC[C@]1(C)C2=CC[C@]2([H])[C@@]3(C)CC[C@H](O)[C@@](C)(CO)[C@]3([H])CC[C@@]12C)C(O)=O		
CHEBI:69854	Helogenin		C27H46O5	450.65110	[H][C@@]12CC=C3C[C@@H](O)CC[C@]3(C)[C@@]1([H])[C@H](O)C[C@@]1(C)[C@@]2([H])C[C@H](O)[C@]1([H])[C@H](C)[C@H](O)CC[C@@H](C)CO		
CHEBI:70301	Camphoratin B		C29H44O5	472.65670	[H][C@@]1(CC[C@@]2([H])C3=C(C(=O)C[C@]12C)[C@@]1(C)CC[C@@H](O)[C@@H](C)[C@]1([H])C[C@@H]3O)[C@H](C)CCC(=C)C(C)C(O)=O		
CHEBI:70302	Camphoratin C		C29H42O6	486.64020	[H][C@@]1(CC[C@@]2([H])C3=C(C(=O)C[C@]12C)[C@@]1(C)CC[C@@H](O)[C@](C)(O)[C@]1([H])CC3=O)[C@H](C)CCC(=C)C(C)C(O)=O		
CHEBI:70303	Camphoratin D		C29H42O6	486.64020	[H][C@@]1(CC[C@@]2(O)C3=C(C(=O)C[C@]12C)[C@@]1(C)CCC(=O)[C@@H](C)[C@]1([H])C[C@@H]3O)[C@H](C)CCC(=C)C(C)C(O)=O		
CHEBI:70307	Camphoratin H		C29H44O2	424.65850	[H][C@@]12CCC3=C(C(=O)C[C@]4(C)[C@]([H])(CC[C@@]34[H])[C@H](C)CCC(=C)C(C)C)[C@@]1(C)CCC(=O)[C@H]2C		
CHEBI:70308	Camphoratin I		C28H44O2	412.64780	[H][C@@]12CC=C3[C@]4([H])CC[C@]([H])([C@H](C)\C=C\[C@H](C)[C@H](C)CO)[C@@]4(C)CC[C@]3([H])[C@@]1(C)CCC(=O)C2		
CHEBI:70309	Camphoratin J		C30H44O4	468.66800	[H][C@@]1(CC[C@]2([H])C3=C(C(=O)C[C@]12C)[C@@]1(C)CCC(=O)[C@@H](C)[C@]1([H])CC3)[C@H](C)CCC(=C)C(C)C(=O)OC		
CHEBI:70311	antcin A		C29H42O4	454.64140	[H][C@@]1(CC[C@@]2([H])C3=C(C(=O)C[C@]12C)[C@@]1(C)CCC(=O)[C@@H](C)[C@]1([H])CC3)[C@H](C)CCC(=C)[C@H](C)C(O)=O		
CHEBI:70314	methyl antcinate H		C30H44O6	500.66680	[H][C@@]1(CC[C@@]2([H])C3=C(C(=O)[C@H](O)[C@]12C)[C@@]1(C)CC[C@@H](O)[C@@H](C)[C@]1([H])CC3=O)[C@H](C)CCC(=C)C(C)C(=O)OC		
CHEBI:70316	Ergosterol D		C28H44O	396.64840	[H][C@@]12CC=C3C(=CC[C@]4(C)[C@]([H])(CC[C@@]34[H])[C@H](C)\C=C\[C@H](C)C(C)C)[C@@]1(C)CC[C@H](O)C2		
CHEBI:70317	methyl 4alpha-methylergost-8,24(28)-diene-3,11-dion-26-oate		C30H44O4	468.66800	[H][C@@]1(CC[C@@]2([H])C3=C(C(=O)C[C@]12C)[C@@]1(C)CCC(=O)[C@@H](C)[C@]1([H])CC3)[C@H](C)CCC(=C)C(C)C(=O)OC		
CHEBI:70526	(20S)-5-Stigmastene-3beta,7alpha,16beta,20-tetrol		C29H50O4	462.70490	[H][C@]12CC[C@@]3(C)[C@@]([H])(C[C@H](O)[C@]3([H])[C@@](C)(O)CC[C@@H](CC)C(C)C)[C@]1([H])[C@H](O)C=C1C[C@@H](O)CC[C@]21C		
CHEBI:70531	7beta-hydroxysitosterol		C29H50O2	430.70610	[H][C@@]1(CC[C@@]2([H])[C@]3([H])[C@@H](O)C=C4C[C@@H](O)CC[C@]4(C)[C@@]3([H])CC[C@]12C)[C@H](C)CC[C@@H](CC)C(C)C		
CHEBI:70532	(20S)-5-ergostene-3beta,7alpha,16beta,20-tetrol		C28H48O4	448.67830	[H][C@]12CC[C@@]3(C)[C@@]([H])(C[C@H](O)[C@]3([H])[C@@](C)(O)CC[C@@H](C)C(C)C)[C@]1([H])[C@H](O)C=C1C[C@@H](O)CC[C@]21C		
CHEBI:70533	(22E,24S)-5alpha,8alpha-epidioxy-24-methylcholesta-6,22-dien-3beta-ol		C28H44O3	428.64720	[H][C@@]1(CC[C@]2([H])[C@]1(C)CC[C@]1([H])[C@@]3(C)CC[C@H](O)C[C@@]33OO[C@@]21C=C3)[C@H](C)\C=C\[C@@H](C)C(C)C		
CHEBI:70578	(22E,24S)-5alpha,8alpha-epidioxy-24-methylcholesta-6,9,22-trien-3beta -ol		C28H42O3	426.63130	[H][C@@]1(CC[C@]2([H])[C@]1(C)CC=C1[C@@]3(C)CC[C@H](O)C[C@@]33OO[C@@]21C=C3)[C@H](C)\C=C\[C@@H](C)C(C)C		
CHEBI:79406	17-Methyl-3-(2,4-cyclopentadien-1-ylidene)-5alpha-androstane-17beta-ol		C25H36O	352.55270	C[C@]1(O)CC[C@H]2[C@@H]3CC[C@H]4CC(CC[C@]4(C)[C@H]3CC[C@]12C)=C1C=CC=C1		
CHEBI:79432	(5alpha,17beta)-3-Methyl-androst-2-en-17-ol		C20H32O	288.46750	CC1=CC[C@@]2(C)[C@@H](CC[C@H]3[C@@H]4CC[C@H](O)[C@@]4(C)CC[C@H]23)C1		
CHEBI:79439	3beta-Chloro-N,N-bis(2-chloroethyl)-androst-5-en-17beta-amine		C23H36Cl3N	432.89800	C[C@]12CC[C@H]3[C@@H](CC=C4C[C@@H](Cl)CC[C@]34C)[C@@H]1CC[C@@H]2N(CCCl)CCCl		
CHEBI:79440	3-(2,4-Cyclopentadien-1-ylidene)-5alpha-androstan-17beta-ol		C24H34O	338.52620	C[C@]12CC[C@H]3[C@@H](CC[C@H]4CC(CC[C@]34C)=C3C=CC=C3)[C@@H]1CC[C@@H]2O		
CHEBI:79455	3-Methoxy-androsta-3,5-diene-7,17-dione		C20H26O3	314.41860	COC1=CC2=CC(=O)[C@H]3[C@@H]4CCC(=O)[C@@]4(C)CC[C@@H]3[C@@]2(C)CC1		
CHEBI:79456	16-Butyl-3-methoxy-estra-1,3,5(10)-triene-16beta,17beta-diol		C23H34O3	358.51430	CCCC[C@]1(O)C[C@H]2[C@@H]3CCc4cc(OC)ccc4[C@H]3CC[C@]2(C)[C@H]1O		
CHEBI:79457	11beta-Hydroxy-5alpha-androstan-17-one		C19H30O2	290.44030	C[C@]12C[C@H](O)[C@H]3[C@@H](CC[C@H]4CCCC[C@]34C)[C@@H]1CCC2=O		
CHEBI:79458	17-Propyl-5alpha-androst-2-en-17beta-ol		C22H36O	316.52060	CCC[C@]1(O)CC[C@H]2[C@@H]3CC[C@H]4CC=CC[C@]4(C)[C@H]3CC[C@]12C		
CHEBI:79459	16-Propyl-3-methoxy-estra-1,3,5(10)-triene-16beta,17beta-diol		C22H32O3	344.48770	CCC[C@]1(O)C[C@H]2[C@@H]3CCc4cc(OC)ccc4[C@H]3CC[C@]2(C)[C@H]1O		
CHEBI:79483	Estra-1,3,5(10),16-tetraen-3-ol benzoate		C25H26O2	358.47270	C[C@]12CC[C@H]3[C@@H](CCc4cc(OC(=O)c5ccccc5)ccc34)[C@@H]1CC=C2		
CHEBI:79492	3-(2,4-Cyclopentadien-1-ylidene)pregn-4-en-20-one		C26H34O	362.54760	CC(=O)[C@H]1CC[C@H]2[C@@H]3CCC4=CC(CC[C@]4(C)[C@H]3CC[C@]12C)=C1C=CC=C1		
CHEBI:79496	3-Deoxyestrone		C18H22O	254.36670	C[C@]12CC[C@H]3[C@@H](CCc4ccccc34)[C@@H]1CCC2=O		
CHEBI:79503	3beta-Cyclopentyl-5alpha-androstan-17beta-ol		C24H40O	344.57380	C[C@]12CC[C@H]3[C@@H](CC[C@H]4C[C@H](CC[C@]34C)C3CCCC3)[C@@H]1CC[C@@H]2O		
CHEBI:79505	3beta-Fluoro-5beta-pregnan-20-one		C21H33FO	320.48450	CC(=O)[C@H]1CC[C@H]2[C@@H]3CC[C@@H]4C[C@@H](F)CC[C@]4(C)[C@H]3CC[C@]12C		
CHEBI:79517	3-Methoxy-16-octylestra-1,3,5(10)-triene-16beta,17beta-diol		C27H42O3	414.62060	CCCCCCCC[C@]1(O)C[C@H]2[C@@H]3CCc4cc(OC)ccc4[C@H]3CC[C@]2(C)[C@H]1O		
CHEBI:79518	3-Methoxy-16-ethylestra-1,3,5(10)-triene-16beta,17beta-diol		C21H30O3	330.46110	CC[C@]1(O)C[C@H]2[C@@H]3CCc4cc(OC)ccc4[C@H]3CC[C@]2(C)[C@H]1O		
CHEBI:79536	3beta-(1-Pyrrolidinyl)-5alpha-pregnane-11,20-dione		C25H39NO2	385.58270	CC(=O)[C@H]1CC[C@H]2[C@@H]3CC[C@H]4C[C@H](CC[C@]4(C)[C@H]3C(=O)C[C@]12C)N1CCCC1		
CHEBI:79552	3,6-Dimethoxyestra-1,3,5(10),6,8-pentaene-17beta-carboxylic acid methyl ester		C22H26O4	354.43940	COC(=O)[C@H]1CC[C@H]2c3cc(OC)c4cc(OC)ccc4c3CC[C@]12C		
CHEBI:79555	Hydroxystenozole		C21H30N2O	326.47570	C[C@]1(O)CC[C@H]2[C@@H]3CCC4=Cc5[nH]ncc5C[C@]4(C)[C@H]3CC[C@]12C		
CHEBI:79567	11,17-Dimethyl-5alpha-androstane-11beta,17beta-diol		C21H36O2	320.50930	C[C@]1(O)CC[C@H]2[C@@H]3CC[C@H]4CCCC[C@]4(C)[C@H]3[C@@](C)(O)C[C@]12C		
CHEBI:79582	17beta-Hydroxy-3-methoxyestra-1,3,5(10)-triene-17-carbonitrile		C20H25NO2	311.41800	COc1ccc2[C@H]3CC[C@@]4(C)[C@@H](CC[C@@]4(O)C#N)[C@@H]3CCc2c1		
CHEBI:79592	6beta,19-Epoxy-17beta-hydroxyandrost-4-en-3-one		C19H26O3	302.40790	C[C@]12CC[C@H]3[C@@H](C[C@H]4OC[C@@]33CCC(=O)C=C43)[C@@H]1CC[C@@H]2O		
CHEBI:79597	3-Methoxyestra-1,3,5(10)-triene-16,17-dione 16-oxime		C19H23NO3	313.39080	COc1ccc2[C@H]3CC[C@@]4(C)[C@@H](C\C(=N/O)C4=O)[C@@H]3CCc2c1		
CHEBI:79612	3beta-Fluoroandrost-5-en-17beta-ol		C19H29FO	292.43140	C[C@]12CC[C@H]3[C@@H](CC=C4C[C@@H](F)CC[C@]34C)[C@@H]1CC[C@@H]2O		
CHEBI:79620	17-Methyl-5-alpha-androst-2-en-17-beta-ol		C20H32O	288.46750	C[C@]1(O)CC[C@H]2[C@@H]3CC[C@H]4CC=CC[C@]4(C)[C@H]3CC[C@]12C		
CHEBI:79626	3-Methoxyestra-1,3,5(10),16-tetraene		C19H24O	268.39330	COc1ccc2[C@H]3CC[C@]4(C)C=CC[C@H]4[C@@H]3CCc2c1		
CHEBI:79636	3-Methyl-19-nor-17alpha-pregna-1,3,5(10)-trien-17-ol		C21H30O	298.46230	CC[C@]1(O)CC[C@H]2[C@@H]3CCc4cc(C)ccc4[C@H]3CC[C@]12C		
CHEBI:79646	1'H-5alpha-Androst-2-eno[3,2-b]indol-17beta-ol		C25H33NO	363.53560	C[C@]12CC[C@H]3[C@@H](CC[C@H]4Cc5[nH]c6ccccc6c5C[C@]34C)[C@@H]1CC[C@@H]2O		
CHEBI:79647	Estra-1,3,5(10)-triene-2,17beta-diol		C18H24O2	272.38200	C[C@]12CC[C@H]3[C@@H](CCc4ccc(O)cc34)[C@@H]1CC[C@@H]2O		
CHEBI:79648	6beta,19-Epoxypregn-4-ene-3,20-dione		C21H28O3	328.44520	CC(=O)[C@H]1CC[C@H]2[C@@H]3C[C@H]4OC[C@@]5(CCC(=O)C=C45)[C@H]3CC[C@]12C		
CHEBI:79658	3,3-Difluoro-17-methyl-5alpha-androstan-17beta-ol		C20H32F2O	326.46430	C[C@]1(O)CC[C@H]2[C@@H]3CC[C@H]4CC(F)(F)CC[C@]4(C)[C@H]3CC[C@]12C		
CHEBI:79672	4beta,5beta-Epoxypregnane-3,20-dione		C21H30O3	330.46110	CC(=O)[C@H]1CC[C@H]2[C@@H]3CC[C@]45O[C@H]4C(=O)CC[C@]5(C)[C@H]3CC[C@]12C		
CHEBI:79674	3-Acetyl-5alpha-androst-2-en-17beta-ol		C21H32O2	316.47760	CC(=O)C1=CC[C@@]2(C)[C@@H](CC[C@H]3[C@@H]4CC[C@H](O)[C@@]4(C)CC[C@H]23)C1		
CHEBI:79685	3-Methoxy-19-norpregna-1,3,5(10)-trien-20-one		C21H28O2	312.44580	COc1ccc2[C@H]3CC[C@@]4(C)[C@@H](CC[C@@H]4C(C)=O)[C@@H]3CCc2c1		
CHEBI:79692	Estra-1,3,5-(10)-trien-17-one-3-oxyacetic acid		C20H24O4	328.40220	C[C@]12CC[C@H]3[C@@H](CCc4cc(OCC(O)=O)ccc34)[C@@H]1CCC2=O		
CHEBI:79694	17-Methyl-5alpha-androst-2-ene-1alpha,17beta-diol		C20H32O2	304.46690	C[C@]1(O)CC[C@H]2[C@@H]3CC[C@H]4CC=C[C@H](O)[C@]4(C)[C@H]3CC[C@]12C		
CHEBI:79695	17-Methylandrosta-2,4-dieno[2,3-d]isoxazol-17beta-ol		C21H29NO2	327.46050	C[C@]1(O)CC[C@H]2[C@@H]3CCC4=Cc5oncc5C[C@]4(C)[C@H]3CC[C@]12C		
CHEBI:79704	11beta,12beta-Epoxypregn-4-ene-3,20-dione		C21H28O3	328.44520	CC(=O)[C@H]1CC[C@H]2[C@@H]3CCC4=CC(=O)CC[C@]4(C)[C@H]3[C@H]3O[C@H]3[C@]12C		
CHEBI:79709	9beta,11beta-Epoxy-17beta-hydroxy-17-methylandrost-4-en-3-one		C20H28O3	316.43450	C[C@]1(O)CC[C@H]2[C@@H]3CCC4=CC(=O)CC[C@]4(C)[C@@]33O[C@H]3C[C@]12C		
CHEBI:79715	9beta,11beta-Epoxyandrost-4-ene-3,17-dione		C19H24O3	300.39210	C[C@]12C[C@@H]3O[C@]33[C@@H](CCC4=CC(=O)CC[C@]34C)[C@@H]1CCC2=O		
CHEBI:79728	3-Methoxyestriol		C19H26O3	302.40790	COc1ccc2[C@H]3CC[C@]4(C)[C@@H](O)[C@H](O)C[C@H]4[C@@H]3CCc2c1		
CHEBI:79783	17beta-Nitro-5alpha-androstane		C19H31NO2	305.45490	C[C@]12CC[C@H]3[C@@H](CC[C@H]4CCCC[C@]34C)[C@@H]1CC[C@@H]2[N+]([O-])=O		
CHEBI:79788	4beta,5-Epoxy-17beta-hydroxy-5beta-androstan-3-one		C19H28O3	304.42380	C[C@]12CC[C@H]3[C@@H](CC[C@]45O[C@H]4C(=O)CC[C@]35C)[C@@H]1CC[C@@H]2O		
CHEBI:79790	5alpha-Androstane-11beta,17beta-diol		C19H32O2	292.45620	C[C@]12C[C@H](O)[C@H]3[C@@H](CC[C@H]4CCCC[C@]34C)[C@@H]1CC[C@@H]2O		
CHEBI:79794	A-Nor-5alpha-cholestan-2-one		C26H44O	372.62700	CC(C)CCC[C@@H](C)[C@H]1CC[C@H]2[C@@H]3CC[C@H]4CC(=O)C[C@]4(C)[C@H]3CC[C@]12C		
CHEBI:79796	N-Methylindolo[3,2-b]-5alpha-cholest-2-ene		C34H51N	473.77540	CC(C)CCC[C@@H](C)[C@H]1CC[C@H]2[C@@H]3CC[C@H]4Cc5c(C[C@]4(C)[C@H]3CC[C@]12C)c1ccccc1n5C		
CHEBI:79797	17beta-Hydroxy-3-methoxyestra-1,3,5(10)-trien-16-one		C19H24O3	300.39210	COc1ccc2[C@H]3CC[C@]4(C)[C@@H](O)C(=O)C[C@H]4[C@@H]3CCc2c1		
CHEBI:79800	5alpha-Androstan-2-en-17beta-ol		C19H30O	274.44090	C[C@]12CC[C@H]3[C@@H](CC[C@H]4CC=CC[C@]34C)[C@@H]1CC[C@@H]2O		
CHEBI:79818	5alpha-Androstane-2alpha-methyl-17beta-ol		C20H34O	290.48340	C[C@H]1CC[C@@H]2CC[C@H]3[C@@H]4CC[C@H](O)[C@@]4(C)CC[C@@H]3[C@@]2(C)C1		
CHEBI:79832	3beta-Fluoro-5alpha-androstan-17beta-ol		C19H31FO	294.44720	C[C@]12CC[C@H]3[C@@H](CC[C@H]4C[C@@H](F)CC[C@]34C)[C@@H]1CC[C@@H]2O		
CHEBI:79838	3beta,4-Dimethyl-4-aza-5alpha-cholestane		C28H51N	401.71120	CC(C)CCC[C@@H](C)[C@H]1CC[C@H]2[C@@H]3CC[C@H]4N(C)[C@@H](C)CC[C@]4(C)[C@H]3CC[C@]12C		
CHEBI:79839	3beta-Hydroxycholest-4-ene		C27H46O	386.65350	CC(C)CCC[C@@H](C)[C@H]1CC[C@H]2[C@@H]3CCC4=C[C@@H](O)CC[C@]4(C)[C@H]3CC[C@]12C		
CHEBI:79842	20,21,21-Trifluoro-3-methoxy-19-nor-17alpha-pregna-1,3,5(10),20-tetraen-17-ol		C21H25F3O2	366.41720	COc1ccc2[C@H]3CC[C@@]4(C)[C@@H](CC[C@@]4(O)C(F)=C(F)F)[C@@H]3CCc2c1		
CHEBI:79847	3beta-[(Tetrahydro-2H-pyran-2-yl)oxy]androst-5-en-17beta-ol		C24H38O3	374.55670	C[C@]12CC[C@H]3[C@@H](CC=C4C[C@H](CC[C@]34C)OC3CCCCO3)[C@@H]1CC[C@@H]2O		
CHEBI:79858	17beta-Amino-5alpha-androstan-11beta-ol		C19H33NO	291.47140	C[C@]12C[C@H](O)[C@H]3[C@@H](CC[C@H]4CCCC[C@]34C)[C@@H]1CC[C@@H]2N		
CHEBI:79859	Cholesta-3,5-dien-7-one		C27H42O	382.62180	CC(C)CCC[C@@H](C)[C@H]1CC[C@H]2C3[C@H](CC[C@]12C)[C@@]1(C)CCC=CC1=CC3=O		
CHEBI:79869	3beta-Methoxyandrost-5-en-16beta-ol		C20H32O2	304.46690	CO[C@H]1CC[C@]2(C)[C@H]3CC[C@]4(C)C[C@@H](O)C[C@H]4[C@@H]3CC=C2C1		
CHEBI:79872	Androsta-5,16-dieno[17,16-b]quinolin-3beta-ol		C26H31NO	373.53040	C[C@]12CC[C@H]3[C@@H](CC=C4C[C@@H](O)CC[C@]34C)[C@@H]1Cc1cc3ccccc3nc21		
CHEBI:79877	Apocholic acid		C24H38O4	390.55610	C[C@H](CCC(O)=O)[C@H]1CCC2=C3CC[C@@H]4C[C@H](O)CC[C@]4(C)[C@H]3C[C@H](O)[C@]12C		
CHEBI:79889	3-Methoxy-19-nor-17alpha-pregna-1,3,5(10),20-tetraen-17-ol		C21H28O2	312.44580	COc1ccc2[C@H]3CC[C@@]4(C)[C@@H](CC[C@@]4(O)C=C)[C@@H]3CCc2c1		
CHEBI:79897	3beta-Chloro-5-androsten-17beta-ol		C19H29ClO	308.88600	C[C@]12CC[C@H]3[C@@H](CC=C4C[C@@H](Cl)CC[C@]34C)[C@@H]1CC[C@@H]2O		
CHEBI:79900	17-Methyl-5alpha-androstane-11beta,17beta-diol		C20H34O2	306.48280	C[C@]1(O)CC[C@H]2[C@@H]3CC[C@H]4CCCC[C@]4(C)[C@H]3[C@@H](O)C[C@]12C		
CHEBI:79921	5alpha-Pregn-2-en-20-one		C21H32O	300.47820	CC(=O)[C@H]1CC[C@H]2[C@@H]3CC[C@H]4CC=CC[C@]4(C)[C@H]3CC[C@]12C		
CHEBI:79925	Estra-1,3,5(10)-triene-3,17beta-diol 3-phosphate		C18H25O5P	352.36190	C[C@]12CC[C@H]3[C@@H](CCc4cc(OP(O)(O)=O)ccc34)[C@@H]1CC[C@@H]2O		
CHEBI:79931	17-Ethynyl-5alpha-androstan-17beta-ol		C21H32O	300.47820	C[C@]12CC[C@H]3[C@@H](CC[C@H]4CCCC[C@]34C)[C@@H]1CC[C@@]2(O)C#C		
CHEBI:79941	3-(Allyloxy)estra-1,3,5(10)-triene-16beta,17beta-diol		C21H28O3	328.44520	C[C@]12CC[C@H]3[C@@H](CCc4cc(OCC=C)ccc34)[C@@H]1C[C@H](O)[C@@H]2O		
CHEBI:79943	1'H-5alpha-Cholest-2-eno[3,2-b]indole		C33H49N	459.74890	CC(C)CCC[C@@H](C)[C@H]1CC[C@H]2[C@@H]3CC[C@H]4Cc5[nH]c6ccccc6c5C[C@]4(C)[C@H]3CC[C@]12C		
CHEBI:79964	6beta,17-Dihydroxy-3,5-cyclo-5alpha,17alpha-pregn-20-ene-21-carboxylic acid, gamma-lactone		C22H30O3	342.47180	C[C@]12CCC3CC13[C@H](O)C[C@H]1[C@@H]3CC[C@]4(OC(=O)C=C4)[C@@]3(C)CC[C@H]21		
CHEBI:79965	3,5-Cyclo-5alpha,17alpha-pregn-20-yne-6beta,17-diol		C21H30O2	314.46170	C[C@]12CCC3CC13[C@H](O)C[C@H]1[C@@H]3CC[C@@](O)(C#C)[C@@]3(C)CC[C@H]21		
CHEBI:79996	5,6-24(S),25-Diepoxycholesterol		C27H44O3	416.63650	C[C@H](CC[C@@H]1OC1(C)C)[C@H]1CC[C@H]2[C@@H]3C[C@@H]4O[C@@]44C[C@@H](O)CC[C@]4(C)[C@H]3CC[C@]12C		
CHEBI:80094	4alpha-Methylfecosterol		C29H48O	412.69080	CC(C)C(=C)CC[C@@H](C)[C@H]1CC[C@H]2C3=C(CC[C@]12C)[C@@]1(C)CC[C@H](O)[C@@H](C)[C@@H]1CC3		
CHEBI:80095	5,7,24(28)-Ergostatrienol		C28H44O	396.64840	CC(C)C(=C)CC[C@@H](C)[C@H]1CC[C@H]2C3=CC=C4C[C@@H](O)CC[C@]4(C)C3CC[C@]12C		
CHEBI:80097	5-Dehydroavenasterol		C29H46O	410.67490	C\C=C(\CC[C@@H](C)C1CCC2C3=CC=C4C[C@@H](O)CC[C@]4(C)C3CC[C@]12C)C(C)C		
CHEBI:80531	3-Epiecdysone		C27H44O6	464.63470	C[C@H]([C@H](O)CCC(C)(C)O)[C@H]1CC[C@@]2(O)C3=CC(=O)[C@@H]4C[C@H](O)[C@@H](O)C[C@]4(C)[C@H]3CC[C@]12C		
CHEBI:80534	26-Hydroxyecdysone		C27H44O7	480.63410	C[C@H]([C@H](O)CCC(C)(O)CO)[C@H]1CC[C@@]2(O)C3=CC(=O)[C@@H]4C[C@@H](O)[C@@H](O)C[C@]4(C)[C@H]3CC[C@]12C		
CHEBI:80541	14alpha-Hydroxy-5beta-cholest-7-ene-3,6-dione		C27H42O3	414.62060	CC(C)CCC[C@@H](C)[C@H]1CC[C@@]2(O)C3=CC(=O)[C@@H]4CC(=O)CC[C@]4(C)[C@H]3CC[C@]12C		
CHEBI:80775	Makisterone A		C28H46O7	494.66060	C[C@H](C[C@@H](O)[C@](C)(O)[C@H]1CC[C@@]2(O)C3=CC(=O)[C@@H]4C[C@@H](O)[C@@H](O)C[C@]4(C)[C@H]3CC[C@]12C)C(C)(C)O		
CHEBI:80949	Halistanol sulfate		C29H52O12S3	688.91100	C[C@H](CC[C@H](C)C(C)(C)C)[C@H]1CC[C@H]2[C@@H]3C[C@H](OS(O)(=O)=O)[C@H]4C[C@H](OS(O)(=O)=O)[C@H](C[C@]4(C)[C@H]3CC[C@]12C)OS(O)(=O)=O		
CHEBI:81015	3beta,7alpha-Dihydroxy-5-cholestenoate		C27H44O4	432.63590	C[C@H](CCCC(C)C(O)=O)[C@H]1CC[C@H]2[C@@H]3[C@H](O)C=C4C[C@@H](O)CC[C@]4(C)[C@H]3CC[C@]12C		
CHEBI:81242	12-Epideoxycholic acid		C24H40O4	392.57200	C[C@H](CCC(O)=O)[C@H]1CC[C@H]2[C@@H]3CC[C@@H]4C[C@H](O)CC[C@]4(C)[C@H]3C[C@@H](O)[C@]12C		
CHEBI:81245	Vulpecholate		C24H40O5	408.57140	C[C@H](CCC(O)=O)[C@H]1CC[C@H]2[C@@H]3[C@H](O)C[C@@H]4C[C@H](O)C[C@H](O)[C@]4(C)[C@H]3CC[C@]12C		
CHEBI:81256	isodeoxycholic acid		C24H40O4	392.573	C1CC[C@@]2([C@](C1)([C@@]3([C@@]([C@@H](C2)O)([C@]4([C@]([C@H](C3)O)([C@](CC4)([C@H](C)CCC(O)=O)[H])C)[H])[H])[H])C)[H]		
CHEBI:81258	Allochenodeoxycholate		C24H40O4	392.57200	C[C@H](CCC(O)=O)[C@H]1CC[C@H]2[C@@H]3[C@H](O)C[C@H]4C[C@H](O)CC[C@]4(C)[C@H]3CC[C@]12C		
CHEBI:81367	Cryptogenin		C27H42O4	430.62000	C[C@@H](CO)CCC(=O)[C@@H](C)[C@H]1C(=O)C[C@H]2[C@@H]3CC=C4C[C@@H](O)CC[C@]4(C)[C@H]3CC[C@]12C		
CHEBI:89060	Chenodeoxycholic acid 3-sulfate		C24H40O7S	472.637	[C@H]1(CC[C@@]2([C@]3(CC[C@@]4([C@H](CC[C@]4([C@@]3([C@@H](C[C@@]2(C1)[H])O)[H])[H])[C@@H](CCC(=O)O)C)C)[H])C)OS(=O)(=O)O		
CHEBI:89219	1b,3a,12a-Trihydroxy-5b-cholanoic acid		C24H40O5	408.572	C[C@H](CCC(O)=O)C1CCC2C3CCC4C[C@@H](C[C@@H](O)[C@]4(C)C3C[C@H](O)[C@]12C)O		
CHEBI:89234	3b-Hydroxy-5-cholenoic acid		C24H38O3	374.558	[C@@H]1(CC[C@@]2([C@]3(CC[C@@]4([C@H](CC[C@]4([C@@]3(CC=C2C1)[H])[H])[C@@H](CCC(=O)O)C)C)[H])C)O		
CHEBI:89499	Ursodeoxycholic acid 3-sulfate		C24H40O7S	472.637	C1C[C@@H](CC2C[C@H](O)[C@]3([C@@]4(CC[C@H]([C@@H](CCC(=O)O)C)[C@@]4(C)CC[C@@]3([C@@]12C)[H])[H])[H])OS(=O)(=O)O		
CHEBI:89982	8-Dehydrocholesterol		C27H44O	384.639	C1[C@@H](CC=2[C@](C1)(C3=C(CC2)[C@]4([C@](CC3)([C@](CC4)([C@H](C)CCCC(C)C)[H])C)[H])C)O		
CHEBI:91483	(13S,17R)-17-ethynyl-13-methyl-7,8,9,11,12,14,15,16-octahydro-6H-cyclopenta[a]phenanthrene-3,17-diol		C20H24O2	296.404	C[C@]12CCC3C(C1CC[C@]2(C#C)O)CCC4=C3C=CC(=C4)O		
CHEBI:91531	LSM-1318		C23H24O8	428.433	CC(=O)O[C@@H]1C[C@]2(C(CCC2=O)C3=C1[C@]4([C@H](OC(=O)C5=COC(=C54)C3=O)COC)C)C		
CHEBI:91543	(13S,17R)-17-ethynyl-3-methoxy-13-methyl-7,8,9,11,12,14,15,16-octahydro-6H-cyclopenta[a]phenanthren-17-ol		C21H26O2	310.431	C[C@]12CCC3C(C1CC[C@]2(C#C)O)CCC4=C3C=CC(=C4)OC		
CHEBI:91566	(13S,16R,17R)-13-methyl-6,7,8,9,11,12,14,15,16,17-decahydrocyclopenta[a]phenanthrene-3,16,17-triol		C18H24O3	288.382	C[C@]12CCC3C(C1C[C@H]([C@@H]2O)O)CCC4=C3C=CC(=C4)O		
CHEBI:91568	(13S,17S)-13-methyl-6,7,8,9,11,12,14,15,16,17-decahydrocyclopenta[a]phenanthrene-3,17-diol		C18H24O2	272.383	C[C@]12CCC3C(C1CC[C@@H]2O)CCC4=C3C=CC(=C4)O		
CHEBI:91575	LSM-1379		C22H27NO2	337.456	CC12CCC3C(C1CCC2(C#C)O)CCC4=CC5=C(CC34C)C=NO5		
CHEBI:91609	(13S,17R)-17-hydroxy-13-methyl-17-prop-2-enyl-1,2,6,7,8,14,15,16-octahydrocyclopenta[a]phenanthren-3-one		C21H26O2	310.431	C[C@]12C=CC3=C4CCC(=O)C=C4CCC3C1CC[C@]2(CC=C)O		
CHEBI:91653	benzoic acid (17-hydroxy-13-methyl-6,7,8,9,11,12,14,15,16,17-decahydrocyclopenta[a]phenanthren-3-yl) ester		C25H28O3	376.489	CC12CCC3C(C1CCC2O)CCC4=C3C=CC(=C4)OC(=O)C5=CC=CC=C5		
CHEBI:91668	(13S)-3-hydroxy-13-methyl-7,8,9,11,12,14,15,16-octahydro-6H-cyclopenta[a]phenanthren-17-one		C18H22O2	270.367	C[C@]12CCC3C(C1CCC2=O)CCC4=C3C=CC(=C4)O		
CHEBI:91679	(10R,13S,17R)-17-ethynyl-17-hydroxy-13-methyl-1,2,6,7,8,9,10,11,12,14,15,16-dodecahydrocyclopenta[a]phenanthren-3-one		C20H26O2	298.420	C[C@]12CCC3[C@H]4CCC(=O)C=C4CCC3C1CC[C@]2(C#C)O		
CHEBI:91862	LSM-1788		C23H24O8	428.433	CC(=O)OC1CC2(C(CCC2=O)C3=C1C4(C(OC(=O)C5=COC(=C54)C3=O)COC)C)C		
CHEBI:91895	3-[2-(diethylamino)ethoxy]-10,13-dimethyl-1,2,3,4,7,8,9,11,12,14,15,16-dodecahydrocyclopenta[a]phenanthren-17-one		C25H41NO2	387.599	CCN(CC)CCOC1CCC2(C3CCC4(C(C3CC=C2C1)CCC4=O)C)C		
CHEBI:91918	(16R)-3-methoxy-13-methyl-6,7,8,9,11,12,14,15,16,17-decahydrocyclopenta[a]phenanthrene-16,17-diol		C19H26O3	302.409	CC12CCC3C(C1C[C@H](C2O)O)CCC4=C3C=CC(=C4)OC		
CHEBI:91951	13-methyl-7-[9-(4,4,5,5,5-pentafluoropentylsulfinyl)nonyl]-6,7,8,9,11,12,14,15,16,17-decahydrocyclopenta[a]phenanthrene-3,17-diol		C32H47F5O3S	606.773	CC12CCC3C(C1CCC2O)C(CC4=C3C=CC(=C4)O)CCCCCCCCCS(=O)CCCC(C(F)(F)F)(F)F		
CHEBI:94338	(7R,8S,9S,13S,14R,17S)-13-methyl-7-[9-(4,4,5,5,5-pentafluoropentylsulfinyl)nonyl]-6,7,8,9,11,12,14,15,16,17-decahydrocyclopenta[a]phenanthrene-3,17-diol		C32H47F5O3S	606.773	C[C@]12CC[C@H]3[C@@H]([C@H]1CC[C@@H]2O)[C@@H](CC4=C3C=CC(=C4)O)CCCCCCCCCS(=O)CCCC(C(F)(F)F)(F)F		
CHEBI:94429	LSM-5126		C19H30OS	306.508	C[C@]12CC[C@@H]3[C@H]([C@@H]1CC[C@@H]2O)CC[C@H]4[C@@]3(CC5C(C4)S5)C		
CHEBI:94498	(8R,9S,13S,14R,17R)-17-ethynyl-3-methoxy-13-methyl-7,8,9,11,12,14,15,16-octahydro-6H-cyclopenta[a]phenanthren-17-ol		C21H26O2	310.431	C[C@]12CC[C@H]3[C@H]([C@H]1CC[C@]2(C#C)O)CCC4=C3C=CC(=C4)OC		
CHEBI:94581	(8R,9S,13S,14R,16R,17R)-13-methyl-6,7,8,9,11,12,14,15,16,17-decahydrocyclopenta[a]phenanthrene-3,16,17-triol		C18H24O3	288.382	C[C@]12CC[C@H]3[C@H]([C@H]1C[C@H]([C@@H]2O)O)CCC4=C3C=CC(=C4)O		
CHEBI:94599	(4R)-4-[(3R,5S,7R,8S,9R,10S,13R,14S,17R)-3,7-dihydroxy-10,13-dimethyl-2,3,4,5,6,7,8,9,11,12,14,15,16,17-tetradecahydro-1H-cyclopenta[a]phenanthren-17-yl]pentanoic acid		C24H40O4	392.573	C[C@H](CCC(=O)O)[C@H]1CC[C@@H]2[C@@]1(CC[C@@H]3[C@@H]2[C@@H](C[C@H]4[C@@]3(CC[C@H](C4)O)C)O)C		
CHEBI:94675	(8S,13S,14R,17R)-13-ethyl-17-ethynyl-17-hydroxy-1,2,6,7,8,14,15,16-octahydrocyclopenta[a]phenanthren-3-one		C21H24O2	308.415	CC[C@]12C=CC3=C4CCC(=O)C=C4CC[C@H]3[C@H]1CC[C@]2(C#C)O		
CHEBI:94684	(4R)-4-[(3R,5S,7S,8S,9R,10S,13R,14S,17S)-3,7-dihydroxy-10,13-dimethyl-2,3,4,5,6,7,8,9,11,12,14,15,16,17-tetradecahydro-1H-cyclopenta[a]phenanthren-17-yl]pentanoic acid		C24H40O4	392.573	C[C@H](CCC(=O)O)[C@@H]1CC[C@@H]2[C@@]1(CC[C@@H]3[C@@H]2[C@H](C[C@H]4[C@@]3(CC[C@H](C4)O)C)O)C		
CHEBI:94711	(8R,9S,13S,14R)-3-hydroxy-13-methyl-7,8,9,11,12,14,15,16-octahydro-6H-cyclopenta[a]phenanthren-17-one		C18H22O2	270.367	C[C@]12CC[C@H]3[C@H]([C@H]1CCC2=O)CCC4=C3C=CC(=C4)O		
CHEBI:94749	LSM-5853		C21H32N2O	328.492	C[C@]12CC[C@@H]3[C@H]([C@H]1CC[C@]2(C)O)CC[C@@H]4[C@@]3(CC5=C(C4)NN=C5)C		
CHEBI:94792	(8R,9S,13S,14R,17R)-17-ethynyl-13-methyl-7,8,9,11,12,14,15,16-octahydro-6H-cyclopenta[a]phenanthrene-3,17-diol		C20H24O2	296.404	C[C@]12CC[C@H]3[C@H]([C@H]1CC[C@]2(C#C)O)CCC4=C3C=CC(=C4)O		
CHEBI:95119	LSM-6384		C22H27NO2	337.456	CC12CCC3C(C1CC[C@]2(C#C)O)CCC4=CC5=C(CC34C)C=NO5		
CHEBI:95131	3-hydroxy-13-methyl-7,8,9,11,12,14,15,16-octahydro-6H-cyclopenta[a]phenanthren-17-one		C18H22O2	270.367	CC12CCC3C(C1CCC2=O)CCC4=C3C=CC(=C4)O		
CHEBI:95191	13-methyl-6,7,8,9,11,12,14,15,16,17-decahydrocyclopenta[a]phenanthrene-3,17-diol		C18H24O2	272.383	CC12CCC3C(C1CCC2O)CCC4=C3C=CC(=C4)O		
CHEBI:95344	LSM-6713		C19H30OS	306.508	CC12CCC3C(C1CCC2O)CCC4C3(CC5C(C4)S5)C		
CHEBI:110164	benzoic acid [(13S)-13-methyl-17-oxo-7,8,9,11,12,14,15,16-octahydro-6H-cyclopenta[a]phenanthren-3-yl] ester		C25H26O3	374.473	C[C@]12CCC3C(C1CCC2=O)CCC4=C3C=CC(=C4)OC(=O)C5=CC=CC=C5		
CHEBI:110165	2-methoxy-13-methyl-6,7,8,9,11,12,14,15,16,17-decahydrocyclopenta[a]phenanthrene-3,17-diol		C19H26O3	302.409	CC12CCC3C(C1CCC2O)CCC4=CC(=C(C=C34)OC)O		
CHEBI:124935	4-[(3R,5R,8R,9S,10S,12S,13R,14S,17R)-3,12-dihydroxy-10,13-dimethyl-2,3,4,5,6,7,8,9,11,12,14,15,16,17-tetradecahydro-1H-cyclopenta[a]phenanthren-17-yl]pentanoic acid		C24H40O4	392.573	CC(CCC(=O)O)[C@H]1CC[C@@H]2[C@@]1([C@H](C[C@H]3[C@H]2CC[C@H]4[C@@]3(CC[C@H](C4)O)C)O)C		
CHEBI:125402	17-ethynyl-13-methyl-7,8,9,11,12,14,15,16-octahydro-6H-cyclopenta[a]phenanthrene-3,17-diol		C20H24O2	296.404	CC12CCC3C(C1CCC2(C#C)O)CCC4=C3C=CC(=C4)O		
CHEBI:125442	(3S,8S,9S,10R,13R,14S,17R)-3-hydroxy-10,13-dimethyl-17-(6-methylheptan-2-yl)-1,2,3,4,8,9,11,12,14,15,16,17-dodecahydrocyclopenta[a]phenanthren-7-one		C27H44O2	400.638	CC(C)CCCC(C)[C@H]1CC[C@@H]2[C@@]1(CC[C@H]3[C@H]2C(=O)C=C4[C@@]3(CC[C@@H](C4)O)C)C		
CHEBI:125457	13-methyl-6,7,8,9,11,12,14,15,16,17-decahydrocyclopenta[a]phenanthrene-3,16,17-triol		C18H24O3	288.382	CC12CCC3C(C1CC(C2O)O)CCC4=C3C=CC(=C4)O		
CHEBI:132328	6-hydroxy-5alpha-cholestanol		C27H48O2	404.670	[C@]12([C@]([C@]3([C@](CC1)([C@@]4([C@](CC(CC4)O)(C(C3)O)[H])C)[H])[H])(CC[C@@]2([C@@H](CCCC(C)C)C)[H])[H])C		
CHEBI:135210	oxabolone		C18H26O3	290.398	C[C@@]12[C@]([C@]3([C@](CC1)([C@@]4(C(CC3)=C(O)C(CC4)=O)[H])[H])[H])(CC[C@@H]2O)[H]		
CHEBI:135231	norgestrienone		C20H22O2	294.388	C[C@@]12[C@]([C@]3(C(C=C1)=C4C(CC3)=CC(CC4)=O)[H])(CC[C@]2(C#C)O)[H]		
CHEBI:135323	gestodene		C21H26O2	310.431	C(C)[C@@]12[C@]([C@]3([C@](CC1)([C@@]4(C(CC3)=CC(CC4)=O)[H])[H])[H])(C=C[C@]2(C#C)O)[H]		
CHEBI:135398	norelgestromin		C21H29NO2	327.461	C(C)[C@@]12[C@]([C@]3([C@](CC1)([C@@]4(C(CC3)=CC(CC4)=NO)[H])[H])[H])(CC[C@]2(C#C)O)[H]		
CHEBI:135402	promestriene		C22H32O2	328.489	C[C@@]12[C@]([C@]3([C@](CC1)(C4=C(CC3)C=C(C=C4)OCCC)[H])[H])(CC[C@@H]2OC)[H]		
CHEBI:135407	androisoxazole		C21H31NO2	329.477	C[C@@]12[C@@]3([C@]([C@]4([C@@](CC3)(C)[C@@](CC4)(C)O)[H])(CC[C@]1(CC=5C(C2)=CON5)[H])[H])[H]		
CHEBI:135506	quinestradol		C23H32O3	356.499	C[C@@]12[C@]([C@]3([C@](CC1)(C4=C(CC3)C=C(C=C4)OC5CCCC5)[H])[H])(C[C@H]([C@@H]2O)O)[H]		
CHEBI:135567	penmesterol		C25H38O2	370.569	C[C@@]12[C@]([C@]3([C@](CC1)([C@]4(C)C(=CC3)C=C(CC4)OC5CCCC5)[H])[H])(CC[C@]2(C)O)[H]		
CHEBI:135634	pentagestrone		C26H38O3	398.579	C[C@@]12[C@]([C@]3([C@](CC1)([C@]4(C)C(=CC3)C=C(CC4)OC5CCCC5)[H])[H])(CC[C@@]2(C(C)=O)O)[H]		
CHEBI:135643	ethinylestradiol sulfonate		C23H30O4S	402.549	C[C@@]12[C@]([C@]3([C@](CC1)(C4=C(CC3)C=C(C=C4)OS(C(C)C)(=O)=O)[H])[H])(CC[C@@]2(O)C#C)[H]		
CHEBI:135820	cortivazol		C32H38N2O5	530.656	C[C@@]12[C@]([C@]3([C@]([C@H](C1)O)([C@]4(C)C(C(=C3)C)=CC5=C(C4)C=NN5C6=CC=CC=C6)[H])[H])(C[C@H]([C@@]2(C(COC(C)=O)=O)O)C)[H]		
CHEBI:135834	formocortal		C29H38ClFO8	569.060	C(COC(C)=O)(=O)[C@]12[C@]3(C)[C@@](C[C@]1(OC(O2)(C)C)[H])([C@]4([C@@]([C@H](C3)O)(F)[C@]5(C)C(=C(C4)C=O)C=C(CC5)OCCCl)[H])[H]		
CHEBI:135998	iodocholesterol (131I)		C27H45[131I]O	516.562	C([131I])[C@@]12[C@@]3([C@]([C@]4([C@@](CC3)(C)[C@](CC4)([C@@H](CCCC(C)C)C)[H])[H])(CC=C1C[C@H](CC2)O)[H])[H]		
CHEBI:137135	(5Z,7E)-(1S,3R)-21-nor-20-oxa-9,10-seco-5,7,10(19)-cholestatriene-1,3,25-triol		C25H40O4	404.584	[C@@H]1(C[C@@H](C/C(=C/C=C/2\CCC[C@]3([C@]2(CC[C@]3([H])OCCCC(C)(C)O)[H])C)/C1=C)O)O		
CHEBI:137337	sterone-ring		C17H28	232.405	C12C(C3C(CC1)CCCC3)CCC4C2CCC4		
CHEBI:138486	cholest-5-en-3-ol		C27H46O	386.655	OC1CC=2[C@@]([C@@]3([C@]([C@]4([C@@]([C@](CC4)([C@@H](CCCC(C)C)C)[H])(CC3)C)[H])(CC2)[H])[H])(CC1)C		
CHEBI:139132	23-nordeoxycholic acid		C23H38O4	378.546	O[C@@H]1[C@]2([C@]([C@]3([C@@]([C@@]4([C@](CC3)(C[C@H](O)CC4)[H])C)(C1)[H])[H])(CC[C@@]2([C@@H](CC(O)=O)C)[H])[H])C		
CHEBI:143724	10,13-dimethyl-17-(6-methylheptan-2-yl)-2,3,4,5,6,7,8,9,11,12,14,15,16,17-tetradecahydro-1H-cyclopenta[a]phenanthren-3-ol		C27H48O	388.670	OC1CC2C(C3C(C4C(C(C(CCCC(C)C)C)CC4)(C)CC3)CC2)(C)CC1		
CHEBI:143739	3beta-stigmastan-3-ol		C29H52O	416.724	O[C@@H]1CC2C(C3C(C4C(C(C(CCC(C(C)C)CC)C)CC4)(C)CC3)CC2)(C)CC1		
CHEBI:143740	(3S,5R)-10,13-dimethyl-17-(6-methylheptan-2-yl)-2,3,4,5,6,7,8,9,11,12,14,15,16,17-tetradecahydro-1H-cyclopenta[a]phenanthren-3-ol		C27H48O	388.670	O[C@@H]1C[C@@H]2C(C3C(C4C(C(C(CCCC(C)C)C)CC4)(C)CC3)CC2)(C)CC1		
CHEBI:143741	(3R,5S)-10,13-dimethyl-17-(6-methylheptan-2-yl)-2,3,4,5,6,7,8,9,11,12,14,15,16,17-tetradecahydro-1H-cyclopenta[a]phenanthren-3-ol		C27H48O	388.670	O[C@H]1C[C@H]2C(C3C(C4C(C(C(CCCC(C)C)C)CC4)(C)CC3)CC2)(C)CC1		
CHEBI:143742	(3S)-10,13-dimethyl-17-(6-methylheptan-2-yl)-2,3,4,7,8,9,11,12,14,15,16,17-dodecahydro-1H-cyclopenta[a]phenanthren-3-ol		C27H46O	386.655	O[C@@H]1CC2=CCC3C4C(C(C(CCCC(C)C)C)CC4)(C)CCC3C2(C)CC1		
CHEBI:143743	(3S,5S)-10,13-dimethyl-17-(6-methylheptan-2-yl)-2,3,4,5,6,7,8,9,11,12,14,15,16,17-tetradecahydro-1H-cyclopenta[a]phenanthren-3-ol		C27H48O	388.670	O[C@@H]1C[C@H]2C(C3C(C4C(C(C(CCCC(C)C)C)CC4)(C)CC3)CC2)(C)CC1		
CHEBI:143765	(5R)-10,13-dimethyl-17-(6-methylheptan-2-yl)-1,2,4,5,6,7,8,9,11,12,14,15,16,17-tetradecahydrocyclopenta[a]phenanthren-3-one		C27H46O	386.655	O=C1C[C@@H]2C(C3C(C4C(C(C(CCCC(C)C)C)CC4)(C)CC3)CC2)(C)CC1		
CHEBI:144393	Sarcoaldesterol A		C30H52O4	476.733	O[C@]12[C@@]([C@H]3[C@H](O)C[C@@]4([C@@H]([C@@H]([C@@H]5[C@]([C@@H](C(C)C)C)(C)C5)C)CC[C@H]4[C@@H]3C[C@H]1O)C)(CC[C@@H](C2)O)C		
CHEBI:145214	5a-cholesta-7,24-dien-3b-ol		C27H44O	384.648	[C@@]12(C=3C([C@@]4([C@](C[C@@H](O)CC4)(CC3)[H])C)CC[C@@]1([C@@]([C@@](CCC=C(C)C)(C)[H])(CC2)[H])C)[H]		
CHEBI:156155	cholesta-5,22E-dien-3-ol		C27H44O	384.648	O[C@@H]1CC=2[C@@]([C@@]3([C@]([C@]4([C@@]([C@](CC4)([C@H](C)/C=C/CC(C)C)[H])(CC3)C)[H])(CC2)[H])[H])(CC1)C		
CHEBI:156165	(6beta,22E)-6-Hydroxystigmasta-4,22-dien-3-one		C29H46O2	426.685	OC1CC2C3C(C(CC3)C(C)/C=C/C(C(C)C)CC)(CCC2C4(C1=CC(=O)CC4)C)C		
CHEBI:157640	20alpha-hydroxycholesterol		C27H46O2	402.663	O[C@@]([C@@]1([C@@]2([C@]([C@]3([C@@]([C@@]4(C(=CC3)CC(O)CC4)C)(CC2)[H])[H])(CC1)[H])C)[H])(CCCC(C)C)C		
CHEBI:166703	2beta,3beta-Dihydroxy-6-oxo-5alpha-chol-7-en-24-oic acid		C24H36O5	404.547	O[C@H]1C[C@@]2([C@@]3(C([C@]4([C@@]([C@](CC4)([C@@H](CCC(O)=O)C)[H])(CC3)C)[H])=CC(=O)[C@]2(C[C@H]1O)[H])[H])C		
CHEBI:166710	3alpha,4beta-Dihydroxy-5beta-cholan-24-oic acid		C24H40O4	392.580	O[C@@H]1[C@@]2([C@@]([C@@]3([C@]([C@]4([C@@]([C@](CC4)([C@@H](CCC(O)=O)C)[H])(CC3)C)[H])(CC2)[H])[H])(CC[C@H]1O)C)[H]		
CHEBI:166714	3beta,4beta-Dihydroxy-5beta-cholan-24-oic acid		C24H40O4	392.580	O[C@@H]1[C@@]2([C@@]([C@@]3([C@]([C@]4([C@@]([C@](CC4)([C@@H](CCC(O)=O)C)[H])(CC3)C)[H])(CC2)[H])[H])(CC[C@@H]1O)C)[H]		
CHEBI:166716	3beta,7beta-Dihydroxy-12-oxo-5beta-cholan-24-oic acid		C24H38O5	406.563	O[C@@H]1[C@]2([C@]3([C@@]([C@](CC3)([C@@H](CCC(O)=O)C)[H])(C(=O)C[C@@]2([C@@]4([C@](C1)(C[C@@H](O)CC4)[H])C)[H])C)[H])[H]		
CHEBI:166722	7alpha,12beta-Dihydroxy-5beta-cholan-24-oic acid		C24H40O4	392.580	O[C@H]1[C@]2([C@]([C@]3([C@@]([C@@]4([C@](C[C@H]3O)(CCCC4)[H])C)(C1)[H])[H])(CC[C@@]2([C@@H](CCC(O)=O)C)[H])[H])C		
CHEBI:166724	7-Sulfocholic acid		C24H40O8S	488.640	S(O[C@H]1[C@]2([C@]3([C@@]([C@](CC3)([C@@H](CCC(O)=O)C)[H])([C@@H](O)C[C@@]2([C@@]4([C@](C1)(C[C@H](O)CC4)[H])C)[H])C)[H])[H])(O)(=O)=O		
CHEBI:166735	Isohyodeoxycholic acid		C24H40O4	392.580	O[C@@H]1[C@]2([C@@]([C@@]3([C@]([C@]4([C@@]([C@](CC4)([C@@H](CCC(O)=O)C)[H])(CC3)C)[H])(C1)[H])[H])(CC[C@H](O)C2)C)[H]		
CHEBI:166743	3alpha,12alpha,25-Trihydroxy-5beta-cholestan-7-one		C27H46O4	434.661	O[C@@H]1[C@]2([C@]([C@]3([C@@]([C@@]4([C@](CC3=O)(C[C@H](O)CC4)[H])C)(C1)[H])[H])(CC[C@@]2([C@@H](CCCC(O)(C)C)C)[H])[H])C		
CHEBI:166747	3beta,7beta-Dihydroxy-5beta-cholestan-26-oic acid		C27H46O4	434.661	O[C@@H]1[C@]2([C@]3([C@@]([C@](CC3)([C@@H](CCCC(C)C(O)=O)C)[H])(CC[C@@]2([C@@]4([C@](C1)(C[C@@H](O)CC4)[H])C)[H])C)[H])[H]		
CHEBI:166764	2-Hydroxy-3-methoxyestrone		C19H24O3	300.398	O=C1[C@]2(C(C3C(CC2)C=4C(CC3)=CC(OC)=C(O)C4)CC1)C		
CHEBI:166767	16beta-Hydroxystanozolol		C21H32N2O2	344.499	O[C@@]1([C@@]2([C@]([C@]3([C@@]([C@@]4([C@@](CC3)(CC=5NN=CC5C4)[H])C)(CC2)[H])[H])(C[C@@H]1O)[H])C)C		
CHEBI:166787	15alpha-Hydroxycholestene		C27H46O2	402.663	O[C@@H]1C=2[C@@]([C@](C1)([C@@H](CCCC(C)C)C)[H])(CC[C@@]3([C@@]4([C@@](CCC32)(C[C@@H](O)CC4)[H])C)[H])C		
CHEBI:166788	19-Norcholestenone		C26H42O	370.621	O=C1CC[C@@]2([C@@]3([C@]([C@]4([C@@]([C@](CC4)([C@@H](CCCC(C)C)C)[H])(CC3)C)[H])(CCC2=C1)[H])[H])[H]		
CHEBI:166790	7-Oxo-cholestenone		C27H42O2	398.631	O=C1[C@]2([C@]3([C@@]([C@](CC3)([C@@H](CCCC(C)C)C)[H])(CC[C@@]2([C@@]4(C(=C1)CC(=O)CC4)C)[H])C)[H])[H]		
CHEBI:166791	Cholesta-3,5-diene		C27H44	368.649	[C@]12([C@]([C@]3([C@](CC1)([C@@]4(C(=CC3)C=CCC4)C)[H])[H])(CC[C@@]2([C@@H](CCCC(C)C)C)[H])[H])C		
CHEBI:166792	Cholesta-5,7-diene-1,3-diol		C27H44O2	400.647	O[C@@H]1[C@@]2([C@@]3(C([C@]4([C@@]([C@](CC4)([C@@H](CCCC(C)C)C)[H])(CC3)C)[H])=CC=C2C[C@@H](O)C1)[H])C		
CHEBI:166793	Doristerol		C27H46O	386.664	O[C@@H]1C[C@]2([C@@]([C@@]3(C(=C4[C@@]([C@](CC4)([C@@H](CCCC(C)C)C)[H])(CC3)C)CC2)[H])(CC1)C)[H]		
CHEBI:166794	Dinosterone		C30H50O	426.729	O=C1[C@H]([C@]2([C@@]([C@@]3([C@]([C@]4([C@@]([C@H](CC4)C(C)/C=C(/[C@@H](C(C)C)C)\C)(CC3)C)[H])(CC2)[H])[H])(CC1)C)[H])C		
CHEBI:166795	Nebrosteroid M		C29H50O3	446.716	O[C@]12[C@@]([C@@]3([C@@](CC1)([C@@H]([C@@H](O)CC3)C)[H])C)([C@@H](O)C[C@]4([C@]2(CC[C@@]4([C@@H](CCC(C(C)C)=C)C)[H])[H])C)[H]		
CHEBI:166796	Xeniasterol-a		C30H52O5	492.741	O[C@]12[C@@]([C@@]3([C@]([C@]4([C@@]([C@](CC4)([C@@H](CC[C@@H](C(C)C)C)C)[H])(CC3)C)[H])([C@@H](OC(=O)C)[C@H]1O)[H])[H])(CC[C@H](O)C2)C		
CHEBI:166797	Gorgosterol		C30H50O	426.729	O[C@@H]1CC=2[C@@]([C@@]3([C@]([C@]4([C@@]([C@@]([C@@H]([C@@]5([C@](C5)([C@@H](C(C)C)C)C)[H])C)(CC4)[H])(CC3)C)[H])(CC2)[H])[H])(CC1)C		
CHEBI:166798	1,25-Dihydroxycholesterol		C27H46O3	418.662	O[C@@H]1[C@@]2([C@@]3(C([C@]4([C@@]([C@](CC4)([C@@H](CCCC(O)(C)C)C)[H])(CC3)C)[H])CC=C2C[C@@H](O)C1)[H])C		
CHEBI:166799	15alpha-Hydroxycholestane		C27H48O2	404.679	O[C@@H]1[C@@]2([C@@]([C@](C1)([C@@H](CCCC(C)C)C)[H])(CC[C@]3([C@]2(CC[C@@]4([C@@]3(CC[C@H](O)C4)C)[H])[H])[H])C)[H]		
CHEBI:166800	19-Hydroxycholesterol		C27H46O2	402.663	OC[C@@]12[C@@]3([C@]([C@]4([C@@]([C@](CC4)([C@@H](CCCC(C)C)C)[H])(CC3)C)[H])(CC=C1C[C@@H](O)CC2)[H])[H]		
CHEBI:166801	20S-Hydroxycholesterol		C27H46O2	402.663	O[C@]([C@@]1([C@@]2(C(C3C([C@@]4(C(=CC3)C[C@@H](O)CC4)C)CC2)CC1)C)[H])(CCCC(C)C)C		
CHEBI:166802	22-Hydroxycholesterol		C27H46O2	402.663	OC([C@H]([C@@]1([C@@]2([C@]([C@]3([C@@]([C@@]4(C(=CC3)C[C@@H](O)CC4)C)(CC2)[H])[H])(CC1)[H])C)[H])C)CCC(C)C		
CHEBI:166805	27-Nor-5beta-cholestane-3alpha,7alpha,12alpha,24,25-pentol		C26H46O5	438.649	O[C@@H]1[C@]2([C@]([C@]3([C@@]([C@@]4([C@](C[C@H]3O)(C[C@H](O)CC4)[H])C)(C1)[H])[H])(CC[C@@]2([C@@H](CCC(O)C(O)C)C)[H])[H])C		
CHEBI:166807	3-Oxo-7alpha-hydroxycholesterol		C27H44O2	400.647	O[C@H]1[C@]2([C@]3([C@@]([C@](CC3)([C@@H](CCCC(C)C)C)[H])(CC[C@@]2([C@@]4(C(=C1)CC(=O)CC4)C)[H])C)[H])[H]		
CHEBI:166808	5alpha-Hydroxycholesterol		C27H48O2	404.679	O[C@]12[C@@]([C@@]3([C@]([C@]4([C@@]([C@](CC4)([C@@H](CCCC(C)C)C)[H])(CC3)C)[H])(CC1)[H])[H])(CC[C@H](O)C2)C		
CHEBI:166810	6-Oxocholestanol		C27H46O2	402.663	O=C1[C@@]2([C@@](C3C(C4[C@@]([C@](CC4)([C@@H](CCCC(C)C)C)[H])(CC3)C)C1)(CC[C@H](O)C2)C)[H]		
CHEBI:166811	Cholestan-6-oxo-3,5-diol		C27H46O3	418.662	O[C@]12[C@@]([C@@]3([C@]([C@]4([C@@]([C@](CC4)([C@@H](CCCC(C)C)C)[H])(CC3)C)[H])(CC1=O)[H])[H])(CC[C@H](O)C2)C		
CHEBI:166816	Isofucostanol		C29H50O	414.718	OC1CC2[C@@]([C@@]3([C@]([C@]4([C@@]([C@H](CC4)C(CC/C(/C(C)C)=C/C)C)(CC3)C)[H])(CC2)[H])[H])(CC1)C		
CHEBI:166817	Clerosterol		C29H48O	412.702	O[C@@H]1CC=2[C@@]([C@@]3([C@]([C@]4([C@@]([C@](CC4)([C@@H](CC[C@H](CC)C(C)=C)C)[H])(CC3)C)[H])(CC2)[H])[H])(CC1)C		
CHEBI:166818	Stigmasta-7,22E,25-trien-3beta-ol		C29H46O	410.686	O[C@@H]1C[C@]2([C@@]([C@@]3(C([C@]4([C@@]([C@](CC4)([C@H](C)/C=C/[C@@H](CC)C(C)=C)[H])(CC3)C)[H])=CC2)[H])(CC1)C)[H]		
CHEBI:168064	Homodolichosterone		C29H48O5	476.698	O=C1C2C(C3C(C4C(C(CC4)C(C(O)C(O)/C(/C(C)C)=C/C)C)(CC3)C)C1)(CC(O)C(O)C2)C		
CHEBI:168105	9,11alpha-epoxy-6alpha-acetoxy-cholest-7-en-3beta,5alpha,19-triol		C29H46O6	490.681	O1[C@]23[C@]1(C[C@]4([C@](C2=C[C@H](OC(=O)C)[C@]5(O)[C@@]3(CC[C@H](O)C5)CO)(CC[C@@]4([C@@H](CCCC(C)C)C)[H])[H])C)[H]		
CHEBI:168198	(3beta,5alpha,9alpha,22E,24R)-3,5,9-Trihydroxy-23-methylergosta-7,22-dien-6-one		C29H46O4	458.683	OC12C3(C(O)(CC(O)CC3)C(=O)C=C2C4C(C(CC4)C(C)/C=C(/C(C(C)C)C)\C)(CC1)C)C		
CHEBI:168224	(17Z)-1alpha,25-dihydroxy-26,27-dimethyl-17,20,22,22,23,23-hexadehydrovitamin D3 / (17Z)-1alpha,25-dihydroxy-26,27-dimethyl-17,20,22,22,23,23-hexadehydrocholecalciferol		C29H42O3	438.652	O[C@@H]1C\C(=C\C=C/2\[C@]3([C@](CCC2)(/C(/CC3)=C(/C)\C#CCC(O)(CC)CC)C)[H])\C([C@@H](O)C1)=C		
CHEBI:168252	11-acetoxy-3beta,6alpha-dihydroxy-24-methylene-9,11-seco-5alpha-cholesta-7,22E-dien-9-one.		C30H48O5	488.709	O[C@@H]1[C@@]2([C@@](C(=O)C([C@H]3[C@@]([C@](CC3)([C@@H](CCC(C(C)C)=C)C)[H])(CCOC(=O)C)C)=C1)(CC[C@H](O)C2)C)[H]		
CHEBI:168280	(25R)-12alpha-hydroxy-24R,26R-dimethyl-26,27-cyclo-cholest-4-en-3,6-dione		C29H44O4	456.667	O[C@@H]1[C@]2([C@]([C@]3([C@](C1)([C@@]4(C(C(=O)C3)=CC(=O)CC4)C)[H])[H])(C[C@@H](O)[C@@]2([C@@H](CC[C@H]([C@]5([C@@H](C5)C)[H])C)C)[H])[H])C		
CHEBI:168418	(5x,6x)-5,6-Epoxyergosta-7,22-dien-3-ol		C28H44O2	412.658	O1C23C(C4C(C5C(CC4)(C(CC5)C(C)/C=C/C(C(C)C)C)C)=CC12)(CCC(O)C3)C		
CHEBI:168427	(3beta,5beta,8beta,22E,24xi)-Ergosta-6,22-diene-3,5,8-triol		C28H46O3	430.673	OC12C3C(C(CC3)C(C)/C=C/C(C(C)C)C)(CCC1C4(C(O)(C=C2)CC(O)CC4)C)C		
CHEBI:168465	Stoloniferone G		C28H44O5	460.655	O[C@H]1[C@]2([C@]([C@]3([C@@]([C@](CC3)([C@@H](CCC(C(C)C)=C)C)[H])(C1)C)[H])(C[C@@H](O)[C@]4(O)[C@@]2(C(=O)[C@H](O)C=C4)C)[H])[H]		
CHEBI:168494	ergosta-3beta,5alpha,6beta,25-tetrol		C28H50O4	450.704	O[C@]12[C@@]([C@@]3([C@]([C@]4([C@@]([C@](CC4)([C@@H](CC[C@@H](C(O)(C)C)C)C)[H])(CC3)C)[H])(C[C@H]1O)[H])[H])(CC[C@H](O)C2)C		
CHEBI:168554	Stoloniferone H		C28H44O4	444.656	O[C@H]1[C@]2([C@]([C@]3([C@@]([C@](CC3)([C@H](C)/C=C/[C@@H](C(C)C)C)[H])(C1)C)[H])(C[C@@H](O)[C@]4(O)[C@]2(C)C(=O)C=CC4)[H])[H]		
CHEBI:168649	(3beta,5alpha,6beta,22E,24R)-23-Methylergosta-7,22-diene-3,5,6-triol		C29H48O3	444.700	OC12C(C3C(C4C(C(CC4)C(C)/C=C(/C(C(C)C)C)\C)(CC3)C)=CC1O)(CCC(O)C2)C		
CHEBI:168800	Polyporusterone B		C28H44O6	476.654	O[C@]12[C@@]([C@](CC1)([C@@](O)([C@H](O)CC(C(C)C)=C)C)[H])(CC[C@@]3([C@@]4([C@@](C[C@@H](O)[C@@H](O)C4)(C(=O)C=C23)[H])C)[H])C		
CHEBI:169002	Schleicherastatin 5		C29H48O3	444.700	O=C1[C@]2([C@]3([C@@]([C@](CC3)([C@@H]([C@H](O)C[C@H](C(C)C)CC)C)[H])(CC[C@@]2([C@@]4(C(=C1)C[C@@H](O)CC4)C)[H])C)[H])[H]		
CHEBI:169039	4-carboxy-5-cholesta-8,24-dien-3-ol		C28H44O3	428.657	O[C@@H]1[C@H]([C@]2([C@@](C3=C(C4[C@@]([C@](CC4)([C@@H](CCC=C(C)C)C)[H])(CC3)C)CC2)(CC1)C)[H])C(O)=O		
CHEBI:169097	5-Cholestan-3-ol-6-one		C27H46O2	402.663	O=C1[C@@]2(C(C3C(C4C(C(CC4)C(CCCC(C)C)C)(CC3)C)C1)(CCC(O)C2)C)[H]		
CHEBI:169130	(3beta,5alpha,6beta,9alpha,22E,24R)-23-Methylergosta-7,22-diene-3,5,6,9-tetrol		C29H48O4	460.699	OC12C3(C(O)(C(O)C=C1C4C(C(CC4)C(C)/C=C(/C(C(C)C)C)\C)(CC2)C)CC(O)CC3)C		
CHEBI:169252	29-demethylgeodisterol-O-sulfite		C27H40O6S	492.670	S(OC1=CC2=C([C@@]3([C@]([C@]4([C@@]([C@]([C@@H](O)C4)([C@@](O)(CCC(C(C)C)=C)C)[H])(CC3)C)[H])(CC2)[H])[H])C=C1)(O)(=O)=O		
CHEBI:169319	Stoloniferone E		C28H44O3	428.657	O[C@H]1[C@]2([C@]([C@]3([C@@]([C@](CC3)([C@@H](CC[C@@H](C(C)C)C)C)[H])(C1)C)[H])(C[C@@H](O)C=4[C@]2(C)C(=O)C=CC4)[H])[H]		
CHEBI:169363	Norselic acid B		C29H44O4	456.667	OC(=O)[C@@]12[C@]([C@]3([C@@]([C@@]4([C@@](CC3)(CC(=O)C=C4)[H])C)(CC1)[H])[H])(CC[C@@]2([C@@H](CC[C@](O)(CC)C(C)=C)C)[H])[H]		
CHEBI:169432	(3beta,22E,24R)-Ergosta-4,6,8(14),22-tetraen-3-ol		C28H42O	394.643	OC1CCC2(C3CCC4(C(CCC4=C3C=CC2=C1)C(C)/C=C/C(C(C)C)C)C)C		
CHEBI:169450	(3beta,5alpha,9alpha,22E,24R)-5,9-Epidioxy-3-hydroxyergosta-7,22-dien-6-one		C28H42O4	442.640	O1OC23C(C14C(C5C(C(CC5)C(C)/C=C/C(C(C)C)C)(CC4)C)=CC2=O)(CCC(O)C3)C		
CHEBI:169484	(22E,24R)-Stigmasta-4,22-diene-3,6-dione		C29H44O2	424.669	O=C1CC2C3C(C(CC3)C(C)/C=C/C(C(C)C)CC)(CCC2C4(C1=CC(=O)CC4)C)C		
CHEBI:169529	(3beta,22E,24R)-3-Hydroxyergosta-5,8,22-trien-7-one		C28H42O2	410.642	O=C1C=2C3C(C(CC3)C(C)/C=C/C(C(C)C)C)(CCC2C4(C(=C1)CC(O)CC4)C)C		
CHEBI:169758	5-Cholestene-3beta,7alpha,12alpha,25,26-pentol		C27H46O5	450.660	O[C@@H]1[C@]2([C@]([C@]3([C@@]([C@@]4(C(=C[C@H]3O)C[C@@H](O)CC4)C)(C1)[H])[H])(CC[C@@]2([C@@H](CCCC(O)(CO)C)C)[H])[H])C		
CHEBI:169790	Chondrillasterol 3-[glucosyl-(1->2)-glucosyl-(1->2)-glucoside]		C47H78O16	899.125	O(C1CC2C(C3C(C4C(C(CC4)C(C)/C=C/C(C(C)C)CC)(CC3)C)=CC2)(CC1)C)C5OC(C(O)C(O)C5OC6OC(C(O)C(O)C6OC7OC(C(O)C(O)C7O)CO)CO)CO		
CHEBI:169799	Stoloniferone F		C28H46O5	462.671	O[C@H]1[C@]2([C@]([C@]3([C@@]([C@](CC3)([C@@H](CC[C@@H](C(C)C)C)C)[H])(C1)C)[H])(C[C@@H](O)[C@]4(O)[C@@]2(C(=O)[C@H](O)C=C4)C)[H])[H]		
CHEBI:169895	geodisterol-O-sulfite		C28H42O6S	506.700	S(OC1=CC2=C([C@@]3([C@]([C@]4([C@@]([C@]([C@@H](O)C4)([C@@](O)(CC/C(/C(C)C)=C\C)C)[H])(CC3)C)[H])(CC2)[H])[H])C=C1)(O)(=O)=O		
CHEBI:171686	7 alpha,24-Dihydroxy-4-cholesten-3-one		C27H44O3	416.646	OC1C2C3[C@@](C(CC3)[C@@H](CCC(O)C(C)C)C)(CCC2[C@@]4(C(C1)=CC(=O)CC4)C)C		
CHEBI:171883	Isofucosterol 3-O-[6-O-(9-Octadecenoyl)-b-D-glucopyranoside]		C53H90O7	839.296	O(C1CC=2C(C3C(C4C(C(CC4)C(CC/C(/C(C)C)=C\C)C)(CC3)C)CC2)(CC1)C)C5OC(C(O)C(O)C5O)COC(=O)CCCCCCC/C=C/CCCCCCCC		
CHEBI:171890	Epi-coprostanol		C27H48O	388.680	O[C@H]1C[C@@]2([C@@]([C@@]3([C@]([C@]4([C@@]([C@](CC4)([C@@H](CCCC(C)C)C)[H])(CC3)C)[H])(CC2)[H])[H])(CC1)C)[H]		
CHEBI:171899	(3beta,22R,23R,24S)-3,22,23-Trihydroxystigmastan-6-one		C29H50O4	462.715	O=C1C2C(C3C(C4C(C(CC4)C(C(O)C(O)C(C(C)C)CC)C)(CC3)C)C1)(CCC(O)C2)C		
CHEBI:171990	Cholestane-3,7,12,25-tetrol		C27H48O4	436.677	OC1C2(C(C3C(C4(C(CC3O)CC(O)CC4)C)C1)CCC2C(CCCC(O)(C)C)C)C		
CHEBI:171992	5b-Cholestane-3a,7a,12a,25-tetrol		C27H48O4	436.677	O[C@@H]1[C@]2([C@]([C@]3([C@@]([C@@]4([C@](C[C@H]3O)(C[C@H](O)CC4)[H])C)(C1)[H])[H])(CCC2[C@@H](CCCC(O)(C)C)C)[H])C		
CHEBI:172123	Cholestane-3,7,12,24,25-pentol		C27H48O5	452.676	O[C@@H]1[C@]2([C@]([C@]3([C@@]([C@@]4([C@](C[C@H]3O)(C[C@H](O)CC4)[H])C)(C1)[H])[H])(CC[C@@]2([C@@H](CC[C@H](O)C(O)(C)C)C)[H])[H])C		
CHEBI:172124	5b-Cholestane-3a,7a,12a,25,26-pentol		C27H48O5	452.676	O[C@@H]1[C@]2([C@]([C@]3([C@@]([C@@]4([C@](C[C@H]3O)(C[C@H](O)CC4)[H])C)(C1)[H])[H])(CC[C@@]2([C@@H](CCCC(O)(CO)C)C)[H])[H])C		
CHEBI:172125	5a-Cholestane-3a,7a,12a,23,25-pentol		C27H48O5	452.676	O[C@@H]1[C@]2([C@]([C@]3([C@@]([C@@]4([C@@](C[C@H]3O)(C[C@H](O)CC4)[H])C)(C1)[H])[H])(CC[C@@]2([C@@H](C[C@H](O)CC(O)(C)C)C)[H])[H])C		
CHEBI:172126	5b-Cholestane-3a,7a,12a,24,25-pentol		C27H48O5	452.676	O[C@@H]1[C@]2([C@]([C@]3([C@@]([C@@]4(C(C[C@H]3O)C[C@H](O)CC4)C)(C1)[H])[H])(CC[C@@]2([C@@H](CCC(O)C(O)(C)C)C)[H])[H])C		
CHEBI:172127	5b-Cholestane-3a,7a,12a,23R,25-pentol		C27H48O5	452.676	O[C@@H]1[C@]2([C@]([C@]3([C@@]([C@@]4([C@](C[C@H]3O)(C[C@H](O)CC4)[H])C)(C1)[H])[H])(CC[C@@]2([C@@H](C[C@@H](O)CC(O)(C)C)C)[H])[H])C		
CHEBI:172134	27-Norcholestanehexol		C26H46O6	454.648	O[C@@H]1[C@]2([C@]([C@]3([C@@]([C@@]4([C@](C[C@H]3O)(C[C@H](O)CC4)[H])C)(C1)[H])[H])(CC[C@@]2([C@@H](CCC(O)C(O)CO)C)[H])[H])C		
CHEBI:172615	5a-Cholesta-8,24-dien-3-one		C27H42O	382.632	O=C1CC2[C@@](C3=C([C@]4([C@@]([C@](CC4)([C@@H](CCC=C(C)C)C)[H])(CC3)C)[H])CC2)(CC1)C		
CHEBI:172628	3b,12a-Dihydroxy-5a-cholanoic acid		C24H40O4	392.580	O[C@@H]1[C@]2([C@]([C@]3([C@@]([C@@]4([C@@](CC3)(C[C@@H](O)CC4)[H])C)(C1)[H])[H])(CC[C@@]2([C@@H](CCC(O)=O)C)[H])[H])C		
CHEBI:172653	4a-Formyl-5a-cholesta-8,24-dien-3b-ol		C28H44O2	412.658	OC1C(C2C(C3=C(C4C(C(CC4)C(CCC=C(C)C)C)(CC3)C)CC2)(CC1)C)C=O		
CHEBI:172672	24-Propylcholestan-3-ol		C30H54O	430.761	OC1CC2C(C3C(C4C(C(CC4)C(CCC(C(C)C)CCC)C)(CC3)C)CC2)(CC1)C		
CHEBI:172694	6-Deoxohomodolichosterone		C29H50O4	462.715	OC1CC2(C3C(C4C(C(CC4)C(C(O)C(O)/C(/C(C)C)=C/C)C)(CC3)C)CCC2CC1O)C		
CHEBI:172750	Isofucosterol glucoside		C35H58O6	574.843	O(C1CC=2C(C3C(C4C(C(CC4)C(CC/C(/C(C)C)=C\C)C)(CC3)C)CC2)(CC1)C)C5OC(C(O)C(O)C5O)CO		
CHEBI:172751	beta-Sitosterol 3-O-beta-D-galactopyranoside		C35H60O6	576.859	O(C1CC=2C(C3C(C4C(C(CC4)C(CCC(C(C)C)CC)C)(CC3)C)CC2)(CC1)C)C5OC(C(O)C(O)C5O)CO		
CHEBI:172762	Saringosterol 3-glucoside		C35H58O7	590.842	O(C1CC=2C(C3C(C4C(C(CC4)C(CCC(O)(C(C)C)C=C)C)(CC3)C)CC2)(CC1)C)C5OC(C(O)C(O)C5O)CO		
CHEBI:172955	Cholesterol_d7		C27H39D7O	393.707	O[C@@H]1CC=2[C@@]([C@@]3([C@]([C@]4([C@@]([C@](CC4)([C@@H](CCCC(C([2H])([2H])[2H])(C([2H])([2H])[2H])[2H])C)[H])(CC3)C)[H])(CC2)[H])[H])(CC1)C		
CHEBI:172965	5alpha-cholest-22E-en-3beta-ol		C27H46O	386.664	O[C@@H]1C[C@]2([C@@]([C@@]3([C@]([C@]4([C@@]([C@](CC4)([C@H](C)/C=C/CC(C)C)[H])(CC3)C)[H])(CC2)[H])[H])(CC1)C)[H]		
CHEBI:172966	4alpha-methyl-5alpha-cholestan-3beta-ol		C28H50O	402.707	O[C@@H]1[C@H]([C@]2([C@@]([C@@]3([C@]([C@]4([C@@]([C@](CC4)([C@@H](CCCC(C)C)C)[H])(CC3)C)[H])(CC2)[H])[H])(CC1)C)[H])C		
CHEBI:172967	4alpha-methyl-5beta-cholestan-3beta-ol		C28H50O	402.707	O[C@@H]1[C@H]([C@@]2([C@@](C3C(C4[C@@]([C@H](CC4)C(CCCC(C)C)C)(CC3)C)CC2)(CC1)C)[H])C		
CHEBI:172968	cholesta-4,6,8(14)-trien-3beta-ol		C27H42O	382.632	O[C@H]1CC[C@@]2(C3CC[C@@]4([C@](CCC4=C3C=CC2=C1)([C@@H](CCCC(C)C)C)[H])C)C		
CHEBI:172969	3beta-hydroxycholest-4-ene-6alpha-hydroperoxide		C27H46O3	418.662	O(O)[C@H]1C[C@]2([C@]3([C@@]([C@](CC3)([C@@H](CCCC(C)C)C)[H])(CC[C@@]2([C@@]4(C1=C[C@@H](O)CC4)C)[H])C)[H])[H]		
CHEBI:172970	3beta-hydroxycholest-4-ene-6beta-hydroperoxide		C27H46O3	418.662	O(O)[C@@H]1C[C@]2([C@]3([C@@]([C@](CC3)([C@@H](CCCC(C)C)C)[H])(CC[C@@]2([C@@]4(C1=C[C@@H](O)CC4)C)[H])C)[H])[H]		
CHEBI:172971	23-methylene-cholest-5-en-3beta-ol		C28H46O	398.675	O[C@@H]1CC=2[C@@]([C@@]3([C@]([C@]4([C@@]([C@](CC4)([C@@H](C(CCC(C)C)=C)C)[H])(CC3)C)[H])(CC2)[H])[H])(CC1)C		
CHEBI:172972	(22,23-dinor)-24-vinyl-cholest-5-en-3beta,24-diol		C27H44O2	400.647	OC([C@H]([C@@]1([C@@]2([C@]([C@]3([C@@]([C@@]4(C(=CC3)C[C@@H](O)CC4)C)(CC2)[H])[H])(CC1)[H])C)[H])C)(C(C)C)C=C		
CHEBI:172977	20S-Hydroxy-5-alpha-cholestane-3,16-dione		C27H44O3	416.646	O[C@]([C@@]1([C@@]2([C@]([C@]3([C@@]([C@@]4([C@@](CC3)(CC(=O)CC4)[H])C)(CC2)[H])[H])(CC1=O)[H])C)[H])(CCCC(C)C)C		
CHEBI:172978	16beta,20S-dihydroxy-5-alpha-cholestan-3-one		C27H46O3	418.662	O[C@@H]1[C@@]([C@@]2([C@]([C@]3([C@@]([C@@]4([C@@](CC3)(CC(=O)CC4)[H])C)(CC2)[H])[H])(C1)[H])C)([C@@](O)(CCCC(C)C)C)[H]		
CHEBI:172979	20S-Hydroxycholest-4-en-3,16-dione		C27H42O3	414.630	O[C@]([C@@]1([C@@]2([C@]([C@]3([C@@]([C@@]4(C(CC3)=CC(=O)CC4)C)(CC2)[H])[H])(CC1=O)[H])C)[H])(CCCC(C)C)C		
CHEBI:172981	14alpha-methyl-5alpha-cholest-9(11)-en-3beta-ol		C28H48O	400.691	O[C@@H]1C[C@]2([C@@](C=3[C@]([C@]4([C@@]([C@](CC4)([C@@H](CCCC(C)C)C)[H])(CC3)C)C)(CC2)[H])(CC1)C)[H]		
CHEBI:172982	5beta-cholest-22E-en-3beta-ol		C27H46O	386.664	O[C@@H]1C[C@@]2([C@@]([C@@]3([C@]([C@]4([C@@]([C@](CC4)([C@H](C)/C=C/CC(C)C)[H])(CC3)C)[H])(CC2)[H])[H])(CC1)C)[H]		
CHEBI:172983	Cholesta-4,6-dien-3beta-ol		C27H44O	384.648	O[C@H]1CC[C@@]2([C@@]3([C@]([C@]4([C@@]([C@](CC4)([C@@H](CCCC(C)C)C)[H])(CC3)C)[H])(C=CC2=C1)[H])[H])C		
CHEBI:172984	cholesta-5,7-dien-3beta,4beta-diol		C27H44O2	400.647	O[C@@H]1C=2[C@@]([C@@]3(C([C@]4([C@@]([C@](CC4)([C@@H](CCCC(C)C)C)[H])(CC3)C)[H])=CC2)[H])(CC[C@@H]1O)C		
CHEBI:172985	cholesta-5,7-dien-3beta,4alpha-diol		C27H44O2	400.647	O[C@H]1C=2[C@@]([C@@]3(C([C@]4([C@@]([C@](CC4)([C@@H](CCCC(C)C)C)[H])(CC3)C)[H])=CC2)[H])(CC[C@@H]1O)C		
CHEBI:172986	7alpha-hydroperoxy-cholesta-5,8-dien-3beta-ol		C27H44O3	416.646	O(O)[C@H]1C=2[C@]3([C@@]([C@](CC3)([C@@H](CCCC(C)C)C)[H])(CCC2[C@@]4(C(=C1)C[C@@H](O)CC4)C)C)[H]		
CHEBI:172988	5alpha-ergostan-3beta-ol		C28H50O	402.707	O[C@@H]1C[C@]2([C@@]([C@@]3([C@]([C@]4([C@@]([C@](CC4)([C@@H](CC[C@@H](C(C)C)C)C)[H])(CC3)C)[H])(CC2)[H])[H])(CC1)C)[H]		
CHEBI:172989	4alpha,14alpha-dimethyl-24-methylene-cholest-7,9(11)-dien-3beta-ol		C30H48O	424.713	O[C@@H]1[C@H]([C@]2([C@@](C=3C([C@]4([C@@]([C@](CC4)([C@@H](CCC(C(C)C)=C)C)[H])(CC3)C)C)=CC2)(CC1)C)[H])C		
CHEBI:172990	24-methylcholesta-5,23E-dien-3beta-ol		C28H46O	398.675	O[C@@H]1CC=2[C@@]([C@@]3([C@]([C@]4([C@@]([C@](CC4)([C@@H](C/C=C(/C(C)C)\C)C)[H])(CC3)C)[H])(CC2)[H])[H])(CC1)C		
CHEBI:172991	24-methylcholesta-5,24-dien-3beta-ol		C28H46O	398.675	O[C@@H]1CC=2[C@@]([C@@]3([C@]([C@]4([C@@]([C@](CC4)([C@@H](CCC(=C(C)C)C)C)[H])(CC3)C)[H])(CC2)[H])[H])(CC1)C		
CHEBI:172992	campesta-7,22E-dien-3beta-ol		C28H46O	398.675	O[C@@H]1C[C@]2([C@@]([C@@]3(C([C@]4([C@@]([C@](CC4)([C@H](C)/C=C/[C@H](C(C)C)C)[H])(CC3)C)[H])=CC2)[H])(CC1)C)[H]		
CHEBI:172993	campest-7-en-3beta-ol		C28H48O	400.691	O[C@@H]1C[C@]2([C@@]([C@@]3(C([C@]4([C@@]([C@](CC4)([C@@H](CC[C@H](C(C)C)C)C)[H])(CC3)C)[H])=CC2)[H])(CC1)C)[H]		
CHEBI:172995	4alpha,23,24-Trimethyl-5alpha-cholest-17(20)-en-3beta-ol		C30H52O	428.745	O[C@@H]1[C@H]([C@]2([C@@](C3C(C4[C@](CC3)(/C(/CC4)=C(/CC(C(C(C)C)C)C)\C)C)CC2)(CC1)C)[H])C		
CHEBI:172996	23,24-Dimethylcholest-22-en-3beta-ol		C29H50O	414.718	O[C@@H]1CC2[C@@](C3C(C4[C@@]([C@H](CC4)C(C)/C=C(/C(C(C)C)C)\C)(CC3)C)CC2)(CC1)C		
CHEBI:172997	23S,24R-Dimethylcholestan-3beta-ol		C29H52O	416.734	O[C@@H]1CC2[C@@](C3C(C4[C@@]([C@H](CC4)C(C[C@@H]([C@@H](C(C)C)C)C)C)(CC3)C)CC2)(CC1)C		
CHEBI:172998	4 alpha,23,24R-trimethyl-5 alpha-cholest-22-en-3beta-ol		C30H52O	428.745	O[C@@H]1[C@H]([C@]2([C@@]([C@@]3([C@]([C@]4([C@@]([C@H](CC4)C(C)/C=C(/[C@@H](C(C)C)C)\C)(CC3)C)[H])(CC2)[H])[H])(CC1)C)[H])C		
CHEBI:172999	5alpha-ergosta-5,22Z-dien-3beta-ol		C28H46O	398.675	O[C@@H]1C[C@]2([C@@]([C@@]3(C([C@]4([C@@]([C@](CC4)([C@H](C)/C=C\[C@@H](C(C)C)C)[H])(CC3)C)[H])=CC2)[H])(CC1)C)[H]		
CHEBI:173000	(25S)-24R,26-dimethylcholest-5-en-3beta-ol		C29H50O	414.718	O[C@@H]1CC=2[C@@]([C@@]3([C@]([C@]4([C@@]([C@](CC4)([C@@H](CC[C@H]([C@H](CC)C)C)C)[H])(CC3)C)[H])(CC2)[H])[H])(CC1)C		
CHEBI:173001	24-methylene,26,27-dimethylcholest-5-en-3beta-ol		C30H50O	426.729	O[C@@H]1CC=2[C@@]([C@@]3([C@]([C@]4([C@@]([C@](CC4)([C@@H](CCC(C(CC)CC)=C)C)[H])(CC3)C)[H])(CC2)[H])[H])(CC1)C		
CHEBI:173002	24-methylene-25,26-dimethylcholest-5-en-3beta-ol		C30H50O	426.729	O[C@@H]1CC=2[C@@]([C@@]3([C@]([C@]4([C@@]([C@](CC4)([C@@H](CCC(C(CC)(C)C)=C)C)[H])(CC3)C)[H])(CC2)[H])[H])(CC1)C		
CHEBI:173003	24,24,26,27-tetramethylcholesta-5,25E-dien-3beta-ol		C31H52O	440.756	O[C@@H]1CC=2[C@@]([C@@]3([C@]([C@]4([C@@]([C@](CC4)([C@@H](CCC(/C(/CC)=C/C)(C)C)C)[H])(CC3)C)[H])(CC2)[H])[H])(CC1)C		
CHEBI:173004	24,24,26,27-tetramethylcholesta-5,25Z-dien-3beta-ol		C31H52O	440.756	O[C@@H]1CC=2[C@@]([C@@]3([C@]([C@]4([C@@]([C@](CC4)([C@@H](CCC(/C(/CC)=C\C)(C)C)C)[H])(CC3)C)[H])(CC2)[H])[H])(CC1)C		
CHEBI:173005	24,24,26-trimethylcholest-5,25(27)-dien-3beta-ol		C30H50O	426.729	O[C@@H]1CC=2[C@@]([C@@]3([C@]([C@]4([C@@]([C@](CC4)([C@@H](CCC(C)(C)C(CC)=C)C)[H])(CC3)C)[H])(CC2)[H])[H])(CC1)C		
CHEBI:173007	4alpha,23R,24R-trimethyl-5alpha-cholest-17E(20)-en-3beta-ol		C30H52O	428.745	O[C@@H]1[C@H]([C@]2([C@@]([C@@]3([C@]([C@]4([C@](CC3)(/C(/CC4)=C(/C[C@H]([C@@H](C(C)C)C)C)\C)C)[H])(CC2)[H])[H])(CC1)C)[H])C		
CHEBI:173009	23,24,26-trimethylcholest-5,24(28)-dien-3beta-ol		C30H50O	426.729	O[C@@H]1CC=2[C@@]([C@@]3([C@]([C@]4([C@@]([C@](CC4)([C@@H](CC(C(C(CC)C)=C)C)C)[H])(CC3)C)[H])(CC2)[H])[H])(CC1)C		
CHEBI:173010	23-ethyl-24,26-dimethylcholest-5,24(28)-dien-3beta-ol		C31H52O	440.756	O[C@@H]1CC=2[C@@]([C@@]3([C@]([C@]4([C@@]([C@](CC4)([C@@H](CC(CC)C(C(CC)C)=C)C)[H])(CC3)C)[H])(CC2)[H])[H])(CC1)C		
CHEBI:173011	23R,24R-dimethylcholest-5,17(20)-dien-3beta-ol		C29H48O	412.702	O[C@@H]1CC=2[C@@]([C@@]3([C@]([C@]4([C@](CC3)(/C(/CC4)=C(/C[C@H]([C@@H](C(C)C)C)C)\C)C)[H])(CC2)[H])[H])(CC1)C		
CHEBI:173013	24-methylene-cholest-5-en-3beta,19-diol		C28H46O2	414.674	OC[C@@]12[C@@]3([C@]([C@]4([C@@]([C@](CC4)([C@@H](CCC(C(C)C)=C)C)[H])(CC3)C)[H])(CC=C1C[C@@H](O)CC2)[H])[H]		
CHEBI:173014	5alpha,8alpha-epidioxy-24-methyl-27-nor-cholest-6,22Z-dien-3beta-ol		C27H42O3	414.630	O1O[C@]23[C@@]([C@@]4([C@@]1([C@]5([C@@]([C@](CC5)([C@H](C)/C=C\C(CC)C)[H])(CC4)C)[H])C=C2)[H])(CC[C@H](O)C3)C		
CHEBI:173015	24Z-ethylidene-cholest-5-en-3-ol		C29H48O	412.702	OC1CC=2[C@@]([C@@]3([C@]([C@]4([C@@]([C@](CC4)([C@@H](CC/C(/C(C)C)=C/C)C)[H])(CC3)C)[H])(CC2)[H])[H])(CC1)C		
CHEBI:173016	poriferast-7-en-3beta-ol		C29H50O	414.718	O[C@@H]1C[C@]2([C@@]([C@@]3(C([C@]4([C@@]([C@](CC4)([C@@H](CC[C@@H](C(C)C)CC)C)[H])(CC3)C)[H])=CC2)[H])(CC1)C)[H]		
CHEBI:173017	poriferastan-3beta-ol		C29H52O	416.734	O[C@@H]1C[C@]2([C@@]([C@@]3([C@]([C@]4([C@@]([C@](CC4)([C@@H](CC[C@@H](C(C)C)CC)C)[H])(CC3)C)[H])(CC2)[H])[H])(CC1)C)[H]		
CHEBI:173018	poriferast-8(14)-en-3beta-ol		C29H50O	414.718	O[C@@H]1C[C@]2([C@@]([C@@]3(C(=C4[C@@]([C@](CC4)([C@@H](CC[C@@H](C(C)C)CC)C)[H])(CC3)C)CC2)[H])(CC1)C)[H]		
CHEBI:173019	stigmast-25-en-3beta-ol		C29H50O	414.718	O[C@@H]1C[C@]2([C@@]([C@@]3([C@]([C@]4([C@@]([C@](CC4)([C@@H](CC[C@@H](CC)C(C)=C)C)[H])(CC3)C)[H])(CC2)[H])[H])(CC1)C)[H]		
CHEBI:173020	stigmasta-7,25-dien-3beta-ol		C29H48O	412.702	O[C@@H]1C[C@]2([C@@]([C@@]3(C([C@]4([C@@]([C@](CC4)([C@@H](CC[C@@H](CC)C(C)=C)C)[H])(CC3)C)[H])=CC2)[H])(CC1)C)[H]		
CHEBI:173021	14alpha-methyl-poriferast-9(11)-en-3beta-ol		C30H52O	428.745	O[C@@H]1C[C@]2([C@@](C=3[C@]([C@]4([C@@]([C@](CC4)([C@@H](CC[C@@H](C(C)C)CC)C)[H])(CC3)C)C)(CC2)[H])(CC1)C)[H]		
CHEBI:173022	Poriferasta-7,22E-dien-3beta-ol		C29H48O	412.702	O[C@@H]1C[C@]2([C@@]([C@@]3(C([C@]4([C@@]([C@](CC4)([C@H](C)/C=C/[C@@H](C(C)C)CC)[H])(CC3)C)[H])=CC2)[H])(CC1)C)[H]		
CHEBI:173023	poriferast-8-en-3beta-ol		C29H50O	414.718	O[C@@H]1C[C@]2([C@@](C3=C([C@]4([C@@]([C@](CC4)([C@@H](CC[C@@H](C(C)C)CC)C)[H])(CC3)C)[H])CC2)(CC1)C)[H]		
CHEBI:173024	4alpha-Methyl-24-ethyl-cholest-8(14)-en-3beta-ol		C30H52O	428.745	O[C@@H]1[C@H](C2[C@@](C3C(=C4[C@@]([C@H](CC4)C(CCC(C(C)C)CC)C)(CC3)C)CC2)(CC1)C)C		
CHEBI:173025	24-ethyl-26-norcholesta-5,22E,25-trien-3beta-ol		C28H44O	396.659	O[C@@H]1CC=2[C@@]([C@@]3([C@]([C@]4([C@@]([C@](CC4)([C@H](C)/C=C/C(CC)C=C)[H])(CC3)C)[H])(CC2)[H])[H])(CC1)C		
CHEBI:173026	26-methylstigmasta-5,25(27)-dien-3beta-ol		C30H50O	426.729	O[C@@H]1CC=2[C@@]([C@@]3([C@]([C@]4([C@@]([C@](CC4)([C@@H](CC[C@@H](CC)C(CC)=C)C)[H])(CC3)C)[H])(CC2)[H])[H])(CC1)C		
CHEBI:173027	24E-ethylidene-25-methylcholest-5-en-3beta-ol		C30H50O	426.729	O[C@@H]1CC=2[C@@]([C@@]3(C([C@]4([C@@]([C@](CC4)([C@@H](CC/C(/C(C)(C)C)=C\C)C)[H])(CC3)C)[H])CC2)[H])(CC1)C		
CHEBI:173028	24S,28S-epoxystigmast-5-en-3beta-ol		C29H48O2	428.701	O1[C@](CC[C@H]([C@@]2([C@@]3([C@]([C@]4([C@@]([C@@]5(C(=CC4)C[C@@H](O)CC5)C)(CC3)[H])[H])(CC2)[H])C)[H])C)([C@@H]1C)C(C)C		
CHEBI:173029	5alpha,8alpha-epidioxy-stigmasta-6,9(11),22E-trien-3beta-ol		C29H44O3	440.668	O1O[C@]23[C@@](C=4[C@@]1([C@]5([C@@]([C@](CC5)([C@H](C)/C=C/[C@H](C(C)C)CC)[H])(CC4)C)[H])C=C2)(CC[C@H](O)C3)C		
CHEBI:173030	3-oxo-24R-hydroxy-poriferast-1,4,6,26-tetraen-18-oic acid		C29H40O4	452.635	OC(=O)[C@@]12[C@]([C@]3([C@](CC1)([C@@]4(C(C=C3)=CC(=O)C=C4)C)[H])[H])(CC[C@@]2([C@@H](CC[C@](O)(CC)C(C)=C)C)[H])[H]		
CHEBI:173031	24Z-ethylidene-cholest-5-en-3beta,22S-diol		C29H48O2	428.701	O[C@H]([C@H]([C@@]1([C@@]2([C@]([C@]3([C@@]([C@@]4(C(=CC3)C[C@@H](O)CC4)C)(CC2)[H])[H])(CC1)[H])C)[H])C)C/C(/C(C)C)=C/C		
CHEBI:173032	14-(5-ethyl-6-methylheptan-2-yl)-2,15-dimethyltetracyclo[8.7.0.0^{2,7}.0^{11,15}]heptadec-10-en-5-ol		C29H50O	414.718	OC1CC2C(C3C(=C4C(C(CC4)C(CCC(C(C)C)CC)C)(CC3)C)CC2)(CC1)C		
CHEBI:173033	14-(5-ethyl-6-methylhept-6-en-2-yl)-2,15-dimethyltetracyclo[8.7.0.0^{2,7}.0^{11,15}]heptadec-9-en-5-ol		C29H48O	412.702	OC1CC2C(C3C(C4C(C(CC4)C(CCC(CC)C(C)=C)C)(CC3)C)=CC2)(CC1)C		
CHEBI:173034	14-(5-ethyl-6-methylheptan-2-yl)-2,6,15-trimethyltetracyclo[8.7.0.0^{2,7}.0^{11,15}]heptadec-9-en-5-ol		C30H52O	428.745	OC1C(C2C(C3C(C4C(C(CC4)C(CCC(C(C)C)CC)C)(CC3)C)=CC2)(CC1)C)C		
CHEBI:173035	14-[(3E)-5-ethyl-6-methylhept-3-en-2-yl]-2,15-dimethyltetracyclo[8.7.0.0^{2,7}.0^{11,15}]heptadec-9-en-5-ol		C29H48O	412.702	OC1CC2C(C3C(C4C(C(CC4)C(C)/C=C/C(C(C)C)CC)(CC3)C)=CC2)(CC1)C		
CHEBI:173036	(8S,9S,10R,13R,14S,17R)-17-[(1R,4R)-4-ethyl-1,5-dimethyl-hexyl]-10,13-dimethyl-2,3,4,7,8,9,11,12,14,15,16,17-dodecahydro-1H-cyclopenta[a]phenanthren-3-ol		C29H50O	414.718	OC1CC=2[C@@]([C@@]3([C@]([C@]4([C@@]([C@](CC4)([C@@H](CC[C@@H](C(C)C)CC)C)[H])(CC3)C)[H])(CC2)[H])[H])(CC1)C		
CHEBI:173037	14-(5-ethyl-6-methylheptan-2-yl)-2,15-dimethyltetracyclo[8.7.0.0^{2,7}.0^{11,15}]heptadec-7-ene-5,9-diol		C29H50O2	430.717	OC1C2C3C(C(CC3)C(CCC(C(C)C)CC)C)(CCC2C4(C(=C1)CC(O)CC4)C)C		
CHEBI:173038	17-[(Z)-4-isopropyl-1-methyl-hex-4-enyl]-10,13-dimethyl-2,3,4,5,6,7,8,9,11,12,14,15,16,17-tetradecahydro-1H-cyclopenta[a]phenanthren-3-ol		C29H50O	414.718	OC1CC2C(C3C(C4C(C(CC4)C(CC/C(/C(C)C)=C/C)C)(CC3)C)CC2)(CC1)C		
CHEBI:173039	24-isopropyl-cholest-5-en-3beta-ol		C30H52O	428.745	O[C@@H]1CC=2[C@@]([C@@]3([C@]([C@]4([C@@]([C@](CC4)([C@@H](CCC(C(C)C)C(C)C)C)[H])(CC3)C)[H])(CC2)[H])[H])(CC1)C		
CHEBI:173040	24-ethyl-24-methyl-cholest-5-en-3beta-ol		C30H52O	428.745	O[C@@H]1CC=2[C@@]([C@@]3([C@]([C@]4([C@@]([C@](CC4)([C@@H](CCC(C(C)C)(CC)C)C)[H])(CC3)C)[H])(CC2)[H])[H])(CC1)C		
CHEBI:173041	23-Methylcholesta-5,22E-dien-3beta-ol		C28H46O	398.675	O[C@@H]1CC=2[C@@](C3C(C4[C@@]([C@H](CC4)C(C)/C=C(/CC(C)C)\C)(CC3)C)CC2)(CC1)C		
CHEBI:173042	22S,23S-methylenecholest-5-en-3beta-ol		C28H46O	398.675	O[C@@H]1CC=2[C@@]([C@@]3([C@]([C@]4([C@@]([C@@]([C@@H]([C@@]5([C@H](C5)CC(C)C)[H])C)(CC4)[H])(CC3)C)[H])(CC2)[H])[H])(CC1)C		
CHEBI:173043	(22R,23R)-methylene-cholest-5-en-3beta-ol		C28H46O	398.675	O[C@@H]1CC=2[C@@]([C@@]3([C@]([C@]4([C@@]([C@@]([C@@H]([C@]5([C@@H](C5)CC(C)C)[H])C)(CC4)[H])(CC3)C)[H])(CC2)[H])[H])(CC1)C		
CHEBI:173044	23-demethyl-4alpha-methyl-5alpha-gorgostan-3beta-ol		C30H52O	428.745	O[C@@H]1[C@H]([C@]2([C@@]([C@@]3([C@]([C@]4([C@@]([C@@]([C@@H]([C@@]5([C@](C5)([C@@H](C(C)C)C)[H])[H])C)(CC4)[H])(CC3)C)[H])(CC2)[H])[H])(CC1)C)[H])C		
CHEBI:173046	(25R)-24R,26R-dimethyl-26,27-cyclo-cholest-5-en-3beta-ol		C29H48O	412.702	O[C@@H]1CC=2[C@@]([C@@]3([C@]([C@]4([C@@]([C@](CC4)([C@@H](CC[C@H]([C@]5([C@@H](C5)C)[H])C)C)[H])(CC3)C)[H])(CC2)[H])[H])(CC1)C		
CHEBI:173047	(25S)-24S,26-cyclocholest-5-en-3beta-ol		C27H44O	384.648	O[C@@H]1CC=2[C@@]([C@@]3([C@]([C@]4([C@@]([C@](CC4)([C@@H](CC[C@@H]5[C@H](C5)C)C)[H])(CC3)C)[H])(CC2)[H])[H])(CC1)C		
CHEBI:173048	(25R)-24R,26R-dimethyl-26,27-cyclo-5alpha-cholestan-3beta-ol		C29H50O	414.718	O[C@@H]1C[C@]2([C@@]([C@@]3([C@]([C@]4([C@@]([C@](CC4)([C@@H](CC[C@H]([C@]5([C@@H](C5)C)[H])C)C)[H])(CC3)C)[H])(CC2)[H])[H])(CC1)C)[H]		
CHEBI:173071	Campesta-5,7-dien-3beta-ol		C28H46O	398.675	O[C@@H]1CC=2[C@@](C3C([C@]4([C@@]([C@](CC4)([C@@H](CC[C@H](C(C)C)C)C)[H])(CC3)C)[H])=CC2)(CC1)C		
CHEBI:173139	3alpha,11-Dihydroxy-12-oxo-5beta-chol-9(11)-en-24-oic Acid		C24H36O5	404.547	OC1=C2[C@]([C@]3([C@@]([C@](CC3)([C@@H](CCC(O)=O)C)[H])(C1=O)C)[H])(CC[C@]4([C@@]2(CC[C@@H](O)C4)C)[H])[H]		
CHEBI:173169	3beta,6beta-Dihydroxychol-4-en-24-oic Acid		C24H38O4	390.564	O[C@@H]1C[C@]2([C@]3([C@@]([C@](CC3)([C@@H](CCC(O)=O)C)[H])(CC[C@@]2([C@@]4(C1=C[C@@H](O)CC4)C)[H])C)[H])[H]		
CHEBI:173170	Stoloniferone B		C28H42O3	426.641	O1[C@@]23[C@]([C@@]4([C@]([C@]5([C@](C[C@H]4O)([C@](CC5)([C@H](C)/C=C/[C@@H](C(C)C)C)[H])C)[H])(C[C@@]12[H])[H])[H])(C)C(=O)C=CC3		
CHEBI:173174	3beta,12alpha-Dihydroxy-5beta-cholestan-26-oic acid		C27H46O4	434.661	O[C@@H]1[C@]2([C@]([C@]3([C@@]([C@@]4([C@](CC3)(C[C@@H](O)CC4)[H])C)(C1)[H])[H])(CC[C@@]2([C@@H](CCCC(C)C(O)=O)C)[H])[H])C		
CHEBI:173195	9-oxo-9,11-seco-campest-5-en-3beta,11-diol		C28H48O3	432.689	O=C1[C@]([C@]2([C@@]([C@](CC2)([C@@H](CC[C@H](C(C)C)C)C)[H])(CCO)C)[H])(CC=C3[C@@]1(CC[C@H](O)C3)C)[H]		
CHEBI:173199	3alpha,7alpha,12alpha-Trihydroxy-5beta-cholest-23-en-26-oic acid		C27H44O5	448.644	O[C@@H]1[C@]2([C@]([C@]3([C@@]([C@@]4([C@](C[C@H]3O)(C[C@H](O)CC4)[H])C)(C1)[H])[H])(CC[C@@]2([C@@H](C/C=C/C(C)C(O)=O)C)[H])[H])C		
CHEBI:173205	3alpha,12alpha-Dihydroxy-5beta-cholestan-26-oic acid		C27H46O4	434.661	O[C@@H]1[C@]2([C@]([C@]3([C@@]([C@@]4([C@](CC3)(C[C@H](O)CC4)[H])C)(C1)[H])[H])(CC[C@@]2([C@@H](CCCC(C)C(O)=O)C)[H])[H])C		
CHEBI:173212	3alpha,12alpha-Dihydroxy-5beta-chola-7,14-dien-24-oic Acid		C24H36O4	388.548	O[C@@H]1[C@@]2([C@](CC=C2C=3[C@@]([C@@]4([C@](CC3)(C[C@H](O)CC4)[H])C)(C1)[H])([C@@H](CCC(O)=O)C)[H])C		
CHEBI:173213	(3beta,5alpha,6beta,7alpha,22E,24R)-Ergosta-8,22-diene-3,5,6,7-tetrol		C28H46O4	446.672	OC12C(C3=C(C4C(C(CC4)C(C)/C=C/C(C(C)C)C)(CC3)C)C(O)C1O)(CCC(O)C2)C		
CHEBI:173214	5,9-Epidioxy-3-hydroxyergost-7-en-6-one		C28H44O4	444.656	O1OC23C(C14C(C5C(C(CC5)C(CCC(C(C)C)C)C)(CC4)C)=CC2=O)(CCC(O)C3)C		
CHEBI:173216	3alpha,12alpha-Dihydroxy-5beta-chola-7,9(11)-dien-24-oic Acid		C24H36O4	388.548	O[C@@H]1[C@]2([C@@](CC[C@@]2([C@@H](CCC(O)=O)C)[H])(C=3C([C@@]4([C@](CC3)(C[C@H](O)CC4)[H])C)=C1)[H])C		
CHEBI:173235	(3beta,5alpha,9alpha,14alpha,22E,24R)-3,5,9,14-Tetrahydroxyergosta-7,22-dien-6-one		C28H44O5	460.655	OC12C(C(CC1)C(C)/C=C/C(C(C)C)C)(CCC3(O)C4(C(O)(CC(O)CC4)C(=O)C=C23)C)C		
CHEBI:173266	4-methyl-5-cholesta-8-en-3-one		C28H46O	398.675	O=C1[C@H](C2[C@@](C3=C(C4[C@@](C(CC4)C(CCCC(C)C)C)(CC3)C)CC2)(CC1)C)C		
CHEBI:173308	Chondrillasterol 3-[glucosyl-(1->4)-glucoside]		C41H68O11	736.984	O(C1CC2C(C3C(C4C(C(CC4)C(C)/C=C/C(C(C)C)CC)(CC3)C)=CC2)(CC1)C)C5OC(C(OC6OC(C(O)C(O)C6O)CO)C(O)C5O)CO		
CHEBI:175094	5a-Cholest-8-en-3b-ol		C27H46O	386.664	OC1CC2[C@@](C3=C(C4[C@@](C(CC4)C(CCCC(C)C)C)(CC3)C)CC2)(CC1)C		
CHEBI:175145	3a,7a-Dihydroxycholanoic acid		C24H40O4	392.580	O[C@H]1[C@]2([C@]3([C@@]([C@](CC3)([C@@H](CCC(O)=O)C)[H])(CC[C@@]2([C@@]4(C(C1)C[C@H](O)CC4)C)[H])C)[H])[H]		
CHEBI:175151	7b,12a-Dihydroxycholanoic acid		C24H40O4	392.580	O[C@@H]1[C@]2([C@]([C@]3([C@@]([C@@]4([C@](C[C@@H]3O)(CCCC4)[H])C)(C1)[H])[H])(CC[C@@]2([C@@H](CCC(O)=O)C)[H])[H])C		
CHEBI:175153	3b,12b-Dihydroxy-5b-cholanoic acid		C24H40O4	392.580	O[C@H]1[C@]2([C@]([C@]3([C@@]([C@@]4([C@](CC3)(C[C@@H](O)CC4)[H])C)(C1)[H])[H])(CC[C@@]2([C@@H](CCC(O)=O)C)[H])[H])C		
CHEBI:175154	(22E, 24x)-Ergosta-4,6,8,22-tetraen-3-one		C28H40O	392.627	O=C1CCC2(C3=C(C4C(C(CC4)C(C)/C=C/C(C(C)C)C)(CC3)C)C=CC2=C1)C		
CHEBI:175174	2-Hydroxydesogestrel		C22H30O2	326.480	OC1([C@@]2(C([C@]3(C([C@@]4(C(CC3)=CCC(O)C4)[H])C(C2)=C)[H])CC1)CC)C#C		
CHEBI:175190	(3beta,5alpha)-Ergosta-7,23-dien-3-ol		C28H46O	398.675	OC1CC2C(C3C(C4C(C(CC4)C(C/C=C(/C(C)C)\C)C)(CC3)C)=CC2)(CC1)C		
CHEBI:175191	3beta-Ergosta-5,23-dien-3-ol		C28H46O	398.675	O[C@@H]1CC=2[C@@](C3C(C4[C@@]([C@](CC4)([C@@H](C/C=C(/C(C)C)\C)C)[H])(CC3)C)CC2)(CC1)C		
CHEBI:175192	25-Dehydrofungisterol		C28H46O	398.675	OC1CC2C(C3C(C4C(C(CC4)C(CCC(C)C(C)=C)C)(CC3)C)=CC2)(CC1)C		
CHEBI:175194	(24S)-Ergost-4-en-3-one		C28H46O	398.675	O=C1CC[C@@]2([C@@]3([C@]([C@]4([C@@]([C@](CC4)([C@@H](CC[C@@H](C(C)C)C)C)[H])(CC3)C)[H])(CCC2=C1)[H])[H])C		
CHEBI:175324	Ergostane-3,6-dione		C28H46O2	414.674	O=C1C2C(C3C(C4C(C(CC4)C(CCC(C(C)C)C)C)(CC3)C)C1)(CCC(=O)C2)C		
CHEBI:175327	Stenocereol		C28H46O2	414.674	OC1C2C(C3=C(C4(C(C(CC4)C(CCC=C(C)C)C)(CC3)C)C)C1)(CCC(O)C2)C		
CHEBI:175330	(3beta,5alpha,7alpha)-14-Methylcholesta-9(11),24-diene-3,7-diol		C28H46O2	414.674	OC1C2C3(C(C(CC3)C(CCC=C(C)C)C)(CC=C2C4(C(C1)CC(O)CC4)C)C)C		
CHEBI:175423	(3beta,4beta,5alpha,24Z)-4-Methylstigmasta-7,24(28)-dien-3-ol		C30H50O	426.729	OC1C(C2C(C3C(C4C(C(CC4)C(CC/C(/C(C)C)=C\C)C)(CC3)C)=CC2)(CC1)C)C		
CHEBI:175426	4,14-Dimethylergosta-8,25-dien-3-ol		C30H50O	426.729	OC1C(C2C(C3=C(C4(C(C(CC4)C(CCC(C)C(C)=C)C)(CC3)C)C)CC2)(CC1)C)C		
CHEBI:175427	(3beta,4alpha,5alpha,23E)-4,14-Dimethylergosta-8,23-dien-3-ol		C30H50O	426.729	OC1C(C2C(C3=C(C4(C(C(CC4)C(C/C=C(/C(C)C)\C)C)(CC3)C)C)CC2)(CC1)C)C		
CHEBI:175433	(3beta,5alpha)-4,4-Dimethylergosta-8,24(28)-dien-3-ol		C30H50O	426.729	OC1C(C2C(C3=C(C4C(C(CC4)C(CCC(C(C)C)=C)C)(CC3)C)CC2)(CC1)C)(C)C		
CHEBI:175441	(3xi,4alpha,5alpha,14alpha)-4,14-Dimethylergosta-8,24-dien-3-ol		C30H50O	426.729	OC1C(C2C(C3=C(C4(C(C(CC4)C(CCC(=C(C)C)C)C)(CC3)C)C)CC2)(CC1)C)C		
CHEBI:175444	25-Methylgramisterol		C30H50O	426.729	OC1C(C2C(C3C(C4C(C(CC4)C(CCC(C(C)(C)C)=C)C)(CC3)C)=CC2)(CC1)C)C		
CHEBI:175445	29-Methylisofucosterol		C30H50O	426.729	O[C@@H]1CC=2[C@@]([C@@]3([C@]([C@]4([C@@]([C@](CC4)([C@@H](CC/C(/C(C)C)=C/CC)C)[H])(CC3)C)[H])(CC2)[H])[H])(CC1)C		
CHEBI:175447	(3beta,4alpha,5alpha,24Z)-4-Methylstigmasta-8(14),24(28)-dien-3-ol		C30H50O	426.729	OC1C(C2C(C3C(=C4C(C(CC4)C(CC/C(/C(C)C)=C/C)C)(CC3)C)CC2)(CC1)C)C		
CHEBI:175467	(3beta,4alpha,5alpha,24Z)-4-Methylstigmasta-8,24(28)-dien-3-ol		C30H50O	426.729	OC1C(C2C(C3=C(C4C(C(CC4)C(CC/C(/C(C)C)=C/C)C)(CC3)C)CC2)(CC1)C)C		
CHEBI:175468	(3beta,4alpha,5alpha)-4,14-Dimethylergosta-9(11),24(28)-dien-3-ol		C30H50O	426.729	OC1C(C2C(C=3C(C4(C(C(CC4)C(CCC(C(C)C)=C)C)(CC3)C)C)CC2)(CC1)C)C		
CHEBI:175653	Polyporusterone E		C28H44O5	460.655	O[C@]12[C@@]([C@](CC1)([C@@H]([C@@H]3O[C@H]3[C@@H](C(C)C)C)C)[H])(CC[C@@]4([C@@]5([C@@](C[C@@H](O)[C@@H](O)C5)(C(=O)C=C24)[H])C)[H])C		
CHEBI:176120	(3b,5a,22E,24S)-Stigmasta-7,22,25-trien-3-ol 3-glucoside		C35H56O6	572.827	O(C1CC2C(C3C(C4C(C(CC4)C(C)/C=C/C(CC)C(C)=C)(CC3)C)=CC2)(CC1)C)C5OC(C(O)C(O)C5O)CO		
CHEBI:176164	Polyporusterone A		C28H46O6	478.670	O[C@]12[C@@]([C@](CC1)([C@@](O)([C@H](O)C[C@@H](C(C)C)C)C)[H])(CC[C@@]3([C@@]4([C@@](C[C@@H](O)[C@@H](O)C4)(C(=O)C=C23)[H])C)[H])C		
CHEBI:176231	alpha-Spinasterol 3-glucoside		C35H58O6	574.843	O(C1CC2C(C3C(C4C(C(CC4)C(C)/C=C/C(C(C)C)CC)(CC3)C)=CC2)(CC1)C)C5OC(C(O)C(O)C5O)CO		
CHEBI:176232	Clerosterol 3-glucoside		C35H58O6	574.843	O(C1CC=2C(C3C(C4C(C(CC4)C(CCC(CC)C(C)=C)C)(CC3)C)CC2)(CC1)C)C5OC(C(O)C(O)C5O)CO		
CHEBI:176234	Stigmasteryl glucoside		C35H58O6	574.843	O([C@@H]1CC=2[C@@]([C@@]3([C@]([C@]4([C@@]([C@](CC4)([C@H](C)/C=C/[C@H](C(C)C)CC)[H])(CC3)C)[H])(CC2)[H])[H])(CC1)C)[C@@H]5OC([C@@H](O)C(O)C5O)CO		
CHEBI:176901	14alpha-hydroxymethyl steroid		C20H33OR	289.476	C12C([C@]3(C(C(CC3)*)(C)CC1)CO)CCC4C2(CCCC4)C		
CHEBI:176903	14alpha-dihydroxymethyl steroid		C20H33O2R	305.476	C12C([C@]3(C(C(CC3)*)(C)CC1)C(O)O)CCC4C2(CCCC4)C		
CHEBI:177122	3-Hydroxystigmast-5-en-7-one		C29H48O2	428.701	O=C1[C@]2([C@]3([C@@]([C@](CC3)([C@@H](CC[C@H](C(C)C)CC)C)[H])(CC[C@@]2([C@@]4(C(=C1)C[C@@H](O)CC4)C)[H])C)[H])[H]		
CHEBI:177683	nivazol		C28H31FN2O	430.567	FC1=CC=C(N2N=CC=3C[C@@]4([C@@]5([C@]([C@]6([C@](CC5)([C@@](O)(CC6)C#C)C)[H])(CCC4=CC23)[H])[H])C)C=C1		
CHEBI:178534	Secasterone		C28H46O4	446.672	O1[C@H]2C[C@@]3([C@@]4([C@]([C@]5([C@@]([C@](CC5)([C@@H]([C@@H](O)[C@H](O)[C@H](C(C)C)C)C)[H])(CC4)C)[H])(CC(=O)[C@]3(C[C@@H]12)[H])[H])[H])C		
CHEBI:178535	(3beta,5alpha,6alpha,9alpha,22E,24R)-Ergosta-7,22-diene-3,5,6,9-tetrol		C28H46O4	446.672	OC12C3(C(O)(C(O)C=C1C4C(C(CC4)C(C)/C=C/C(C(C)C)C)(CC2)C)CC(O)CC3)C		
CHEBI:178536	3,5,9-Trihydroxyergost-7-en-6-one		C28H46O4	446.672	OC12C3(C(O)(CC(O)CC3)C(=O)C=C2C4C(C(CC4)C(CCC(C(C)C)C)C)(CC1)C)C		
CHEBI:178554	Stoloniferone K		C28H46O4	446.672	O[C@H]1[C@]2([C@]([C@]3([C@@]([C@](CC3)([C@@H](CC[C@@H](C(C)C)C)C)[H])(C1)C)[H])(C[C@@H](O)[C@]4(O)[C@]2(C)C(=O)C=CC4)[H])[H]		
CHEBI:178555	Stoloniferone N		C28H46O4	446.672	O1[C@@]23[C@@]([C@@]4([C@]([C@]5([C@@]([C@](CC5)([C@@H](CC[C@@H](C(C)C)C)C)[H])(C[C@H]4O)C)[H])(C[C@@]12[H])[H])[H])(C(=O)C[C@H](O)C3)C		
CHEBI:178594	5alpha,9alpha-epidioxy-8,14alpha-epoxy-cholest-6-en-3beta-ol 		C27H42O4	430.629	O1[C@]23[C@@]14[C@]5(OO[C@]6([C@@]5(CC[C@H](O)C6)C)C=C4)CC[C@@]2([C@](CC3)([C@@H](CCCC(C)C)C)[H])C		
CHEBI:178595	3beta,5alpha,9alpha-trihydroxycholesta-7,14-dien-6-one 		C27H42O4	430.629	O[C@@]12[C@@]3([C@](O)(C[C@@H](O)CC3)C(=O)C=C1C=4[C@@]([C@](CC4)([C@@H](CCCC(C)C)C)[H])(CC2)C)C		
CHEBI:178596	12beta,16beta,20R-trihydroxy-cholest-1,4-dien-3-one		C27H42O4	430.629	O[C@H]1[C@]2([C@]([C@]3([C@](C1)([C@@]4(C(CC3)=CC(=O)C=C4)C)[H])[H])(C[C@H](O)[C@@]2([C@](O)(CCCC(C)C)C)[H])[H])C		
CHEBI:178703	3alpha,12beta-Dihydroxy-5beta-chola-7,9(11)-dien-24-oic Acid		C24H36O4	388.548	O[C@H]1[C@]2([C@@](CC[C@@]2([C@@H](CCC(O)=O)C)[H])(C=3C([C@@]4([C@](CC3)(C[C@H](O)CC4)[H])C)=C1)[H])C		
CHEBI:178709	3alpha,12alpha-Dihydroxy-5beta-chola-8,14-dien-24-oic Acid		C24H36O4	388.548	O[C@@H]1[C@@]2([C@](CC=C2C3=C([C@@]4([C@](CC3)(C[C@H](O)CC4)[H])C)C1)([C@@H](CCC(O)=O)C)[H])C		
CHEBI:180194	(6alpha,22E)-6-Hydroxy-4,7,22-ergostatrien-3-one		C28H42O2	410.642	OC1C=2C(C3C(C4C(C(CC4)C(C)/C=C/C(C(C)C)C)(CC3)C)=C1)(CCC(=O)C2)C		
CHEBI:180632	(3beta,5alpha,6beta,24R)-Stigmastane-3,5,6-triol		C29H52O3	448.732	OC12C(C3C(C4C(C(CC4)C(CCC(C(C)C)CC)C)(CC3)C)CC1O)(CCC(O)C2)C		
CHEBI:180744	Schleicherastatin 2		C30H52O3	460.743	O([C@H]1[C@]2([C@]3([C@@]([C@](CC3)([C@@H]([C@H](O)C[C@H](C(C)C)CC)C)[H])(CC[C@@]2([C@@]4(C(=C1)C[C@@H](O)CC4)C)[H])C)[H])[H])C		
CHEBI:180939	3beta,7beta-Dihydroxy-5alpha-cholan-24-oic Acid		C24H40O4	392.580	O[C@@H]1[C@]2([C@]3([C@@]([C@](CC3)([C@@H](CCC(O)=O)C)[H])(CC[C@@]2([C@@]4([C@@](C1)(C[C@@H](O)CC4)[H])C)[H])C)[H])[H]		
CHEBI:180953	10,13-Dimethyl-17-(6-methylheptan-2-yl)-1,2,6,7,8,9,11,12,14,15,16,17-dodecahydrocyclopenta[a]phenanthren-3-one		C27H44O	384.648	O=C1CCC2(C3C(C4C(C(CC4)C(CCCC(C)C)C)(CC3)C)CCC2=C1)C		
CHEBI:181111	17-Methyl-2'H-5alpha-androst-2-eno[3,2-c]pyrazol-17beta-ol		C21H32N2O	328.500	OC1(C2(C(C3C(C4(C(CC3)CC=5NN=CC5C4)C)CC2)CC1)C)C		
CHEBI:181120	Ursodeoxycholic Acid Methyl Ester		C25H42O4	406.607	O[C@@H]1[C@]2([C@]3([C@@]([C@](CC3)([C@@H](CCC(OC)=O)C)[H])(CC[C@@]2([C@@]4([C@](C1)(C[C@H](O)CC4)[H])C)[H])C)[H])[H]		
CHEBI:181124	7alpha,12alpha-Dihydroxy-3-oxo-5alpha-cholan-24-oic Acid		C24H38O5	406.563	O[C@@H]1[C@]2([C@]([C@]3([C@@]([C@@]4([C@@](C[C@H]3O)(CC(=O)CC4)[H])C)(C1)[H])[H])(CC[C@@]2([C@@H](CCC(O)=O)C)[H])[H])C		
CHEBI:181158	3-Hydroxy-10,13-dimethyl-17-(6-methylheptan-2-yl)-1,2,3,4,8,9,11,12,14,15,16,17-dodecahydrocyclopenta[a]phenanthren-7-one		C27H44O2	400.647	O=C1C2C3C(C(CC3)C(CCCC(C)C)C)(CCC2C4(C(=C1)CC(O)CC4)C)C		
CHEBI:181188	Norhyodeoxycholic acid		C23H38O4	378.553	O[C@@H]1[C@]2([C@@]([C@@]3([C@]([C@]4([C@@]([C@](CC4)([C@@H](CC(O)=O)C)[H])(CC3)C)[H])(C1)[H])[H])(CC[C@@H](O)C2)C)[H]		
CHEBI:181337	3alpha,12beta-Dihydroxy-5alpha-cholan-24-oic Acid		C24H40O4	392.580	O[C@H]1[C@]2([C@]([C@]3([C@@]([C@@]4([C@@](CC3)(C[C@H](O)CC4)[H])C)(C1)[H])[H])(CC[C@@]2([C@@H](CCC(O)=O)C)[H])[H])C		
CHEBI:181339	(2R,4R)-2-Hydroxy-4-((3R,5R,8R,9S,10S,13R,14S,17R)-3-hydroxy-10,13-dimethylhexadecahydro-1H-cyclopenta[a]phenanthren-17-yl)pentanoic acid		C24H40O4	392.580	O[C@H]1C[C@@]2([C@@]([C@@]3([C@]([C@]4([C@@]([C@](CC4)([C@@H](C[C@@H](O)C(O)=O)C)[H])(CC3)C)[H])(CC2)[H])[H])(CC1)C)[H]		
CHEBI:181346	(3S,4R,5R,10R,13R,14R,17R)-4-(Hydroxymethyl)-4,10,13-trimethyl-17-[(2R)-6-methylheptan-2-yl]-1,2,3,5,6,9,11,12,14,15,16,17-dodecahydrocyclopenta[a]phenanthren-3-ol		C29H50O2	430.717	O[C@@H]1[C@]([C@]2([C@@](C3C([C@]4([C@@]([C@](CC4)([C@@H](CCCC(C)C)C)[H])(CC3)C)[H])=CC2)(CC1)C)[H])(CO)C		
CHEBI:181361	(8S,9S,13R,14S,16S)-3-Methoxy-13,16-dimethyl-6,7,8,9,11,12,14,15,16,17-decahydrocyclopenta[a]phenanthrene		C20H28O	284.443	O(C1=CC2=C([C@@]3([C@]([C@]4([C@@](C[C@H](C4)C)(CC3)C)[H])(CC2)[H])[H])C=C1)C		
CHEBI:181387	(3S,5S,8S,9S,10R,13R,17R)-17-[(2R,5R)-5,6-Dimethylheptan-2-yl]-3-hydroxy-10,13-dimethyl-1,2,3,4,5,7,8,9,11,12,14,15,16,17-tetradecahydrocyclopenta[a]phenanthren-6-one		C28H48O2	416.690	O=C1[C@@]2([C@@]([C@@]3([C@](C4[C@@]([C@](CC4)([C@@H](CC[C@H](C(C)C)C)C)[H])(CC3)C)(C1)[H])[H])(CC[C@H](O)C2)C)[H]		
CHEBI:181415	3-Hydroperoxy-10,13-dimethyl-2,3,4,5,6,7,8,9,11,12,14,15,16,17-tetradecahydro-1H-cyclopenta[a]phenanthrene		C19H32O2	292.463	O(O)C1CC2C(C3C(C4C(CC3)(CCC4)C)CC2)(CC1)C		
CHEBI:181446	N-(3,12-Dihydroxycholan-24-yl)glycine		C26H45NO4	435.649	O[C@@H]1[C@]2(C(C3C([C@]4([C@](CC3)(C[C@H](O)CC4)[H])C)C1)CCC2C(CCCNCC(O)=O)C)C		
CHEBI:181764	2,3,14-Trihydroxy-10,13-dimethyl-17-(2,3,6-trihydroxy-5,6-dimethylheptan-2-yl)-2,3,4,5,9,11,12,15,16,17-decahydro-1H-cyclopenta[a]phenanthren-6-one		C28H46O7	494.669	OC12C(C(CC1)C(O)(C(O)CC(C(O)(C)C)C)C)(CCC3C4(C(CC(O)C(O)C4)C(=O)C=C23)C)C		
CHEBI:181780	(3R,5S,7R,9S,10S,12S,13R,17R)-17-((2R)-4-(3-(Hydroxymethyl)oxetan-2-yl)butan-2-yl)-10,13-dimethylhexadecahydro-1H-cyclopenta[a]phenanthrene-3,7,12-triol		C27H46O5	450.660	O[C@@H]1[C@]2([C@]([C@]3([C@@]([C@@]4([C@](C[C@H]3O)(C[C@H](O)CC4)[H])C)(C1)[H])[H])(CC[C@@]2([C@@H](CCC5OCC5CO)C)[H])[H])C		
CHEBI:181784	7beta,12beta-Dihydroxy-5beta-cholan-24-oic Acid		C24H40O4	392.580	O[C@H]1[C@]2([C@]([C@]3([C@@]([C@@]4([C@](C[C@@H]3O)(CCCC4)[H])C)(C1)[H])[H])(CC[C@@]2([C@@H](CCC(O)=O)C)[H])[H])C		
CHEBI:181798	Cholic acid 3-sulfate		C24H40O8S	488.640	S(O[C@H]1C[C@@]2([C@@]([C@@]3([C@]([C@]4([C@@]([C@](CC4)([C@@H](CCC(O)=O)C)[H])([C@@H](O)C3)C)[H])([C@H](O)C2)[H])[H])(CC1)C)[H])(O)(=O)=O		
CHEBI:181810	(2S,3R,10R,13R,14S)-2,3,14-Trihydroxy-10,13-dimethyl-17-[(2R,3R,5R)-2,3,5-trihydroxy-5,6-dimethylheptan-2-yl]-2,3,4,5,9,11,12,15,16,17-decahydro-1H-cyclopenta[a]phenanthren-6-one		C28H46O7	494.669	O[C@]12[C@@](C(CC1)[C@@](O)([C@H](O)C[C@@](O)(C(C)C)C)C)(CCC3[C@@]4(C(C[C@@H](O)[C@@H](O)C4)C(=O)C=C23)C)C		
CHEBI:181887	5-(5,6-Dimethylhept-3-en-2-yl)-6,10-dimethyl-16,17-dioxapentacyclo[13.2.2.01,9.02,6.010,15]nonadec-18-en-13-ol		C28H44O3	428.657	O1OC23C(C4C1(C5C(C(CC5)C(C)C=CC(C(C)C)C)(CC4)C)C=C2)(CCC(O)C3)C		
CHEBI:181916	4-[(3R,5S,7R)-3,7-Dihydroxy-10,13-dimethyl-12-oxo-1,2,3,4,5,6,7,8,9,11,14,15,16,17-tetradecahydrocyclopenta[a]phenanthren-17-yl]pentanoic acid		C24H38O5	406.563	OC1C2C3C(C(CC3)C(CCC(O)=O)C)(C(=O)CC2C4([C@](C1)(C[C@H](O)CC4)[H])C)C		
CHEBI:181919	(3S,4S,5S,10S,13R)-4,10,13-Trimethyl-17-[(2R)-6-methylhept-5-en-2-yl]-2,3,4,5,6,7,11,12,14,15,16,17-dodecahydro-1H-cyclopenta[a]phenanthren-3-ol		C28H46O	398.675	O[C@@H]1[C@H]([C@]2([C@@](C3=C(C4[C@@](C(CC4)[C@@H](CCC=C(C)C)C)(CC3)C)CC2)(CC1)C)[H])C		
CHEBI:181923	(5S,10S,13R)-4,10,13-trimethyl-17-[(2R)-6-methylhept-5-en-2-yl]-1,2,4,5,6,7,11,12,14,15,16,17-dodecahydrocyclopenta[a]phenanthren-3-one		C28H44O	396.659	O=C1C([C@]2([C@@](C3=C(C4[C@@](C(CC4)[C@@H](CCC=C(C)C)C)(CC3)C)CC2)(CC1)C)[H])C		
CHEBI:181925	delta8(14)-Ergostenol		C28H48O	400.691	O[C@@H]1C[C@]2([C@@]([C@@]3(C(=C4[C@@]([C@](CC4)([C@@H](CC[C@@H](C(C)C)C)C)[H])(CC3)C)CC2)[H])(CC1)C)[H]		
CHEBI:181948	(3S,4S,5R,10R,13R,14R,17R)-3-Hydroxy-4,10,13-trimethyl-17-[(2R)-6-methylheptan-2-yl]-1,2,3,5,6,9,11,12,14,15,16,17-dodecahydrocyclopenta[a]phenanthrene-4-carbaldehyde		C29H48O2	428.701	O[C@@H]1[C@@]([C@]2([C@@](C3C([C@]4([C@@]([C@](CC4)([C@@H](CCCC(C)C)C)[H])(CC3)C)[H])=CC2)(CC1)C)[H])(C)C=O		
CHEBI:182016	(6R)-6-[(3R,5S,7R,10S,13R)-3,7-Dihydroxy-10,13-dimethyl-2,3,4,5,6,7,8,9,11,12,14,15,16,17-tetradecahydro-1H-cyclopenta[a]phenanthren-17-yl]-2-methylheptanoic acid		C27H46O4	434.661	OC1C2C3[C@@](C(CC3)[C@@H](CCCC(C)C(O)=O)C)(CCC2[C@@]4([C@](C1)(C[C@H](O)CC4)[H])C)C		
CHEBI:182103	(3R,5R,7R,8R,9S,10S,12S,13R,14S,17R)-17-((2R)-6,7-Dihydroxy-6-methylheptan-2-yl)-10,13-dimethylhexadecahydro-1H-cyclopenta[a]phenanthrene-3,7,12-triol		C27H48O5	452.676	O[C@@H]1C2([C@]([C@]3([C@@](C4([C@@](C[C@H]3O)(C[C@H](O)CC4)[H])C)(C1)[H])[H])(CC[C@@H]2C(CCCC(O)(CO)C)C)[H])C		
CHEBI:182104	(7R,9S,10R,13R,14S,17R)-7-Hydroxy-17-((R)-5-hydroxypentan-2-yl)-10,13-dimethyl-6,7,8,9,10,11,12,13,14,15,16,17-dodecahydro-3H-cyclopenta[a]phenanthren-3-one		C24H36O3	372.549	O[C@H]1[C@]2([C@]3([C@@]([C@](CC3)([C@@H](CCCO)C)[H])(CC[C@@]2([C@@]4(C(C1)=CC(=O)C=C4)C)[H])C)[H])[H]		
CHEBI:182110	(3R,5S,7R,8R,9S,10S,12S,13R,14S,17R)-17-((2R)-6,7-Dihydroxy-6-methylheptan-2-yl)-10,13-dimethylhexadecahydro-1H-cyclopenta[a]phenanthrene-3,7,12-triol		C27H48O5	452.676	O[C@@H]1C2([C@]([C@]3([C@@](C4([C@](C[C@H]3O)(C[C@H](O)CC4)[H])C)(C1)[H])[H])(CC[C@@H]2C(CCCC(O)(CO)C)C)[H])C		
CHEBI:182118	17-(5-Ethyl-6-methylhept-3-en-2-yl)-10,13-dimethyl-1,2,6,7,8,9,11,12,14,15,16,17-dodecahydrocyclopenta[a]phenanthren-3-one		C29H46O	410.686	O=C1CCC2(C3C(C4C(C(CC4)C(C)C=CC(C(C)C)CC)(CC3)C)CCC2=C1)C		
CHEBI:182154	3beta,7alpha-Dihydroxy-12-oxo-5beta-cholan-24-oic Acid		C24H38O5	406.563	O[C@H]1[C@]2([C@]3([C@@]([C@](CC3)([C@@H](CCC(O)=O)C)[H])(C(=O)C[C@@]2([C@@]4([C@](C1)(C[C@@H](O)CC4)[H])C)[H])C)[H])[H]		
CHEBI:182158	(NZ)-N-[(9S,13S,14S,16E)-16-hydroxyimino-13-methyl-3-prop-2-enoxy-6,9,11,12,14,15-hexahydrocyclopenta[a]phenanthren-17-ylidene]hydroxylamine		C21H24N2O3	352.434	O/N=C\1/[C@@]2([C@](C=3[C@](CC2)(C4=C(CC3)C=C(OCC=C)C=C4)[H])(C/C1=N\O)[H])C		
CHEBI:182339	2-((3R)-3-((3R,5S,7S,9S,10S,13R,14S,17R)-3,7-Dihydroxy-10,13-dimethylhexadecahydro-1H-cyclopenta[a]phenanthren-17-yl)butanamido)ethane-1-sulfonic acid		C25H43NO6S	485.680	S(O)(=O)(=O)CCNC(=O)C[C@H]([C@@]1([C@@]2([C@]([C@]3([C@@]([C@@]4([C@](C[C@@H]3O)(C[C@H](O)CC4)[H])C)(CC2)[H])[H])(CC1)[H])C)[H])C		
CHEBI:182387	3-((4R)-4-((3R,5R,9S,10S,12S,13R,14S,17R)-3,12-Dihydroxy-10,13-dimethylhexadecahydro-1H-cyclopenta[a]phenanthren-17-yl)pentanamido)propanoic acid		C27H45NO5	463.659	O[C@@H]1[C@]2([C@]([C@]3([C@@]([C@@]4([C@](CC3)(C[C@H](O)CC4)[H])C)(C1)[H])[H])(CC[C@@]2([C@@H](CCC(=O)NCCC(O)=O)C)[H])[H])C		
CHEBI:182502	Avenastenone		C29H46O	410.686	O=C1C[C@]2([C@@]([C@@]3(C([C@]4([C@@]([C@](CC4)([C@@H](CC/C(/C(C)C)=C/C)C)[H])(CC3)C)[H])=CC2)[H])(CC1)C)[H]		
CHEBI:182575	1beta,3alpha-Dihydroxy-5beta-cholan-24-oic Acid		C24H40O4	392.580	O[C@H]1[C@@]2([C@@]3([C@]([C@]4([C@@]([C@](CC4)([C@@H](CCC(O)=O)C)[H])(CC3)C)[H])(CC[C@@]2(C[C@H](O)C1)[H])[H])[H])C		
CHEBI:182581	(3R,5R,7R,8R,9S,10S,12S,13R,14S,17R)-17-((2R,5S)-5,7-Dihydroxy-6-methylheptan-2-yl)-10,13-dimethylhexadecahydro-1H-cyclopenta[a]phenanthrene-3,7,12-triol		C27H48O5	452.676	O[C@@H]1C2([C@]([C@]3([C@@](C4(C(C[C@H]3O)C[C@H](O)CC4)C)(C1)[H])[H])(CC[C@@H]2C(CC[C@H](O)C(CO)C)C)[H])C		
CHEBI:182761	Episterone		C28H44O	396.659	O=C1C[C@]2([C@@]([C@@]3(C([C@]4([C@@]([C@](CC4)([C@@H](CCC(C(C)C)=C)C)[H])(CC3)C)[H])=CC2)[H])(CC1)C)[H]		
CHEBI:182826	2-(2-((R)-4-((3R,5R,8R,9S,10S,12S,13R,14S,17R)-3,12-Dihydroxy-10,13-dimethylhexadecahydro-1H-cyclopenta[a]phenanthren-17-yl)pentanamido)acetamido)ethane-1-sulfonic acid		C28H48N2O7S	556.760	S(O)(=O)(=O)CCNC(=O)CNC(=O)CC[C@H]([C@@]1([C@@]2([C@]([C@]3([C@@]([C@@]4([C@](CC3)(C[C@H](O)CC4)[H])C)(C[C@@H]2O)[H])[H])(CC1)[H])C)[H])C		
CHEBI:182832	2,3,14-Trihydroxy-10,13-dimethyl-17-(2,3,6,7-tetrahydroxy-6-methylheptan-2-yl)-2,3,4,5,9,11,12,15,16,17-decahydro-1H-cyclopenta[a]phenanthren-6-one		C27H44O8	496.641	OC12C(C(CC1)C(O)(C(O)CCC(O)(CO)C)C)(CCC3C4(C(CC(O)C(O)C4)C(=O)C=C23)C)C		
CHEBI:182914	2,3,14,20,22,25-Hexahydroxycholest-7-en-6-one		C27H44O7	480.642	OC12C(C(CC1)C(O)(C(O)CCC(O)(C)C)C)(CCC3C4(C(CC(O)C(O)C4)C(=O)C=C23)C)C		
CHEBI:182931	17-[2,3-Dihydroxy-6-methyl-6-[3,4,5-trihydroxy-6-(hydroxymethyl)oxan-2-yl]oxyheptan-2-yl]-2,3,14-trihydroxy-10,13-dimethyl-2,3,4,5,9,11,12,15,16,17-decahydro-1H-cyclopenta[a]phenanthren-6-one		C33H54O12	642.783	OC12C(C(CC1)C(O)(C(O)CCC(OC3OC(C(O)C(O)C3O)CO)(C)C)C)(CCC4C5(C(CC(O)C(O)C5)C(=O)C=C24)C)C		
CHEBI:183026	22-iso-ecdysone		C27H44O6	464.643	O[C@]12[C@@]([C@](CC1)([C@@H]([C@@H](O)CCC(O)(C)C)C)[H])(CC[C@@]3([C@@]4([C@@](C[C@@H](O)[C@@H](O)C4)(C(=O)C=C23)[H])C)[H])C		
CHEBI:183105	3,26-Dihydroxycholest-5-ene-16,22-dione		C27H42O4	430.629	O=C1C(C2(C(C3C(C4(C(=CC3)CC(O)CC4)C)CC2)C1)C)C(C)C(=O)CCC(CO)C		
CHEBI:183106	Deoxycholic Acid-D4		C24H36D4O4	396.604	OC1[C@]2(C(C3C([C@@]4(C(CC3)C(C(O)C(C4)([2H])[2H])([2H])[2H])C)C1)CCC2C(CCC(O)=O)C)C		
CHEBI:183110	Ursodeoxycholic Acid-D4		C24H36D4O4	396.604	O[C@@H]1[C@]2(C3[C@@]([C@](CC3)([C@@H](CCC(O)=O)C)[H])(CCC2[C@@]4([C@](C1)(C([C@H](O)C(C4)([2H])[2H])([2H])[2H])[H])C)C)[H]		
CHEBI:183128	Anthenoside A		C38H65NO9	679.936	O([C@H]1[C@@]([C@@]2(C(=C3[C@@]([C@@]4([C@@]([C@H](O)[C@@H]3O)(C[C@@H](O)CC4)[H])C)(CC2)[H])C1)C)([C@@H](CC[C@H](C(C)C)CC)C)[H])[C@@H]5OC([C@H](OC)C(O)[C@@H]5NC(=O)C)CO		
CHEBI:183157	cholesta-5,7-dien-3beta-ol 3-sulfate		C27H44O4S	464.710	S(O[C@@H]1CC=2[C@@]([C@@]3(C([C@]4([C@@]([C@](CC4)([C@@H](CCCC(C)C)C)[H])(CC3)C)[H])=CC2)[H])(CC1)C)(O)(=O)=O		
CHEBI:183421	17beta-Hydroxy-androstano[3,2-c]isoxazole		C20H29NO2	315.457	O[C@@H]1[C@@]2([C@]([C@]3([C@@]([C@@]4([C@@](CC3)(CC5=NOC=C5C4)[H])C)(CC2)[H])[H])(CC1)[H])C		
CHEBI:183432	17alpha-Methyl-androstan-3-hydroxyimine-17beta-ol		C20H33NO2	319.489	O[C@@]1([C@@]2([C@]([C@]3([C@@]([C@@]4([C@@](CC3)(C\C(=N\O)\CC4)[H])C)(CC2)[H])[H])(CC1)[H])C)C		
CHEBI:183526	1,25-Dihydroxylumisterol(3)		C28H44O3	428.657	OC1[C@@]2(C3C([C@]4([C@@](C(CC4)[C@H](C)/C=C/[C@H](C(O)(C)C)C)(CC3)C)[H])=CC=C2C[C@@H](O)C1)C		
CHEBI:183530	24-methylene-5alpha-cholestan-3alpha,12alpha,16alpha-triol		C28H48O3	432.689	O[C@@H]1[C@]2([C@]([C@]3([C@@]([C@@]4([C@@](CC3)(C[C@H](O)CC4)[H])C)(C1)[H])[H])(C[C@@H](O)[C@@]2([C@@H](CCC(C(C)C)=C)C)[H])[H])C		
CHEBI:183537	25-acetoxy-ergosta-3beta,5alpha,6beta-triol		C30H52O5	492.741	O[C@]12[C@@]([C@@]3([C@]([C@]4([C@@]([C@](CC4)([C@@H](CC[C@@H](C(OC(=O)C)(C)C)C)C)[H])(CC3)C)[H])(C[C@H]1O)[H])[H])(CC[C@H](O)C2)C		
CHEBI:183561	3,5-Dihydroxyergosta-7,22-dien-6-one		C28H44O3	428.657	OC12[C@@]([C@@]3(C([C@]4([C@@]([C@](CC4)([C@H](C)/C=C/[C@@H](C(C)C)C)[H])(CC3)C)[H])=CC1=O)[H])(CCC(O)C2)C		
CHEBI:183589	Stoloniferone P		C28H42O3	426.641	O[C@H]1[C@]2([C@]([C@]3([C@@]([C@](CC3)([C@@H](CCC(C(C)C)=C)C)[H])(C1)C)[H])(C[C@@H](O)C=4[C@]2(C)C(=O)C=CC4)[H])[H]		
CHEBI:183590	3alpha-Hydroxy-1,7-dioxo-5beta-cholan-24-oic Acid		C24H36O5	404.547	O=C1[C@]2([C@]3([C@@]([C@](CC3)([C@@H](CCC(O)=O)C)[H])(CC[C@@]2([C@@]4([C@](C1)(C[C@H](O)CC4=O)[H])C)[H])C)[H])[H]		
CHEBI:183606	11-acetoxy-3beta,6alpha-dihydroxy-24-methyl-9,11-seco-5alpha-cholesta-7,22Z-dien-9-one.		C30H48O5	488.709	O[C@@H]1[C@@]2([C@@](C(=O)C([C@H]3[C@@]([C@](CC3)([C@H](C)/C=C\C(C(C)C)C)[H])(CCOC(=O)C)C)=C1)(CC[C@H](O)C2)C)[H]		
CHEBI:183770	(2beta,3beta,9epsilon,17epsilon,22R)-2,3,14,20,22-Pentahydroxyergost-7-en-6-one		C28H46O6	478.670	O[C@]12[C@@](C(CC1)[C@@](O)([C@H](O)C[C@@H](C(C)C)C)C)(CCC3[C@@]4(C(C[C@@H](O)[C@@H](O)C4)C(=O)C=C23)C)C		
CHEBI:183878	(2s,3r,5r,10r,13r,14s,17s)-2,3,14-trihydroxy-10,13-dimethyl-17-[(2r,3r)-2,3,6-trihydroxy-6-methylheptan-2-yl]-2,3,4,5,9,11,12,15,16,17-decahydro-1h-cyclopenta[a]phenanthren-6-one		C27H44O7	480.642	O[C@]12[C@@]([C@](CC1)([C@@](O)([C@H](O)CCC(O)(C)C)C)[H])(CCC3[C@@]4([C@@](C[C@@H](O)[C@@H](O)C4)(C(=O)C=C23)[H])C)C		
CHEBI:183913	Deoxycholic acid methyl ester		C25H42O4	406.607	O[C@@H]1[C@]2([C@]([C@]3([C@@]([C@@]4([C@](CC3)(C[C@H](O)CC4)[H])C)(C1)[H])[H])(CC[C@@]2([C@@H](CCC(OC)=O)C)[H])[H])C		
CHEBI:184000	(2s,3r,5r,10r,13r,14s,17s)-2,3,14-trihydroxy-10,13-dimethyl-17-[(2r,3r,5r)-2,3,6-trihydroxy-5,6-dimethylheptan-2-yl]-2,3,4,5,9,11,12,15,16,17-decahydro-1h-cyclopenta[a]phenanthren-6-one		C28H46O7	494.669	O[C@]12[C@@]([C@](CC1)([C@@](O)([C@H](O)C[C@H](C(O)(C)C)C)C)[H])(CCC3[C@@]4([C@@](C[C@@H](O)[C@@H](O)C4)(C(=O)C=C23)[H])C)C		
CHEBI:184108	Stigmasta-4,22-dien-3-one		C29H46O	410.686	O=C1CC[C@@]2([C@@]3([C@]([C@]4([C@@]([C@](CC4)([C@H](C)/C=C/[C@H](C(C)C)CC)[H])(CC3)C)[H])(CCC2=C1)[H])[H])C		
CHEBI:184186	(17E)-1alpha,25-dihydroxy-17,20-didehydro-21-norvitamin D3 / (17E)-1alpha,25-dihydroxy-17,20-didehydro-21-norcholecalciferol		C26H40O3	400.603	OC(CCC\C=C/1\[C@@]2([C@@](CC1)(/C(/CCC2)=C/C=C\3/C[C@@H](O)C[C@H](O)C3=C)[H])C)(C)C		
CHEBI:184206	6alpha,7alpha-Dihydroxy-3-oxo-5beta-cholan-24-oic Acid		C24H38O5	406.563	O[C@H]1[C@]2([C@]3([C@@]([C@](CC3)([C@@H](CCC(O)=O)C)[H])(CC[C@@]2([C@@]4([C@]([C@H]1O)(CC(=O)CC4)[H])C)[H])C)[H])[H]		
CHEBI:184225	(25S)-5alpha-cholestan-3beta,4beta,6alpha,8beta,15alpha,16beta,26-heptol		C27H48O7	484.674	O[C@]12[C@]3([C@@]([C@]([C@@H](O)[C@@H]3O)([C@@H](CCC[C@@H](CO)C)C)[H])(CC[C@@]1([C@@]4([C@@]([C@@H](O)C2)([C@@H](O)[C@@H](O)CC4)[H])C)[H])C)[H]		
CHEBI:184516	3beta,12alpha-Dihydroxychol-5-en-24-oic Acid		C24H38O4	390.564	O[C@@H]1[C@]2([C@]([C@]3([C@@]([C@@]4(C(=CC3)C[C@@H](O)CC4)C)(C1)[H])[H])(CC[C@@]2([C@@H](CCC(O)=O)C)[H])[H])C		
CHEBI:184661	Stoloniferone O		C28H42O3	426.641	O[C@H]1[C@]2([C@]([C@]3([C@@]([C@](CC3)([C@H](C)/C=C/[C@@H](C(C)C)C)[H])(C1)C)[H])(C[C@@H](O)C=4[C@]2(C)C(=O)C=CC4)[H])[H]		
CHEBI:184776	Citrostediol		C30H52O2	444.744	OC1C2C3(C(C(C(O)CC3)C)CC=C2C4C(C(CC4)C(CCC(C(C)C)CC)C)(C1)C)C		
CHEBI:184783	5alpha-Cholest-25-ene-3alpha,7alpha,12alpha,26-tetrol		C27H46O4	434.661	O[C@@H]1[C@]2([C@]([C@]3([C@@]([C@@]4([C@@](C[C@H]3O)(C[C@H](O)CC4)[H])C)(C1)[H])[H])(CC[C@@]2([C@@H](CCC/C(/C)=C/O)C)[H])[H])C		
CHEBI:184824	(25S)-5alpha-cholestan-3beta,6alpha,7beta,8beta,15alpha,16beta,26-heptol		C27H48O7	484.674	O[C@]12[C@]3([C@@]([C@]([C@@H](O)[C@@H]3O)([C@@H](CCC[C@@H](CO)C)C)[H])(CC[C@@]1([C@@]4([C@@]([C@@H](O)[C@@H]2O)(C[C@@H](O)CC4)[H])C)[H])C)[H]		
CHEBI:184857	6beta,12alpha-Dihydroxy-3-oxo-5beta-cholan-24-oic Acid		C24H38O5	406.563	O[C@@H]1[C@]2([C@]([C@]3([C@@]([C@@]4([C@]([C@H](O)C3)(CC(=O)CC4)[H])C)(C1)[H])[H])(CC[C@@]2([C@@H](CCC(O)=O)C)[H])[H])C		
CHEBI:184934	Norselic acid D		C29H44O4	456.667	OC(=O)[C@@]12[C@]([C@]3([C@@]([C@@]4(C(CC3)=CC(=O)CC4)C)(CC1)[H])[H])(CC[C@@]2([C@@H](CC[C@](O)(CC)C(C)=C)C)[H])[H]		
CHEBI:185069	7alpha,12alpha-Dihydroxy-3-oxochola-1,4-dien-24-oic Acid		C24H34O5	402.531	O[C@@H]1[C@]2([C@]([C@]3([C@](C1)([C@@]4(C(C[C@H]3O)=CC(=O)C=C4)C)[H])[H])(CC[C@@]2([C@@H](CCC(O)=O)C)[H])[H])C		
CHEBI:185087	5alpha-Dermophol		C27H48O6	468.675	O[C@@H]1[C@]2([C@]([C@]3([C@@]([C@@]4([C@@](C[C@H]3O)(C[C@H](O)CC4)[H])C)(C1)[H])[H])(CC[C@@]2([C@@H](CCCC(O)(CO)CO)C)[H])[H])C		
CHEBI:185315	Xeniasterol-b		C30H50O5	490.725	O[C@]12[C@@]([C@@]3([C@]([C@]4([C@@]([C@](CC4)([C@H](C)/C=C/[C@@H](C(C)C)C)[H])(CC3)C)[H])([C@@H](OC(=O)C)[C@H]1O)[H])[H])(CC[C@H](O)C2)C		
CHEBI:185420	Norselic acid E		C31H42O5	494.672	OC(=O)[C@@]12[C@]([C@]3([C@](CC1)([C@@]4(C(C=C3)=CC(=O)C=C4)C)[H])[H])(CC[C@@]2([C@@H](CC[C@](OC(=O)C)(CC)C(C)=C)C)[H])[H]		
CHEBI:185434	Stoloniferone A		C28H42O3	426.641	O1[C@@]23[C@]([C@@]4([C@]([C@]5([C@@]([C@](CC5)([C@@H](CCC(C(C)C)=C)C)[H])(C[C@H]4O)C)[H])(C[C@@]12[H])[H])[H])(C)C(=O)C=CC3		
CHEBI:185502	5-Cholestene-3beta,7alpha,12alpha,24,25-pentol		C27H46O5	450.660	O[C@@H]1[C@]2([C@]([C@]3([C@@]([C@@]4(C(=C[C@H]3O)C[C@@H](O)CC4)C)(C1)[H])[H])(CC[C@@]2([C@@H](CCC(O)C(O)(C)C)C)[H])[H])C		
CHEBI:185597	3alpha,7alpha-Dihydroxy-12-oxo-5alpha-cholestan-26-oic acid		C27H44O5	448.644	O[C@H]1[C@]2([C@]3([C@@]([C@](CC3)([C@@H](CCCC(C)C(O)=O)C)[H])(C(=O)C[C@@]2([C@@]4([C@@](C1)(C[C@H](O)CC4)[H])C)[H])C)[H])[H]		
CHEBI:185733	Stoloniferone M		C29H46O4	458.683	O1[C@@]23[C@@]([C@@]4([C@]([C@]5([C@@]([C@](CC5)([C@@H]([C@@]6([C@](C6)([C@@H](C(C)C)C)[H])[H])C)[H])(C[C@H]4O)C)[H])(C[C@@]12[H])[H])[H])(C(=O)C[C@H](O)C3)C		
CHEBI:185752	27-nor-campestan-3beta,4beta,5alpha,6alpha,7beta,8beta,14alpha,15alpha,24-nonol		C27H48O9	516.672	O[C@]12[C@@]3(O)[C@@]([C@@]4([C@@](O)([C@@H](O)[C@@H]3O)[C@@H](O)[C@@H](O)CC4)C)(CC[C@@]1([C@](C[C@@H]2O)([C@@H](CC[C@](O)(CC)C)C)[H])C)[H]		
CHEBI:185782	Stoloniferone C		C28H44O3	428.657	O1[C@@]23[C@]([C@@]4([C@]([C@]5([C@@]([C@](CC5)([C@@H](CC[C@@H](C(C)C)C)C)[H])(C[C@H]4O)C)[H])(C[C@@]12[H])[H])[H])(C)C(=O)C=CC3		
CHEBI:185833	18:3-Glc-Stigmasterol		C53H86O7	835.264	O([C@@H]1CC=2[C@@]([C@@]3([C@]([C@]4([C@@]([C@](CC4)([C@H](C)/C=C/[C@H](C(C)C)CC)[H])(CC3)C)[H])(CC2)[H])[H])(CC1)C)[C@@H]5OC([C@@H](O)C(O)C5O)COC(=O)CCCCCCC/C=C\C/C=C\C/C=C\CC		
CHEBI:185918	cholest-7-en-3beta,5alpha,6alpha,9alpha-tetrol		C27H46O4	434.661	O[C@]12[C@@]3([C@@](O)([C@@H](O)C=C2[C@]4([C@@]([C@](CC4)([C@@H](CCCC(C)C)C)[H])(CC1)C)[H])C[C@@H](O)CC3)C		
CHEBI:185963	cholesta-5,7,8(14),22E-tetraen-3-one		C27H38O	378.600	O=C1CC[C@@]2([C@]3(CC[C@@]4([C@](CCC4=C3C=CC2=C1)([C@H](C)/C=C/CC(C)C)[H])C)[H])C		
CHEBI:185981	Kurilensoside F		C33H58O11	630.816	O[C@]12[C@]3([C@@]([C@]([C@@H](O)[C@@H]3O)([C@@H](CCC[C@@H](CO)C)C)[H])(CC[C@@]1([C@@]4([C@@](O)(CC2)[C@@H](O)[C@@H](O[C@@H]5OC[C@@H](O)C(O)[C@@H]5OC)CC4)C)[H])C)[H]		
CHEBI:185987	Theonellasterol H		C30H50O4	474.726	O[C@]12[C@@]([C@](C[C@@H]1O)([C@@H](CC[C@@H](C(C)C)CC)C)[H])(C[C@@H](O)C3=C2CC[C@@]4([C@@]3(CC[C@H](O)C4=C)C)[H])C		
CHEBI:186051	5alpha,9alpha-epidioxy-cholest-7-en-3beta,6beta-diol		C27H44O4	432.645	O1O[C@]23[C@@]([C@@]14C([C@]5([C@@]([C@](CC5)([C@@H](CCCC(C)C)C)[H])(CC4)C)[H])=C[C@H]2O)(CC[C@H](O)C3)C		
CHEBI:186136	ESTRIOL BENZYL ETHER		C25H30O3	378.512	O[C@@H]1C2(C(C3C(CC2)C4=C(CC3)C=C(OCC5=CC=CC=C5)C=C4)C[C@H]1O)C		
CHEBI:186189	7alpha,12alpha-dihydroxy-3-oxocholest-4-en-27-oic acid		C27H42O5	446.628	O[C@@H]1[C@]2(C(C3C([C@@]4(C(CC3O)=CC(=O)CC4)C)C1)CC[C@@]2([C@@H](CCCC(C)C(O)=O)C)[H])C		
CHEBI:186217	24-methylene-cholesterol sulfate		C28H46O4S	478.730	S(O[C@@H]1CC=2[C@@]([C@@]3([C@]([C@]4([C@@]([C@](CC4)([C@@H](CCC(C(C)C)=C)C)[H])(CC3)C)[H])(CC2)[H])[H])(CC1)C)(O)(=O)=O		
CHEBI:186325	(25S)-5alpha-cholestan-3beta,4beta,6alpha,7alpha,8beta,15beta,16beta,26-octol		C27H48O8	500.673	O[C@]12[C@]3([C@@]([C@]([C@@H](O)[C@H]3O)([C@@H](CCC[C@@H](CO)C)C)[H])(CC[C@@]1([C@@]4([C@@]([C@@H](O)[C@H]2O)([C@@H](O)[C@@H](O)CC4)[H])C)[H])C)[H]		
CHEBI:186602	3alpha,12beta-Dihydroxy-11-oxo-5beta-cholan-24-oic Acid		C24H38O5	406.563	O[C@H]1[C@]2([C@]([C@]3([C@@]([C@@]4([C@](CC3)(C[C@H](O)CC4)[H])C)(C1=O)[H])[H])(CC[C@@]2([C@@H](CCC(O)=O)C)[H])[H])C		
CHEBI:186605	3alpha,12alpha-Dihydroxy-5beta-cholest-24-en-26-oic acid		C27H44O4	432.645	O[C@@H]1[C@]2([C@]([C@]3([C@@]([C@@]4([C@](CC3)(C[C@H](O)CC4)[H])C)(C1)[H])[H])(CC[C@@]2([C@@H](CC/C=C(\C)/C(O)=O)C)[H])[H])C		
CHEBI:186606	3alpha,12alpha-Dihydroxy-11-oxo-5beta-cholan-24-oic Acid		C24H38O5	406.563	O[C@@H]1[C@]2([C@]([C@]3([C@@]([C@@]4([C@](CC3)(C[C@H](O)CC4)[H])C)(C1=O)[H])[H])(CC[C@@]2([C@@H](CCC(O)=O)C)[H])[H])C		
CHEBI:186612	5beta-Cholestane-3alpha,12alpha-diol		C27H48O2	404.679	O[C@@H]1[C@]2([C@]([C@]3([C@@]([C@@]4([C@](CC3)(C[C@H](O)CC4)[H])C)(C1)[H])[H])(CC[C@@]2([C@@H](CCCC(C)C)C)[H])[H])C		
CHEBI:186620	7beta,12alpha-Dihydroxy-3-oxo-5beta-cholestan-26-oic acid		C27H44O5	448.644	O[C@@H]1[C@]2([C@]([C@]3([C@@]([C@@]4([C@](C[C@@H]3O)(CC(=O)CC4)[H])C)(C1)[H])[H])(CC[C@@]2([C@@H](CCCC(C)C(O)=O)C)[H])[H])C		
CHEBI:186631	6beta,12alpha-Dihydroxy-3-oxochol-4-en-24-oic Acid		C24H36O5	404.547	O[C@@H]1[C@]2([C@]([C@]3([C@@]([C@@]4(C([C@H](O)C3)=CC(=O)CC4)C)(C1)[H])[H])(CC[C@@]2([C@@H](CCC(O)=O)C)[H])[H])C		
CHEBI:186637	4-Methyl-cholest-5-en-3beta-ol		C28H48O	400.691	O[C@@H]1C(C=2[C@@](C3C(C4[C@@]([C@H](CC4)C(CCCC(C)C)C)(CC3)C)CC2)(CC1)C)C		
CHEBI:186639	4alpha-methyl-cholest-5-en-3beta-ol		C28H48O	400.691	O[C@@H]1[C@H](C=2[C@@](C3C(C4[C@@]([C@H](CC4)C(CCCC(C)C)C)(CC3)C)CC2)(CC1)C)C		
CHEBI:186649	5beta-Cholest-25-ene-3alpha,7alpha,12alpha-triol		C27H46O3	418.662	O[C@@H]1[C@]2([C@]([C@]3([C@@]([C@@]4([C@](C[C@H]3O)(C[C@H](O)CC4)[H])C)(C1)[H])[H])(CC[C@@]2([C@@H](CCCC(C)=C)C)[H])[H])C		
CHEBI:186651	5alpha-ergost-22E-en-3alpha,12alpha,16alpha-triol		C28H48O3	432.689	O[C@@H]1[C@]2([C@]([C@]3([C@@]([C@@]4([C@@](CC3)(C[C@H](O)CC4)[H])C)(C1)[H])[H])(C[C@@H](O)[C@@]2([C@H](C)/C=C/[C@@H](C(C)C)C)[H])[H])C		
CHEBI:186770	7alpha,12alpha-Dihydroxy-3-oxo-5beta-cholestan-26-oic acid		C27H44O5	448.644	O[C@@H]1[C@]2([C@]([C@]3([C@@]([C@@]4([C@](C[C@H]3O)(CC(=O)CC4)[H])C)(C1)[H])[H])(CC[C@@]2([C@@H](CCCC(C)C(O)=O)C)[H])[H])C		
CHEBI:186771	DHCEO		C27H44O3	416.646	O[C@]12[C@@]([C@@]3(C([C@]4([C@@]([C@@](CC4)([C@@H](CCCC(C)C)C)[H])(CC3)C)[H])=CC1=O)[H])(CC[C@H](O)C2)C		
CHEBI:186772	3alpha,7alpha,12alpha,26-Tetrahydroxy-5beta-23E-cholestan-27-oic acid		C27H44O6	464.643	O[C@@H]1[C@]2([C@]([C@]3([C@@]([C@@]4([C@](C[C@H]3O)(C[C@H](O)CC4)[H])C)(C1)[H])[H])(CC[C@@]2([C@@H](C/C=C/C(CO)C(O)=O)C)[H])[H])C		
CHEBI:186792	Avideoxycholic acid		C24H40O4	392.580	O[C@H]1[C@@]([C@@]2([C@]([C@]3([C@@]([C@@]4([C@](CC3)(C[C@H](O)CC4)[H])C)(CC2)[H])[H])(C1)[H])C)([C@@H](CCC(O)=O)C)[H]		
CHEBI:186816	12alpha-Hydroxy-5beta-cholestan-3-one		C27H46O2	402.663	O[C@@H]1[C@]2([C@]([C@]3([C@@]([C@@]4([C@](CC3)(CC(=O)CC4)[H])C)(C1)[H])[H])(CC[C@@]2([C@@H](CCCC(C)C)C)[H])[H])C		
CHEBI:186832	Theonellasterol G		C30H50O4	474.726	O[C@]12[C@@]([C@](C[C@@H]1O)([C@@H](CC[C@@H](C(C)C)CC)C)[H])(C[C@H](O)C3=C2CC[C@@]4([C@@]3(CC[C@H](O)C4=C)C)[H])C		
CHEBI:186871	5beta-Cholestane-3alpha,7alpha,12alpha,23,25-pentol		C27H48O5	452.676	O[C@@H]1[C@]2([C@]([C@]3([C@@]([C@@]4([C@](C[C@H]3O)(C[C@H](O)CC4)[H])C)(C1)[H])[H])(CC[C@@]2([C@@H](CC(O)CC(O)(C)C)C)[H])[H])C		
CHEBI:186879	Dinordeoxycholic acid		C22H36O4	364.526	O[C@@H]1[C@]2([C@]([C@]3([C@@]([C@@]4([C@](CC3)(C[C@H](O)CC4)[H])C)(C1)[H])[H])(CC[C@@]2([C@H](C)C(O)=O)[H])[H])C		
CHEBI:186919	3alpha,12alpha-Dihydroxy-7-oxo-5beta-cholestan-26-oic acid		C27H44O5	448.644	O[C@@H]1[C@]2([C@]([C@]3([C@@]([C@@]4([C@](CC3=O)(C[C@H](O)CC4)[H])C)(C1)[H])[H])(CC[C@@]2([C@@H](CCCC(C)C(O)=O)C)[H])[H])C		
CHEBI:186928	Stoloniferone I		C28H44O4	444.656	O[C@H]1[C@]2([C@]([C@]3([C@@]([C@](CC3)([C@@H](CCC(C(C)C)=C)C)[H])(C1)C)[H])(C[C@@H](O)[C@]4(O)[C@]2(C)C(=O)C=CC4)[H])[H]		
CHEBI:186958	12alpha-Hydroxycholest-4-en-3-one		C27H44O2	400.647	O[C@@H]1[C@]2([C@]([C@]3([C@](C1)([C@@]4(C(CC3)=CC(=O)CC4)C)[H])[H])(CC[C@@]2([C@@H](CCCC(C)C)C)[H])[H])C		
CHEBI:186966	9-oxo-24-methylene-9,11-seco-cholest-5-en-3beta,11-diol		C28H46O3	430.673	O=C1[C@]([C@]2([C@@]([C@](CC2)([C@@H](CCC(C(C)C)=C)C)[H])(CCO)C)[H])(CC=C3[C@@]1(CC[C@H](O)C3)C)[H]		
CHEBI:186987	7alpha,12alpha-Dihydroxy-3-oxo-5alpha-cholestan-26-oic acid		C27H44O5	448.644	O[C@@H]1[C@]2([C@]([C@]3([C@@]([C@@]4([C@@](C[C@H]3O)(CC(=O)CC4)[H])C)(C1)[H])[H])(CC[C@@]2([C@@H](CCCC(C)C(O)=O)C)[H])[H])C		
CHEBI:187009	3alpha,12alpha-Dihydroxy-15-oxo-5beta,14beta-cholan-24-oic Acid		C24H38O5	406.563	O[C@@H]1[C@]2([C@@]([C@]3([C@@]([C@@]4([C@](CC3)(C[C@H](O)CC4)[H])C)(C1)[H])[H])(C(=O)C[C@@]2([C@@H](CCC(O)=O)C)[H])[H])C		
CHEBI:187050	Stoloniferone J		C29H46O4	458.683	O[C@H]1[C@]2([C@]([C@]3([C@@]([C@@]([C@@H]([C@@]4([C@](C4)([C@@H](C(C)C)C)[H])[H])C)(CC3)[H])(C1)C)[H])(C[C@@H](O)[C@]5(O)[C@]2(C)C(=O)C=CC5)[H])[H]		
CHEBI:187074	7beta-acetoxy-gorgostan-3beta,5alpha,6beta-triol		C32H54O5	518.779	O([C@@H]1[C@]2([C@]3([C@@]([C@@]([C@@H]([C@@]4([C@](C4)([C@@H](C(C)C)C)C)[H])C)(CC3)[H])(CC[C@@]2([C@@]5([C@@](O)([C@@H]1O)C[C@@H](O)CC5)C)[H])C)[H])[H])C(=O)C		
CHEBI:187077	Stoloniferone L		C28H44O4	444.656	O1[C@@]23[C@@]([C@@]4([C@]([C@]5([C@](C[C@H]4O)([C@](CC5)([C@H](C)/C=C/[C@@H](C(C)C)C)[H])C)[H])(C[C@@]12[H])[H])[H])(C(=O)C[C@H](O)C3)C		
CHEBI:187107	5beta-Cholane-3alpha,24-diol		C24H42O2	362.598	O[C@H]1C[C@@]2([C@@]([C@@]3([C@]([C@]4([C@@]([C@](CC4)([C@@H](CCCO)C)[H])(CC3)C)[H])(CC2)[H])[H])(CC1)C)[H]		
CHEBI:187192	24-methylene-cholestan-3beta-ol		C28H48O	400.691	O[C@@H]1C[C@]2([C@@]([C@@]3([C@]([C@]4([C@@]([C@](CC4)([C@@H](CCC(C(C)C)=C)C)[H])(CC3)C)[H])(CC2)[H])[H])(CC1)C)[H]		
CHEBI:187210	Asteriidoside L		C33H55O12S.Na	698.840	S(OC[C@H](\C=C\[C@H]([C@@]1([C@@]2([C@]([C@@]3(O)[C@@]([C@@]4([C@@]([C@H](O)C3)(C[C@@H](O[C@@H]5OC[C@@H](O)[C@H](O)[C@H]5O)CC4)[H])C)(CC2)[H])([C@@H](O)C1)[H])C)[H])C)C(C)C)([O-])(=O)=O.[Na+]		
CHEBI:187214	Dinorchenodeoxycholic acid		C22H36O4	364.526	O[C@H]1[C@]2([C@]3([C@@]([C@](CC3)([C@H](C)C(O)=O)[H])(CC[C@@]2([C@@]4([C@](C1)(C[C@H](O)CC4)[H])C)[H])C)[H])[H]		
CHEBI:187218	(3beta,5alpha,6alpha,7alpha,22E,24R)-5,6-Epoxyergosta-8,14,22-triene-3,7-diol		C28H42O3	426.641	O1C23C(C4=C(C(O)C12)C=5C(CC4)(C(CC5)C(C)/C=C/C(C(C)C)C)C)(CCC(O)C3)C		
CHEBI:187281	Evasterioside A		C33H55O12S.Na	698.840	S(OC[C@H]([C@@H](\C=C\[C@H]([C@@]1([C@@]2([C@]([C@@]3(O)[C@@]([C@@]4([C@@]([C@H](O)C3)(C[C@@H](O[C@@H]5OC[C@@H](O)C(O)[C@@H]5O)CC4)[H])C)(CC2)[H])([C@@H](O)C1)[H])C)[H])C)C)C)([O-])(=O)=O.[Na+]		
CHEBI:187287	5beta-Cholestane-3alpha,26-diol		C27H48O2	404.679	O[C@H]1C[C@@]2([C@@]([C@@]3([C@]([C@]4([C@@]([C@](CC4)([C@@H](CCCC(CO)C)C)[H])(CC3)C)[H])(CC2)[H])[H])(CC1)C)[H]		
CHEBI:187298	16:0-Glc-Stigmasterol		C51H88O7	813.258	O([C@@H]1CC=2[C@@]([C@@]3([C@]([C@]4([C@@]([C@](CC4)([C@H](C)/C=C/[C@H](C(C)C)CC)[H])(CC3)C)[H])(CC2)[H])[H])(CC1)C)[C@@H]5OC([C@@H](O)C(O)C5O)COC(=O)CCCCCCCCCCCCCCC		
CHEBI:187332	2alpha,7beta,15beta,18-tetraacetoxy-cholest-5-en-3alpha-ol		C35H54O9	618.808	O([C@H]1[C@@]2([C@@]([C@](C1)([C@@H](CCCC(C)C)C)[H])(CC[C@]3([C@]2([C@@H](OC(=O)C)C=C4[C@@]3(C[C@@H](OC(=O)C)[C@@H](O)C4)C)[H])[H])COC(=O)C)[H])C(=O)C		
CHEBI:187336	5alpha-Cholestane-3alpha,7alpha,25-triol		C27H48O3	420.678	O[C@H]1[C@]2([C@]3([C@@]([C@](CC3)([C@@H](CCCC(O)(C)C)C)[H])(CC[C@@]2([C@@]4([C@@](C1)(C[C@H](O)CC4)[H])C)[H])C)[H])[H]		
CHEBI:187381	Aragusteroketal		C31H54O4	490.769	O[C@H]1[C@]2([C@]([C@]3([C@@]([C@@]4([C@@](CC3)(CC(OC)(OC)CC4)[H])C)(C1)[H])[H])(CC[C@@]2([C@@](O)(CC[C@H]([C@]5([C@@H](C5)C)[H])C)C)[H])[H])C		
CHEBI:187418	(25S)-5alpha-cholestan-3beta,6beta,15alpha,16beta,26-pentol		C27H48O5	452.676	O[C@@H]1[C@@]2([C@@]([C@]([C@H]1O)([C@@H](CCC[C@@H](CO)C)C)[H])(CC[C@]3([C@]2(C[C@@H](O)[C@@]4([C@@]3(CC[C@H](O)C4)C)[H])[H])[H])C)[H]		
CHEBI:187421	Dinorhyodeoxycholic acid		C22H36O4	364.526	O[C@@H]1[C@]2([C@@]([C@@]3([C@]([C@]4([C@@]([C@](CC4)([C@H](C)C(O)=O)[H])(CC3)C)[H])(C1)[H])[H])(CC[C@@H](O)C2)C)[H]		
CHEBI:187433	5alpha-cholestan-3alpha,12alpha,16alpha-triol		C27H48O3	420.678	O[C@@H]1[C@]2([C@]([C@]3([C@@]([C@@]4([C@@](CC3)(C[C@H](O)CC4)[H])C)(C1)[H])[H])(C[C@@H](O)[C@@]2([C@@H](CCCC(C)C)C)[H])[H])C		
CHEBI:187436	Homodeoxycholic acid		C25H40O5	420.590	O[C@@H]1[C@]2([C@]([C@]3([C@@]([C@@]4([C@](CC3)(C[C@H](O)CC4)[H])C)(C1)[H])[H])(CC[C@@]2([C@H](C)C(=O)CCC(O)=O)[H])[H])C		
CHEBI:187518	(24E),26-hydroxydesmosterol		C27H44O2	400.647	O[C@@H]1CC=2[C@@]([C@@]3([C@]([C@]4([C@@]([C@](CC4)([C@@H](CC/C=C(/CO)\C)C)[H])(CC3)C)[H])(CC2)[H])[H])(CC1)C		
CHEBI:187534	5alpha,6beta-dihydroxy-24-methylenecholestan-3-one		C28H46O3	430.673	O[C@]12[C@@]([C@@]3([C@]([C@]4([C@@]([C@](CC4)([C@@H](CCC(C(C)C)=C)C)[H])(CC3)C)[H])(C[C@H]1O)[H])[H])(CCC(=O)C2)C		
CHEBI:187561	Sitosteryl glucoside		C35H60O6	576.859	O([C@@H]1CC=2[C@@]([C@@]3([C@]([C@]4([C@@]([C@](CC4)([C@@H](CC[C@H](C(C)C)CC)C)[H])(CC3)C)[H])(CC2)[H])[H])(CC1)C)[C@@H]5OC([C@@H](O)C(O)C5O)CO		
CHEBI:187563	(25R)-5alpha,8alpha-epidioxy-24R,26-cyclo-cholest-6,22E-dien-3beta-ol		C27H40O3	412.614	O1O[C@]23[C@@]([C@@]4([C@@]1([C@]5([C@@]([C@](CC5)([C@H](C)/C=C/[C@H]6[C@@H](C6)C)[H])(CC4)C)[H])C=C2)[H])(CC[C@H](O)C3)C		
CHEBI:187595	campest-22E-en-3beta,4beta,5alpha,6alpha,8beta,14alpha,15alpha,25R,26-nonol		C28H48O9	528.683	O[C@]12[C@@]3(O)[C@@]([C@@]4([C@@](O)([C@@H](O)C3)[C@@H](O)[C@@H](O)CC4)C)(CC[C@@]1([C@](C[C@@H]2O)([C@H](C)/C=C/[C@H]([C@@](O)(CO)C)C)[H])C)[H]		
CHEBI:187609	Chabrosterol		C27H42O2	398.631	O=C1[C@]2([C@]3([C@@]([C@](CC3)([C@@H](CCC(C(C)C)=C)C)[H])(CC[C@@]2(C4=C(C1)C[C@@H](O)CC4)[H])C)[H])[H]		
CHEBI:187627	3beta,12alpha-Dihydroxy-7-oxo-5beta-cholan-24-oic Acid		C24H38O5	406.563	O[C@@H]1[C@]2([C@]([C@]3([C@@]([C@@]4([C@](CC3=O)(C[C@@H](O)CC4)[H])C)(C1)[H])[H])(CC[C@@]2([C@@H](CCC(O)=O)C)[H])[H])C		
CHEBI:187704	cholesta-6,8(14)-dien-3beta,5alpha-diol		C27H44O2	400.647	O[C@]12[C@@](C3C(=C4[C@@]([C@](CC4)([C@@H](CCCC(C)C)C)[H])(CC3)C)C=C1)(CC[C@H](O)C2)C		
CHEBI:187771	5beta-Cholestane-2beta,3alpha,7alpha,12alpha,26-pentol		C27H48O5	452.676	O[C@@H]1[C@]2([C@]([C@]3([C@@]([C@@]4([C@](C[C@H]3O)(C[C@H](O)[C@@H](O)C4)[H])C)(C1)[H])[H])(CC[C@@]2([C@@H](CCCC(CO)C)C)[H])[H])C		
CHEBI:187791	Conicasterol B		C29H44O	408.670	O[C@@H]1C([C@]2([C@@](C=3C(C=4[C@@]([C@](CC4)([C@@H](CC[C@H](C(C)C)C)C)[H])(CC3)C)=CC2)(CC1)C)[H])=C		
CHEBI:187863	Dormatinone		C27H44O3	416.646	O[C@@H]1CC=2[C@@]([C@@]3([C@]([C@]4([C@@]([C@](CC4)([C@H](C)C(=O)CC[C@@H](CO)C)[H])(CC3)C)[H])(CC2)[H])[H])(CC1)C		
CHEBI:187921	Conicasterol D		C29H48O3	444.700	O[C@@]12[C@@]3([C@@](CCC1=C4[C@@]([C@](C[C@H]4O)([C@@H](CC[C@H](C(C)C)C)C)[H])(CC2)C)(C([C@@H](O)CC3)=C)[H])C		
CHEBI:187932	1alpha,3alpha-Dihydroxy-5beta-cholan-24-oic Acid		C24H40O4	392.580	O[C@@H]1[C@@]2([C@@]3([C@]([C@]4([C@@]([C@](CC4)([C@@H](CCC(O)=O)C)[H])(CC3)C)[H])(CC[C@@]2(C[C@H](O)C1)[H])[H])[H])C		
CHEBI:187936	24-ethyl-5alpha-cholest-25-en-3alpha,12alpha,16alpha-triol		C29H50O3	446.716	O[C@@H]1[C@]2([C@]([C@]3([C@@]([C@@]4([C@@](CC3)(C[C@H](O)CC4)[H])C)(C1)[H])[H])(C[C@@H](O)[C@@]2([C@@H](CCC(CC)C(C)=C)C)[H])[H])C		
CHEBI:187951	24-methylene-cholest-5-en-3beta,23S-diol		C28H46O2	414.674	O[C@@H]1CC=2[C@@]([C@@]3([C@]([C@]4([C@@]([C@](CC4)([C@@H](C[C@H](O)C(C(C)C)=C)C)[H])(CC3)C)[H])(CC2)[H])[H])(CC1)C		
CHEBI:187967	7alpha,12alpha,25-Trihydroxy-5beta-cholestan-3-one		C27H46O4	434.661	O[C@@H]1[C@]2([C@]([C@]3([C@@]([C@@]4([C@](C[C@H]3O)(CC(=O)CC4)[H])C)(C1)[H])[H])(CC[C@@]2([C@@H](CCCC(O)(C)C)C)[H])[H])C		
CHEBI:187968	7alpha,12alpha,25-Trihydroxycholest-4-en-3-one		C27H44O4	432.645	O[C@@H]1[C@]2([C@]([C@]3([C@@]([C@@]4(C(C[C@H]3O)=CC(=O)CC4)C)(C1)[H])[H])(CC[C@@]2([C@@H](CCCC(O)(C)C)C)[H])[H])C		
CHEBI:187969	5beta-cholest-24-ene-3alpha,7alpha-diol		C27H46O2	402.663	O[C@H]1[C@]2([C@]3([C@@]([C@](CC3)([C@@H](CCC=C(C)C)C)[H])(CC[C@@]2([C@@]4([C@](C1)(C[C@H](O)CC4)[H])C)[H])C)[H])[H]		
CHEBI:187971	Theonellasterol D		C31H52O3	472.754	O([C@@]12[C@@]3([C@@](CCC1=C4[C@@]([C@](C[C@H]4O)([C@@H](CC[C@@H](C(C)C)CC)C)[H])(CC2)C)(C([C@@H](O)CC3)=C)[H])C)C		
CHEBI:187973	5-Cholestene-3beta,7alpha,12alpha,25-tetrol		C27H46O4	434.661	O[C@@H]1[C@]2([C@]([C@]3([C@@]([C@@]4(C(=C[C@H]3O)C[C@@H](O)CC4)C)(C1)[H])[H])(CC[C@@]2([C@@H](CCCC(O)(C)C)C)[H])[H])C		
CHEBI:187975	2beta,3alpha-Dihydroxy-5beta-cholan-24-oic Acid		C24H40O4	392.580	O[C@H]1C[C@@]2([C@@]3([C@]([C@]4([C@@]([C@](CC4)([C@@H](CCC(O)=O)C)[H])(CC3)C)[H])(CC[C@@]2(C[C@@H]1O)[H])[H])[H])C		
CHEBI:187976	Nebrosteroid L		C30H46O4	470.694	O([C@@H]1[C@]2([C@]3([C@@]([C@](CC3)([C@@H](CCC(C(C)C)=C)C)[H])(CC[C@@]2([C@@]4(C(=C1)C[C@@H](O)CC4)C=O)[H])C)[H])[H])C(=O)C		
CHEBI:188001	3alpha,7alpha-Dihydroxy-22-oxo-5beta-cholan-24-oic Acid		C24H38O5	406.563	O[C@H]1[C@]2([C@]3([C@@]([C@](CC3)([C@H](C)C(=O)CC(O)=O)[H])(CC[C@@]2([C@@]4([C@](C1)(C[C@H](O)CC4)[H])C)[H])C)[H])[H]		
CHEBI:188069	24-hydroperoxy-24-vinylcholesterol		C29H48O3	444.700	O[C@@H]1CC=2[C@@]([C@@]3([C@]([C@]4([C@@]([C@](CC4)([C@@H](CCC(OO)(C(C)C)C=C)C)[H])(CC3)C)[H])(CC2)[H])[H])(CC1)C		
CHEBI:188179	3beta,5alpha,9alpha-trihydroxycholest-7-en-6-one		C27H44O4	432.645	O[C@]12[C@@]3([C@](O)(C[C@@H](O)CC3)C(=O)C=C2[C@]4([C@@]([C@](CC4)([C@@H](CCCC(C)C)C)[H])(CC1)C)[H])C		
CHEBI:188194	17(20)-Dehydrocryptogenin		C27H40O4	428.613	O=C\1C[C@]2([C@]3([C@@]([C@@]4(C(=CC3)C[C@@H](O)CC4)C)(CC[C@@]2(/C1=C(\C)/C(=O)CC[C@H](CO)C)C)[H])[H])[H]		
CHEBI:188204	Nebrosteroid K		C28H46O3	430.673	O(C(=O)[C@@]12[C@@]3([C@]([C@]4([C@@]([C@](CC4)([C@@H](CCCC(C)C)C)[H])(CC3)C)[H])(CC=C1C[C@@H](O)CC2)[H])[H])C		
CHEBI:188205	3alpha,12alpha-Dihydroxy-15-oxo-5beta-chol-8(14)-en-24-oic Acid		C24H36O5	404.547	O[C@@H]1[C@]2(C(=C3[C@@]([C@@]4([C@](CC3)(C[C@H](O)CC4)[H])C)(C1)[H])C(=O)C[C@@]2([C@@H](CCC(O)=O)C)[H])C		
CHEBI:188424	2beta,3beta-Dihydroxy-6-oxo-5alpha-cholan-24-oic Acid		C24H38O5	406.563	O=C1[C@@]2([C@@]([C@@]3([C@]([C@]4([C@@]([C@](CC4)([C@@H](CCC(O)=O)C)[H])(CC3)C)[H])(C1)[H])[H])(C[C@H](O)[C@H](O)C2)C)[H]		
CHEBI:188685	Zanoterone		C23H32N2O3S	416.580	S(=O)(=O)(N1N=C2C[C@]3([C@@]([C@@]4([C@]([C@]5([C@](CC4)([C@@](O)(CC5)C#C)C)[H])(CC3)[H])[H])(CC2=C1)C)[H])C		
CHEBI:188919	a C27-steroid		C27H48	372.681	C1C2C3C(CCC2(C(C1)C(CCCC(C)C)C)C)C4(C(CC3)CCCC4)C		
CHEBI:188921	C28-steroid		C28H50	386.708	C1C2C3C(CCC2(C(C1)C(CCC(C(C)C)C)C)C)C4(C(CC3)CCCC4)C		
CHEBI:188923	C29-steroid		C29H52	400.735	C1C2C3C(CCC2(C(C1)C(CCC(C(C)C)CC)C)C)C4(C(CC3)CCCC4)C		
CHEBI:189079	Ergostene		C28H48	384.692	[C@]12([C@]([C@]3([C@@]([C@@]4(C(CC3)CCCC4)C)(CC1)[H])[H])(CC[C@@]2([C@@H](CC[C@H](C)C(C)=C)C)[H])[H])C		
CHEBI:189900	Polyporusterone C		C28H44O6	476.654	O[C@]12[C@@]([C@@]([C@@](O)([C@@H]3OC3C(C(C)C)C)C)(CC1)[H])(CC[C@@]4([C@@]5([C@@](C[C@@H](O)[C@@H](O)C5)(C(=O)C=C24)[H])C)[H])C		
CHEBI:189975	Uralenolide		C30H44O4	468.678	O1[C@@]2([C@]3(C(=C4[C@]([C@]5([C@@]([C@@]6([C@]([C@]([C@@H](O)CC6)(CO)C)(CC5)[H])C)(C=C4)[H])C)(CC3)C)C[C@@](C2)(C1=O)C)C)[H]		
CHEBI:189990	27alpha-Hydroxy-8-dehydrocholesterol		C27H44O2	400.647	O[C@@H]1CC=2[C@@](C3=C([C@@]4([C@@]([C@](CC4)([C@@H](CCC[C@H](CO)C)C)[H])(CC3)C)[H])CC2)(CC1)C		
CHEBI:190003	(3beta,5alpha,6alpha,22E,24R)-Ergosta-7,9(11),22-triene-3,5,6-triol		C28H44O3	428.657	OC12C(C=3C(C4C(C(CC4)C(C)/C=C/C(C(C)C)C)(CC3)C)=CC1O)(CCC(O)C2)C		
CHEBI:190164	Stigmastane-3,6-dione		C29H48O2	428.701	O=C1C2[C@@]([C@@]3([C@]([C@]4([C@@]([C@](CC4)([C@@H](CC[C@H](C(C)C)CC)C)[H])(CC3)C)[H])(C1)[H])[H])(CCC(=O)C2)C		
CHEBI:190314	20(17->12beta)-abeo-1alpha,25-dihydroxy-24-dihomo-21-norvitamin D3		C28H46O3	430.673	O[C@@H]1C\C(=C\C=C/2\[C@]3([C@]([C@@H](CC2)CCCCCCC(O)(C)C)(CCC3)C)[H])\C([C@@H](O)C1)=C		
CHEBI:190335	3alpha,12alpha-Dihydroxy-5beta-chol-7-en-24-oic Acid		C24H38O4	390.564	O[C@@H]1[C@]2([C@](C=3[C@@]([C@@]4([C@](CC3)(C[C@H](O)CC4)[H])C)(C1)[H])(CC[C@@]2([C@@H](CCC(O)=O)C)[H])[H])C		
CHEBI:190347	3alpha,12beta-Dihydroxy-5beta-chol-6-en-24-oic Acid		C24H38O4	390.564	O[C@H]1[C@]2([C@]([C@]3([C@@]([C@@]4([C@](C=C3)(C[C@H](O)CC4)[H])C)(C1)[H])[H])(CC[C@@]2([C@@H](CCC(O)=O)C)[H])[H])C		
CHEBI:190350	7alpha,25-Dihydroxy-5beta-cholestan-3-one		C27H46O3	418.662	O[C@H]1[C@]2([C@]3([C@@]([C@](CC3)([C@@H](CCCC(O)(C)C)C)[H])(CC[C@@]2([C@@]4([C@](C1)(CC(=O)CC4)[H])C)[H])C)[H])[H]		
CHEBI:190351	3alpha,7alpha-Dihydroxy-5beta-cholest-23-en-26-oic acid		C27H44O4	432.645	O[C@H]1[C@]2([C@]3([C@@]([C@](CC3)([C@@H](C/C=C/C(C)C(O)=O)C)[H])(CC[C@@]2([C@@]4([C@](C1)(C[C@H](O)CC4)[H])C)[H])C)[H])[H]		
CHEBI:190361	stigmasta-5,22E,25-trien-3beta-ol		C29H46O	410.686	O[C@@H]1CC=2[C@@]([C@@]3([C@]([C@]4([C@@]([C@](CC4)([C@H](C)/C=C/[C@@H](CC)C(C)=C)[H])(CC3)C)[H])(CC2)[H])[H])(CC1)C		
CHEBI:190362	20S-Hydroxycholest-1-en-3,16-dione		C27H42O3	414.630	O[C@]([C@@]1([C@@]2([C@]([C@]3([C@@]([C@@]4([C@@](CC3)(CC(=O)C=C4)[H])C)(CC2)[H])[H])(CC1=O)[H])C)[H])(CCCC(C)C)C		
CHEBI:190382	5alpha-Cholestane-3beta,7alpha,12alpha,25,26-pentol		C27H48O5	452.676	O[C@@H]1[C@]2([C@]([C@]3([C@@]([C@@]4([C@@](C[C@H]3O)(C[C@@H](O)CC4)[H])C)(C1)[H])[H])(CC[C@@]2([C@@H](CCCC(O)(CO)C)C)[H])[H])C		
CHEBI:190406	7 alpha,26-Dihydroxy-4-cholesten-3-one		C27H44O3	416.646	OC1C2C3[C@@](C(CC3)[C@@H](CCCC(CO)C)C)(CCC2[C@@]4(C(C1)=CC(=O)CC4)C)C		
CHEBI:191170	Turkesterone		C27H44O8	496.641	O[C@]12[C@@]([C@](CC1)([C@@](O)([C@H](O)CCC(O)(C)C)C)[H])(C[C@@H](O)[C@@]3([C@@]4([C@@](C[C@@H](O)[C@@H](O)C4)(C(=O)C=C23)[H])C)[H])C		
CHEBI:191496	Stigmastentriol		C29H50O3	446.716	OC1C2C3C(C(CC3)C(C(O)CC(C(C)C)CC)C)(CCC2C4(C(=C1)CC(O)CC4)C)C		
CHEBI:191540	Isofucosterol 3-O-[6-O-(9,12-Octadecadienoyl)-b-D-glucopyranoside]		C53H88O7	837.280	O(C1CC=2C(C3C(C4C(C(CC4)C(CC/C(/C(C)C)=C\C)C)(CC3)C)CC2)(CC1)C)C5OC(C(O)C(O)C5O)COC(=O)CCCCCCC/C=C/C/C=C/CCCCC		
CHEBI:191553	7-Oxostigmasterol		C29H46O2	426.685	O=C1[C@]2([C@]3([C@@]([C@](CC3)([C@H](C)/C=C/[C@H](C(C)C)CC)[H])(CC[C@@]2([C@@]4(C(=C1)C[C@@H](O)CC4)C)[H])C)[H])[H]		
CHEBI:191591	Momordenol		C29H46O2	426.685	O=C1C(C2(C(C3C(C4(C(=CC3)CC(O)CC4)C)CC2)=C1)C)C(CCC(C(C)C)CC)C		
CHEBI:191778	Stigmast-4-ene-3,6-dione		C29H46O2	426.685	O=C1C[C@]2([C@]3([C@@]([C@](CC3)([C@@H](CC[C@H](C(C)C)CC)C)[H])(CC[C@@]2([C@@]4(C1=CC(=O)CC4)C)[H])C)[H])[H]		
CHEBI:191954	(24R)-Ergost-4-ene-3,6-dione		C28H44O2	412.658	O=C1CC2C3C(C(CC3)C(CCC(C(C)C)C)C)(CCC2C4(C1=CC(=O)CC4)C)C		
CHEBI:191983	Amasterol		C28H44O2	412.658	OC(C1C2(C(CC1)C=3C(C4(C(=CC3)CC(O)CC4)C)CC2)C)(CCC(C(C)C)=C)C		
CHEBI:191986	(2beta,3alpha,9alpha,24R)-Ergosta-7,22-diene-2,3,9-triol		C28H46O3	430.673	O[C@]12[C@@]3(C(CC=C2C4[C@@]([C@](CC4)([C@H](C)/C=C/[C@@H](C(C)C)C)[H])(CC1)C)C[C@H](O)[C@@H](O)C3)C		
CHEBI:191992	(3beta,4alpha,5alpha,23E)-4-Methylergosta-7,23-dien-3-ol		C29H48O	412.702	OC1C(C2C(C3C(C4C(C(CC4)C(C/C=C(/C(C)C)\C)C)(CC3)C)=CC2)(CC1)C)C		
CHEBI:191998	Stigmast-22-ene-3,6-dione		C29H46O2	426.685	O=C1C2[C@@]([C@@]3([C@]([C@]4([C@@]([C@](CC4)([C@H](C)C=C[C@H](C(C)C)CC)[H])(CC3)C)[H])(C1)[H])[H])(CCC(=O)C2)C		
CHEBI:192002	(3beta,5alpha,6alpha,7beta,22E,24R)-5,6-Epoxyergosta-8(14),22-diene-3,7-diol		C28H44O3	428.657	O1C23C(C4C(C(O)C12)=C5C(CC4)(C(CC5)C(C)/C=C/C(C(C)C)C)C)(CCC(O)C3)C		
CHEBI:192017	(3beta,5alpha,6alpha)-Cholest-8-ene-3,6-diol		C27H46O2	402.663	OC1C2C(C3=C(C4C(C(CC4)C(CCCC(C)C)C)(CC3)C)C1)(CCC(O)C2)C		
CHEBI:192020	25-Methyl-24-methylenecholesterol		C29H48O	412.702	OC1CC=2C(C3C(C4C(C(CC4)C(CCC(C(C)(C)C)=C)C)(CC3)C)CC2)(CC1)C		
CHEBI:192029	(6beta,24R)-6-Hydroxystigmast-4-en-3-one		C29H48O2	428.701	OC1CC2C3C(C(CC3)C(CCC(C(C)C)CC)C)(CCC2C4(C1=CC(=O)CC4)C)C		
CHEBI:192034	Stigmasta-4,6-dien-3-one		C29H46O	410.686	O=C1CCC2(C3C(C4C(C(CC4)C(CCC(C(C)C)CC)C)(CC3)C)C=CC2=C1)C		
CHEBI:192151	5beta-Cholestane-2beta,3alpha,7alpha,12alpha,26,27-hexol		C27H48O6	468.675	O[C@@H]1[C@]2([C@]([C@]3([C@@]([C@@]4([C@](C[C@H]3O)(C[C@H](O)[C@@H](O)C4)[H])C)(C1)[H])[H])(CC[C@@]2([C@@H](CCCC(CO)CO)C)[H])[H])C		
CHEBI:192164	7-Dehydrocholesterol 5,6-oxide		C27H44O2	400.647	O1[C@@]23[C@@]([C@@]4(C([C@]5([C@@]([C@](CC5)([C@@H](CCCC(C)C)C)[H])(CC4)C)[H])=C[C@@]12[H])[H])(CC[C@H](O)C3)C		
CHEBI:192292	Cholestane-3,5,6-triol		C27H48O3	420.678	OC12[C@@]([C@@]3([C@]([C@]4([C@@]([C@](CC4)([C@@H](CCCC(C)C)C)[H])(CC3)C)[H])(CC1O)[H])[H])(CCC(O)C2)C		
CHEBI:192613	3'-Hydroxystanozolol		C21H32N2O2	344.499	O[C@@]1([C@@]2([C@]([C@]3([C@@]([C@@]4([C@@](CC3)(CC=5NNC(=O)C5C4)[H])C)(CC2)[H])[H])(CC1)[H])C)C		
CHEBI:192717	Dihydroxycholesterol		C27H46O3	418.662	O[C@@H]1CC=2[C@@]([C@@]3([C@]([C@]4([C@@]([C@](CC4)([C@@H](CCCC(C(O)O)C)C)[H])(CC3)C)[H])(CC2)[H])[H])(CC1)C		
CHEBI:193179	cholest-5-en-23-yn-3beta-ol		C27H42O	382.632	O[C@@H]1CC=2[C@@]([C@@]3([C@]([C@]4([C@@]([C@](CC4)([C@@H](CC#CC(C)C)C)[H])(CC3)C)[H])(CC2)[H])[H])(CC1)C		
CHEBI:193197	11beta,12beta-Dihydroxy-5beta-cholan-24-oic Acid		C24H40O4	392.580	O[C@H]1[C@]2([C@]([C@]3([C@@]([C@@]4([C@](CC3)(CCCC4)[H])C)([C@H]1O)[H])[H])(CC[C@@]2([C@@H](CCC(O)=O)C)[H])[H])C		
CHEBI:193266	3beta,6alpha-dihydroxy-5alpha-cholesta-9(11),24-dien-23-one		C27H42O3	414.630	O[C@@H]1[C@@]2(C(C=3C(C4C(C(CC4)C(CC(=O)C=C(C)C)C)(CC3)C)C1)(CC[C@H](O)C2)C)[H]		
CHEBI:193288	3alpha,12alpha-Dihydroxy-6-oxo-5beta-chol-7-en-24-oic Acid		C24H36O5	404.547	O[C@@H]1[C@]2([C@](C=3[C@@]([C@@]4([C@@](C[C@H](O)CC4)(C(=O)C3)[H])C)(C1)[H])(CC[C@@]2([C@@H](CCC(O)=O)C)[H])[H])C		
CHEBI:193354	3beta,5alpha-dihydroxycholesta-7,9(11)-dien-6-one		C27H42O3	414.630	O[C@]12[C@@](C=3C([C@]4([C@@]([C@](CC4)([C@@H](CCCC(C)C)C)[H])(CC3)C)[H])=CC1=O)(CC[C@H](O)C2)C		
CHEBI:193404	24-isopropenyl-22E-dehydrocholesterol		C30H48O	424.713	O[C@@H]1CC=2[C@@]([C@@]3([C@]([C@]4([C@@]([C@](CC4)([C@H](C)/C=C/C(C(C)C)C(C)=C)[H])(CC3)C)[H])(CC2)[H])[H])(CC1)C		
CHEBI:193418	23,24-dihydro-5alpha-calystanol		C29H50O	414.718	O[C@@H]1C[C@]2([C@@]([C@@]3([C@]([C@]4([C@@]([C@](CC4)([C@@H](C[C@@H]5[C@H]([C@@H]5C)C(C)C)C)[H])(CC3)C)[H])(CC2)[H])[H])(CC1)C)[H]		
CHEBI:193477	(25S)-5alpha-cholestan-3beta,6alpha,8,15beta,16beta,26-hexol		C27H48O6	468.675	O[C@]12[C@]3([C@@]([C@]([C@@H](O)[C@H]3O)([C@@H](CCC[C@@H](CO)C)C)[H])(CC[C@@]1([C@@]4([C@@]([C@@H](O)C2)(C[C@@H](O)CC4)[H])C)[H])C)[H]		
CHEBI:193539	24-allenyl-cholesterol		C29H46O	410.686	O[C@@H]1CC=2[C@@]([C@@]3([C@]([C@]4([C@@]([C@](CC4)([C@@H](CCC(C(C)C)=C=C)C)[H])(CC3)C)[H])(CC2)[H])[H])(CC1)C		
CHEBI:193541	7alpha,12alpha-Dihydroxy-5beta-chol-3-en-24-oic Acid		C24H38O4	390.564	O[C@@H]1[C@]2([C@]([C@]3([C@@]([C@@]4([C@](C[C@H]3O)(C=CCC4)[H])C)(C1)[H])[H])(CC[C@@]2([C@@H](CCC(O)=O)C)[H])[H])C		
CHEBI:195266	Sodium taurochenodeoxycholate		C26H44NO6S.Na	521.690	S([O-])(=O)(=O)CCNC(=O)CC[C@H]([C@@]1([C@@]2([C@]([C@]3([C@@]([C@@]4([C@](C[C@H]3O)(C[C@H](O)CC4)[H])C)(CC2)[H])[H])(CC1)[H])C)[H])C.[Na+]		
CHEBI:196593	3beta,19-Dihydroxychol-5-en-24-oic Acid		C24H38O4	390.564	OC[C@@]12[C@@]3([C@]([C@]4([C@@]([C@](CC4)([C@@H](CCC(O)=O)C)[H])(CC3)C)[H])(CC=C1C[C@@H](O)CC2)[H])[H]		
CHEBI:196594	3alpha,7alpha-Dihydroxy-5beta-chol-16-en-24-oic Acid		C24H38O4	390.564	O[C@H]1[C@@]2([C@@]([C@@]3([C@](C1)(C[C@H](O)CC3)[H])C)(CC[C@]4([C@]2(CC=C4[C@@H](CCC(O)=O)C)[H])C)[H])[H]		
CHEBI:196595	3alpha,12alpha-Dihydroxy-5beta-chol-8-en-24-oic Acid		C24H38O4	390.564	O[C@@H]1[C@]2([C@](C3=C([C@@]4([C@](CC3)(C[C@H](O)CC4)[H])C)C1)(CC[C@@]2([C@@H](CCC(O)=O)C)[H])[H])C		
CHEBI:196596	3alpha,12alpha-Dihydroxy-5beta-chol-9(11)-en-24-oic Acid		C24H38O4	390.564	O[C@@H]1[C@]2([C@]([C@]3(C([C@@]4([C@](CC3)(C[C@H](O)CC4)[H])C)=C1)[H])(CC[C@@]2([C@@H](CCC(O)=O)C)[H])[H])C		
CHEBI:196597	3beta,7beta-Dihydroxychol-5-en-24-oic Acid		C24H38O4	390.564	O[C@@H]1[C@]2([C@]3([C@@]([C@](CC3)([C@@H](CCC(O)=O)C)[H])(CC[C@@]2([C@@]4(C(=C1)C[C@@H](O)CC4)C)[H])C)[H])[H]		
CHEBI:196598	3beta,7alpha-Dihydroxychol-5-en-24-oic Acid		C24H38O4	390.564	O[C@H]1[C@]2([C@]3([C@@]([C@](CC3)([C@@H](CCC(O)=O)C)[H])(CC[C@@]2([C@@]4(C(=C1)C[C@@H](O)CC4)C)[H])C)[H])[H]		
CHEBI:196599	3beta,7alpha-Dihydroxychol-4-en-24-oic Acid		C24H38O4	390.564	O[C@H]1[C@]2([C@]3([C@@]([C@](CC3)([C@@H](CCC(O)=O)C)[H])(CC[C@@]2([C@@]4(C(C1)=C[C@@H](O)CC4)C)[H])C)[H])[H]		
CHEBI:196600	3alpha,7beta-Dihydroxy-5beta-chol-11-en-24-oic Acid		C24H38O4	390.564	O[C@@H]1[C@]2([C@]3([C@@]([C@](CC3)([C@@H](CCC(O)=O)C)[H])(C=C[C@@]2([C@@]4([C@](C1)(C[C@H](O)CC4)[H])C)[H])C)[H])[H]		
CHEBI:196601	3alpha,7beta-Dihydroxychol-5-en-24-oic Acid		C24H38O4	390.564	O[C@@H]1[C@]2([C@]3([C@@]([C@](CC3)([C@@H](CCC(O)=O)C)[H])(CC[C@@]2([C@@]4(C(=C1)C[C@H](O)CC4)C)[H])C)[H])[H]		
CHEBI:196602	3alpha,7alpha-Dihydroxy-5beta-chol-11-en-24-oic Acid		C24H38O4	390.564	O[C@H]1[C@]2([C@]3([C@@]([C@](CC3)([C@@H](CCC(O)=O)C)[H])(C=C[C@@]2([C@@]4([C@](C1)(C[C@H](O)CC4)[H])C)[H])C)[H])[H]		
CHEBI:196603	3alpha,7alpha-Dihydroxychol-5-en-24-oic Acid		C24H38O4	390.564	O[C@H]1[C@]2([C@]3([C@@]([C@](CC3)([C@@H](CCC(O)=O)C)[H])(CC[C@@]2([C@@]4(C(=C1)C[C@H](O)CC4)C)[H])C)[H])[H]		
CHEBI:196604	3alpha,12alpha-Dihydroxy-5beta-chol-14-en-24-oic Acid		C24H38O4	390.564	O[C@@H]1[C@]2(C([C@]3([C@@]([C@@]4([C@](CC3)(C[C@H](O)CC4)[H])C)(C1)[H])[H])=CC[C@@]2([C@@H](CCC(O)=O)C)[H])C		
CHEBI:196606	3alpha,12beta-Dihydroxy-5beta-chol-9(11)-en-24-oic Acid		C24H38O4	390.564	O[C@H]1[C@]2([C@]([C@]3(C([C@@]4([C@](CC3)(C[C@H](O)CC4)[H])C)=C1)[H])(CC[C@@]2([C@@H](CCC(O)=O)C)[H])[H])C		
CHEBI:196608	7alpha,12alpha-Dihydroxy-5beta-chol-2-en-24-oic Acid		C24H38O4	390.564	O[C@@H]1[C@]2([C@]([C@]3([C@@]([C@@]4([C@](C[C@H]3O)(CC=CC4)[H])C)(C1)[H])[H])(CC[C@@]2([C@@H](CCC(O)=O)C)[H])[H])C		
CHEBI:197168	Norselic acid C		C28H40O3	424.625	OC(=O)[C@@]12[C@]([C@]3([C@](CC1)([C@@]4(C(CC3)=CC(=O)C=C4)C)[H])[H])(CC[C@@]2([C@@H](CCC(C(C)C)=C)C)[H])[H]		
CHEBI:197700	5alpha,8alpha-epidioxy-24(R)-methylcholesta-6,22-dien-3beta-ol		C28H46O3	430.673	O1O[C@@]23[C@@](CC[C@@H](C2)O)(C)[C@@H]4[C@@]1([C@H]5[C@]([C@@H]([C@@H](/C=C/[C@@H](C(C)C)C)C)CC5)(C)CC4)CC3		
CHEBI:197720	Leiwansterol A		C29H48O4	460.699	O=C1C2=C3[C@]([C@H]([C@H](CC[C@@H](C(C)C)CC)C)C[C@H]3O)(CC[C@@]2(O)[C@@]4(CC[C@H](C[C@H]4C1)O)C)C		
CHEBI:198061	4-methyl-24-methylene-5alpha-cholest-8(9)-en-12beta-acetoxy-3beta-ol-29-oic acid		C32H50O5	514.747	O=C(O)[C@@]1([C@@H](O)CC[C@]2([C@H]1CCC3=C2C[C@@H](OC(=O)C)[C@]4([C@H]3CC[C@@H]4C(CCC(=C)C(C)C)C)C)C)C		
CHEBI:198123	7-hydroxyergosterol		C28H44O2	412.658	OC1=C2C([C@]3(CC[C@@H](CC3=C1)O)C)CC[C@]4([C@H]2CCC4[C@@H](/C=C/[C@@H](C(C)C)C)C)C		
CHEBI:198219	(17beta,20R,22E,24R)-1-methyl-19-norergosta-1,3,5,7,9,14,22-heptaene		C28H36	372.596	C1=2C(C=CC3=C1CC[C@]4(C3=CC[C@@H]4[C@@H](/C=C/[C@H](C(C)C)C)C)C)=CC=CC2C		
CHEBI:198363	Fomentarol D		C34H54O9	606.797	O=C1C=C2[C@H](CC[C@]3([C@H]2[C@@H](O[C@@H]4O[C@@H]([C@@H](O)[C@@H]([C@H]4O)O)CO)C[C@@H]3[C@@H](/C=C/[C@@H](C(O)(C)C)C)C)C)[C@@]5([C@@H]1C[C@@H](O)CC5)C		
CHEBI:198451	Igniaren C		C30H50O2	442.728	O[C@H]1[C@H](C2[C@](C3=C([C@]4([C@]([C@@H]([C@@H]([C@H](O)CC(=C)C(C)C)C)CC4)(C)CC3)C)CC2)(C)CC1)C		
CHEBI:198465	Fomentarol C		C30H50O3	458.727	O([C@@H]1C=C2[C@H](CC[C@]3([C@H]2CC[C@@H]3[C@@H](/C=C/[C@@H](C(C)C)C)C)C)[C@@]4([C@]1(O)C[C@@H](O)CC4)C)CC		
CHEBI:198679	(20S,22R,24R)-16,22-epoxy-3beta,14alpha,23beta,25-tetrahydroxyergost-7-en-6-one		C28H44O6	476.654	O=C1C=C2[C@@]3(O)[C@@]([C@H]4[C@@H]([C@H]([C@@H](O)[C@H](C(O)(C)C)C)O[C@H]4C3)C)(CC[C@@H]2[C@@]5([C@H]1C[C@@H](O)CC5)C)C		
CHEBI:198745	Panuosterone		C28H46O7	494.669	O=C1C=C2[C@@]3(O)[C@@]([C@@H](C(O)([C@H](O)CC(O)(C(C)C)C)C)CC3)(CCC2[C@@]4([C@H]1C[C@@H](O)[C@H](C4)O)C)C		
CHEBI:198761	6alpha-Hydroxypolyporenic acid C		C31H46O5	498.704	O=C1C([C@H]2[C@](C=3C([C@]4([C@]([C@@H]([C@H](C(=O)O)CCC(=C)C(C)C)[C@@H](C4)O)(C)CC3)C)=C[C@@H]2O)(C)CC1)(C)C		
CHEBI:198927	Ergosta-7,22-dien-2beta,3alpha,9alpha-triol		C28H46O3	430.673	O[C@]12C(=CCC3[C@@]1(C[C@H](O)[C@H](C3)O)C)[C@H]4[C@]([C@@H]([C@@H](C=C[C@@H](C(C)C)C)C)CC4)(C)CC2		
CHEBI:198996	(14alpha,22E)-14-hydroxyergosta-7,22-diene-3,6-dione		C28H42O3	426.641	O=C1C=C2[C@@]3(O)[C@@]([C@@H]([C@@H](/C=C/[C@@H](C(C)C)C)C)CC3)(CC[C@@H]2[C@@]4(C1CC(=O)CC4)C)C		
CHEBI:199204	S19159		C30H44O5	484.677	O=C1[C@]23[C@]4(C(=CC[C@H]2[C@@](C(=O)O)(C)[C@H](C1)O)[C@H]5[C@]([C@@H]([C@@H](CCC(=C)C(C)C)C)CC5)(C)C[C@H]4O)C3		
CHEBI:199250	Gymnasterone B		C28H40O3	424.625	O=C1C=C2[C@@]34O[C@@H]3C[C@@H]([C@]4(CC[C@@H]2[C@@]5([C@H]1CC(=O)CC5)C)C)[C@@H](/C=C/[C@@H](C(C)C)C)C		
CHEBI:199300	(22E, 24R)-23-methylergosta-7, 22-diene-3beta, 5alpha, 6beta-triol		C29H48O3	444.700	O[C@]12[C@@]([C@@H]3C([C@H]4[C@]([C@@H]([C@@H](/C=C(/[C@@H](C(C)C)C)\C)C)CC4)(C)CC3)=C[C@H]1O)(CC[C@@H](C2)O)C		
CHEBI:199339	5a-Cholestan-3beta-ol		C27H48O	388.680	O[C@@H]1C[C@H]2[C@](C3C(C4[C@]([C@@H]([C@@H](CCCC(C)C)C)CC4)(C)CC3)CC2)(C)CC1		
CHEBI:199340	Penicillisterol		C28H44O5	460.655	O=C1[C@@H]2C3=C([C@@]4([C@@](O)(C[C@@H](O)CC4)[C@H]([C@@H]3O)O)C)CC[C@]2(C)[C@H](C1)[C@@H](/C=C/[C@@H](C(C)C)C)C		
CHEBI:199379	Fomefficinic acid E		C33H50O5	526.758	O=C1C(C2[C@](C3C([C@]4(C([C@@H]([C@H](C(=O)O)CCC(=C)C(C)C)C[C@@H]4OC(=O)C)(C)CC3)C)=CC2)(C)CC1)(C)C		
CHEBI:199386	Gymnasterol		C28H42O3	426.641	O1[C@@]23C4=C[C@H](O)C5=C[C@@H](O)CC[C@@]5([C@H]4CC[C@@]2([C@@H](C(/C=C/C(C(C)C)C)C)C[C@@H]13)C)C		
CHEBI:199730	A-108835		C32H50O8S	594.800	S(=O)(=O)(O[C@@H]1C([C@H]2[C@](C3=C(C4=CC[C@@H]([C@@]4(C)[C@H]([C@@H]3O)OC(=O)C)[C@@H](CCC(=C)C(C)C)C)CC2)(C)C[C@H]1O)(C)C)O		
CHEBI:199826	3beta,5alpha-dihydroxy-(22E,24R)-ergosta-22-en-7-one-6beta-yl oleate		C46H78O5	711.125	O=C1[C@@H](OC(=O)CCCCCCC/C=C\CCCCCCCC)[C@]2(O)[C@@](CC[C@@H](C2)O)(C)[C@@H]3[C@@H]1[C@H]4[C@]([C@@H]([C@@H](/C=C/[C@@H](C(C)C)C)C)CC4)(C)CC3		
CHEBI:200103	Xylabisboein A		C20H28O3	316.441	O=C1O[C@@H]2C=C3[C@H]4OCC[C@@]4(C)CC[C@@H]3[C@@]5([C@@H]2[C@@]1(CCC5)C)C		
CHEBI:200153	Fomefficinic acid B		C31H48O4	484.721	O=C(O)[C@@H]([C@@H]1[C@@]2([C@@](C=3C([C@@]4([C@H](C([C@H](O)CC4)(C)C)CC3)C)=CC2)(C)[C@H](C1)O)C)CCC(=C)C(C)C		
CHEBI:200280	Gloeophyllin E		C32H48O6	528.730	O=C1[C@@H]2C(=C[C@@H](OC(=O)C)[C@]3([C@H]2CC[C@@H]3[C@@H](CCC(=C)C(C)C)C)C)[C@]4(CC[C@@H]([C@]([C@@H]4C1)(C(=O)O)C)O)C		
CHEBI:200424	22E,24R-3beta, 5alpha ,6alpha-trihydroxyergosta-7, 22-diene		C28H46O3	430.673	O[C@]12[C@@]([C@@H]3C([C@H]4[C@]([C@@H]([C@@H](/C=C/[C@@H](C(C)C)C)C)CC4)(C)CC3)=C[C@@H]1O)(CC[C@@H](C2)O)C		
CHEBI:200490	(22E,24R)-ergosta-7,9(11),22-triene-3beta,5alpha,6beta-triol		C28H44O3	428.657	O[C@]12[C@@](C=3C([C@H]4[C@]([C@@H]([C@@H](/C=C/C(C(C)C)C)C)CC4)(C)CC3)=C[C@H]1O)(CC[C@@H](C2)O)C		
CHEBI:200580	5alpha,8alpha-epidioxyergosta-6,22-dien-3beta-ol		C28H44O3	428.657	O1O[C@@]23C=C[C@]14C(CC[C@]5(C4CC[C@@H]5[C@@H](/C=C/[C@@H](C(C)C)C)C)C)[C@]2(CC[C@@H](C3)O)C		
CHEBI:200623	Bendigole C		C24H34O5	402.531	O=C1C=C2[C@]([C@@H]3[C@H]([C@H]4[C@]([C@@H]([C@@H](C(O)CC(=O)O)C)CC4)(C)[C@H](C3)O)CC2)(C)C=C1		
CHEBI:200973	Erinarol A		C46H76O4	693.110	O=C(O[C@H]1C2=C3[C@@]([C@@H]([C@@H](/C=C/[C@@H](C(C)C)C)C)CC3)(CC[C@@H]2[C@]4(CC[C@@H](C[C@@]54[C@H]1O5)O)C)C)CCCCCCC/C=C\CCCCCCCC		
CHEBI:201057	Polyporoid A		C28H44O7	492.653	O=C1C=C2[C@@]3(O)[C@@]([C@H]4[C@@](O)([C@H]([C@@H](O)C(C(C)C)C)O[C@H]4C3)C)(CC[C@@H]2[C@@]5([C@H]1C[C@@H](O)[C@H](C5)O)C)C		
CHEBI:201065	Ganodermaside B		C28H40O2	408.626	O=C1C=C2C=CC3=C4[C@]([C@@H]([C@@H](/C=C/[C@@H](C(C)C)C)C)C[C@H]4O)(C)CC[C@@H]3[C@@]2(C)CC1		
CHEBI:201099	22xi-acetoxy-3beta,23xi-dihydroxy-24(28)Z-ethylidenelanost-8-ene		C34H56O4	528.818	O=C(O[C@H]([C@H](O)/C(=C/C)/C(C)C)[C@H]([C@@H]1[C@@]2([C@@](C3=C([C@@]4([C@H](C([C@@H](O)CC4)(C)C)CC3)C)CC2)(C)CC1)C)C)C		
CHEBI:201273	(1S,2R,5R,6R,10R,13S,15S)-5-[(E,2R,5R)-5-ethyl-6-methylhept-3-en-2-yl]-6,10-dimethyl-16,17-dioxapentacyclo[13.2.2.01,9.02,6.010,15]nonadeca-8,18-dien-13-ol		C29H44O3	440.668	O1O[C@@]23C=C[C@]14C(=CC[C@]5([C@H]4CC[C@@H]5[C@@H](/C=C/[C@@H](C(C)C)CC)C)C)[C@]2(CC[C@@H](C3)O)C		
CHEBI:201293	Ganodermaside A		C28H40O2	408.626	O=C1C=C2C=CC3=C4[C@]([C@@H]([C@@H](/C=C/[C@@H](C(C)C)C)C)C[C@@H]4O)(C)CCC3[C@@]2(C)CC1		
CHEBI:201313	Ananstrep A		C28H46O4	446.672	O[C@]12[C@@]([C@@H]3C([C@H]4[C@]([C@@H]([C@@H](/C=C/[C@@H](C(CO)C)C)C)CC4)(C)CC3)=C[C@H]1O)(CC[C@@H](C2)O)C		
CHEBI:201318	Phycomysterol A		C27H40O	380.616	O[C@@H]1CC2=C(C3=C([C@H]4[C@]([C@@H]([C@@H](CCC(=C)C(C)C)C)CC4)(C)CC3)C=C2)CC1		
CHEBI:201633	11-Oacetyl-NGA0187		C32H50O7	546.745	O=C1[C@H](O)[C@@H]2[C@H]([C@@H](OC(=O)C)C[C@]3([C@H]2C[C@H](OC(=O)C)[C@@H]3[C@@H](/C=C/[C@@H](C(C)C)C)C)C)[C@@]4([C@@H]1C[C@@H](O)CC4)C		
CHEBI:201764	3beta-hydroxy-1,11-dioxo-ergosta-8,24(28)-diene-4alpha-carboxylic acid		C29H42O5	470.650	O=C1C2=C([C@@H]3CC[C@@H]([C@]3(C1)C)[C@@H](CCC(=C)C(C)C)C)CC[C@@H]4[C@@]2(C(=O)C[C@H](O)[C@H]4C(=O)O)C		
CHEBI:202219	5alpha,6alpha-epoxy-24(R)-methylcholesta-7,22-dien-3beta-ol		C28H44O2	412.658	O1[C@]23[C@@]([C@H]4CC[C@]5([C@H](C4=C[C@H]12)CC[C@@H]5[C@@H](/C=C/[C@@H](C(C)C)C)C)C)(CC[C@@H](C3)O)C		
CHEBI:202229	Nodulisporiviridin F		C20H22O5	342.391	O=C1C2=C([C@]3(CC[C@@H](C=4C3=C1OC4)O)C)[C@@H](O)C[C@]5([C@H]2CCC5=O)C		
CHEBI:202310	3b,5a,6a-Trihydroxyergosta-7,22-diene 6-O-benzoate		C35H50O4	534.781	O=C(O[C@H]1C=C2C(CC[C@]3(C2CC[C@@H]3[C@@H](/C=C/[C@@H](C(C)C)C)C)C)[C@@]4([C@]1(O)C[C@@H](O)CC4)C)C5=CC=CC=C5		
CHEBI:202490	Ergost-7-en-3-one		C28H46O	398.675	O=C1C[C@H]2[C@]([C@@H]3C([C@H]4[C@]([C@@H]([C@@H](CC[C@@H](C(C)C)C)C)CC4)(C)CC3)=CC2)(C)CC1		
CHEBI:202491	Sespenine		C23H29NO4	383.488	O=C1[C@@H]2NC3=C(C=CC=C3)[C@]4(C2)CC[C@@H]5[C@@]([C@H]4C1)(CC[C@@H]([C@]5(C(=O)O)C)O)C		
CHEBI:202590	Dehydroazasirosterol		C46H59NO6	721.979	O=C1C=2N[C@]34[C@@](C5C(C6[C@]([C@@H]([C@@H](/C=C/[C@@H](C(C)C)C)C)CC6)(C)CC5)=C[C@@H]3OC2C=7C(O)=CC=C8C7C1=C(O)C=9C(C(C)OC89)(C)C)(CC[C@@H](C4)O)C		
CHEBI:202680	(24S)-ergost-7-ene-3beta, 5alpha, 6beta, 9alpha-tetrol		C28H48O4	448.688	O[C@]12C(=C[C@@H](O)[C@@]3([C@@]1(CC[C@@H](C3)O)C)O)[C@H]4[C@]([C@@H]([C@@H](CC[C@@H](C(C)C)C)C)CC4)(C)CC2		
CHEBI:202719	Anicequol		C30H48O6	504.708	O=C1[C@H](O)[C@@H]2[C@H]([C@@H](O)C[C@]3([C@H]2C[C@H](OC(=O)C)[C@@H]3[C@@H](/C=C/[C@@H](C(C)C)C)C)C)[C@@]4([C@@H]1C[C@@H](O)CC4)C		
CHEBI:202955	Sirosterol		C47H60O7	736.990	O=C1C=2O[C@]34[C@@](C5C(C6[C@]([C@@H]([C@@H](/C=C/[C@@H](C(C)C)C)C)CC6)(C)CC5)=C[C@@H]3OC2C=7C(O)=CC(=C8C7C1=C(O)C=9C(C(C)OC89)(C)C)C)(CC[C@@H](C4)O)C		
CHEBI:203009	Ergosta-7,22-diene-3-one		C28H44O	396.659	O=C1CC2[C@]([C@@H]3C([C@H]4[C@]([C@@H]([C@@H](C=CC(C(C)C)C)C)CC4)(C)CC3)=CC2)(C)CC1		
CHEBI:203083	(22E,24R)-3-acetoxy-19(10-->6)-abeo-ergosta-5,7,9,22-tetraen-3beta-OL		C30H44O2	436.680	O=C(O[C@@H]1CC2=C(C3=C([C@H]4[C@]([C@@H]([C@@H](/C=C/[C@@H](C(C)C)C)C)CC4)(C)CC3)C=C2C)CC1)C		
CHEBI:203383	Ergost-7-en-3beta-ol		C28H48O	400.691	O[C@@H]1CC2[C@]([C@@H]3C([C@H]4[C@]([C@@H]([C@@H](CC[C@@H](C(C)C)C)C)CC4)(C)CC3)=CC2)(C)CC1		
CHEBI:203493	Gargalol A		C28H44O3	428.657	O1[C@@]23[C@@]([C@@H]4C([C@H]5[C@]([C@@H]([C@@H](/C=C/[C@@H](C(C)C)C)C)CC5)(C)CC4)=C[C@@H]2O)(CC[C@@H]([C@H]13)O)C		
CHEBI:203546	3beta,5alpha-dihydroxy-6beta-methoxyergosta-7,22-diene		C29H48O3	444.700	O([C@@H]1C=C2[C@H](CC[C@]3([C@H]2CC[C@@H]3[C@@H](/C=C/C(C(C)C)C)C)C)[C@@]4([C@]1(O)C[C@@H](O)CC4)C)C		
CHEBI:203650	(14beta,22E)-9,14-dihydroxyergosta-4,7,22-triene-3,6-dione		C28H40O4	440.624	O=C1C2=CC(=O)CC[C@@]2([C@@]3(O)CC[C@]4([C@](C3=C1)(O)CC[C@@H]4[C@@H](/C=C/[C@@H](C(C)C)C)C)C)C		
CHEBI:203653	24-ethyllanosta-8,24(241)-diene-3beta,22-diol		C32H54O2	470.782	O[C@@H]1C([C@H]2[C@](C3=C([C@]4([C@]([C@@H]([C@@H](C(O)C/C(=C/C)/C(C)C)C)CC4)(C)CC3)C)CC2)(C)CC1)(C)C		
CHEBI:203689	16-O-acetylpolyporenic acid C		C33H48O5	524.742	O=C1C([C@H]2[C@](C=3C([C@]4([C@]([C@@H]([C@H](C(=O)O)CCC(=C)C(C)C)[C@@H](C4)OC(=O)C)(C)CC3)C)=CC2)(C)CC1)(C)C		
CHEBI:203802	Erinarol C		C46H74O4	691.094	O=C(O[C@@H]1C=C2[C@H](CC[C@]3([C@H]2CC[C@@H]3[C@@H](/C=C/[C@@H](C(C)C)C)C)C)[C@@]4([C@]1(O)C[C@@H](O)CC4)C)CCCCCCC/C=C\C/C=C\C/C=C\CC		
CHEBI:203817	5,6-epoxy-24(R)-methylcholesta-7,22-dien-3beta-ol		C28H46O2	414.674	O1[C@]23[C@@]([C@H]4CC[C@]5([C@H]([C@@H]4C[C@H]12)CC[C@@H]5[C@@H](/C=C/[C@@H](C(C)C)C)C)C)(CC[C@@H](C3)O)C		
CHEBI:203854	7-dehydroporiferasterol peroxide		C29H46O3	442.684	O1O[C@@]23C=C[C@]14[C@H](CC[C@]5([C@H]4CC[C@@H]5[C@@H](/C=C/[C@@H](C(C)C)CC)C)C)[C@]2(CC[C@@H](C3)O)C		
CHEBI:204220	Ananstrep B		C28H46O5	462.671	O[C@]12C(=C[C@@H](O)[C@@]3([C@@]1(CC[C@@H](C3)O)C)O)[C@H]4[C@]([C@@H]([C@@H](/C=C/[C@@H](C(O)(C)C)C)C)CC4)(C)CC2		
CHEBI:204240	3-hydroxyl-(22E, 24R)-ergosta-5,8,22-trien-7,15-dione		C28H40O3	424.625	O=C1C2=C([C@]3(CC[C@@H](CC3=C1)O)C)CC[C@]4([C@H]2C(=O)C[C@@H]4[C@@H](/C=C/[C@@H](C(C)C)C)C)C		
CHEBI:204475	Antcamphin I		C29H40O5	468.634	O=C1C2=C(C(=O)C[C@@H]3[C@@]2(CCC([C@H]3C)=O)C)[C@@H]4CC[C@@H]([C@]4(C1)C)[C@@H](CCC(=C)[C@@H](C(=O)O)C)C		
CHEBI:204540	Ganorbiformin A		C32H48O8	560.728	O=C1C([C@H]2[C@]([C@]3(O)C(=C4[C@]([C@@H]([C@@H]([C@@H](OC(=O)C)C/C=C(/C(=O)O)\C)C)C[C@]4(O)C)(C)CC3)[C@@H](C2)O)(C)CC1)(C)C		
CHEBI:204563	Zhankuic acid D		C31H44O5	496.688	O=C1C2=C(C(=O)CC3[C@@]2(CCC([C@H]3C)=O)C)[C@@H]4CC[C@@H]([C@]4(C1)C)[C@@H](CCC(=C)C(C(=O)OCC)C)C		
CHEBI:204652	Gloeophyllin G		C32H48O6	528.730	O=C1C2=C([C@]3(CC[C@@H]([C@]([C@@H]3C1)(C(=O)O)C)O)C)C[C@@H](OC(=O)C)[C@]4([C@@H]2CC[C@@H]4[C@@H](CCC(=C)C(C)C)C)C		
CHEBI:204768	Gloeophyllin D		C32H48O6	528.730	O=C1C2=C([C@]3(CC[C@@H]([C@]([C@@H]3C1)(C(=O)O)C)O)C)C[C@@H](OC(=O)C)[C@]4([C@H]2CC[C@@H]4[C@@H](CCC(=C)C(C)C)C)C		
CHEBI:204913	Gymnasterone D		C28H38O2	406.610	O=C1C=C2C=CC3=C4C(=O)C[C@@H]([C@@]4(C)CC[C@@H]3[C@@]2(C)CC1)[C@@H](/C=C/[C@@H](C(C)C)C)C		
CHEBI:205091	Igniaren B		C30H48O2	440.712	O[C@H]1[C@H](C2[C@](C=3C([C@]4([C@]([C@@H]([C@@H]([C@H](O)CC(=C)C(C)C)C)CC4)(C)CC3)C)=CC2)(C)CC1)C		
CHEBI:205191	3beta-hydroxyl-(22E, 24R)-ergosta-5,8(14),22-trien-7,15-dione		C28H40O3	424.625	O=C1C2=C3C(=O)C[C@@H]([C@]3(CC[C@@H]2[C@]4(CC[C@@H](CC4=C1)O)C)C)[C@@H](/C=C/[C@@H](C(C)C)C)C		
CHEBI:205214	Integracide B		C32H50O5	514.747	O=C(O[C@@H]1[C@]2(C(C=3CC[C@@H]4[C@@](C3[C@H]1O)(C[C@@H](O)[C@@H](C4(C)C)O)C)=CC[C@@H]2[C@@H](CCC(=C)C(C)C)C)C)C		
CHEBI:205382	24-ethylcholesta-7,22E-diene-3beta,5alpha,6beta-triol		C29H48O3	444.700	O[C@]12[C@@]([C@@H]3C([C@H]4[C@]([C@@H](C(/C=C/C(C(C)C)CC)C)CC4)(C)CC3)=C[C@H]1O)(CC[C@@H](C2)O)C		
CHEBI:205402	Daedaleaside C		C41H60O11	728.920	O=C1C([C@H]2[C@](C=3C([C@]4([C@]([C@@H]([C@H](C(=O)OC5O[C@@H]([C@@H](O)[C@@H]([C@H]5O)O)COC(=O)C)CCC(=C)C(C)C)[C@@H](C4)OC(=O)C)(C)CC3)C)=CC2)(C)CC1)(C)C		
CHEBI:205465	Zhankuic acid E		C31H46O6	514.703	O=C1C2=C(C(=O)CC3[C@@]2(CC[C@H]([C@H]3C)O)C)[C@@H]4CC[C@@H]([C@]4([C@H]1O)C)[C@@H](CCC(=C)C(C(=O)OCC)C)C		
CHEBI:205533	A-108836		C31H50O6S	550.800	S(=O)(=O)(O[C@@H]1C([C@H]2[C@](C=3C([C@H]4[C@]([C@@H]([C@@H](CCC(=C)C(C)C)C)CC4)(C)[C@H](C3)OC)=CC2)(C)C[C@H]1O)(C)C)O		
CHEBI:205652	Polyporoid C		C28H46O7	494.669	O=C1C=C2[C@@]3(O)[C@@]([C@@H]([C@@](O)([C@H](O)CC(C(C)C)C)C)[C@H](C3)O)(CC[C@@H]2[C@@]4([C@H]1C[C@@H](O)[C@H](C4)O)C)C		
CHEBI:205905	S-dehydroazasirosterol		C47H59NO6	733.990	O=C1C=2N[C@]34[C@@](C=5C([C@H]6[C@]([C@@H]([C@@H](/C=C/[C@@H](C(C)C)C)C)CC6)(C)CC5)=C[C@@H]3OC2C=7C(O)=CC(=C8C7C1=C(O)C=9C([C@H](C)OC89)(C)C)C)(CC[C@@H](C4)O)C		
CHEBI:205906	Nigerasterol A		C28H42O4	442.640	O1O[C@]23C=CC=4[C@@]1([C@]3(CC[C@@H](C2)O)C)CC[C@]5(C4[C@@H](O)C[C@@H]5[C@@H](/C=C/C(C(C)C)C)C)C		
CHEBI:206046	3beta,16alpha,30-trihydroxy-24-methyllanosta-7,9(11),24(31)-trien-21-oic acid		C31H48O5	500.720	O=C(O)[C@@H]([C@@H]1[C@@]2([C@@](C=3C([C@@]4([C@H](C([C@@H](O)CC4)(C)C)CC3)C)=CC2)(CO)C[C@H]1O)C)CCC(=C)C(C)C		
CHEBI:206134	13-dehydroxy-1,11-deacetylpyripyropene A		C27H33NO7	483.561	O=C1OC(C2=CN=CC=C2)=CC3=C1C[C@@H]4[C@@]5([C@H]([C@@]([C@@H](O)CC5)(CO)C)C[C@@H]([C@]4(O3)C)OC(=O)C)C		
CHEBI:206145	11-deacetylpyripyropene O		C27H33NO6	467.562	O=C1OC(C2=CN=CC=C2)=CC3=C1C[C@@H]4[C@@]5([C@H]([C@@]([C@@H](OC(=O)C)CC5)(CO)C)CC[C@]4(O3)C)C		
CHEBI:206155	3beta-hydroxyergosta-8,14,24(28)-trien-7-one		C28H42O2	410.642	O=C1C2=C([C@]3(CC[C@@H](C[C@@H]3C1)O)C)CC[C@]4(C2=CC[C@@H]4[C@@H](CCC(=C)C(C)C)C)C		
CHEBI:206287	Brabetaicasterol		C28H46O	398.675	O[C@@H]1CC2=CCC3[C@H]4[C@]([C@@H]([C@@H](/C=C/[C@@H](C(C)C)C)C)CC4)(C)CC[C@@H]3[C@@]2(C)CC1		
CHEBI:206387	Leiwansterol B		C29H46O4	458.683	O=C1C2=C3[C@@]([C@@H]([C@@H](/C=C/[C@H](C(C)C)CC)C)C[C@@H]3O)(CC[C@]2(O)[C@]4(CC[C@@H](C[C@@H]4C1)O)C)C		
CHEBI:206596	22E, 24R-ergosta-7,22-diene-3beta,5alpha,6beta,9alpha,14alpha-pentol		C28H46O5	462.671	O[C@]12C(=C[C@@H](O)[C@@]3([C@@]1(CC[C@@H](C3)O)C)O)[C@@]4(O)[C@]([C@@H]([C@@H](/C=C/[C@@H](C(C)C)C)C)CC4)(C)CC2		
CHEBI:206746	5a,8a-Epidioxyergosta-6,9(11),22-trien-3		C28H42O3	426.641	O1O[C@@]23C=C[C@]14C(=CC[C@]5([C@H]4CC[C@@H]5[C@@H](/C=C/[C@@H](C(C)C)C)C)C)[C@]2(CC[C@@H](C3)O)C		
CHEBI:206799	Daedaleanic acid F		C31H42O4	478.673	O=C1C(C2=C(C3=C([C@]4([C@]([C@@H]([C@H](C(=O)O)CCC(=C)C(C)C)[C@@H](C4)O)(C)C=C3)C)C=C2C)CC1)(C)C		
CHEBI:207309	Erinarol B		C46H74O4	691.094	O=C(O[C@H]1C2=C3[C@@]([C@@H]([C@@H](/C=C/[C@@H](C(C)C)C)C)CC3)(CC[C@@H]2[C@]4(CC[C@@H](C[C@@]54[C@H]1O5)O)C)C)CCCCCCC/C=C\C/C=C\CCCCC		
CHEBI:207428	11-desacetoxywortmannin		C21H22O6	370.401	O=C1O[C@@H]([C@@]2(C3=C([C@H]4[C@](C(=O)CC4)(C)CC3)C(C5=C2C1=CO5)=O)C)COC		
CHEBI:207445	Pyripyropene S		C31H35NO9	565.619	O=C1OC(C2=CN=CC=C2)=CC3=C1C=C4[C@@]5([C@H]([C@@]([C@@H](OC(=O)C)CC5)(COC(=O)C)C)C[C@@H]([C@]4(O3)C)OC(=O)C)C		
CHEBI:207485	3-hydroxyl-(22E, 24R)-ergosta-5,8,14,22-tetraen-7-one		C28H40O2	408.626	O=C1C2=C([C@]3(CC[C@@H](CC3=C1)O)C)CC[C@]4(C2=CC[C@@H]4[C@@H](/C=C/[C@@H](C(C)C)C)C)C		
CHEBI:207847	Penicisteroid E		C30H48O5	488.709	O=C(O[C@@H]1[C@@H]([C@]2(C[C@H](O)[C@H]3[C@H]([C@@H]2C1)[C@@H](O)C=C4C[C@@H](O)CC[C@]34C)C)[C@@H](/C=C/[C@@H](C(C)C)C)C)C		
CHEBI:207853	Penicisteroid D		C30H48O3	456.711	O=C(O[C@@H]1[C@@H]([C@]2(CC[C@H]3[C@H]([C@@H]2C1)CC=C4[C@@]3(CC[C@@H](C4)O)C)C)[C@@H](/C=C/[C@@H](C(C)C)C)C)C		
CHEBI:207858	Penicisteroid F		C30H50O7	522.723	O=C(O[C@@H]1[C@@H]([C@]2(C[C@H](O)[C@H]3[C@H]([C@@H]2C1)[C@@H](O)[C@@H](O)[C@@]4(O)C[C@@H](O)CC[C@]34C)C)[C@@H](/C=C/[C@@H](C(C)C)C)C)C		
CHEBI:207864	Penicisteroid G		C30H50O6	506.724	O=C(O[C@@H]1[C@@H]([C@]2(CC[C@H]3[C@H]([C@@H]2C1)[C@@H](O)[C@@H](O)[C@@]4(O)C[C@@H](O)CC[C@]34C)C)[C@@H](/C=C/[C@@H](C(C)C)C)C)C		
CHEBI:207871	Penicisteroid H		C30H50O5	490.725	O=C(O[C@@H]1[C@@H]([C@]2(CC[C@H]3[C@H]([C@@H]2C1)[C@@H](O)[C@@H](O)[C@H]4C[C@@H](O)CC[C@]34C)C)[C@@H](/C=C/[C@@H](C(C)C)C)C)C		
CHEBI:208036	Ergosterdiacid A		C32H46O5	510.715	O=C(O)[C@H]1[C@H]2C3=C4[C@@](CC[C@@H]3[C@]5(CC[C@@H](CC5=C2)O)C)(C)[C@H](C[C@@H]4[C@@H]1C(=O)O)[C@@H](/C=C/[C@@H](C(C)C)C)C		
CHEBI:208042	Ergosterdiacid B		C32H46O5	510.715	O=C(O)[C@@H]1[C@H]2C3=C4[C@@](CC[C@@H]3[C@]5(CC[C@@H](CC5=C2)O)C)(C)[C@H](C[C@@H]4[C@H]1C(=O)O)[C@@H](/C=C\C(C(C)C)C)C		
CHEBI:208510	Micaceol		C28H46O	398.675	O[C@@H]1C(C2=CC[C@H]3[C@H]4[C@]([C@@H]([C@@H](CCCC(C)C)C)CC4)(C)CC[C@@H]3[C@@]2(C)CC1)=C		
CHEBI:209134	(22E)-ergosta-4,6,8(14),22,24(28)-pentaen-3-one		C28H38O	390.611	O=C1C=C2C=CC3=C4[C@]([C@@H]([C@@H](/C=C/C(=C)C(C)C)C)CC4)(C)CC[C@@H]3[C@@]2(C)CC1		
CHEBI:209374	Penicisteroid B		C30H48O4	472.710	O=C(O[C@@H]1[C@@H]([C@]2(C[C@H](O)[C@H]3[C@H]([C@@H]2C1)CC=C4[C@@]3(CC[C@@H](C4)O)C)C)[C@@H](/C=C/[C@@H](C(C)C)C)C)C		
CHEBI:209551	3beta,11-dihydroxy-24-methyl-9,11-secocholest-5-en-9,23-dione		C28H46O4	446.672	O=C1[C@@]2(C(=CC[C@H]1[C@H]3[C@@]([C@@H]([C@@H](CC(=O)C(C(C)C)C)C)CC3)(CCO)C)C[C@@H](O)CC2)C		
CHEBI:209557	3beta,11-dihydroxy-24-methylene-9,11-secocholest-5-en-9,23-dione		C28H44O4	444.656	O=C1[C@@]2(C(=CC[C@H]1[C@H]3[C@@]([C@@H]([C@@H](CC(=O)C(=C)C(C)C)C)CC3)(CCO)C)C[C@@H](O)CC2)C		
CHEBI:209651	Ananstrep C		C28H44O3	428.657	O1[C@@]23[C@@](C=4CC[C@]5([C@H](C4[C@H]([C@@H]12)O)CC[C@@H]5[C@@H](/C=C/[C@@H](C(C)C)C)C)C)(CC[C@@H](C3)O)C		
CHEBI:209779	Penicisteroid A		C30H50O6	506.724	O=C(O[C@@H]1[C@@H]([C@]2(C[C@H](O)[C@H]3[C@H]([C@@H]2C1)[C@@H](O)[C@@H](O)[C@H]4C[C@@H](O)CC[C@]34C)C)[C@@H](/C=C/[C@@H](C(C)C)C)C)C		
CHEBI:210286	3beta,5alpha,6beta,8beta,14alpha-pentahydroxy-(22E,24R)-ergost-22-en-7-one		C28H46O6	478.670	O=C1[C@@]2(O)[C@@]3(O)[C@@]([C@@H]([C@@H](/C=C/[C@@H](C(C)C)C)C)CC3)(CCC2[C@]4(CC[C@@H](C[C@@]4([C@@H]1O)O)O)C)C		
CHEBI:210387	2beta-Methoxy-3a,9a-dihydroxyergosta-7,22		C29H48O3	444.700	O([C@@H]1[C@@H](O)CC2CC=C3[C@]([C@]2(C1)C)(O)CC[C@]4(C3CC[C@@H]4[C@@H](/C=C/[C@@H](C(C)C)C)C)C)C		
CHEBI:210492	Elfvingic acid G		C30H40O9	544.641	O=C1C=C2[C@@](O)(C(=O)CC3[C@@]2(CCC(C3(C)C)=O)C)[C@]4([C@]1(C(=C[C@H]4O)C(O)(CC(=O)CC(C(=O)O)C)C)C)C		
CHEBI:210683	22E,24R-ergosta-7,22-diene-3beta,5beta,6alpha-triol		C28H46O3	430.673	O[C@@]12[C@@]([C@@H]3C([C@H]4[C@]([C@@H]([C@@H](/C=C/[C@@H](C(C)C)C)C)CC4)(C)CC3)=C[C@@H]1O)(CC[C@@H](C2)O)C		
CHEBI:210687	2beta,6beta-dihydroxy-5alpha-methoxyergosta-7, 22-diene		C29H48O3	444.700	O([C@]12[C@@]([C@@H]3C([C@H]4[C@]([C@@H]([C@@H](/C=C/[C@@H](C(C)C)C)C)CC4)(C)CC3)=C[C@H]1O)(C[C@H](O)CC2)C)C		
CHEBI:210909	5alpha,6alpha-epoxy-(22E)-ergosta-8,14, 22-triene-3beta,7alpha-diol		C28H42O3	426.641	O1[C@]23[C@@](C=4CC[C@]5(C(C4[C@@H]([C@H]12)O)=CC[C@@H]5[C@@H](/C=C/[C@@H](C(C)C)C)C)C)(CC[C@@H](C3)O)C		
CHEBI:210966	Daedaleaside B		C39H58O10	686.883	O=C1C([C@H]2[C@](C=3C([C@]4([C@]([C@@H]([C@H](C(=O)OC5O[C@@H]([C@@H](O)[C@@H]([C@H]5O)O)CO)CCC(=C)C(C)C)[C@@H](C4)OC(=O)C)(C)CC3)C)=CC2)(C)CC1)(C)C		
CHEBI:210970	Pyripyropene P		C30H37NO7	523.626	O=C1OC(C2=CN=CC=C2)=CC3=C1C[C@@H]4[C@@]5([C@H]([C@@]([C@@H](OC(=O)C)CC5)(COC(=O)CC)C)CC[C@]4(O3)C)C		
CHEBI:211143	Integracide D		C36H58O8	618.852	O1[C@@H](O[C@]2([C@@]3(C(C4=C([C@@]5([C@H](C([C@@H](O)CC5)(C)C)CC4)C)C[C@H]3O)=CC2)C)[C@@H](CCC(=C)C(C)C)C)[C@@H](O)[C@H](O)[C@@H]([C@H]1CO)O		
CHEBI:211180	14alpha-methylfecosterol		C29H48O	412.702	O[C@@H]1C[C@H]2[C@](C3=C([C@]4([C@]([C@@H]([C@@H](CCC(=C)C(C)C)C)CC4)(C)CC3)C)CC2)(C)CC1		
CHEBI:211278	25-hydroxypanuosterone		C28H46O8	510.668	O=C1C=C2[C@@]3(O)[C@@]([C@@H](C(O)([C@H](O)CC(O)(C(O)(C)C)C)C)CC3)(CC[C@@H]2[C@@]4([C@H]1C[C@@H](O)[C@H](C4)O)C)C		
CHEBI:211374	Psathergosterol A		C28H46O5	462.671	O=C1C=C2[C@](O)(CC[C@]3([C@@]2(O)CC[C@@H]3[C@@H](CC[C@@H](C(O)(C)C)C)C)C)[C@@]4([C@@H]1C[C@@H](O)CC4)C		
CHEBI:211380	Psathergosterol B		C28H46O5	462.671	O=C1C=C2[C@](O)(CC[C@]3([C@@]2(O)CC[C@@H]3[C@@H](CC[C@@H](C(O)(C)C)C)C)C)[C@@]4([C@@H]1C[C@H](O)CC4)C		
CHEBI:211385	Psathergosterol C		C28H46O4	446.672	O=C1C=C2[C@H](CC[C@]3([C@H]2C[C@H](O)[C@@H]3[C@@H](CC[C@@H](C(O)(C)C)C)C)C)[C@@]4([C@H]1C[C@H](O)CC4)C		
CHEBI:211738	Formosterol B		C28H42O7	490.637	O=C1[C@H]2C(=CC[C@@H]3[C@@]2(CCC(C3)=O)C)[C@@]4(O)C[C@@H]([C@@H]([C@]4([C@H]1O)C)[C@@H]([C@@H]5O[C@@H]5[C@@H](C(O)(C)C)C)C)O		
CHEBI:211796	Hymenosulfate		C29H48O4S	492.760	S(=O)(=O)(O[C@@H]1CC2=CC[C@H]3[C@H]4[C@]([C@@H]([C@@H](/C=C(/[C@@H](C(C)C)C)\C)C)CC4)(C)CC[C@@H]3[C@@]2(C)CC1)O		
CHEBI:211845	5-Olefin phenylpyropene A		C32H36O9	564.631	O=C1OC(C2=CC=CC=C2)=CC3=C1C=C4[C@@]5([C@H]([C@@]([C@@H](OC(=O)C)CC5)(COC(=O)C)C)C[C@@H]([C@]4(O3)C)OC(=O)C)C		
CHEBI:211850	13-Dehydroxyl pyripyropene A		C31H37NO9	567.635	O=C1OC(C2=CN=CC=C2)=CC3=C1C[C@@H]4[C@@]5([C@H]([C@@]([C@@H](OC(=O)C)CC5)(COC(=O)C)C)C[C@@H]([C@]4(O3)C)OC(=O)C)C		
CHEBI:211960	3alpha,12alpha-Dihydroxy-7-ketocholanic acid		C24H38O5	406.563	O=C1C2C([C@]3(CC[C@H](CC3C1)O)C)C[C@H](O)[C@]4(C2CCC4[C@@H](CCC(=O)O)C)C		
CHEBI:212089	Nodulisporiviridin G		C20H20O5	340.375	O=C1C2=C([C@]3(CCC(C=4C3=C1OC4)=O)C)[C@@H](O)C[C@]5([C@H]2CCC5=O)C		
CHEBI:212188	(3beta,4alpha,5alpha)-4-Methylcholest-8-en-3-OL		C28H48O	400.691	O[C@@H]1[C@H]([C@H]2[C@](C3=C(C4[C@]([C@@H]([C@@H](CCCC(C)C)C)CC4)(C)CC3)CC2)(C)CC1)C		
CHEBI:212193	(3beta,4alpha,5alpha)-4-Methylcholesta-8(14),24-dien-3-OL		C28H46O	398.675	O[C@@H]1[C@H]([C@H]2[C@](C3C(=C4[C@]([C@@H]([C@@H](CCC=C(C)C)C)CC4)(C)CC3)CC2)(C)CC1)C		
CHEBI:212208	(3beta,4alpha,5alpha)-4,4-Dimethylcholesta-8(14),24-dien-3-OL		C29H48O	412.702	O[C@@H]1C([C@H]2[C@](C3C(=C4[C@]([C@@H]([C@@H](CCC=C(C)C)C)CC4)(C)CC3)CC2)(C)CC1)(C)C		
CHEBI:212393	(3beta,5alpha)-Cholest-8-en-3-OL		C27H46O	386.664	O[C@@H]1C[C@H]2[C@](C3=C(C4[C@]([C@@H]([C@@H](CCCC(C)C)C)CC4)(C)CC3)CC2)(C)CC1		
CHEBI:212441	Stoloniferone S		C29H46O5	474.682	O=C1[C@]2([C@](O)(C=C[C@H]1O)[C@H](O)C[C@@H]3[C@@H]2[C@H](O)C[C@@]4([C@@H]([C@@H]([C@@H]5[C@@H]([C@@H](C(C)C)C)C5)C)CC[C@@H]34)C)C		
CHEBI:212579	3,15-dihydroxyl-(22E, 24R)-ergosta-5,8(14),22-trien-7-one		C28H42O3	426.641	O=C1C2=C3[C@@]([C@@H]([C@@H](/C=C/[C@@H](C(C)C)C)C)C[C@H]3O)(CC[C@@H]2[C@]4(CC[C@@H](CC4=C1)O)C)C		
CHEBI:212609	Talarosterone		C28H40O3	424.625	O=C1C2=CC(=O)CC[C@@]2([C@H]3CC[C@]4([C@H]([C@@]53[C@H]1O5)CC[C@@H]4[C@@H](/C=C/[C@@H](C(C)C)C)C)C)C		
CHEBI:212732	3beta,5alpha-dihydroxy-10alpha-methyl-6beta-acetoxy-ergosta-7,22-diene		C30H48O4	472.710	O=C(O[C@@H]1C=C2[C@H](CC[C@]3(C2CC[C@@H]3[C@@H](/C=C/[C@@H](C(C)C)C)C)C)[C@]4([C@]1(O)C[C@@H](O)CC4)C)C		
CHEBI:212745	29-hydroxydehydrotumulosic acid		C31H48O5	500.720	O=C(O)[C@@H]([C@@H]1[C@@]2([C@@](C=3C([C@@]4([C@H]([C@]([C@@H](O)CC4)(CO)C)CC3)C)=CC2)(C)C[C@H]1O)C)CCC(=C)C(C)C		
CHEBI:212816	24-hydroxylergosta-4,6,8(14),22-tetraen-3-one		C28H40O2	408.626	O=C1C=C2C=CC3=C4[C@]([C@@H]([C@@H](C=CC(O)(C(C)C)C)C)CC4)(C)CC[C@@H]3[C@@]2(C)CC1		
CHEBI:213358	28-acetoxy-12beta,15alpha,25-trihydroxyergosta-4,6,8(14),22-tetraen-3-one		C30H42O6	498.660	O=C1C=C2C=CC3=C4[C@]([C@@H]([C@@H](C=C[C@@H](C(O)(C)C)COC(=O)C)C)C[C@@H]4O)(C)[C@@H](C[C@@H]3[C@@]2(C)CC1)O		
CHEBI:213412	Nigerasterol B		C28H42O4	442.640	O1O[C@]23C=CC=4[C@@]1([C@]3(CC[C@@H](C2)O)C)CC[C@]5(C4[C@H](O)C[C@@H]5[C@@H](/C=C/C(C(C)C)C)C)C		
CHEBI:213731	(5alpha,6beta,15beta,22E)-6-ethoxy-5,15-dihydroxyergosta-7,22-dien-3-one		C30H48O4	472.710	O=C1C[C@@]2(O)[C@]([C@@H]3C([C@H]4[C@]([C@@H]([C@@H](/C=C/[C@@H](C(C)C)C)C)C[C@H]4O)(C)CC3)=C[C@H]2OCC)(C)CC1		
CHEBI:213821	Asperergoster A		C28H40O4	440.624	O=C1C=C2C=CC3=C4[C@]([C@@H]([C@@H](/C=C/[C@@H](C(O)(C)C)C)C)C[C@@H]4O)(C)[C@@H](C[C@@H]3[C@@]2(C)CC1)O		
CHEBI:214082	(17beta,20R,22E,24R)-19-norergosta-1,3,5,7,9,14,22-heptaene		C27H34	358.569	C1=2C(C=CC3=C1CC[C@]4(C3=CC[C@@H]4[C@@H](/C=C/[C@H](C(C)C)C)C)C)=CC=CC2		
CHEBI:214302	16alpha,25-dihydroxydehydroeburiconic acid		C31H46O5	498.704	O=C1C([C@H]2[C@](C=3C([C@]4([C@]([C@@H](C(C(=O)O)CCC(=C)C(O)(C)C)[C@@H](C4)O)(C)CC3)C)=CC2)(C)CC1)(C)C		
CHEBI:214368	(22E,24R)-ergosta-8(14),22-diene-3beta,5alpha,6beta,7alpha-tetrol		C28H46O4	446.672	O[C@]12[C@@]([C@@H]3C(=C4[C@]([C@@H]([C@@H](/C=C/[C@@H](C(C)C)C)C)CC4)(C)CC3)[C@@H]([C@H]1O)O)(CC[C@@H](C2)O)C		
CHEBI:214621	Phycomysterol B		C27H42O	382.632	O[C@@H]1CC2=C(C3=C([C@H]4[C@](C([C@@H](CC[C@@H](C(C)C)C)C)CC4)(C)CC3)C=C2)CC1		
CHEBI:214773	Polyporoid B		C28H44O7	492.653	O=C1C=C2[C@@]3(O)[C@@]([C@@H]([C@@](O)([C@H](O)[C@@H]4OC[C@H]([C@@H]4C)C)C)CC3)(CC[C@@H]2[C@@]5([C@H]1C[C@@H](O)[C@H](C5)O)C)C		
CHEBI:215096	(22E,24R)-9alpha,15alpha-dihydroxyergosta-4,6,8(14),22-tetraene-3-one		C28H40O3	424.625	O=C1C=C2C=CC3=C4[C@]([C@@H]([C@@H](/C=C/[C@@H](C(C)C)C)C)C[C@@H]4O)(C)CC[C@@]3([C@@]2(C)CC1)O		
CHEBI:215102	(22E,24R)-9alpha,11alpha-epoxyergosta-7,22-diene-3beta,5alpha,6alpha-triol		C28H44O4	444.656	O1[C@]23C(=C[C@H](O)[C@@]4([C@@]2(CC[C@@H](C4)O)C)O)[C@@H]5CC[C@@H]([C@]5(C[C@@H]13)C)[C@@H](/C=C/[C@@H](C(C)C)C)C		
CHEBI:215119	(24E)-3beta-acetoxy-15alpha,26-dihydroxylanosta-8,24-diene		C32H52O4	500.764	O=C(O[C@@H]1C([C@H]2[C@](C3=C([C@]4([C@]([C@@H]([C@@H](CC/C=C(/CO)\C)C)C[C@@H]4O)(C)CC3)C)CC2)(C)CC1)(C)C)C		
CHEBI:215168	5alpha, 6alpha;8alpha, 9alpha-diepoxy-(22E, 24R)-ergost-22-ene-3beta, 7alpha-diol		C28H44O4	444.656	O1[C@@]23[C@H](O)[C@@H]4O[C@@]54[C@@]([C@]13CC[C@]6([C@H]2CC[C@@H]6[C@@H](/C=C/[C@@H](C(C)C)C)C)C)(CC[C@@H](C5)O)C		
CHEBI:215279	Gargalol C		C28H42O4	442.640	O=C1C2=C([C@@]3(CCC(C[C@]43[C@@H]1O4)O)C)CCC5(C2(O)CCC5C(C=CC(C(C)C)C)C)C		
CHEBI:215389	Dehydrotumulosic acid		C31H48O4	484.721	O=C(O)[C@H]([C@@H]1[C@@]2([C@@](C=3C([C@@]4(C(C([C@@H](O)CC4)(C)C)CC3)C)=CC2)(C)C[C@H]1O)C)CCC(=C)C(C)C		
CHEBI:215412	Gilvsin D		C30H48O3	456.711	O=C(O)[C@]1([C@H]2[C@](C3=C([C@]4([C@]([C@@H]([C@@H]([C@H](O)CC(=C)C(C)C)C)CC4)(C)CC3)C)CC2)(C)CC1)C		
CHEBI:215553	Tricholimbrin D		C28H38O2	406.610	O=C1C2=C([C@]3(CCC=CC3=C1)C)CC[C@]4([C@@H]2C(=O)C[C@@H]4[C@@H](/C=C/[C@@H](C(C)C)C)C)C		
CHEBI:215668	Bendigole E		C23H32O4	372.505	O=C1C=C2[C@]([C@@H]3[C@H]([C@H]4[C@]([C@@H]([C@@H](C(=O)C)C)CC4)(C)[C@H](C3)O)[C@@H](C2)O)(C)C=C1		
CHEBI:215695	5alpha,8alpha-Epidioxycholesta-6,9(11),22-trien-3beta-ol		C27H40O3	412.614	O1O[C@@]23C=C[C@]14C(=CC[C@]5([C@H]4CC[C@@H]5[C@@H](/C=C/CC(C)C)C)C)[C@]2(CC[C@@H](C3)O)C		
CHEBI:215740	(22E)-23-methylergosta-5, 7-22-trien-3beta-ol		C29H46O	410.686	O[C@@H]1CC2=CC=C3[C@H]4[C@]([C@@H]([C@@H](/C=C(/[C@@H](C(C)C)C)\C)C)CC4)(C)CC[C@@H]3[C@@]2(C)CC1		
CHEBI:215796	Pyripyropene M		C32H39NO9	581.662	O=C1OC(C2=CN=CC=C2)=CC3=C1C[C@@H]4[C@@]5([C@H]([C@@]([C@@H](OC(=O)C)CC5)(COC(=O)C)C)C[C@@H]([C@]4(O3)C)OC(=O)CC)C		
CHEBI:215810	Microdiplane		C42H78O	599.085	O([C@@H]1CC2[C@]([C@@H]3[C@H]([C@H]4[C@]([C@@H]([C@@H](CC[C@H](C(C)C)C)C)CC4)(C)CC3)CC2)(C)CC1)CCCCCCCCCCCCCC		
CHEBI:215835	(22E)-5alpha-Ergosta-7,22-diene-3beta,5,6alpha-triol 6-palmitate		C44H76O4	669.088	O=C(O[C@H]1C=C2[C@H](CC[C@]3([C@H]2CC[C@@H]3[C@@H](/C=C/[C@@H](C(C)C)C)C)C)[C@@]4([C@]1(O)C[C@@H](O)CC4)C)CCCCCCCCCCCCCCC		
CHEBI:215867	Ergosta-4,6,8,22E-tetraen-11beta-OL		C28H42O	394.643	O[C@H]1C2=C(C=CC=3[C@@]2(CCCC3)C)C4CC[C@@H]([C@]4(C1)C)[C@@H](/C=C/[C@@H](C(C)C)C)C		
CHEBI:216095	Pyripyropene R		C30H37NO7	523.626	O=C1OC(C2=CN=CC=C2)=CC3=C1C[C@@H]4[C@@]5([C@H]([C@@]([C@@H](OC(=O)CC)CC5)(COC(=O)C)C)CC[C@]4(O3)C)C		
CHEBI:216215	Bendigole D		C22H30O5	374.477	O=C1C=C2[C@]([C@@H]3[C@H]([C@H]4[C@]([C@@H]([C@@H](C(=O)O)C)CC4)(C)[C@H](C3)O)[C@@H](C2)O)(C)C=C1		
CHEBI:216323	25alpha-hydroxyergosta-7,22-dien-3-one		C28H44O2	412.658	O=C1CC2[C@](C3C(C4[C@](C([C@@H](/C=C/[C@@H](C(O)(C)C)C)C)CC4)(C)CC3)=CC2)(C)CC1		
CHEBI:216400	25-hydroxyergosta-4,6,8(14),22-tetraen-3-one		C28H40O2	408.626	O=C1C=C2C=CC3=C4[C@]([C@@H]([C@@H](/C=C/C(C(O)(C)C)C)C)CC4)(C)CCC3[C@@]2(C)CC1		
CHEBI:216428	Lobarialide C		C29H42O3	438.652	O=C1O[C@@H]2CC3=C([C@]1([C@H]2O)C)CC[C@H]4C3=CC[C@]5([C@H]6[C@]([C@@H](C(C)C)CC6)(C)CC[C@]45C)C		
CHEBI:216483	1alpha-hydroxy S19159		C30H46O5	486.693	O=C(O)[C@@]1([C@@H](O)C[C@H](O)[C@@]23[C@H]1CC=C4[C@]2([C@H](O)C[C@]5([C@H]4CC[C@@H]5[C@@H](CCC(=C)C(C)C)C)C)C3)C		
CHEBI:216495	2beta,3beta,12alpha-trihydroxyergosta-7,22-diene		C28H46O3	430.673	O[C@@H]1[C@]2([C@H](C3=CC[C@@H]4[C@@]([C@H]3C1)(C[C@H](O)[C@@H](C4)O)C)CC[C@@H]2[C@@H](C=C[C@@H](C(C)C)C)C)C		
CHEBI:216498	2beta,3beta,12alpha-trihydroxyergosta-7,24(28)-diene		C28H46O3	430.673	O[C@@H]1[C@]2([C@H](C3=CC[C@@H]4[C@@]([C@H]3C1)(C[C@H](O)[C@@H](C4)O)C)CC[C@@H]2[C@@H](CCC(=C)C(C)C)C)C		
CHEBI:216505	9alpha,11alpha,15alpha-trihydroxyergosta-4,6,8(14),22-tetraen-3-one		C28H40O4	440.624	O=C1C=C2C=CC3=C4[C@]([C@@H]([C@@H](C=C[C@@H](C(C)C)C)C)C[C@@H]4O)(C)C[C@H]([C@@]3([C@@]2(C)CC1)O)O		
CHEBI:217002	Isocyathisterol		C28H42O2	410.642	O=C1C=C2C=C[C@@]3(O)[C@H]4[C@]([C@@H]([C@@H](/C=C/[C@@H](C(C)C)C)C)CC4)(C)CC[C@@H]3[C@@]2(C)CC1		
CHEBI:217167	7 alpha,12alpha-Dihydroxy-3-ketocholanic acid		C24H38O5	406.563	O=C1CC2[C@](C3C(C4[C@](C([C@@H](CCC(=O)O)C)CC4)(C)[C@H](C3)O)[C@@H](C2)O)(C)CC1		
CHEBI:217357	methyl (1R,2S,10S,11R,13R,15S)-15-hydroxy-2,6,6,10,13,15-hexamethyl-17-methylidene-7,14,16-trioxotetracyclo[11.3.1.02,11.05,10]heptadeca-4,8-diene-1-carboxylate		C26H32O6	440.536	O=C1C=C[C@]2([C@H]3[C@]([C@@]4(C(=O)[C@](O)(C)C([C@@](C3)(C)C4=C)=O)C(=O)OC)(C)CC=C2C1(C)C)C		
CHEBI:217686	Inonotolide B		C22H30O5	374.477	O=C1O[C@@H]2C=C3[C@H]4OC[C@H]([C@@]4(C)CC[C@@H]3[C@@]5([C@@H]2[C@@]1(CCC5)C)C)OC(=O)C		
CHEBI:217691	Inonotolide C		C20H28O4	332.440	O=C1O[C@@H]2C=C3[C@H]4OCC[C@@]4(C)CC[C@@]3([C@@]5([C@@H]2[C@@]1(CCC5)C)C)O		
CHEBI:217782	3beta,4alpha-dihydroxy-26-methoxyergosta-7,24(28)-dien-6-one		C29H46O4	458.683	O=C1C=C2[C@H](CC[C@]3([C@H]2CC[C@@H]3[C@@H](CCC(=C)C(COC)C)C)C)[C@@]4([C@@H]1[C@H](O)[C@@H](O)CC4)C		
CHEBI:217828	Formosterol A		C28H42O7	490.637	O=C1[C@H]2C(=CC=C3[C@@]2(CC[C@@H](C3)O)C)[C@@]4(O)C[C@@H]([C@@H]([C@]4([C@H]1O)C)[C@@H]([C@@H]5O[C@@H]5[C@@H](C(O)(C)C)C)C)O		
CHEBI:218243	Erythro(23,24)-5alpha,6alpha-epoxyergosta-8-ene-7-one-3beta,23-diol		C28H44O4	444.656	O=C1C2=C([C@]3(CC[C@@H](C[C@@]43[C@H]1O4)O)C)CC[C@]5(C2CC[C@@H]5[C@@H](C[C@@H](O)[C@@H](C(C)C)C)C)C		
CHEBI:218392	22E, 24R-ergosta-7,22-diene-3beta,5alpha-diol-6beta-inoleate		C46H76O4	693.110	O=C(O[C@@H]1C=C2[C@H](CC[C@]3([C@H]2CC[C@@H]3[C@@H](/C=C/[C@@H](C(C)C)C)C)C)[C@@]4([C@]1(O)C[C@@H](O)CC4)C)CCCCCCC/C=C\C/C=C\CCCCC		
CHEBI:218526	Aspersteroid A		C28H36O4	436.592	O=C1C2=C3[C@@]([C@@H]([C@@H](/C=C/C(C(C(=O)O)C)C)C)CC3)(CC[C@@H]2[C@]4(CC=CC(C4=C1)=O)C)C		
CHEBI:218529	Antcamphin J		C29H40O5	468.634	O=C1C2=C(C(=O)C[C@@H]3[C@@]2(CCC([C@H]3C)=O)C)[C@@H]4CC[C@@H]([C@]4(C1)C)[C@@H](CCC(=C)[C@H](C(=O)O)C)C		
CHEBI:218561	Ergost-7,22-dien-3beta,4alpha-diol		C28H46O2	414.674	O[C@@H]1[C@@H](O)CC[C@]2(C1CC=C3C2CC[C@]4(C3CCC4[C@@H](/C=C/[C@@H](C(C)C)C)C)C)C		
CHEBI:218628	3beta,9alpha,14alpha-trihydroxy-(22E,24R)-ergost-22-en-7-one		C28H46O4	446.672	O=C1C2[C@@](O)([C@]3(CC[C@@H](CC3C1)O)C)CC[C@]4([C@@]2(O)CC[C@H]4C(/C=C/[C@@H](C(C)C)C)C)C		
CHEBI:218638	Ergosta-4,6,8,22-tetraen-3-one		C28H40O	392.627	O=C1C=C2C=CC=3[C@H]4[C@]([C@@H]([C@@H](/C=C/C(C(C)C)C)C)CC4)(C)CCC3[C@@]2(C)CC1		
CHEBI:218659	5alpha,8alpha-epidioxy23,24(R)-dimethylcholesta-6,9(11),22-trien-3-ol		C29H44O3	440.668	O1O[C@@]23C=C[C@]14C(=CC[C@]5([C@H]4CC[C@@H]5[C@@H](/C=C(/[C@@H](C(C)C)C)\C)C)C)[C@]2(CC[C@@H](C3)O)C		
CHEBI:218747	methyl antcinate G		C32H46O6	526.714	O=C1C2=C([C@H](OC(=O)C)CC3C2(CCC([C@H]3C)=O)C)[C@@H]4CCC(C4(C1)C)C(CCC(=C)C(C(=O)OC)C)C		
CHEBI:218762	3,9,25-Trihydroxy-24-hydroxymethylergosta-7,22-dien-6-one		C28H44O5	460.655	O=C1C=C2[C@](O)(CC[C@]3([C@H]2CC[C@@H]3[C@@H](/C=C/[C@@H](C(O)(C)C)CO)C)C)[C@@]4([C@@H]1C[C@@H](O)CC4)C		
CHEBI:218767	3,14,25-Trihydroxy-24-hydroxymethylergosta-7,22-dien-6-one		C28H44O5	460.655	O=C1C=C2[C@@]3(O)[C@@]([C@@H]([C@@H](/C=C/[C@@H](C(O)(C)C)CO)C)CC3)(CC[C@@H]2[C@@]4([C@@H]1C[C@@H](O)CC4)C)C		
CHEBI:218831	Matsutakone		C28H44O4	444.656	O=C1[C@@]2(O)[C@@H]([C@H]3[C@@]4([C@@]1(CC[C@@H](C4)O)C)O3)CC[C@]5([C@H]2CC[C@@H]5[C@@H](C=C[C@@H](C(C)C)C)C)C		
CHEBI:218884	Pleurocin B		C28H46O4	446.672	O=C1[C@@]2(O)[C@@H]([C@H]3[C@@]4([C@@]1(CC[C@@H](C4)O)C)O3)CC[C@]5([C@H]2CC[C@@H]5[C@@H](CC[C@@H](C(C)C)C)C)C		
CHEBI:218887	(22E)-3b-Hydroxy-ergosta-5,22-dien-7-one		C28H44O2	412.658	O=C1C=C2[C@@](CC[C@@H](C2)O)(C)[C@@H]3[C@@H]1[C@H]4[C@]([C@@H]([C@@H](/C=C/[C@@H](C(C)C)C)C)CC4)(C)CC3		
CHEBI:218896	3beta,14beta-dihydroxyergosta-5,8,22-trien-7-one		C28H42O3	426.641	O=C1C2=C([C@]3(CC[C@@H](CC3=C1)O)C)CC[C@]4([C@]2(O)CC[C@@H]4[C@@H](/C=C/[C@@H](C(C)C)C)C)C		
CHEBI:218903	Pleurocin A		C28H44O4	444.656	O=C1[C@@]2(O)[C@@H]([C@H]3[C@@]4([C@@]1(CC[C@@H](C4)O)C)O3)CC[C@]5([C@H]2CC[C@@H]5[C@@H](/C=C/[C@@H](C(C)C)C)C)C		
CHEBI:218974	Gloeophyllin B		C32H50O5	514.747	O=C(O)[C@@]1([C@@H](O)CC[C@]2([C@H]1CCC3=C2C[C@@H](OC(=O)C)[C@]4([C@H]3CC[C@@H]4[C@@H](CCC(=C)C(C)C)C)C)C)C		
CHEBI:218979	Integracide G		C42H68O7	684.999	O=C(O[C@H]1C([C@@H]2[C@@](C3=C(C4=CC[C@H]([C@]4(C)[C@@H]([C@H]3O)OC(=O)C)[C@H](CCC(=C)C(C)C)C)CC2)(C)C[C@@H]1O)(C)C)CCCCCCCCCO		
CHEBI:219014	5alpha,8alpha-epidioxy-23-methyl-(22E,24R)-ergosta-6,22-dien-3beta-OL		C29H46O3	442.684	O1O[C@@]23C=C[C@]14C(CC[C@]5(C4CCC5[C@@H](/C=C(/[C@@H](C(C)C)C)\C)C)C)[C@]2(CC[C@@H](C3)O)C		
CHEBI:220330	Ergosterimide		C32H45NO3	491.716	O=C1NC(=O)[C@H]2[C@@H]1[C@H]3C4=C5[C@@](CCC4[C@]6(CC[C@@H](CC6=C3)O)C)(C)C(C[C@H]25)[C@@H](/C=C/[C@@H](C(C)C)C)C		
CHEBI:220548	L681512-1		C32H50O8S	594.800	S(=O)(=O)(O[C@@H]1C([C@H]2[C@](C3=C(C4=CC[C@@H]([C@@]4(C)[C@H]([C@@H]3O)OC(=O)C)C(CCC(=C)C(C)C)C)CC2)(C)C[C@H]1O)(C)C)O		
CHEBI:220773	Phenylpyropene B		C30H36O7	508.611	O=C1OC(C2=CC=CC=C2)=CC3=C1C[C@@H]4[C@@]5([C@H]([C@@]([C@@H](OC(=O)C)CC5)(COC(=O)C)C)CC[C@]4(O3)C)C		
CHEBI:220793	NGA0187		C30H48O6	504.708	O=C1[C@H](O)C2C([C@@H](O)C[C@]3([C@H]2C[C@H](OC(=O)C)[C@@H]3[C@@H](/C=C/[C@@H](C(C)C)C)C)C)[C@@]4([C@@H]1C[C@@H](O)CC4)C		
CHEBI:220798	Stoloniferone R		C30H48O6	504.708	O=C1[C@]2([C@@](O)([C@H](O)C[C@@H]3[C@@H]2[C@H](OC(=O)C)C[C@@]4([C@@H]([C@@H](/C=C/[C@@H](C(C)C)C)C)CC[C@@H]34)C)C[C@H](C1)O)C		
CHEBI:220835	Pyripyropene O		C29H35NO7	509.599	O=C1OC(C2=CN=CC=C2)=CC3=C1C[C@@H]4[C@@]5([C@H]([C@@]([C@@H](OC(=O)C)CC5)(COC(=O)C)C)CC[C@]4(O3)C)C		
CHEBI:221600	Cladosporide D		C25H38O3	386.576	O=C[C@]1([C@H](O)CC[C@]2([C@H]1CC=C3C2=CC[C@]4([C@]3(CC[C@@H]4[C@@H](CO)C)C)C)C)C		
CHEBI:222150	Paxisterol		C28H42O4	442.640	O1[C@]([C@H]2C[C@H]3O[C@@H]1[C@@]42[C@@H]3[C@]56O[C@H]5C[C@@H]7[C@@]([C@H]6CC4)(CC[C@@H](C7)O)C)(CCC(=C)C(C)C)C		
CHEBI:222554	(1S,4R,5S,8S,10R,13R,14R,17R)-17-[(2R,5R)-5,6-dimethylhept-3-en-2-yl]-5-methyl-19-oxapentacyclo[11.4.2.01,14.04,13.05,10]nonadec-11-ene-4,8,10-triol		C28H44O4	444.656	O1[C@@]23C=C[C@]4(O)C[C@@H](O)CC[C@@]4([C@]2(O)CC[C@]5(C1)[C@@H]([C@@H](C=C[C@@H](C(C)C)C)C)CC[C@@H]35)C		
CHEBI:222814	Atrotosterone C		C28H44O8	508.652	O=C1C=C2[C@@]3(O)[C@@]([C@@H](C(O)([C@H](O)CC(=C)C(O)(C)C)C)CC3)(C[C@H]([C@@H]2[C@@]4([C@H]1C[C@@H](O)[C@H](C4)O)C)O)C		
CHEBI:222863	Zhankuic acid methyl ester A		C30H42O5	482.661	O=C1C2=C(C(=O)CC3[C@@]2(CCC([C@H]3C)=O)C)C4CC[C@@H]([C@]4(C1)C)[C@@H](CCC(=C)C(C(=O)OC)C)C		
CHEBI:222908	Fomentarol A		C28H44O4	444.656	O[C@]12[C@@](C=3C([C@@]4(O)[C@]([C@@H]([C@@H](/C=C/[C@@H](C(C)C)C)C)CC4)(C)CC3)=C[C@H]1O)(CC[C@@H](C2)O)C		
CHEBI:223191	Wortmannin C		C26H30O8	470.518	O=C1O[C@@H]([C@@]2(C3=C([C@H]4[C@](C(=O)CC4)(C)C[C@H]3OC(=O)C(CC)C)C(C5=C2C1=CO5)=O)C)COC		
CHEBI:223197	Wortmannin D		C25H28O8	456.491	O=C1O[C@@H]([C@@]2(C3=C([C@H]4[C@](C(=O)CC4)(C)C[C@H]3OC(=O)C(C)C)C(C5=C2C1=CO5)=O)C)COC		
CHEBI:223372	Sterolic acid		C28H36O7	484.589	O=C1C=C2[C@]3(OC[C@@]4([C@H]2CC[C@@H]4[C@@H](/C=C/[C@@H]([C@@H](C(=O)O)C)C)C)CC3)[C@@]5([C@@]16O[C@@H]6[C@H](O)[C@H]7[C@@H]5O7)C		
CHEBI:223390	Gymnasterone C		C28H40O2	408.626	O=C1C2=C3C=CC4=C[C@@H](O)CC[C@@]4([C@H]3CC[C@]2(C)[C@H](C1)[C@@H](/C=C/[C@@H](C(C)C)C)C)C		
CHEBI:223410	Integracide F		C34H52O6	556.784	O=C(O[C@H]1C([C@@H]2[C@@](C3=C(C4=CC[C@H]([C@]4(C)[C@@H]([C@H]3O)OC(=O)C)[C@H](CCC(=C)C(C)C)C)CC2)(C)C[C@@H]1O)(C)C)C		
CHEBI:223708	4,24-dimethyl-5alpha-cholest-8(9),24(25)-dien-12beta-acetoxy-3beta-ol-29-oic acid		C32H50O5	514.747	O=C(O)[C@@]1([C@@H](O)CC[C@]2([C@H]1CCC3=C2C[C@@H](OC(=O)C)[C@]4([C@H]3CC[C@@H]4C(CCC(=C(C)C)C)C)C)C)C		
CHEBI:223951	6,9-epoxy-ergosta-7, 22-dien-3-ol		C28H44O2	412.658	O1[C@@]23C(C4[C@](C([C@@H](/C=C/[C@@H](C(C)C)C)C)CC4)(C)CC2)=C[C@H]1C5C[C@@H](O)CC[C@]35C		
CHEBI:223966	Xylarinorditerpene C		C19H30O2	290.447	O1[C@H]2C3=CC[C@H]4[C@@H](CCC[C@@]4([C@H]3CC[C@]2(C)CC1)C)CO		
CHEBI:224084	Neoergosterol		C27H40O	380.616	O[C@@H]1CC2=C(C3=C([C@H]4[C@](C([C@@H](/C=C/[C@@H](C(C)C)C)C)CC4)(C)CC3)C=C2)CC1		
CHEBI:224227	Gloeophyllin H		C32H48O7	544.729	O=C1C2=C([C@]3(CC[C@@H]([C@]([C@@H]3C1)(C(=O)O)C)O)C)C[C@@H](OC(=O)C)[C@]4([C@]2(O)CC[C@@H]4[C@@H](CCC(=C)C(C)C)C)C		
CHEBI:224269	Cladosporide B		C25H38O3	386.576	O=C[C@]1([C@@H](O)CC[C@]2([C@H]1CC=C3C2=CC[C@]4([C@]3(CC[C@@H]4[C@@H](CO)C)C)C)C)C		
CHEBI:224313	Gargalol B		C28H42O4	442.640	O=C1C2=C3C(C(C(C=CC(C(C)C)C)C)CC3)(CCC24OOC5(C1)CC(O)CCC45C)C		
CHEBI:224752	Aphidicolin A1		C25H40O6	436.589	O=C(OC[C@]1(O)[C@H]2C[C@@]3([C@]4([C@H](O)C[C@H]5OC(C)(C)OC[C@]5([C@@H]4CC[C@H]3C2)C)C)CC1)C		
CHEBI:224808	Aphidicolin A2		C25H40O5	420.590	O=C(OC[C@]1(O)[C@H]2C[C@@]3([C@@]4([C@H]([C@]5([C@H](OC(C)(C)OC5)CC4)C)CC[C@H]3C2)C)CC1)C		
CHEBI:224917	Aphidicolin A4		C23H38O5	394.552	O1C(OC[C@@]2([C@H]1CC[C@]3([C@H]2[C@@H](O)C[C@@H]4[C@@]35CC[C@](O)(CO)[C@@H](C5)C4)C)C)(C)C		
CHEBI:224971	Aphidicolin A5		C23H36O6	408.535	O=C(O)[C@]1(O)[C@H]2C[C@@]3([C@@]4([C@H]([C@]5([C@H](OC(C)(C)OC5)CC4)C)[C@@H](C[C@H]3C2)O)C)CC1		
CHEBI:225021	Aphidicolin A6		C23H36O5	392.536	O1C(OC[C@@]2([C@H]1CC[C@]3([C@H]2CC=C4[C@@]35CC[C@](O)(CO)[C@@H](C5)[C@H]4O)C)C)(C)C		
CHEBI:225306	(20R)-7,8-dihydroxypaxisterol		C28H44O5	460.655	O1[C@@]([C@H]2C[C@H]3O[C@@H]1[C@@]42[C@@H]3[C@]5(O)[C@@H](O)C[C@H]6C[C@@H](O)CC[C@@]6([C@H]5CC4)C)(CCC(=C)C(C)C)C		
CHEBI:225310	Auransterol		C28H44O5	460.655	O1[C@@]23[C@H](O)C[C@H]4C[C@@H](O)CC[C@@]4([C@H]2CC[C@]56[C@H]1O[C@](CCC(=C)C(C)C)(C)[C@H]5C[C@H]([C@@H]36)O)C		
CHEBI:225315	(7S)-5-en-auransterol		C28H42O5	458.639	O1[C@@]23[C@@H](O)C=C4C[C@@H](O)CC[C@@]4([C@H]2CC[C@]56[C@H]1O[C@](CCC(=C)C(C)C)(C)[C@H]5C[C@H]([C@@H]36)O)C		
CHEBI:225451	Gymnasterone A		C45H67NO5	702.033	O=C1C2=C3[C@]4(O)[C@@]([C@@H]([C@@H](/C=C/[C@@H](C(C)C)C)C)C[C@@H]4C[C@]2(NC(=O)/C=C/C(=C/[C@@H](CCCCCC)C)/C)C=O)(CC[C@@H]3[C@@]5(C1=C[C@@H](O)CC5)C)C		
CHEBI:225548	Gloeophyllin C		C30H48O4	472.710	O=C(O)[C@@]1([C@@H](O)CC[C@]2([C@H]1CCC3=C2C[C@@H](O)[C@]4([C@H]3CC[C@@H]4[C@@H](CCC(=C)C(C)C)C)C)C)C		
CHEBI:225711	Antcamphorol J		C29H44O3	440.668	O=C1C2=C([C@H](O)C[C@@H]3[C@@]2(CCC([C@H]3C)=O)C)[C@@H]4CC[C@@H]([C@]4(C1)C)[C@@H](CCC(=C)C(C)C)C		
CHEBI:225717	Antcamphorol K		C29H44O3	440.668	O=C1C2=C([C@]3(O)CC[C@@H]([C@]3(C1)C)[C@@H](CCC(=C)C(C)C)C)CC[C@@H]4[C@@]2(CCC([C@H]4C)=O)C		
CHEBI:225747	Antcamphorol F		C29H44O2	424.669	O=C1[C@H]([C@H]2[C@](C=3C([C@H]4[C@]([C@@H]([C@@H](CCC(=C)C(C)C)C)CC4)(C)[C@@H](C3)O)=CC2)(C)CC1)C		
CHEBI:225751	Antcamphorol G		C29H44O2	424.669	O=C1[C@H]([C@H]2[C@](C=3C([C@H]4[C@]([C@@H]([C@@H](CCC(=C)C(C)C)C)CC4)(C)[C@H](C3)O)=CC2)(C)CC1)C		
CHEBI:225755	Antcamphorol H		C29H46O2	426.685	O[C@@H]1C=C2C(=CC[C@@H]3[C@@]2(CC[C@@H]([C@H]3C)O)C)[C@H]4[C@]1([C@@H]([C@@H](CCC(=C)C(C)C)C)CC4)C		
CHEBI:225760	Antcamphorol I		C29H44O	408.670	O=C1[C@H]([C@H]2[C@](C=3C([C@H]4[C@]([C@@H]([C@@H](CCC(=C)C(C)C)C)CC4)(C)CC3)=CC2)(C)CC1)C		
CHEBI:226115	Fomentarol B		C28H46O4	446.672	O[C@@]12[C@@]([C@@H]3[C@@H](C4=CC[C@@H]([C@@]4(C)CC3)[C@@H](/C=C/[C@@H](C(C)C)C)C)[C@@H]([C@@H]1O)O)(CC[C@@H](C2)O)C		
CHEBI:226289	Anticin A		C29H42O4	454.651	O=C1C2=C(C3CC[C@@H]([C@]3(C1)C)[C@@H](CCC(=C)C(C(=O)O)C)C)CCC4[C@@]2(CCC([C@H]4C)=O)C		
CHEBI:226558	2beta,9alpha-dihydroxy-5alpha-methoxyergosta-7, 22-diene		C29H48O3	444.700	O([C@]12[C@@]([C@]3(O)C([C@H]4[C@]([C@@H]([C@@H](/C=C/[C@@H](C(C)C)C)C)CC4)(C)CC3)=CC1)(C[C@H](O)CC2)C)C		
CHEBI:226584	Nodulisporiviridin H		C20H22O5	342.391	O=C1C2=C([C@]3(CC[C@@H](C=4C3=C1OC4)O)C)C[C@@H](O)[C@]5([C@H]2CCC5=O)C		
CHEBI:226988	7_-hydroxycholesterol-1_-carboxylic acid		C28H46O4	446.672	O=C(O)[C@H]1[C@]2(C(=C[C@H](O)[C@@H]3[C@@H]2CC[C@]4([C@H]3CCC4[C@@H](CCCC(C)C)C)C)C[C@H](C1)O)C		
CHEBI:227089	11-oxo-12_-acetoxy-4,4-dimethyl-24-methylene-5_-cholesta-8,14-diene-2_,3_-diol		C32H48O5	512.731	O=C1C2=C(C3=CC[C@@H]([C@]3([C@H]1OC(=O)C)C)[C@@H](CCC(=C)C(C)C)C)CC[C@@H]4[C@@]2(C[C@@H](O)[C@@H](C4(C)C)O)C		
CHEBI:227217	16-O-desmethylasporyergosterol		C28H42O2	410.642	O[C@@H]1C[C@@H]2C=CC3=C4[C@](\C(=C(/C=C/C(C(C)C)C)\C)\[C@@H](C4)O)(C)CC[C@@H]3[C@@]2(C)CC1		
CHEBI:227222	16-O-desmethylasporyergosterol-beta-D-mannoside		C34H52O7	572.783	O1[C@@H](O[C@H]2/C(=C(/C=C/C(C(C)C)C)\C)/[C@]3(CC[C@H]4C(=C3C2)C=C[C@H]5C[C@@H](O)CC[C@]45C)C)[C@@H](O)[C@@H](O)[C@@H]([C@H]1CO)O		
CHEBI:227227	16-O-desmethylasporyergosteron-beta-D-mannoside		C34H48O7	568.751	O=C1C=C2C=CC3=C4[C@](/C(=C(\C=C\C(C(C)C)C)/C)/[C@@H](C4)O[C@@H]5O[C@@H]([C@@H](O)[C@@H]([C@@H]5O)O)CO)(C)CC[C@@H]3[C@@]2(C)CC1		
CHEBI:227408	Applanoic acid C		C30H38O7	510.627	O=C1C=C2[C@@]3([C@H](C(C(=O)CC3)(C)C)C[C@H]4[C@@]2(O4)[C@]5([C@]1(C(/C(=C/C(=O)C[C@@H](C(=O)O)C)/C)=C[C@H]5O)C)C)C		
CHEBI:227415	Applanoic acid D		C30H38O8	526.626	O=C1C=C2C(=C(O)C[C@@H]3[C@@]2(CCC(C3(C)C)=O)C)[C@]4([C@]1(C(=CC4=O)[C@@](O)(CC(=O)C[C@@H](C(=O)O)C)C)C)C		
CHEBI:227515	Malacosterone		C27H44O8	496.641	O=C1C=C2[C@@]3(O)[C@@]([C@@H](C(O)([C@H](O)CCC(O)(C)C)C)[C@H](C3)O)(CCC2[C@@]4([C@H]1C[C@@H](O)[C@H](C4)O)C)C		
CHEBI:227566	Irpeksolactin C		C31H46O5	498.704	O=C1C([C@H]2[C@](C=3C([C@]4([C@]([C@@H]([C@H](C(=O)O)CCC(=C)C(C)C)[C@@H]([C@@H]4O)O)(C)CC3)C)=CC2)(C)CC1)(C)C		
CHEBI:227570	Irpeksolactin D		C31H46O5	498.704	O=C1C=C2[C@@](CC[C@H](C2(C)C)O)(C)C=3[C@@H]1[C@]4([C@]([C@@H]([C@H](C(=O)O)CCC(=C)C(C)C)[C@@H](C4)O)(C)CC3)C		
CHEBI:227583	L681512-3		C48H80O12S	881.220	S(=O)(=O)(O[C@@H]1C([C@H]2[C@](C3=C(C4=CC[C@@H]([C@@]4(C)[C@H]([C@@H]3O)OC(=O)C)C(CCC5(OC5)C(O)(C)C)C)CC2)(C)C[C@H]1OC(=O)CC(O)CCCCCCCCCCCCC)(C)C)O		
CHEBI:227859	(22E,24R)-6beta-methoxyergosta-7,22-dien-3beta,5alpha,9alpha,14beta-tetraol		C29H48O5	476.698	O([C@@H]1C=C2[C@](O)(CC[C@]3([C@]2(O)CC[C@@H]3[C@@H](/C=C/[C@@H](C(C)C)C)C)C)[C@@]4([C@]1(O)C[C@@H](O)CC4)C)C		
CHEBI:227870	(22E,24R)-ergosta-7,9(11),22-trien-3beta,5beta,6beta-triol		C28H44O3	428.657	O[C@@]12[C@@](C=3C([C@H]4[C@]([C@@H]([C@@H](/C=C/[C@@H](C(C)C)C)C)CC4)(C)CC3)=C[C@H]1O)(CC[C@@H](C2)O)C		
CHEBI:227875	(22E,24R)-6beta-methoxyergosta-7,9 (11),22-trien-3beta,5alpha,14beta-triol		C29H46O4	458.683	O([C@@H]1C=C2C(=CC[C@]3([C@]2(O)CC[C@@H]3[C@@H](/C=C/[C@@H](C(C)C)C)C)C)[C@@]4([C@]1(O)C[C@@H](O)CC4)C)C		
CHEBI:227880	(22E, 24R)-9alpha,15alpha-dihydroxyergosta-4,6,8(14),22-tetraen-3-one		C28H42O3	426.641	O[C@@]12C(=C3[C@]([C@@H]([C@@H](/C=C/[C@@H](C(C)C)C)C)C[C@@H]3O)(C)CC1)C=CC=4[C@@]2(CC[C@@H](C4)O)C		
CHEBI:227885	(22E,24R)-ergosta-5,8,22-trien-3beta,11alpha-dihydroxyl-7-one		C28H42O3	426.641	O=C1C2=C([C@]3(CC[C@@H](CC3=C1)O)C)[C@H](O)C[C@]4([C@H]2CC[C@@H]4[C@@H](/C=C/[C@@H](C(C)C)C)C)C		
CHEBI:227890	(22E,24R)-ergosta-4,7,22-trien-3beta,9alpha,14beta-trihydroxyl-6-one		C28H42O4	442.640	O=C1C2=C[C@@H](O)CC[C@@]2([C@@]3(O)CC[C@]4([C@](C3=C1)(O)CC[C@@H]4[C@@H](/C=C/[C@@H](C(C)C)C)C)C)C		
CHEBI:227895	(22E,24R)-ergosta-7,22-dien-3beta,9alpha,14beta-trihydroxyl-6-one		C28H44O4	444.656	O=C1C=C2[C@](O)(CC[C@]3([C@]2(O)CC[C@@H]3[C@@H](/C=C/[C@@H](C(C)C)C)C)C)[C@@]4([C@@H]1C[C@@H](O)CC4)C		
CHEBI:227916	3-dihydrovirone		C22H26O4	354.446	O=C1C2=C([C@]3(CC[C@@H](C=4C3=C1OC4)O)C)CC[C@]5([C@H]2CC[C@@H]5C(=O)C)C		
CHEBI:227941	Fusaristerol C		C29H48O3	444.700	O[C@@]12C(=C[C@@H](O)C3[C@@]1(CC[C@@H](C3)O)C)[C@H]4[C@]([C@]([C@@H](/C=C/[C@@H](C(C)C)C)C)(C)CC4)(C)CC2		
CHEBI:227948	Fusaristerol D		C30H48O5	488.709	O=C(O[C@@H]1C=C2[C@](O)(CC[C@]3([C@H]2CC[C@@H]3[C@@H](/C=C/[C@@H](C(C)C)C)C)C)[C@@]4(C1(O)C[C@@H](O)CC4)C)C		
CHEBI:227994	Steresterone B		C28H40O4	440.624	O=C1C2=CC(=O)CC[C@@]2([C@H]3CC[C@]4([C@@](C3=C1)(OO)CC[C@@H]4[C@@H](/C=C/[C@@H](C(C)C)C)C)C)C		
CHEBI:228078	Ganocalidophin A		C28H46O4	446.672	O=C1C=C2[C@@]3(O)[C@@]([C@@H]([C@@H](CC[C@@H](C(O)(C)C)C)C)CC3)(CC[C@@H]2[C@@]4([C@H]1C[C@H](O)CC4)C)C		
CHEBI:228080	Ganocalidophin B		C28H46O4	446.672	O=C1C=C2[C@@]3(O)[C@@]([C@@H]([C@@H](CC[C@@H](C(O)(C)C)C)C)CC3)(CC[C@@H]2[C@@]4([C@@H]1C[C@@H](O)CC4)C)C		
CHEBI:228082	Ganocalidophin C		C28H46O4	446.672	O=C1C=C2[C@@]3(O)[C@@]([C@@H]([C@@H](CC[C@@H](C(O)(C)C)C)C)CC3)(CC[C@@H]2[C@@]4([C@@H]1C[C@H](O)CC4)C)C		
CHEBI:228314	3-Epidehydrotumulosic acid		C31H48O4	484.721	O[C@H]1[C@@]([C@@]2([C@@](C1)(C=3C([C@@]4([C@](C([C@H](O)CC4)(C)C)(CC3)[H])C)=CC2)C)C)([C@@H](CCC(C(C)C)=C)C(O)=O)[H]		
CHEBI:228715	ST 27:1;O;S		C27H46O4S	466.720	S(OC1CC=2C(C3C(C4C(C(CC4)C(CCCC(C)C)C)(CC3)C)CC2)(CC1)C)(O)(=O)=O		
CHEBI:228931	(22Z,24S)-Cerevisterol		C28H46O3	430.673	O[C@]12[C@@]([C@@]3(C([C@]4([C@@]([C@](CC4)([C@H](C)/C=C\[C@H](C(C)C)C)[H])(CC3)C)[H])=C[C@H]1O)[H])(CC[C@H](O)C2)C		
CHEBI:229140	Holarrhidine		C21H36N2O	332.532	OCC12C(C3C(C4(C(=CC3)CC(N)CC4)C)CC1)CCC2C(N)C		
CHEBI:229151	Kurchaline		C23H37NO2	359.554	OC\1CC2C3C(C4(C(=CC3)CC(N(C)C)C(O)C4)C)CCC2(/C1=C/C)C		
CHEBI:229189	Pachysamine B		C29H50N2O	442.732	O=C(N([C@H]1C[C@]2([C@@]([C@@]3([C@]([C@]4([C@@]([C@](CC4)([C@@H](N(C)C)C)[H])(CC3)C)[H])(CC2)[H])[H])(CC1)C)[H])C)C=C(C)C		
CHEBI:229191	Pentahydroxybufostane		C28H50O5	466.703	OC1C2(C(C3C(C4(C(CC3O)CC(O)CC4)C)C1)CCC2C(CCC(O)(C(O)(C)C)C)C)C		
CHEBI:229585	Sodium taurodeoxycholate hydrate		C26H44NO6S.H2O.Na	539.700	S([O-])(=O)(=O)CCNC(=O)CC[C@H]([C@@]1([C@@]2([C@]([C@]3([C@@]([C@@]4([C@](CC3)(C[C@H](O)CC4)[H])C)(C[C@@H]2O)[H])[H])(CC1)[H])C)[H])C.[Na+].O		
CHEBI:229807	certonardosterol m		C28H50O6	482.702	O[C@]12[C@H]3[C@@]([C@H](C[C@H]3O)[C@@H](CC[C@H]([C@@H](CO)C)C)C)(CC[C@@H]1[C@@]4([C@@H]([C@@H](O)C2)[C@@H](O)[C@@H](O)CC4)C)C		
CHEBI:229809	certonardosterol a		C28H48O6	480.686	O[C@]12[C@H]3[C@@]([C@H](C[C@H]3O)[C@@H](CCC([C@@H](CO)C)=C)C)(CC[C@@H]1[C@@]4([C@@H]([C@@H](O)C2)[C@@H](O)[C@@H](O)CC4)C)C		
CHEBI:229819	lmst01010250		C27H44O4	432.645	O1O[C@]23[C@@]([C@@]14C([C@H]5[C@@]([C@H](CC5)[C@@H](CCCC(C)C)C)(CC4)C)=C[C@@H]2O)(CC[C@H](O)C3)C		
CHEBI:229827	armatinol a		C30H48O4	472.710	O1[C@@]23[C@@]([C@@H]4[C@H]([C@H]5[C@](CC4)([C@H](CC5)[C@@H](CCC(C(C)C)=C)C)C)C[C@@H]12)(CC[C@H](O)C3)COC(=O)C		
CHEBI:229851	certonardosterol j		C29H50O4	462.715	O[C@H]1[C@@H]2[C@@]([C@H](C1)[C@H](C)/C=C(/[C@@H]([C@H](CO)C)C)\C)(CC[C@H]3[C@H]2C[C@H](O)[C@@H]4[C@@]3(CC[C@H](O)C4)C)C		
CHEBI:229933	gracilosulfate A		C28H47O7S.Na	550.730	C1[C@@H]([C@@H]([C@]23[C@](C1)([C@@H]4[C@@H](C[C@H]2O3)[C@H]5[C@](CC4)([C@H](CC5)[C@H](C)C[C@H]([C@H](C(C)C)C)O)C)C)O)OS([O-])(=O)=O.[Na+]		
CHEBI:229935	Daturmeteside A		C28H46O6	478.670	[C@@H]1(C[C@@H](CC2=C[C@H]([C@@H]3[C@H](CC[C@]4([C@H]3CC[C@@H]4[C@@H]([C@@H](CC([C@@](CO)(O)C)=C)O)C)C)[C@@]12C)O)O)O		
CHEBI:229937	25-hydroxy-atrotosterone A		C28H46O8	510.668	C1[C@@]2([C@@]3(C([C@]4([C@@]([C@](CC4)([C@@]([C@@H](CC(C(C)(C)O)C)O)(C)O)[H])(C[C@H]3O)C)O)=CC([C@@]2(C[C@H]([C@H]1O)O)[H])=O)[H])C		
CHEBI:230151	Amafolone		C19H31NO2	305.462	O[C@H]1C[C@@]2([C@@H]3[C@H]([C@H]4[C@](CC3)(C(=O)CC4)C)CC[C@H]2C[C@@H]1N)C		
CHEBI:230228	Cholesta-5,7,9(11)-trien-3beta-ol		C27H42O	382.632	O[C@@H]1CC=2[C@@](C=3C([C@H]4[C@@]([C@H](CC4)[C@@H](CCCC(C)C)C)(CC3)C)=CC2)(CC1)C		
CHEBI:230321	Pregnan-20-one		C21H34O	302.502	O=C([C@@H]1[C@@]2([C@H]([C@H]3[C@@H]([C@@]4(C(CC3)CCCC4)C)CC2)CC1)C)C		
CHEBI:230375	I-Bimetrol		C28H47IO	526.587	ICC=1C[C@H]2[C@H]3[C@@]([C@H](CC3)[C@@H](CCCC(C)C)C)(CC[C@@H]2[C@@]4(C1C[C@@H](O)CC4)C)C		
CHEBI:230770	N-Palmitoyl Arginine		C21H34O6S	414.560	S(OC(O)(O)\C=C/1\[C@@]2([C@H]([C@H]3[C@@H]([C@@]4(C(CC3)CCCC4)C)CC2)CC1)C)(O)(=O)=O		
CHEBI:230876	2-[(3S,8R,9S,10R,13S,14S)-10,13-Dimethyl-17-pyridin-3-yl-2,3,4,7,8,9,11,12,14,15-decahydro-1H-cyclopenta[a]phenanthren-3-yl]acetic acid		C26H33NO2	391.555	OC(=O)CC1CC=2C(C3C(C4C(CC3)(C(=CC4)C=5C=CC=NC5)C)CC2)(CC1)C		
CHEBI:231000	(8S,9S,10R,13R,14S,17R)-5,6-Dihydroperoxy-10,13-dimethyl-17-[(2R)-6-methylheptan-2-yl]-1,2,3,4,6,7,8,9,11,12,14,15,16,17-tetradecahydrocyclopenta[a]phenanthren-3-ol		C27H48O5	452.676	O(O)C12C(C3C(C4C(C(CC4)C(CCCC(C)C)C)(CC3)C)CC1OO)(CCC(O)C2)C		
CHEBI:231025	3-Ketopetromyzonol sulfate		C24H40O7S	472.640	S(OCCC[C@H]([C@@H]1[C@@]2([C@H]([C@H]3[C@@H]([C@@]4([C@@H](C[C@H]3O)CC(=O)CC4)C)C[C@@H]2O)CC1)C)C)(O)(=O)=O		
CHEBI:231058	Azacosterol		C25H44N2O	388.640	O[C@@H]1CC=2[C@@]([C@@H]3[C@H]([C@H]4[C@@]([C@@H](N(CCCN(C)C)C)CC4)(CC3)C)CC2)(CC1)C		
CHEBI:231110	Isofucosterol 3-O-[6-O-Hexadecanoyl-b-D-glucopyranoside]		C51H88O7	813.258	O(C1CC=2C(C3C(C4C(C(CC4)C(CC/C(/C(C)C)=C\C)C)(CC3)C)CC2)(CC1)C)C5OC(C(O)C(O)C5O)COC(=O)CCCCCCCCCCCCCCC		
CHEBI:231180	5-alpha-Cholestane-3-beta,5,6-beta-triol, 6-acetate 3-(hydrogen succinate)		C33H54O7	562.788	O[C@]12[C@@]([C@@H]3[C@H]([C@H]4[C@@]([C@H](CC4)[C@@H](CCCC(C)C)C)(CC3)C)C[C@H]1OC(=O)C)(CC[C@H](OC(=O)CCC(O)=O)C2)C		
CHEBI:231201	Basilimoside		C36H60O6	588.870	O([C@@H]1CC=2[C@@]([C@@H]3[C@H]([C@H]4[C@@]([C@H](CC4)[C@H](C)/C=C/C(C(C)(C)C)CC)(CC3)C)CC2)(CC1)C)[C@@H]5O[C@@H]([C@@H](O)[C@H](O)[C@H]5O)CO		
CHEBI:231203	2-Gonen		C17H26	230.395	[C@H]12[C@@H]([C@@H]3C(CC1)CC=CC3)CC[C@H]4[C@H]2CCC4		
CHEBI:231226	(8S,9S,10R,13R,14S,17S)-17-Ethyl-10,13-dimethyl-4,5,6,7,8,9,11,12,14,15,16,17-dodecahydro-3H-cyclopenta[a]phenanthrene		C21H34	286.503	C12C(C(CC1)CC)(CCC3C2CCC4C3(C)C=CCC4)C		
CHEBI:231982	28-Norcyclomusalenone		C29H46O	410.686	O=C1CC2C3(C4(C(C5(C(C(C(CCC(C(=C)C)C)C)CC5)(C)CC4)C)CC2)C3)CC1		
CHEBI:231993	Schleicherastatin 6		C28H46O3	430.673	O=C1C=C2[C@@](CC[C@@H](C2)O)(C)[C@@H]3[C@@H]1[C@H]4[C@](C([C@@H]([C@H](O)C[C@H](C(C)C)C)C)CC4)(C)CC3		
CHEBI:232726	deoxycholic acid sulfate		C24H40O7S	472.640	S(OC(=O)CCC(C1C2(C(C3C(C4(C(CC3O)CCCC4)C)CC2O)CC1)C)C)(O)(=O)=O		
CHEBI:771	16alpha-hydroxypregnenolone		C21H32O3	332.47698	[H][C@@]12CC=C3C[C@@H](O)CC[C@]3(C)[C@@]1([H])CC[C@]1(C)[C@H]([C@H](O)C[C@@]21[H])C(C)=O		
CHEBI:776	16alpha-hydroxyestrone	CHEBI:60497	C18H22O3	286.371	[H][C@@]12C[C@@H](O)C(=O)[C@@]1(C)CC[C@]1([H])C3=C(CC[C@@]21[H])C=C(O)C=C3		
CHEBI:783	(20R)-17alpha,20-dihydroxycholesterol		C27H46O3	418.65234	[H][C@@]12CC=C3C[C@@H](O)CC[C@]3(C)[C@@]1([H])CC[C@@]1(C)[C@@]2([H])CC[C@]1(O)[C@](C)(O)CCCC(C)C		
CHEBI:791	17beta-estradiol 17-glucosiduronic acid		C24H32O8	448.50608	[H][C@]12CC[C@]3(C)[C@H](CC[C@@]3([H])[C@]1([H])CCc1cc(O)ccc21)O[C@@H]1O[C@@H]([C@@H](O)[C@H](O)[C@H]1O)C(O)=O		
CHEBI:798	19-hydroxytestosterone		C19H28O3	304.42382	[H][C@@]12CCC3=CC(=O)CC[C@]3(CO)[C@@]1([H])CC[C@]1(C)[C@@H](O)CC[C@@]21[H]		
CHEBI:799	3,17-dioxoandrost-4-en-19-al		C19H24O3	300.39206	[H][C@@]12CCC3=CC(=O)CC[C@]3(C=O)[C@@]1([H])CC[C@]1(C)C(=O)CC[C@@]21[H]		
CHEBI:1156	2-hydroxyestrone		C18H22O3	286.36548	[H][C@]12CC[C@]3(C)C(=O)CC[C@@]3([H])[C@]1([H])CCc1cc(O)c(O)cc21		
CHEBI:1294	(20R,22R)-20,22-dihydroxycholesterol		C27H46O3	418.65234	[H][C@@]12CC=C3C[C@@H](O)CC[C@]3(C)[C@@]1([H])CC[C@@]1(C)[C@@]2([H])CC[C@]1([H])[C@@](C)(O)[C@H](O)CCC(C)C		
CHEBI:1296	20-hydroxycholesterol	CHEBI:43170	C27H46O2	402.654	C1[C@@]2([C@]3(CC[C@]4([C@]([C@@]3(CC=C2C[C@H](C1)O)[H])(CC[C@@]4([C@](C)(CCCC(C)C)O)[H])[H])C)[H])C		
CHEBI:1301	(22S)-22-hydroxycholesterol		C27H46O2	402.65294	[H][C@@]1(CC[C@@]2([H])[C@]3([H])CC=C4C[C@@H](O)CC[C@]4(C)[C@@]3([H])CC[C@]12C)[C@H](C)[C@@H](O)CCC(C)C		
CHEBI:1307	24-methylenecycloartanol		C31H52O	440.745	[C@]123[C@@]4([C@](C([C@@H](O)CC4)(C)C)(CC[C@]1([C@]5([C@]([C@@]([C@@H](CCC(C(C)C)=C)C)(CC5)[H])(C)CC2)C)[H])[H])C3		
CHEBI:1712	3alpha-hydroxy-5beta-pregnan-20-one	CHEBI:88767	C21H34O2	318.501	[H][C@@]1(CC[C@@]2([H])[C@]3([H])CC[C@]4([H])C[C@H](O)CC[C@]4(C)[C@@]3([H])CC[C@]12C)C(C)=O		
CHEBI:1949	4alpha-methylzymosterol		C28H46O	398.66424	[H][C@@]12CCC3=C(CC[C@]4(C)[C@]([H])(CC[C@@]34[H])[C@H](C)CCC=C(C)C)[C@@]1(C)CC[C@H](O)[C@H]2C		
CHEBI:2150	5beta-dihydrotestosterone		C19H30O2	290.441	[C@@]12([C@@]([C@@]3([C@@](CC(=O)CC3)(CC1)[H])C)(CC[C@]4(C)[C@H](CC[C@@]24[H])O)[H])[H]		
CHEBI:2288	7alpha,12alpha-dihydroxy-5beta-cholestan-3-one		C27H46O3	418.65234	[H][C@]12C[C@@H](O)[C@@]3([H])[C@]4([H])CC[C@]([H])([C@H](C)CCCC(C)C)[C@@]4(C)[C@@H](O)C[C@]3([H])[C@@]1(C)CCC(=O)C2		
CHEBI:2290	7alpha-hydroxy-5beta-cholestan-3-one		C27H46O2	402.65294	[H][C@]12C[C@@H](O)[C@]3([H])[C@]([H])(CC[C@]4(C)[C@]([H])(CC[C@@]34[H])[C@H](C)CCCC(C)C)[C@@]1(C)CCC(=O)C2		
CHEBI:2364	abrusoside A		C36H54O10	646.80796	[H][C@]1(CC=C(C)C(=O)O1)[C@@H](C)[C@@]1([H])CC[C@@]2(C)[C@]3([H])CC[C@@]4([H])[C@@](C)([C@H](CC[C@@]44C[C@@]34CC[C@]12C)O[C@@H]1O[C@H](CO)[C@@H](O)[C@H](O)[C@H]1O)C(O)=O		
CHEBI:2495	adrenosterone		C19H24O3	300.393	C1[C@@]2([C@@]([C@@]3(C(C1)=CC(CC3)=O)C)(C(C[C@@]4(C)[C@@]2([H])CCC4=O)=O)[H])[H]		
CHEBI:2513	agavoside A		C33H52O9	592.76058	[H][C@@]12CC[C@]3([H])[C@]([H])(CC(=O)[C@@]4(C)[C@@]3([H])C[C@]3([H])O[C@]5(CC[C@@H](C)CO5)[C@@H](C)[C@]43[H])[C@@]1(C)CC[C@@H](C2)O[C@@H]1O[C@H](CO)[C@H](O)[C@H](O)[C@H]1O		
CHEBI:2710	androst-5-ene-3beta,17beta-diol		C19H30O2	290.447	[H][C@@]12CC[C@H](O)[C@@]1(C)CC[C@@]1([H])[C@@]2([H])CC=C2C[C@@H](O)CC[C@]12C		
CHEBI:3168	brassicasterol		C28H46O	398.675	[C@@]12([C@]3([C@@]([C@@]4(C(C[C@@H](O)CC4)=CC3)C)(CC[C@@]1([C@@]([C@@H](/C=C/[C@@H](C(C)C)C)C)(CC2)[H])C)[H])[H])[H]		
CHEBI:4866	17beta-estradiol 3-sulfate		C18H24O5S	352.447	C1=C2C(CC[C@]3([C@@]4(CC[C@@H]([C@]4(CC[C@@]32[H])C)O)[H])[H])=CC(=C1)OS(O)(=O)=O		
CHEBI:4868	estramustine		C23H31Cl2NO3	440.40300	[H][C@]12CC[C@]3(C)[C@@H](O)CC[C@@]3([H])[C@]1([H])CCc1cc(OC(=O)N(CCCl)CCCl)ccc21		
CHEBI:4953	exemestane		C20H24O2	296.40340	[H][C@@]12CC(=C)C3=CC(=O)C=C[C@]3(C)[C@@]1([H])CC[C@]1(C)C(=O)CC[C@@]21[H]		
CHEBI:5062	finasteride		C23H36N2O2	372.545	C1=CC(N[C@]2([C@]1([C@@]3([C@@](CC2)([C@]4([C@](CC3)([C@](CC4)(C(NC(C)(C)C)=O)[H])C)[H])[H])[H])C)[H])=O		
CHEBI:6716	medroxyprogesterone acetate	CHEBI:145457	C24H34O4	386.532	C1[C@]2([C@]3([C@@]([C@@]4(C(=CC(CC4)=O)[C@H](C3)C)C)(CC[C@@]2([C@@](C1)(OC(C)=O)C(=O)C)C)[H])[H])[H]		
CHEBI:6723	megestrol acetate		C24H32O4	370.48190	[H][C@@]12CC[C@](OC(C)=O)(C(C)=O)[C@@]1(C)CC[C@@]1([H])[C@@]2([H])C=C(C)C2=CC(=O)CC[C@]12C		
CHEBI:6784	mestranol		C21H26O2	310.42994	[H][C@]12CC[C@@]3(C)[C@@]([H])(CC[C@@]3(O)C#C)[C@]1([H])CCc1cc(OC)ccc21		
CHEBI:7466	nandrolone		C18H26O2	274.39780	[H][C@]12CCC(=O)C=C1CC[C@]1([H])[C@]2([H])CC[C@]2(C)[C@@H](O)CC[C@@]12[H]		
CHEBI:7628	norethisterone acetate		C22H28O3	340.45590	CC(=O)O[C@]1(CC[C@H]2[C@@H]3CCC4=CC(=O)CC[C@@H]4[C@H]3CC[C@]12C)C#C		
CHEBI:7820	oxandrolone		C19H30O3	306.43970	[H][C@@]12CC[C@]3([H])[C@]([H])(CC[C@@]4(C)[C@@]3([H])CC[C@]4(C)O)[C@@]1(C)COC(=O)C2		
CHEBI:8389	estrone sodium sulfate		C18H21O5S.Na	372.41211	[Na+].[H][C@]12CC[C@]3(C)C(=O)CC[C@@]3([H])[C@]1([H])CCc1cc(OS([O-])(=O)=O)ccc21		
CHEBI:8403	previtamin D3		C27H44O	384.648	[H][C@@]1(CC[C@@]2([H])C(\C=C/C3=C(C)CC[C@H](O)C3)=CCC[C@]12C)[C@H](C)CCCC(C)C		
CHEBI:9188	solanine		C45H73NO15	868.05880	C[C@@H]1[C@H]2CC[C@H](C)CN2[C@H]2C[C@H]3[C@@H]4CC=C5C[C@H](CC[C@]5(C)[C@H]4CC[C@]3(C)[C@@H]12)O[C@@H]1O[C@H](CO)[C@H](O)[C@H](O[C@@H]2O[C@H](CO)[C@@H](O)[C@H](O)[C@H]2O)[C@H]1O[C@@H]1O[C@@H](C)[C@H](O)[C@@H](O)[C@H]1O		
CHEBI:9190	solasodine	CHEBI:95154	C27H43NO2	413.646	[C@]12([C@]3([C@@]([C@@]4(C(C[C@@H](O)CC4)=CC3)C)(CC[C@]2(C)[C@]5([C@@H]([C@@]6(O[C@]5(C1)[H])NC[C@H](C)CC6)C)[H])[H])[H])[H]		
CHEBI:9249	stanozolol		C21H32N2O	328.49160	C[C@]1(O)CC[C@H]2[C@@H]3CC[C@H]4Cc5[nH]ncc5C[C@]4(C)[C@H]3CC[C@]12C		
CHEBI:9347	sulfoglycolithocholic acid		C26H43NO7S	513.68700	[H][C@]12CC[C@@]3([H])[C@]4([H])CC[C@]([H])([C@H](C)CCC(=O)NCC(O)=O)[C@@]4(C)CC[C@]3([H])[C@@]1(C)CC[C@H](C2)OS(O)(=O)=O		
CHEBI:9460	testolactone		C19H24O3	300.39206	[H][C@@]12CCC3=CC(=O)C=C[C@]3(C)[C@@]1([H])CC[C@]1(C)OC(=O)CC[C@@]21[H]		
CHEBI:9464	testosterone enanthate		C26H40O3	400.59400	[H][C@@]12CCC3=CC(=O)CC[C@]3(C)[C@@]1([H])CC[C@]1(C)[C@H](CC[C@@]21[H])OC(=O)CCCCCC		
CHEBI:9629	tomatidine		C27H45NO2	415.65174	[H][C@@]12CC[C@]3([H])[C@]([H])(CC[C@@]4(C)[C@@]3([H])C[C@]3([H])O[C@@]5(CC[C@H](C)CN5)[C@@H](C)[C@]43[H])[C@@]1(C)CC[C@H](O)C2		
CHEBI:9630	tomatine		C50H83NO21	1034.18816	[H][C@@]12CC[C@]3([H])[C@]([H])(CC[C@@]4(C)[C@@]3([H])C[C@]3([H])O[C@@]5(CC[C@H](C)CN5)[C@@H](C)[C@]43[H])[C@@]1(C)CC[C@@H](C2)O[C@@H]1O[C@H](CO)[C@H](O[C@@H]2O[C@H](CO)[C@@H](O)[C@H](O[C@@H]3OC[C@@H](O)[C@H](O)[C@H]3O)[C@H]2O[C@@H]2O[C@H](CO)[C@@H](O)[C@H](O)[C@H]2O)[C@H](O)[C@H]1O		
CHEBI:11909	3beta-hydroxy-5alpha-pregnan-20-one		C21H34O2	318.49346	[H][C@@]12CC[C@@]3([H])[C@]4([H])CC[C@]([H])(C(C)=O)[C@@]4(C)CC[C@]3([H])[C@@]1(C)CC[C@H](O)C2		
CHEBI:15574	nuatigenin	CHEBI:174; CHEBI:10850; CHEBI:7646; CHEBI:18529; CHEBI:57419	C27H42O4	430.61998	[H][C@]12C[C@@]3([H])[C@]4([H])CC=C5C[C@@H](O)CC[C@]5(C)[C@@]4([H])CC[C@]3(C)[C@@]1([H])[C@H](C)[C@@]1(CC[C@@](C)(CO)O1)O2		
CHEBI:15575	nuatigenin 3-beta-D-glucopyranoside	CHEBI:10851; CHEBI:18530; CHEBI:175; CHEBI:57420	C33H52O9	592.76058	[H][C@]12C[C@@]3([H])[C@]4([H])CC=C5C[C@H](CC[C@]5(C)[C@@]4([H])CC[C@]3(C)[C@@]1([H])[C@H](C)[C@@]1(CC[C@@](C)(CO)O1)O2)O[C@@H]1O[C@H](CO)[C@@H](O)[C@H](O)[C@H]1O		
CHEBI:15577	(3beta,24R,24'R)-fucosterol epoxide	CHEBI:18575; CHEBI:10853; CHEBI:177	C29H48O2; C29H48O2	428.69022	[H][C@@]1(CC[C@@]2([H])[C@]3([H])CC=C4C[C@@H](O)CC[C@]4(C)[C@@]3([H])CC[C@]12C)[C@H](C)CC[C@@]1(O[C@@H]1C)C(C)C		
CHEBI:15579	(25S)-5beta-spirostan-3beta-yl beta-D-glucoside	CHEBI:10855; CHEBI:179; CHEBI:18538	C33H54O8	578.77706	[H][C@]12CC[C@]3([H])[C@]([H])(CC[C@@]4(C)[C@@]3([H])C[C@]3([H])O[C@]5(CC[C@H](C)CO5)[C@@H](C)[C@]43[H])[C@@]1(C)CC[C@@H](C2)O[C@@H]1O[C@H](CO)[C@@H](O)[C@H](O)[C@H]1O		
CHEBI:15717	4beta-(hydroxymethyl)-4alpha-methyl-5alpha-cholest-7-en-3beta-ol	CHEBI:12052; CHEBI:20486; CHEBI:1950	C29H50O2; C29H50O2	430.70610	[H][C@@]1(CC[C@@]2([H])C3=CC[C@@]4([H])[C@@](C)(CO)[C@@H](O)CC[C@]4(C)[C@@]3([H])CC[C@]12C)[C@H](C)CCCC(C)C		
CHEBI:15994	5alpha-androstane-3,17-dione	CHEBI:12168; CHEBI:40140; CHEBI:2137; CHEBI:20639	C19H28O2	288.42442	[H][C@@]12CC[C@@]3([H])[C@]4([H])CCC(=O)[C@@]4(C)CC[C@]3([H])[C@@]1(C)CCC(=O)C2		
CHEBI:16032	androsterone	CHEBI:2714; CHEBI:13832; CHEBI:20235	C19H30O2	290.447	[H][C@@]12CCC(=O)[C@@]1(C)CC[C@@]1([H])[C@@]2([H])CC[C@@]2([H])C[C@H](O)CC[C@]12C		
CHEBI:16074	5beta-cholestan-3-one	CHEBI:20665; CHEBI:2146; CHEBI:12177	C27H46O	386.65354	[H][C@]12CC[C@]3([H])[C@]([H])(CC[C@]4(C)[C@]([H])(CC[C@@]34[H])[C@H](C)CCCC(C)C)[C@@]1(C)CCC(=O)C2		
CHEBI:16076	11alpha-hydroxyprogesterone	CHEBI:731; CHEBI:11315; CHEBI:19128	C21H30O3	330.46110	[H][C@@]12CCC3=CC(=O)CC[C@]3(C)[C@@]1([H])[C@H](O)C[C@]1(C)[C@H](CC[C@@]21[H])C(C)=O		
CHEBI:16113	cholesterol	CHEBI:41564; CHEBI:3659; CHEBI:13982; CHEBI:23204	C27H46O	386.655	C1[C@@]2([C@]3(CC[C@]4([C@]([C@@]3(CC=C2C[C@H](C1)O)[H])(CC[C@@]4([C@H](C)CCCC(C)C)[H])[H])C)[H])C		
CHEBI:16175	cholest-4-en-3-one	CHEBI:3657; CHEBI:13979; CHEBI:23171; CHEBI:86563	C27H44O	384.63766	[H][C@@]1(CC[C@@]2([H])[C@]3([H])CCC4=CC(=O)CC[C@]4(C)[C@@]3([H])CC[C@]12C)[C@H](C)CCCC(C)C		
CHEBI:16229	3beta-hydroxy-5beta-pregnan-20-one	CHEBI:1721; CHEBI:11910	C21H34O2	318.49346	[H][C@]12CC[C@@]3([H])[C@]4([H])CC[C@]([H])(C(C)=O)[C@@]4(C)CC[C@]3([H])[C@@]1(C)CC[C@H](O)C2		
CHEBI:16286	3beta-hydroxy-4beta-methyl-5alpha-cholest-7-ene-4alpha-carbaldehyde	CHEBI:11907; CHEBI:1718	C29H48O2	428.69022	[H][C@@]1(CC[C@@]2([H])C3=CC[C@@]4([H])[C@](C)(C=O)[C@@H](O)CC[C@]4(C)[C@@]3([H])CC[C@]12C)[C@H](C)CCCC(C)C		
CHEBI:16290	5alpha-cholesta-7,24-dien-3beta-ol	CHEBI:2140; CHEBI:12171; CHEBI:23183	C27H44O	384.63766	[H][C@@]12CC=C3[C@]4([H])CC[C@]([H])([C@H](C)CCC=C(C)C)[C@@]4(C)CC[C@]3([H])[C@@]1(C)CC[C@H](O)C2		
CHEBI:16330	17beta-hydroxy-5alpha-androstan-3-one	CHEBI:793; CHEBI:11342; CHEBI:41876; CHEBI:11341; CHEBI:19175	C19H30O2	290.44030	[H][C@@]12CC[C@@]3([H])[C@]4([H])CC[C@H](O)[C@@]4(C)CC[C@]3([H])[C@@]1(C)CCC(=O)C2		
CHEBI:16390	3alpha,12alpha-dihydroxy-7-oxo-5beta-cholanic acid	CHEBI:20210; CHEBI:1688; CHEBI:20209	C24H38O5	406.55552	[H][C@@]12C[C@H](O)CC[C@]1(C)[C@@]1([H])C[C@H](O)[C@]3(C)[C@]([H])(CC[C@@]3([H])[C@]1([H])C(=O)C2)[C@H](C)CCC(O)=O		
CHEBI:16422	androst-4-ene-3,17-dione	CHEBI:2709; CHEBI:40930; CHEBI:11964; CHEBI:20322; CHEBI:13830	C19H26O2	286.40850	[H][C@@]12CCC3=CC(=O)CC[C@]3(C)[C@@]1([H])CC[C@]1(C)C(=O)CC[C@@]21[H]		
CHEBI:16455	4,4-dimethyl-5alpha-cholest-7-en-3beta-ol	CHEBI:11919; CHEBI:1742; CHEBI:20266	C29H50O	414.70670	[H][C@@](C)(CCCC(C)C)[C@@]1([H])CC[C@@]2([H])C3=CC[C@@]4([H])C(C)(C)[C@@H](O)CC[C@]4(C)[C@@]3([H])CC[C@]12C		
CHEBI:16469	17beta-estradiol	CHEBI:23963; CHEBI:42475; CHEBI:4864; CHEBI:14219	C18H24O2	272.38200	[H][C@]12CC[C@]3(C)[C@@H](O)CC[C@@]3([H])[C@]1([H])CCc1cc(O)ccc21		
CHEBI:16496	5beta-cholestane-3alpha,7alpha,12alpha-triol	CHEBI:1697; CHEBI:12179; CHEBI:28597; CHEBI:20667; CHEBI:20221; CHEBI:57793	C27H48O3	420.66822	[H][C@@]12C[C@H](O)CC[C@]1(C)[C@@]1([H])C[C@H](O)[C@]3(C)[C@]([H])(CC[C@@]3([H])[C@]1([H])[C@H](O)C2)[C@H](C)CCCC(C)C		
CHEBI:16521	lanosterol	CHEBI:43584; CHEBI:14500; CHEBI:6374; CHEBI:25011	C30H50O	426.729	[H][C@@]1(CC[C@@]2(C)C3=C(CC[C@]12C)[C@@]1(C)CC[C@H](O)C(C)(C)[C@]1([H])CC3)[C@H](C)CCC=C(C)C		
CHEBI:16524	testosterone acetate	CHEBI:15215; CHEBI:26884; CHEBI:9462	C21H30O3	330.46110	[H][C@@]12CCC3=CC(=O)CC[C@]3(C)[C@@]1([H])CC[C@]1(C)[C@H](CC[C@@]21[H])OC(C)=O		
CHEBI:16581	pregnenolone	CHEBI:14881; CHEBI:45027; CHEBI:8388; CHEBI:26241; CHEBI:86573	C21H32O2	316.47760	[H][C@@]12CC=C3C[C@@H](O)CC[C@]3(C)[C@@]1([H])CC[C@]1(C)[C@H](CC[C@@]21[H])C(C)=O		
CHEBI:16587	20-hydroxyecdysone	CHEBI:49387; CHEBI:11661; CHEBI:1292; CHEBI:19795; CHEBI:57827	C27H44O7	480.63406	[H][C@]12CC[C@]3(C)[C@]([H])(CC[C@@]3(O)C1=CC(=O)[C@]1([H])C[C@@H](O)[C@@H](O)C[C@]21C)[C@@](C)(O)[C@H](O)CCC(C)(C)O		
CHEBI:16608	5alpha-cholest-8-en-3beta-ol	CHEBI:12170; CHEBI:20645; CHEBI:2139	C27H46O	386.65354	[H][C@@]12CCC3=C(CC[C@]4(C)[C@]([H])(CC[C@@]34[H])[C@H](C)CCCC(C)C)[C@@]1(C)CC[C@H](O)C2		
CHEBI:16653	cycloeucalenol	CHEBI:4000; CHEBI:14046; CHEBI:23458	C30H50O	426.71740	[H][C@@]12CC[C@@]3([H])[C@]4(C)CC[C@H]([C@H](C)CCC(=C)C(C)C)[C@@]4(C)CC[C@]33C[C@]13CC[C@H](O)[C@H]2C		
CHEBI:16744	pregna-4,9(11)-diene-3,20-dione	CHEBI:26229; CHEBI:8383; CHEBI:14878	C21H28O2	312.44582	[H][C@@]12CCC3=CC(=O)CC[C@]3(C)C1=CC[C@]1(C)[C@H](CC[C@@]21[H])C(C)=O		
CHEBI:16814	dehydroepiandrosterone sulfate	CHEBI:20247; CHEBI:61003; CHEBI:11912; CHEBI:1724	C19H28O5S; C19H28O5S	368.489	C1[C@@]2([C@@]([C@@]3(C(C[C@@H](OS(O)(=O)=O)CC3)=C1)C)(CC[C@]4([C@]2(CCC4=O)[H])C)[H])[H]		
CHEBI:16933	ergosterol	CHEBI:42264; CHEBI:4825; CHEBI:14214; CHEBI:23942	C28H44O	396.64836	[H][C@@]1(CC[C@@]2([H])C3=CC=C4C[C@@H](O)CC[C@]4(C)[C@@]3([H])CC[C@]12C)[C@H](C)\C=C\[C@H](C)C(C)C		
CHEBI:16985	5beta-androstane-3,17-dione	CHEBI:2145; CHEBI:40692; CHEBI:12176; CHEBI:20660	C19H28O2	288.42442	[H][C@]12CC[C@@]3([H])[C@]4([H])CCC(=O)[C@@]4(C)CC[C@]3([H])[C@@]1(C)CCC(=O)C2		
CHEBI:17026	progesterone	CHEBI:18798; CHEBI:45786; CHEBI:14896; CHEBI:26269; CHEBI:439; CHEBI:8453; CHEBI:28589	C21H30O2	314.46170	[H][C@@]12CCC3=CC(=O)CC[C@]3(C)[C@@]1([H])CC[C@]1(C)[C@H](CC[C@@]21[H])C(C)=O		
CHEBI:17030	cycloartenol	CHEBI:3995; CHEBI:14044; CHEBI:20841	C30H50O	426.719	[C@]123[C@@]4([C@](C([C@@H](O)CC4)(C)C)(CC[C@]1([C@]5([C@@]([C@@]([C@@H](CCC=C(C)C)C)(CC5)[H])(CC2)C)C)[H])[H])C3		
CHEBI:17038	fecosterol	CHEBI:11663; CHEBI:1306; CHEBI:52361; CHEBI:19811	C28H46O	398.66420	[H][C@@]12CCC3=C(CC[C@]4(C)[C@]([H])(CC[C@@]34[H])[C@H](C)CCC(=C)C(C)C)[C@@]1(C)CC[C@H](O)C2		
CHEBI:17058	3-dehydroecdysone	CHEBI:1486; CHEBI:11780; CHEBI:19996	C27H42O6	462.61878	[H][C@@]1(CC[C@@]2(O)C3=CC(=O)[C@]4([H])CC(=O)[C@@H](O)C[C@]4(C)[C@@]3([H])CC[C@]12C)[C@H](C)[C@H](O)CCC(C)(C)O		
CHEBI:17160	17alpha-estradiol	CHEBI:4862; CHEBI:23961; CHEBI:14217	C18H24O2	272.38196	[H][C@]12CC[C@]3(C)[C@H](O)CC[C@@]3([H])[C@]1([H])CCc1cc(O)ccc21		
CHEBI:17168	5alpha-cholest-7-en-3beta-ol	CHEBI:12169; CHEBI:2138; CHEBI:20643	C27H46O	386.65354	[H][C@@]12CC=C3[C@]4([H])CC[C@]([H])([C@H](C)CCCC(C)C)[C@@]4(C)CC[C@]3([H])[C@@]1(C)CC[C@H](O)C2		
CHEBI:17206	9,11alpha-epoxypregn-4-ene-3,20-dione	CHEBI:2331; CHEBI:12270; CHEBI:20818	C21H28O3	328.44522	[H][C@@]12CC[C@H](C(C)=O)[C@@]1(C)C[C@H]1O[C@@]11[C@@]2([H])CCC2=CC(=O)CC[C@]12C		
CHEBI:17252	17alpha-hydroxyprogesterone	CHEBI:11340; CHEBI:790; CHEBI:11339; CHEBI:19173	C21H30O3; C21H30O3	330.468	[H][C@@]12CC[C@](O)(C(C)=O)[C@@]1(C)CC[C@@]1([H])[C@@]2([H])CCC2=CC(=O)CC[C@]12C		
CHEBI:17263	estrone	CHEBI:14220; CHEBI:23971; CHEBI:4870	C18H22O2	270.36608	[H][C@]12CC[C@]3(C)C(=O)CC[C@@]3([H])[C@]1([H])CCc1cc(O)ccc21		
CHEBI:17278	5beta-cholestane-3alpha,7alpha,12alpha,26-tetrol	CHEBI:12178; CHEBI:1692; CHEBI:20666	C27H48O4	436.66762	[H][C@@]12C[C@H](O)CC[C@]1(C)[C@@]1([H])C[C@H](O)[C@]3(C)[C@]([H])(CC[C@@]3([H])[C@]1([H])[C@H](O)C2)[C@H](C)CCCC(C)CO		
CHEBI:17347	testosterone	CHEBI:45798; CHEBI:9461; CHEBI:15214; CHEBI:26883	C19H28O2	288.42440	[H][C@@]12CCC3=CC(=O)CC[C@]3(C)[C@@]1([H])CC[C@]1(C)[C@@H](O)CC[C@@]21[H]		
CHEBI:17474	estrone 3-sulfate	CHEBI:4871; CHEBI:14221; CHEBI:23972	C18H22O5S	350.42900	[H][C@]12CC[C@]3(C)C(=O)CC[C@@]3([H])[C@]1([H])CCc1cc(OS(O)(=O)=O)ccc21		
CHEBI:17495	cholesteryl beta-D-glucoside	CHEBI:23209; CHEBI:3664; CHEBI:13984	C33H56O6	548.79414	[H][C@@]1(CC[C@@]2([H])[C@]3([H])CC=C4C[C@H](CC[C@]4(C)[C@@]3([H])CC[C@]12C)O[C@@H]1O[C@H](CO)[C@@H](O)[C@H](O)[C@H]1O)[C@H](C)CCCC(C)C		
CHEBI:17500	7alpha-hydroxycholesterol	CHEBI:20801; CHEBI:12263; CHEBI:2293; CHEBI:89281; CHEBI:13980; CHEBI:58167	C27H46O2	402.663	[H][C@@]1(CC[C@@]2([H])[C@]3([H])[C@H](O)C=C4C[C@@H](O)CC[C@]4(C)[C@@]3([H])CC[C@]12C)[C@H](C)CCCC(C)C		
CHEBI:17551	ecdysone palmitate	CHEBI:4742; CHEBI:14206; CHEBI:23892	C43H74O7	703.04346	[H][C@@]12C[C@@H](OC(=O)CCCCCCCCCCCCCCC)[C@@H](O)C[C@]1(C)C1CC[C@]3(C)[C@H](CC[C@@]3(O)C1=CC2=O)[C@H](C)[C@H](O)CCC(C)(C)O		
CHEBI:17703	26-hydroxycholesterol	CHEBI:1311; CHEBI:19816; CHEBI:11665	C27H46O2	402.65294	[H][C@@]1(CC[C@@]2([H])[C@]3([H])CC=C4C[C@@H](O)CC[C@]4(C)[C@@]3([H])CC[C@]12C)[C@H](C)CCCC(C)CO		
CHEBI:17737	desmosterol	CHEBI:4451; CHEBI:14130; CHEBI:23646	C27H44O	384.63766	[H][C@@]1(CC[C@@]2([H])[C@]3([H])CC=C4C[C@@H](O)CC[C@]4(C)[C@@]3([H])CC[C@]12C)[C@H](C)CCC=C(C)C		
CHEBI:17759	cholesta-5,7-dien-3beta-ol	CHEBI:3658; CHEBI:13981; CHEBI:23181	C27H44O	384.63766	[H][C@@]1(CC[C@@]2([H])C3=CC=C4C[C@@H](O)CC[C@]4(C)[C@@]3([H])CC[C@]12C)[C@H](C)CCCC(C)C		
CHEBI:17762	5alpha-cholestan-3-one	CHEBI:2141; CHEBI:12173; CHEBI:20647	C27H46O	386.65354	[H][C@@]12CC[C@]3([H])[C@]([H])(CC[C@]4(C)[C@]([H])(CC[C@@]34[H])[C@H](C)CCCC(C)C)[C@@]1(C)CCC(=O)C2		
CHEBI:17791	obtusifoliol	CHEBI:7717; CHEBI:14678; CHEBI:25624	C30H50O	426.729	[H][C@@]1(CC[C@@]2(C)C3=C(CC[C@]12C)[C@@]1(C)CC[C@H](O)[C@@H](C)[C@]1([H])CC3)[C@H](C)CCC(=C)C(C)C		
CHEBI:17813	4,4-dimethyl-5alpha-cholesta-8,14,24-trien-3beta-ol	CHEBI:1743; CHEBI:11920	C29H46O	410.67494	[H][C@@]1(CC=C2C3=C(CC[C@]12C)[C@@]1(C)CC[C@H](O)C(C)(C)[C@]1([H])CC3)[C@H](C)CCC=C(C)C		
CHEBI:17823	calcitriol	CHEBI:19209; CHEBI:46435; CHEBI:3307; CHEBI:13932	C27H44O3	416.63646	[H][C@@]1(CC[C@@]2([H])\C(CCC[C@]12C)=C\C=C1\C[C@@H](O)C[C@H](O)C1=C)[C@H](C)CCCC(C)(C)O		
CHEBI:17864	taurolithocholic acid sulfate	CHEBI:1716; CHEBI:15200; CHEBI:26858; CHEBI:9412	C26H45NO8S2	563.76944	[H][C@]12CC[C@@]3([H])[C@]4([H])CC[C@]([H])([C@H](C)CCC(=O)NCCS(O)(=O)=O)[C@@]4(C)CC[C@]3([H])[C@@]1(C)CC[C@H](C2)OS(O)(=O)=O		
CHEBI:17899	7alpha-hydroxycholest-4-en-3-one	CHEBI:2292; CHEBI:20800; CHEBI:12262; CHEBI:58317	C27H44O2; C27H44O2	400.63706	[H][C@@]1(CC[C@@]2([H])[C@]3([H])[C@H](O)CC4=CC(=O)CC[C@]4(C)[C@@]3([H])CC[C@]12C)[C@H](C)CCCC(C)C		
CHEBI:17933	calcidiol	CHEBI:46387; CHEBI:13931; CHEBI:3304; CHEBI:19815	C27H44O2	400.63706	[H][C@@]1(CC[C@]2([H])[C@]1(C)CCC\C2=C/C=C1/C[C@@H](O)CCC1=C)[C@H](C)CCCC(C)(C)O		
CHEBI:17938	5alpha-ergosta-7,22-diene-3beta,5-diol	CHEBI:12174; CHEBI:2143	C28H46O2	414.66364	[H][C@@]1(CC[C@@]2([H])C3=CC[C@@]4(O)C[C@@H](O)CC[C@]4(C)[C@@]3([H])CC[C@]12C)[C@H](C)\C=C\[C@H](C)C(C)C		
CHEBI:18011	androstane-3alpha,17beta-diol	CHEBI:13831; CHEBI:2711	C19H32O2	292.45618	[H][C@@]12CCC3C[C@H](O)CC[C@]3(C)[C@@]1([H])CC[C@]1(C)[C@@H](O)CC[C@@]21[H]		
CHEBI:18084	testololactone	CHEBI:11866; CHEBI:20148; CHEBI:1620; CHEBI:15213; CHEBI:15922; CHEBI:26882	C19H26O3	302.40794	[H][C@@]12CCC3=CC(=O)CC[C@]3(C)[C@@]1([H])CC[C@]1(C)OC(=O)CC[C@@]21[H]		
CHEBI:18134	3beta-hydroxy-4beta-methyl-5alpha-cholest-7-ene-4alpha-carboxylic acid	CHEBI:11908; CHEBI:1719	C29H48O3	444.68962	[H][C@@]1(CC[C@@]2([H])C3=CC[C@]4([H])[C@](C)(CC[C@H](O)[C@@]4(C)C(O)=O)[C@@]3([H])CC[C@]12C)[C@H](C)CCCC(C)C		
CHEBI:18204	16,17-didehydroprogesterone	CHEBI:19157; CHEBI:11327; CHEBI:11328; CHEBI:764; CHEBI:19158	C21H28O2	312.44582	[H][C@@]12CCC3=CC(=O)CC[C@]3(C)[C@@]1([H])CC[C@]1(C)C(=CC[C@@]21[H])C(C)=O		
CHEBI:18249	ergosta-5,7,22,24(28)-tetraen-3beta-ol	CHEBI:4824; CHEBI:14213	C28H42O	394.63248	[H][C@@]1(CC[C@@]2([H])C3=CC=C4C[C@@H](O)CC[C@]4(C)[C@@]3([H])CC[C@]12C)[C@H](C)\C=C\C(=C)C(C)C		
CHEBI:18252	zymosterol	CHEBI:10131; CHEBI:12172; CHEBI:27370; CHEBI:20646	C27H44O	384.63766	[H][C@@]12CCC3=C(CC[C@]4(C)[C@]([H])(CC[C@@]34[H])[C@H](C)CCC=C(C)C)[C@@]1(C)CC[C@H](O)C2		
CHEBI:18329	5alpha-androstane-3beta,17beta-diol	CHEBI:40768; CHEBI:20637; CHEBI:31138; CHEBI:12167	C19H32O2	292.45620	[H][C@@]12CC[C@@]3([H])[C@]4([H])CC[C@H](O)[C@@]4(C)CC[C@]3([H])[C@@]1(C)CC[C@H](O)C2		
CHEBI:18364	14-demethyllanosterol	CHEBI:755; CHEBI:11921; CHEBI:19151	C29H48O; C29H48O	412.702	C12=C([C@]3([C@]([C@](CC3)([C@@H](CCC=C(C)C)C)[H])(C)CC1)[H])CC[C@@]4([C@@]2(CC[C@@H](C4(C)C)O)C)[H]		
CHEBI:18431	7alpha,26-dihydroxycholesterol	CHEBI:2284; CHEBI:12261; CHEBI:20798	C27H46O3	418.65234	[H][C@@]1(CC[C@@]2([H])[C@]3([H])[C@H](O)C=C4C[C@@H](O)CC[C@]4(C)[C@@]3([H])CC[C@]12C)[C@H](C)CCCC(C)CO		
CHEBI:18531	(24R)-11alpha,20,24-trihydroxyecdysone		C27H44O9	512.63286	[H][C@@]12C[C@@H](O)[C@@H](O)C[C@]1(C)[C@@]1([H])[C@H](O)C[C@]3(C)[C@]([H])(CC[C@@]3(O)C1=CC2=O)[C@@](C)(O)[C@H](O)C[C@@H](O)C(C)(C)O		
CHEBI:18532	(25R)-11alpha,20,26-trihydroxyecdysone		C27H44O9	512.63286	[H][C@@]12C[C@@H](O)[C@@H](O)C[C@]1(C)[C@@]1([H])[C@H](O)C[C@]3(C)[C@]([H])(CC[C@@]3(O)C1=CC2=O)[C@@](C)(O)[C@H](O)CC[C@@](C)(O)CO		
CHEBI:18533	5alpha-campestan-3-one		C28H48O	400.68012	[H][C@@]12CC[C@]3([H])[C@]([H])(CC[C@]4(C)[C@]([H])(CC[C@@]34[H])[C@H](C)CC[C@@H](C)C(C)C)[C@@]1(C)CCC(=O)C2		
CHEBI:18534	campest-4-en-3-one		C28H46O	398.66424	[H][C@@]1(CC[C@@]2([H])[C@]3([H])CCC4=CC(=O)CC[C@]4(C)[C@@]3([H])CC[C@]12C)[C@H](C)CC[C@@H](C)C(C)C		
CHEBI:18535	campest-4-en-3beta-ol		C28H48O	400.68012	[H][C@@]1(CC[C@@]2([H])[C@]3([H])CCC4=C[C@@H](O)CC[C@]4(C)[C@@]3([H])CC[C@]12C)[C@H](C)CC[C@@H](C)C(C)C		
CHEBI:19290	2,22,25-trideoxyecdysone		C27H44O3	416.63646	[H][C@@]1(CC[C@@]2(O)C3=CC(=O)[C@]4([H])C[C@@H](O)CC[C@]4(C)[C@@]3([H])CC[C@]12C)[C@H](C)CCCC(C)C		
CHEBI:19544	2-dehydroecdysone		C27H42O6	462.61878	[H][C@@]1(CC[C@@]2(O)C3=CC(=O)[C@]4([H])C[C@@H](O)C(=O)C[C@]4(C)[C@@]3([H])CC[C@]12C)[C@H](C)[C@H](O)CCC(C)(C)O		
CHEBI:19549	2-deoxy-20-hydroxyecdysone 22-phosphate		C27H45O9P	544.61456	[H][C@]12CC[C@]3(C)[C@]([H])(CC[C@@]3(O)C1=CC(=O)[C@]1([H])C[C@@H](O)CC[C@]21C)[C@@](C)(O)[C@@H](CCC(C)(C)O)OP(O)(O)=O		
CHEBI:19567	2-deoxyecdysone 22-phosphate		C27H45O8P	528.61516	[H][C@@]1(CC[C@@]2(O)C3=CC(=O)[C@]4([H])C[C@@H](O)CC[C@]4(C)[C@@]3([H])CC[C@]12C)[C@H](C)[C@@H](CCC(C)(C)O)OP(O)(O)=O		
CHEBI:19799	20-hydroxyecdysone 22-phosphate		C27H45O10P	560.61396	[H][C@]12CC[C@]3(C)[C@]([H])(CC[C@@]3(O)C1=CC(=O)[C@]1([H])C[C@@H](O)[C@@H](O)C[C@]21C)[C@@](C)(O)[C@@H](CCC(C)(C)O)OP(O)(O)=O		
CHEBI:19809	24-epicampesterol		C28H48O	400.68012	[H][C@@]1(CC[C@@]2([H])[C@]3([H])CC=C4C[C@@H](O)CC[C@]4(C)[C@@]3([H])CC[C@]12C)[C@H](C)CC[C@H](C)C(C)C		
CHEBI:19812	24-methylenecholesterol		C28H46O	398.66424	[H][C@@]1(CC[C@@]2([H])[C@]3([H])CC=C4C[C@@H](O)CC[C@]4(C)[C@@]3([H])CC[C@]12C)[C@H](C)CCC(=C)C(C)C		
CHEBI:19954	3-O-acetylecdysone 2-phosphate		C29H47O10P	586.65124	[H][C@@]1(CC[C@@]2(O)C3=CC(=O)[C@]4([H])C[C@@H](OC(C)=O)[C@H](C[C@]4(C)[C@@]3([H])CC[C@]12C)OP(O)(O)=O)[C@H](C)[C@H](O)CCC(C)(C)O		
CHEBI:20000	3-dehydroteasterone		C28H46O4	446.66244	[H][C@@]1(CC[C@@]2([H])[C@]3([H])CC(=O)[C@@]4([H])CC(=O)CC[C@]4(C)[C@@]3([H])CC[C@]12C)[C@H](C)[C@@H](O)[C@H](O)[C@@H](C)C(C)C		
CHEBI:20156	3-oxo-Delta(1) steroid	CHEBI:1625; CHEBI:13603	C19H27OR	271.418	C12C(C3C(C(CC3)*)(C)CC1)CCC4C2(C=CC(C4)=O)C		
CHEBI:20244	3beta-hydroxy-4alpha-methyl-5alpha-cholest-7-ene-4beta-carboxylic acid		C29H48O3	444.68962	[H][C@@]1(CC[C@@]2([H])C3=CC[C@]4([H])[C@](C)(CC[C@H](O)[C@]4(C)C(O)=O)[C@@]3([H])CC[C@]12C)[C@H](C)CCCC(C)C		
CHEBI:20651	5alpha-ergosta-7,22-dien-3beta-ol		C28H46O	398.66424	[H][C@@]12CC=C3[C@]4([H])CC[C@]([H])([C@H](C)\C=C\[C@H](C)C(C)C)[C@@]4(C)CC[C@]3([H])[C@@]1(C)CC[C@H](O)C2		
CHEBI:20661	5beta-bufanolide		C24H38O2	358.55732	[H][C@@]1(CCC(=O)OC1)[C@@]1([H])CC[C@]2([H])[C@]3([H])CC[C@]4([H])CCCC[C@]4(C)[C@@]3([H])CC[C@]12C		
CHEBI:20710	3-dehydro-6-deoxoteasterone		C28H48O3	432.67892	[H][C@@]12CC[C@]3([H])[C@]([H])(CC[C@]4(C)[C@]([H])(CC[C@@]34[H])[C@H](C)[C@@H](O)[C@H](O)[C@@H](C)C(C)C)[C@@]1(C)CCC(=O)C2		
CHEBI:20712	6-deoxocastasterone		C28H50O4	450.69420	[H][C@@]12CC[C@@]3([H])[C@]4([H])CC[C@]([H])([C@H](C)[C@@H](O)[C@H](O)[C@@H](C)C(C)C)[C@@]4(C)CC[C@]3([H])[C@@]1(C)C[C@@H](O)[C@@H](O)C2		
CHEBI:20714	6-deoxycathasterone		C28H50O2	418.69540	[H][C@@]12CC[C@@]3([H])[C@]4([H])CC[C@]([H])([C@H](C)[C@@H](O)C[C@@H](C)C(C)C)[C@@]4(C)CC[C@]3([H])[C@@]1(C)CC[C@H](O)C2		
CHEBI:20716	6-deoxoteasterone		C28H50O3	434.69480	[H][C@@]12CC[C@]3([H])[C@]([H])(CC[C@]4(C)[C@]([H])(CC[C@@]34[H])[C@H](C)[C@@H](O)[C@H](O)[C@@H](C)C(C)C)[C@@]1(C)CC[C@H](O)C2		
CHEBI:20717	6-deoxotyphasterol		C28H50O3	434.69480	[H][C@@]12CC[C@]3([H])[C@]([H])(CC[C@]4(C)[C@]([H])(CC[C@@]34[H])[C@H](C)[C@@H](O)[C@H](O)[C@@H](C)C(C)C)[C@@]1(C)CC[C@@H](O)C2		
CHEBI:20760	6alpha-hydroxycastasterone	CHEBI:80098	C28H50O5	466.703	[H][C@@]1(CC[C@@]2([H])[C@]3([H])C[C@H](O)[C@@]4([H])C[C@H](O)[C@H](O)C[C@]4(C)[C@@]3([H])CC[C@]12C)[C@H](C)[C@@H](O)[C@H](O)[C@@H](C)C(C)C		
CHEBI:20761	6alpha-hydroxycampestanol		C28H50O2	418.69540	[H][C@@]1(CC[C@@]2([H])[C@]3([H])C[C@H](O)[C@@]4([H])C[C@@H](O)CC[C@]4(C)[C@@]3([H])CC[C@]12C)[C@H](C)CC[C@@H](C)C(C)C		
CHEBI:22934	bufanolide		C24H38O2	358.55732	[H][C@@]1(CCC(=O)OC1)[C@@]1([H])CC[C@]2([H])[C@]3([H])CCC4CCCC[C@]4(C)[C@@]3([H])CC[C@]12C		
CHEBI:23057	cathasterone		C28H48O3	432.67892	[H][C@@]1(CC[C@@]2([H])[C@]3([H])CC(=O)[C@@]4([H])C[C@@H](O)CC[C@]4(C)[C@@]3([H])CC[C@]12C)[C@H](C)[C@@H](O)C[C@@H](C)C(C)C		
CHEBI:23929	episterol		C28H46O	398.66420	[H][C@@]12CC=C3[C@]4([H])CC[C@]([H])([C@H](C)CCC(=C)C(C)C)[C@@]4(C)CC[C@]3([H])[C@@]1(C)CC[C@H](O)C2		
CHEBI:23965	estradiol	CHEBI:42364	C18H24O2	272.38196	[H][C@]12CC[C@]3(C)C(O)CC[C@@]3([H])[C@]1([H])CCc1cc(O)ccc21		
CHEBI:26863	teasterone		C28H48O4	448.67830	[H][C@@]1(CC[C@@]2([H])[C@]3([H])CC(=O)[C@@]4([H])C[C@@H](O)CC[C@]4(C)[C@@]3([H])CC[C@]12C)[C@H](C)[C@@H](O)[C@H](O)[C@@H](C)C(C)C		
CHEBI:27428	3alpha,7alpha-dihydroxy-5beta-cholestan-26-al	CHEBI:1706; CHEBI:20231	C27H46O3	418.65234	[H]C(=O)C(C)CCC[C@@H](C)[C@@]1([H])CC[C@@]2([H])[C@]3([H])[C@H](O)C[C@]4([H])C[C@H](O)CC[C@]4(C)[C@@]3([H])CC[C@]12C		
CHEBI:27436	methyltestosterone	CHEBI:25344; CHEBI:6892	C20H30O2	302.45100	[H][C@@]12CCC3=CC(=O)CC[C@]3(C)[C@@]1([H])CC[C@@]1(C)[C@@]2([H])CC[C@]1(C)O		
CHEBI:27486	16,17-didehydropregnenolone	CHEBI:762; CHEBI:19156	C21H30O2	314.46170	[H][C@@]12CC=C3C[C@@H](O)CC[C@]3(C)[C@@]1([H])CC[C@]1(C)C(=CC[C@@]21[H])C(C)=O		
CHEBI:27576	19-hydroxyandrost-4-ene-3,17-dione	CHEBI:19178; CHEBI:796	C19H26O3	302.40794	[H][C@@]12CCC3=CC(=O)CC[C@]3(CO)[C@@]1([H])CC[C@]1(C)C(=O)CC[C@@]21[H]		
CHEBI:27582	16alpha-hydroxyandrost-4-ene-3,17-dione	CHEBI:19162; CHEBI:774	C19H26O3	302.40794	[H][C@@]12CCC3=CC(=O)CC[C@]3(C)[C@@]1([H])CC[C@]1(C)C(=O)[C@H](O)C[C@@]21[H]		
CHEBI:27693	sitosterol	CHEBI:26692; CHEBI:9170	C29H50O	414.70670	[H][C@@]1(CC[C@@]2([H])[C@]3([H])CC=C4C[C@@H](O)CC[C@]4(C)[C@@]3([H])CC[C@]12C)[C@H](C)CC[C@@H](CC)C(C)C		
CHEBI:27722	24-epi-brassinolide	CHEBI:1308; CHEBI:19808	C28H48O6	480.67712	[H][C@@]1(CC[C@@]2([H])[C@]3([H])COC(=O)[C@@]4([H])C[C@H](O)[C@H](O)C[C@]4(C)[C@@]3([H])CC[C@]12C)[C@H](C)[C@@H](O)[C@H](O)[C@H](C)C(C)C		
CHEBI:27729	digitonin	CHEBI:4548; CHEBI:23727	C56H92O29	1229.323	[H][C@@]12O[C@]3(CC[C@@H](C)CO3)[C@@H](C)[C@]1([H])[C@@]1(C)CC[C@@]3([H])[C@@]([H])(CC[C@@]4([H])C[C@@H](O[C@@H]5O[C@H](CO)[C@H](O[C@@H]6O[C@H](CO)[C@@H](O)[C@H](O[C@@H]7OC[C@@H](O)[C@H](O)[C@H]7O)[C@H]6O[C@@H]6O[C@H](CO)[C@H](O)[C@H](O[C@@H]7O[C@H](CO)[C@@H](O)[C@H](O)[C@H]7O)[C@H]6O)[C@H](O)[C@H]5O)[C@H](O)C[C@]34C)[C@]1([H])[C@@H]2O		
CHEBI:27768	7alpha-hydroxyandrost-4-ene-3,17-dione	CHEBI:2291; CHEBI:20799	C19H26O3	302.40794	[H][C@@]12CCC(=O)[C@@]1(C)CC[C@@]1([H])[C@@]2([H])[C@H](O)CC2=CC(=O)CC[C@]12C		
CHEBI:27831	scillaren A	CHEBI:26608; CHEBI:9051	C36H52O13	692.79028	[H][C@@]1(CC[C@]2(O)[C@]3([H])CCC4=C[C@H](CC[C@]4(C)[C@@]3([H])CC[C@]12C)O[C@@H]1O[C@@H](C)[C@H](O[C@@H]2O[C@H](CO)[C@@H](O)[C@H](O)[C@H]2O)[C@@H](O)[C@H]1O)c1ccc(=O)oc1		
CHEBI:27865	fucosterol	CHEBI:5184; CHEBI:24120	C29H48O	412.69082	[H][C@@]1(CC[C@@]2([H])[C@]3([H])CC=C4C[C@@H](O)CC[C@]4(C)[C@@]3([H])CC[C@]12C)[C@H](C)CC\C(C(C)C)=C/C		
CHEBI:27910	7-dehydrodesmosterol	CHEBI:2257; CHEBI:20788	C27H42O	382.62178	[H][C@@]1(CC[C@@]2([H])C3=CC=C4C[C@@H](O)CC[C@]4(C)[C@@]3([H])CC[C@]12C)[C@H](C)CCC=C(C)C		
CHEBI:27967	11beta-hydroxyandrost-4-ene-3,17-dione	CHEBI:19132; CHEBI:736	C19H26O3	302.40794	[H][C@@]12CCC3=CC(=O)CC[C@]3(C)[C@@]1([H])[C@@H](O)C[C@]1(C)C(=O)CC[C@@]21[H]		
CHEBI:28047	5beta-cholestane-3alpha,7alpha-diol	CHEBI:1708; CHEBI:20233	C27H48O2	404.66882	[H][C@@]12C[C@H](O)CC[C@]1(C)[C@@]1([H])CC[C@]3(C)[C@]([H])(CC[C@@]3([H])[C@]1([H])[C@H](O)C2)[C@H](C)CCCC(C)C		
CHEBI:28082	5alpha-cholestane-3beta,5,6beta-triol	CHEBI:20241; CHEBI:1717	C27H48O3	420.66822	[H][C@@]1(CC[C@@]2([H])[C@]3([H])C[C@@H](O)[C@@]4(O)C[C@@H](O)CC[C@]4(C)[C@@]3([H])CC[C@]12C)[C@H](C)CCCC(C)C		
CHEBI:28113	24,25-dihydrolanosterol	CHEBI:1303; CHEBI:19807	C30H52O	428.73328	[H][C@@]1(CC[C@@]2(C)C3=C(CC[C@]12C)[C@@]1(C)CC[C@H](O)C(C)(C)[C@]1([H])CC3)[C@H](C)CCCC(C)C		
CHEBI:28164	cholesterol beta-epoxide	CHEBI:3662; CHEBI:23207	C27H46O2	402.65294	[H][C@@]1(CC[C@@]2([H])[C@]3([H])C[C@H]4O[C@]44C[C@@H](O)CC[C@]4(C)[C@@]3([H])CC[C@]12C)[C@H](C)CCCC(C)C		
CHEBI:28195	3alpha-hydroxy-5beta-androstan-17-one	CHEBI:40622; CHEBI:20236; CHEBI:11904; CHEBI:1710	C19H30O2	290.44030	[H][C@]12CC[C@@]3([H])[C@]4([H])CCC(=O)[C@@]4(C)CC[C@]3([H])[C@@]1(C)CC[C@@H](O)C2		
CHEBI:28277	brassinolide	CHEBI:3169; CHEBI:22920	C28H48O6	480.67712	[H][C@@]1(CC[C@@]2([H])[C@]3([H])COC(=O)[C@@]4([H])C[C@H](O)[C@H](O)C[C@]4(C)[C@@]3([H])CC[C@]12C)[C@H](C)[C@@H](O)[C@H](O)[C@@H](C)C(C)C		
CHEBI:28344	5,6beta-epoxy-5alpha-cholestan-3beta-ol	CHEBI:3661; CHEBI:23206		402.65294	[H][C@@]1(CC[C@@]2([H])[C@]3([H])C[C@H]4O[C@@]44C[C@@H](O)CC[C@]4(C)[C@@]3([H])CC[C@]12C)[C@H](C)CCCC(C)C		
CHEBI:28431	digitogenin	CHEBI:4547; CHEBI:23726	C27H44O5	448.63526	[H][C@@]12CC[C@]3([H])[C@]([H])(CC[C@@]4(C)[C@@]3([H])[C@H](O)[C@]3([H])O[C@]5(CC[C@@H](C)CO5)[C@@H](C)[C@]43[H])[C@@]1(C)C[C@@H](O)[C@H](O)C2		
CHEBI:28432	4alpha-methylcholest-8-en-3beta-ol	CHEBI:1948; CHEBI:20488	C28H48O	400.68012	[H][C@@]1(CC[C@@]2([H])C3=C(CC[C@]12C)[C@@]1(C)CC[C@H](O)[C@@H](C)C1CC3)[C@H](C)CCCC(C)C		
CHEBI:28453	(20S)-20-hydroxypregn-4-en-3-one	CHEBI:19800; CHEBI:1295; CHEBI:387	C21H32O2	316.47758	[H][C@@]1(CC[C@@]2([H])[C@]3([H])CCC4=CC(=O)CC[C@]4(C)[C@@]3([H])CC[C@]12C)[C@H](C)O		
CHEBI:28540	5beta-cholestane-3alpha,7alpha,26-triol	CHEBI:20226; CHEBI:1702	C27H48O3	420.66822	[H][C@@]12C[C@H](O)CC[C@]1(C)[C@@]1([H])CC[C@]3(C)[C@]([H])(CC[C@@]3([H])[C@]1([H])[C@H](O)C2)[C@H](C)CCCC(C)CO		
CHEBI:28604	isofucosterol	CHEBI:10541; CHEBI:6016; CHEBI:24895	C29H48O	412.702	[H][C@@]1(CC[C@@]2([H])[C@]3([H])CC=C4C[C@@H](O)CC[C@]4(C)[C@@]3([H])CC[C@]12C)[C@H](C)CC\C(=C\C)C(C)C		
CHEBI:28623	campesterol	CHEBI:3342; CHEBI:22994	C28H48O	400.68012	[H][C@@]1(CC[C@@]2([H])[C@]3([H])CC=C4C[C@@H](O)CC[C@]4(C)[C@@]3([H])CC[C@]12C)[C@H](C)CC[C@@H](C)C(C)C		
CHEBI:28689	dehydroepiandrosterone	CHEBI:40738; CHEBI:1723; CHEBI:20246; CHEBI:11911; CHEBI:86953	C19H28O2	288.42440	[H][C@@]12CC=C3C[C@@H](O)CC[C@]3(C)[C@@]1([H])CC[C@]1(C)C(=O)CC[C@@]21[H]		
CHEBI:28824	stigmasterol	CHEBI:8195; CHEBI:26774	C29H48O	412.69082	[H][C@@]1(CC[C@@]2([H])[C@]3([H])CC=C4C[C@@H](O)CC[C@]4(C)[C@@]3([H])CC[C@]12C)[C@H](C)\C=C\[C@@H](CC)C(C)C		
CHEBI:28832	androsterone 3-glucosiduronic acid	CHEBI:2715; CHEBI:22556	C25H38O8	466.56442	[H][C@@]12CC[C@@]3([H])[C@]4([H])CCC(=O)[C@@]4(C)CC[C@]3([H])[C@@]1(C)CC[C@H](C2)O[C@@H]1O[C@@H]([C@@H](O)[C@H](O)[C@H]1O)C(O)=O		
CHEBI:28835	testosterone 17-glucosiduronic acid	CHEBI:9465; CHEBI:26885	C25H36O8	464.54854	[H][C@@]12CCC3=CC(=O)CC[C@]3(C)[C@@]1([H])CC[C@]1(C)[C@H](CC[C@@]21[H])O[C@@H]1O[C@@H]([C@@H](O)[C@H](O)[C@H]1O)C(O)=O		
CHEBI:28865	taurocholic acid	CHEBI:45901; CHEBI:9408; CHEBI:26854; CHEBI:3672	C26H45NO7S	515.70300	[H][C@@]12C[C@H](O)CC[C@]1(C)[C@@]1([H])C[C@H](O)[C@]3(C)[C@]([H])(CC[C@@]3([H])[C@]1([H])[C@H](O)C2)[C@H](C)CCC(=O)NCCS(O)(=O)=O		
CHEBI:28919	estrone 3-O-(beta-D-glucuronide)	CHEBI:23973; CHEBI:42342; CHEBI:4872	C24H30O8	446.491	C1[C@]2([C@]3([C@@](C4=C(C=C(O[C@H]5[C@@H]([C@H]([C@@H]([C@H](O5)C(=O)O)O)O)O)C=C4)CC3)(CC[C@@]2(C(=O)C1)C)[H])[H])[H]		
CHEBI:28933	(25R)-5beta-spirostan-3beta-ol	CHEBI:9174; CHEBI:18536	C27H44O3	416.63646	[H][C@]12CC[C@]3([H])[C@]([H])(CC[C@@]4(C)[C@@]3([H])C[C@]3([H])O[C@]5(CC[C@@H](C)CO5)[C@@H](C)[C@]43[H])[C@@]1(C)CC[C@H](O)C2		
CHEBI:28940	calciol	CHEBI:46283; CHEBI:10008; CHEBI:23170	C27H44O	384.63766	[H][C@@]1(CC[C@]2([H])[C@]1(C)CCC\C2=C/C=C1/C[C@@H](O)CCC1=C)[C@H](C)CCCC(C)C		
CHEBI:28952	5alpha-pregnane-3,20-dione	CHEBI:12175; CHEBI:2144; CHEBI:20657	C21H32O2	316.47760	[H][C@@]12CC[C@@]3([H])[C@]4([H])CC[C@H](C(C)=O)[C@@]4(C)CC[C@]3([H])[C@@]1(C)CCC(=O)C2		
CHEBI:29117	6-dehydrotestosterone		C19H26O2	286.40854	[H][C@@]12CC[C@H](O)[C@@]1(C)CC[C@@]1([H])[C@@]2([H])C=CC2=CC(=O)CC[C@]12C		
CHEBI:30109	4alpha-methyl-5alpha-ergosta-8,14,24(28)-trien-3beta-ol	CHEBI:12051; CHEBI:1946	C29H46O	410.67490	[H][C@@]12CCC3=C(CC[C@@]4(C)C3=CC[C@]4([H])[C@H](C)CCC(=C)C(C)C)[C@@]1(C)CC[C@H](O)[C@H]2C		
CHEBI:30154	5beta-pregnane-3,20-dione	CHEBI:41572; CHEBI:2151; CHEBI:12180	C21H32O2	316.47760	[H][C@]12CC[C@@]3([H])[C@]4([H])CC[C@H](C(C)=O)[C@@]4(C)CC[C@]3([H])[C@@]1(C)CCC(=O)C2		
CHEBI:31186	alfacalcidol		C27H44O2	400.63710	CC(C)CCC[C@@H](C)[C@H]1CC[C@@H]2[C@]1(C)CCC\C2=C/C=C1/C[C@@H](O)C[C@H](O)C1=C		
CHEBI:31319	bufogenin		C24H32O4	384.516	[C@]12(CC[C@@H](C[C@]2(CC[C@]3([C@]45[C@](CC[C@]13[H])([C@H](C[C@H]4O5)C6=COC(C=C6)=O)C)[H])[H])O)C		
CHEBI:31459	3,7,12-trioxo-5beta-cholanic acid		C24H34O5	402.52376	[H][C@@]12CC(=O)CC[C@]1(C)[C@@]1([H])CC(=O)[C@]3(C)[C@]([H])(CC[C@@]3([H])[C@]1([H])C(=O)C2)[C@H](C)CCC(O)=O		
CHEBI:31523	dromostanolone propionate		C23H36O3; C23H36O3	360.531	C1[C@]2([C@]3([C@@]([C@@]4([C@](CC([C@@H](C4)C)=O)(CC3)[H])C)(CC[C@@]2([C@H](C1)OC(CC)=O)C)[H])[H])[H]		
CHEBI:31527	dydrogesterone		C21H28O2	312.44582	[H][C@@]12CC[C@H](C(C)=O)[C@@]1(C)CC[C@]1([H])[C@@]2([H])C=CC2=CC(=O)CC[C@@]12C		
CHEBI:31542	epidihydrocholesterin		C27H48O	388.66940	[H][C@@]12CC[C@]3([H])[C@]([H])(CC[C@]4(C)[C@]([H])(CC[C@@]34[H])[C@H](C)CCCC(C)C)[C@@]1(C)CC[C@@H](O)C2		
CHEBI:31638	fulvestrant	CHEBI:87729	C32H47F5O3S	606.773	C=1C=C(C=C2C1[C@]3(CC[C@@]4([C@H](CC[C@]4([C@@]3([C@@H](C2)CCCCCCCCCS(=O)CCCC(C(F)(F)F)(F)F)[H])[H])O)C)[H])O		
CHEBI:32176	tacalcitol		C27H44O3	416.646	[H][C@@]1(CC[C@@]2([H])\C(CCC[C@]12C)=C\C=C1\C[C@@H](O)C[C@H](O)C1=C)[C@H](C)CC[C@@H](O)C(C)C		
CHEBI:33203	(Z)-24-ethylidenelophenol	CHEBI:11081; CHEBI:1304	C30H50O	426.719	C1[C@@]([C@@]2([C@@](C1)(C3=CC[C@@]4([H])[C@H](C)[C@@H](O)CC[C@]4(C)[C@]3(CC2)[H])[H])C)([C@H](C)CC/C(=C/C)/C(C)C)[H]		
CHEBI:34003	9-fluoro-17-methyl-5beta-androstane-3alpha,11beta,17beta-triol		C20H33FO3	340.47262	[H][C@]12CC[C@@]3([H])[C@]4([H])CC[C@](C)(O)[C@@]4(C)C[C@H](O)[C@]3(F)[C@@]1(C)CC[C@@H](O)C2		
CHEBI:34073	Delta(1)-progesterone		C21H28O2	312.44582	[H][C@@]12CCC3=CC(=O)C=C[C@]3(C)[C@@]1([H])CC[C@]1(C)[C@H](CC[C@@]21[H])C(C)=O		
CHEBI:34133	11-oxotestosterone		C19H26O3	302.409	C1[C@@]2([C@@]([C@@]3(C(C1)=CC(CC3)=O)C)(C(C[C@@]4(C)[C@@]2([H])CC[C@@H]4O)=O)[H])[H]		
CHEBI:34168	16alpha,17alpha-dihydroxyprogesterone acetophenide		C29H36O4	448.59374	[H][C@@]12CCC3=CC(=O)CC[C@]3(C)[C@@]1([H])CC[C@@]1(C)[C@@]2([H])C[C@H]2OC(C)(O[C@@]12C(C)=O)c1ccccc1		
CHEBI:34310	(24S)-24-hydroxycholesterol		C27H46O2	402.65294	[H][C@@]1(CC[C@@]2([H])[C@]3([H])CC=C4C[C@@H](O)CC[C@]4(C)[C@@]3([H])CC[C@]12C)[C@H](C)CC[C@H](O)C(C)C		
CHEBI:34739	equilenin	CHEBI:42458	C18H18O2	266.340	[H][C@@]12CCC(=O)[C@@]1(C)CCC1=C2C=CC2=CC(O)=CC=C12		
CHEBI:34838	metholone		C20H32O2; C20H32O2	304.468	C1[C@]2([C@]3([C@@]([C@@]4([C@](CC([C@@H](C4)C)=O)(CC3)[H])C)(CC[C@@]2([C@H](C1)O)C)[H])[H])[H]		
CHEBI:34849	mibolerone		C20H30O2	302.45100	[H][C@]12CCC(=O)C=C1C[C@@H](C)[C@]1([H])[C@]2([H])CC[C@@]2(C)[C@@]1([H])CC[C@]2(C)O		
CHEBI:35419	26-hydroxycholesterol 3-sulfate		C27H46O5S	482.71714	[H][C@@]1(CC[C@@]2([H])[C@]3([H])CC=C4C[C@H](CC[C@]4(C)[C@@]3([H])CC[C@]12C)OS(O)(=O)=O)[C@H](C)CCCC(C)CO		
CHEBI:35420	pregnenolone sulfate		C21H32O5S	396.543	C1[C@@]2([C@]3(CC[C@]4(C)[C@@H](C(C)=O)CC[C@]4([C@@]3(CC=C2C[C@H](C1)OS(O)(=O)=O)[H])[H])[H])C		
CHEBI:35421	lithocholic acid sulfate		C24H40O6S	456.638	C1[C@@]2([C@]3(CC[C@]4([C@]([C@@]3(CC[C@@]2(C[C@@H](C1)OS(O)(=O)=O)[H])[H])(CC[C@@]4([C@H](C)CCC(O)=O)[H])[H])C)[H])C		
CHEBI:35540	5alpha-bufanolide		C24H38O2	358.55732	[H][C@@]1(CCC(=O)OC1)[C@@]1([H])CC[C@]2([H])[C@]3([H])CC[C@@]4([H])CCCC[C@]4(C)[C@@]3([H])CC[C@]12C		
CHEBI:35541	5alpha-cardanolide		C23H36O2	344.53074	[H][C@]1(COC(=O)C1)[C@@]1([H])CC[C@]2([H])[C@]3([H])CC[C@@]4([H])CCCC[C@]4(C)[C@@]3([H])CC[C@]12C		
CHEBI:35542	5beta-cardanolide		C23H36O2	344.53074	[H][C@]1(COC(=O)C1)[C@@]1([H])CC[C@]2([H])[C@]3([H])CC[C@]4([H])CCCC[C@]4(C)[C@@]3([H])CC[C@]12C		
CHEBI:35543	cardanolide		C23H36O2	344.53074	[H][C@]1(COC(=O)C1)[C@@]1([H])CC[C@]2([H])[C@]3([H])CCC4CCCC[C@]4(C)[C@@]3([H])CC[C@]12C		
CHEBI:36189	spirosolane		C27H45NO	399.65234	[H][C@]12C[C@@]3([H])[C@]4([H])CCC5CCCC[C@]5(C)[C@@]4([H])CC[C@]3(C)[C@@]1([H])[C@H](C)C1(CCC(C)CN1)O2		
CHEBI:36196	tomatidane		C27H45NO	399.65234	[H][C@]12C[C@@]3([H])[C@]4([H])CCC5CCCC[C@]5(C)[C@@]4([H])CC[C@]3(C)[C@@]1([H])[C@H](C)[C@]1(CC[C@H](C)CN1)O2		
CHEBI:36240	3alpha,7alpha,12beta-trihydroxy-5beta-cholanic acid	CHEBI:20224; CHEBI:1700; CHEBI:20212	C24H40O5	408.57140	[H][C@@]12C[C@H](O)CC[C@]1(C)[C@@]1([H])C[C@@H](O)[C@]3(C)[C@]([H])(CC[C@@]3([H])[C@]1([H])[C@H](O)C2)[C@H](C)CCC(O)=O		
CHEBI:36259	taurolithocholic acid	CHEBI:9411; CHEBI:26859	C26H45NO5S	483.70400	C[C@H](CCC(=O)NCCS(O)(=O)=O)[C@H]1CC[C@H]2[C@@H]3CC[C@@H]4C[C@H](O)CC[C@]4(C)[C@H]3CC[C@]12C		
CHEBI:36489	17beta-estradiol 3-glucosiduronic acid	CHEBI:23964; CHEBI:4865	C24H32O8; C24H32O8	448.507	O([C@H]1[C@@H]([C@H]([C@@H]([C@H](O1)C(O)=O)O)O)O)C2=CC3=C([C@@]4([C@]([C@]5([C@@]([C@@H](O)CC5)(CC4)C)[H])(CC3)[H])[H])C=C2		
CHEBI:36713	5alpha-androstane-3alpha,17beta-diol		C19H32O2	292.45618	[H][C@@]12CC[C@@]3([H])[C@]4([H])CC[C@H](O)[C@@]4(C)CC[C@]3([H])[C@@]1(C)CC[C@@H](O)C2		
CHEBI:36714	5beta-androstane-3alpha,17beta-diol		C19H32O2	292.45618	[H][C@]12CC[C@@]3([H])[C@]4([H])CC[C@H](O)[C@@]4(C)CC[C@]3([H])[C@@]1(C)CC[C@@H](O)C2		
CHEBI:36715	5beta-androstane-3beta,17beta-diol		C19H32O2	292.45618	[H][C@]12CC[C@@]3([H])[C@]4([H])CC[C@H](O)[C@@]4(C)CC[C@]3([H])[C@@]1(C)CC[C@H](O)C2		
CHEBI:36725	pregn-4-en-3-one		C21H32O	300.47818	[H][C@]1(CC)CC[C@@]2([H])[C@]3([H])CCC4=CC(=O)CC[C@]4(C)[C@@]3([H])CC[C@]12C		
CHEBI:36726	17,20-dihydroxypregn-4-en-3-one		C21H32O3	332.47698	[H][C@@]12CCC3=CC(=O)CC[C@]3(C)[C@@]1([H])CC[C@@]1(C)[C@@]2([H])CC[C@]1(O)C(C)O		
CHEBI:36728	20-hydroxypregn-4-en-3-one		C21H32O2	316.47758	[H][C@@]1(CC[C@@]2([H])[C@]3([H])CCC4=CC(=O)CC[C@]4(C)[C@@]3([H])CC[C@]12C)C(C)O		
CHEBI:36729	(20R)-20-hydroxypregn-4-en-3-one		C21H32O2	316.47758	[H][C@@]1(CC[C@@]2([H])[C@]3([H])CCC4=CC(=O)CC[C@]4(C)[C@@]3([H])CC[C@]12C)[C@@H](C)O		
CHEBI:36799	campestanol	CHEBI:20641; CHEBI:22992	C28H50O	402.69600	[H][C@@]12CC[C@]3([H])[C@]([H])(CC[C@]4(C)[C@]([H])(CC[C@@]34[H])[C@H](C)CC[C@@H](C)C(C)C)[C@@]1(C)CC[C@H](O)C2		
CHEBI:37417	scillirosidin		C26H34O7	458.54400	[H][C@@]1(CC[C@@]2(O)[C@]1(C)CC[C@]1([H])[C@@]3(C)CC[C@H](O)C=C3[C@@H](C[C@@]21O)OC(C)=O)c1ccc(=O)oc1		
CHEBI:37424	sterol 3-beta-D-glucoside	CHEBI:26769; CHEBI:9267	C25H41O6R	437.590	C12C(C3C(C(CC3)*)(C)CC1)CCC4C2(CCC(C4)O[C@@H]5O[C@@H]([C@H]([C@@H]([C@H]5O)O)O)CO)C		
CHEBI:37450	2-methoxyestrone 3-O-(beta-D-glucuronide)	CHEBI:1190; CHEBI:19676	C25H32O9	476.517	C1[C@]2([C@]3([C@@](C4=C(C=C(O[C@H]5[C@@H]([C@H]([C@@H]([C@H](O5)C(=O)O)O)O)O)C(=C4)OC)CC3)(CC[C@@]2(C(=O)C1)C)[H])[H])[H]		
CHEBI:37623	7alpha,25-dihydroxycholesterol	CHEBI:58676	C27H46O3	418.65234	[H][C@@]1(CC[C@@]2([H])[C@]3([H])[C@H](O)C=C4C[C@@H](O)CC[C@]4(C)[C@@]3([H])CC[C@]12C)[C@H](C)CCCC(C)(C)O		
CHEBI:37640	(24S)-7alpha,24-dihydroxycholesterol		C27H46O3	418.65234	[H][C@@]1(CC[C@@]2([H])[C@]3([H])[C@H](O)C=C4C[C@@H](O)CC[C@]4(C)[C@@]3([H])CC[C@]12C)[C@H](C)CC[C@H](O)C(C)C		
CHEBI:37913	5beta-cyprinol		C27H48O5	452.66702	[H][C@@]12C[C@H](O)CC[C@]1(C)[C@@]1([H])C[C@H](O)[C@]3(C)[C@]([H])(CC[C@@]3([H])[C@]1([H])[C@H](O)C2)[C@H](C)CCCC(CO)CO		
CHEBI:38095	diginatigenin		C23H34O6	406.51246	[H][C@]12CC[C@]3([H])[C@]([H])(C[C@@H](O)[C@]4(C)[C@]([H])([C@@H](O)C[C@]34O)C3=CC(=O)OC3)[C@@]1(C)CC[C@H](O)C2		
CHEBI:38105	gitoxigenin		C23H34O5	390.51306	[H][C@]12CC[C@]3([H])[C@]([H])(CC[C@]4(C)[C@]([H])([C@@H](O)C[C@]34O)C3=CC(=O)OC3)[C@@]1(C)CC[C@H](O)C2		
CHEBI:38148	cannogenin		C23H32O5	388.49718	[H][C@]12CC[C@]3([H])[C@]([H])(CC[C@]4(C)[C@]([H])(CC[C@]34O)C3=CC(=O)OC3)[C@]1(CC[C@H](O)C2)C=O		
CHEBI:38243	bipindogenin		C23H34O6	406.51246	[H][C@@]1(CC[C@]2(O)[C@]3([H])CC[C@]4(O)C[C@@H](O)CC[C@]4(C)[C@@]3([H])[C@H](O)C[C@]12C)C1=CC(=O)OC1		
CHEBI:38248	scillarenin		C24H32O4	384.50848	[H][C@@]1(CC[C@]2(O)[C@]3([H])CCC4=C[C@@H](O)CC[C@]4(C)[C@@]3([H])CC[C@]12C)c1ccc(=O)oc1		
CHEBI:38405	antiogenin		C23H34O6	406.51246	[H][C@@]1(CC[C@]2(O)[C@]3([H])CC[C@]4(O)C[C@@H](O)CC[C@]4(C)[C@@]3([H])C[C@@H](O)[C@]12C)C1=CC(=O)OC1		
CHEBI:40710	ICI-164384	CHEBI:34796	C34H55NO3	525.818	[H][C@@]12CC[C@H](O)[C@@]1(C)CC[C@]1([H])C3=CC=C(O)C=C3C[C@@H](CCCCCCCCCCC(=O)N(C)CCCC)[C@@]21[H]		
CHEBI:40799	androsta-1,4-diene-3,17-dione		C19H24O2	284.39270	[H][C@@]12CCC3=CC(=O)C=C[C@]3(C)[C@@]1([H])CC[C@]1(C)C(=O)CC[C@@]21[H]		
CHEBI:40836	5alpha-androstane-3beta,17alpha-diol	CHEBI:36694; CHEBI:40832	C19H32O2	292.45618	[H][C@@]12CC[C@@]3([H])[C@]4([H])CC[C@@H](O)[C@@]4(C)CC[C@]3([H])[C@@]1(C)CC[C@H](O)C2		
CHEBI:40933	5alpha-androst-16-en-3alpha-ol	CHEBI:37895; CHEBI:40924	C19H30O	274.44090	[H][C@@]12CC[C@]3([H])[C@]([H])(CC[C@]4(C)C=CC[C@@]34[H])[C@@]1(C)CC[C@@H](O)C2		
CHEBI:41321	cholesterol sulfate	CHEBI:35377; CHEBI:41316; CHEBI:86594	C27H46O4S	466.719	O(S(O)(=O)=O)[C@@H]1CC=2[C@]([C@]3(CC[C@]4([C@]([C@@]3(CC2)[H])(CC[C@@]4([C@H](C)CCCC(C)C)[H])[H])C)[H])(C)CC1		
CHEBI:41509	cholesteryl linoleate	CHEBI:84337	C45H76O2	649.08374	[H][C@@]1(CC[C@@]2([H])[C@]3([H])CC=C4C[C@H](CC[C@]4(C)[C@@]3([H])CC[C@]12C)OC(=O)CCCCCCC\C=C/C\C=C/CCCCC)[C@H](C)CCCC(C)C		
CHEBI:41633	24(S),25-epoxycholesterol		C27H44O2	400.63710	C[C@H](CC[C@@H]1OC1(C)C)[C@H]1CC[C@H]2[C@@H]3CC=C4C[C@@H](O)CC[C@]4(C)[C@H]3CC[C@]12C		
CHEBI:42098	digoxigenin	CHEBI:38020; CHEBI:42096	C23H34O5	390.51306	[H][C@]12CC[C@]3([H])[C@]([H])(C[C@@H](O)[C@]4(C)[C@]([H])(CC[C@]34O)C3=CC(=O)OC3)[C@@]1(C)CC[C@H](O)C2		
CHEBI:42219	digitoxigenin	CHEBI:38073; CHEBI:42214	C23H34O4	374.51366	[H][C@]12CC[C@]3([H])[C@]([H])(CC[C@]4(C)[C@]([H])(CC[C@]34O)C3=CC(=O)OC3)[C@@]1(C)CC[C@H](O)C2		
CHEBI:42309	equilin	CHEBI:34740; CHEBI:42304	C18H20O2	268.35020	[H][C@]12CC[C@]3(C)C(=O)CC[C@@]3([H])C1=CCc1cc(O)ccc21		
CHEBI:42534	epitestosterone		C19H28O2	288.42440	C[C@]12CC[C@H]3[C@@H](CCC4=CC(=O)CC[C@]34C)[C@@H]1CC[C@H]2O		
CHEBI:43419	isoursodeoxycholic acid	CHEBI:36236; CHEBI:43417	C24H40O4	392.57200	[H][C@@]12C[C@@H](O)CC[C@]1(C)[C@@]1([H])CC[C@]3(C)[C@]([H])(CC[C@@]3([H])[C@]1([H])[C@@H](O)C2)[C@H](C)CCC(O)=O		
CHEBI:43602	obeticholic acid	CHEBI:41467; CHEBI:43599; CHEBI:132971	C26H44O4	420.626	C1[C@@]2([C@]3(CC[C@]4([C@]([C@@]3([C@@H]([C@@H]([C@@]2(C[C@@H](C1)O)[H])CC)O)[H])(CC[C@@]4([C@@H](CCC(O)=O)C)[H])[H])C)[H])C		
CHEBI:45869	estriol 3-O-(beta-D-glucuronide)		C24H32O9	464.50550	[H][C@]12CC[C@]3(C)[C@@H](O)[C@H](O)C[C@@]3([H])[C@]1([H])CCc1cc(O[C@@H]3O[C@@H]([C@@H](O)[C@H](O)[C@H]3O)C(O)=O)ccc21	1BFV	
CHEBI:46739	(25S)-11alpha,20,26-trihydroxyecdysone		C27H44O9	512.63286	[H][C@@]12C[C@@H](O)[C@@H](O)C[C@]1(C)[C@@]1([H])[C@H](O)C[C@]3(C)[C@]([H])(CC[C@@]3(O)C1=CC2=O)[C@@](C)(O)[C@H](O)CC[C@](C)(O)CO		
CHEBI:46898	cholesteryl oleate	CHEBI:34634; CHEBI:39859	C45H78O2	651.09962	[H][C@@]1(CC[C@@]2([H])[C@]3([H])CC=C4C[C@H](CC[C@]4(C)[C@@]3([H])CC[C@]12C)OC(=O)CCCCCCC\C=C/CCCCCCCC)[C@H](C)CCCC(C)C		
CHEBI:46902	cholesteryl elaidate		C45H78O2	651.09962	[H][C@@]1(CC[C@@]2([H])[C@]3([H])CC=C4C[C@H](CC[C@]4(C)[C@@]3([H])CC[C@]12C)OC(=O)CCCCCCC\C=C\CCCCCCCC)[C@H](C)CCCC(C)C		
CHEBI:47805	25-hydroxy-24-oxocalciol		C27H42O3	414.62058	[H][C@@]1(CC[C@@]2([H])\C(CCC[C@]12C)=C\C=C1\C[C@@H](O)CCC1=C)[C@H](C)CCC(=O)C(C)(C)O		
CHEBI:47812	(1S)-1,25-dihydroxy-24-oxocalciol		C27H42O4	430.61998	[H][C@@]1(CC[C@@]2([H])\C(CCC[C@]12C)=C\C=C1\C[C@@H](O)C[C@H](O)C1=C)[C@H](C)CCC(=O)C(C)(C)O		
CHEBI:47818	(1S)-1,23-dihydroxy-24,25,26,27-tetranorcalciol		C23H36O3	360.53014	[H][C@@]1(CC[C@@]2([H])\C(CCC[C@]12C)=C\C=C1\C[C@@H](O)C[C@H](O)C1=C)[C@H](C)CCO		
CHEBI:47820	(1S)-1-hydroxy-23-oxo-24,25,26,27-tetranorcalciol		C23H34O3	358.51426	[H][C@@]1(CC[C@@]2([H])\C(CCC[C@]12C)=C\C=C1\C[C@@H](O)C[C@H](O)C1=C)[C@H](C)CC=O		
CHEBI:47837	calcitriol 26,23-lactone		C27H40O5	444.60350	[H][C@@]1(CC[C@@]2([H])\C(CCC[C@]12C)=C\C=C1\C[C@@H](O)C[C@H](O)C1=C)[C@H](C)CC1CC(C)(O)C(=O)O1		
CHEBI:47909	3-oxo-Delta(4) steroid	CHEBI:1626; CHEBI:13604; CHEBI:20157	C19H27OR	271.418	C12C(C3C(C(CC3)*)(C)CC1)CCC=4C2(CCC(C4)=O)C		
CHEBI:48698	7alpha,24-dihydroxy-5beta-cholestan-3-one		C27H46O3	418.65234	[H][C@]12C[C@@H](O)[C@@]3([H])[C@]4([H])CC[C@]([H])([C@H](C)CCC(O)C(C)C)[C@@]4(C)CC[C@]3([H])[C@@]1(C)CCC(=O)C2		
CHEBI:48700	5beta-cholestane-3alpha,7alpha,24-triol		C27H48O3	420.66822	[H][C@@]12C[C@H](O)CC[C@]1(C)[C@@]1([H])CC[C@]3(C)[C@]([H])(CC[C@@]3([H])[C@]1([H])[C@H](O)C2)[C@H](C)CCC(O)C(C)C		
CHEBI:48701	7alpha,24-dihydroxycholest-4-en-3-one		C27H44O3	416.63646	[H][C@@]1(CC[C@@]2([H])[C@]3([H])[C@H](O)CC4=CC(=O)CC[C@]4(C)[C@@]3([H])CC[C@]12C)[C@H](C)CCC(O)C(C)C		
CHEBI:48715	7alpha,12alpha,24-trihydroxy-5beta-cholestan-3-one		C27H46O4	434.65174	[H][C@]12C[C@@H](O)[C@@]3([H])[C@]4([H])CC[C@]([H])([C@H](C)CCC(O)C(C)C)[C@@]4(C)[C@@H](O)C[C@]3([H])[C@@]1(C)CCC(=O)C2		
CHEBI:48728	5beta-cholestane-3alpha,7alpha,12alpha,24-tetrol		C27H48O4	436.66762	[H][C@@]12C[C@H](O)CC[C@]1(C)[C@@]1([H])C[C@H](O)[C@]3(C)[C@]([H])(CC[C@@]3([H])[C@]1([H])[C@H](O)C2)[C@H](C)CCC(O)C(C)C		
CHEBI:48731	5beta-cholestane-3alpha,7alpha,24,26-tetrol		C27H48O4	436.66762	[H][C@@]12C[C@H](O)CC[C@]1(C)[C@@]1([H])CC[C@]3(C)[C@]([H])(CC[C@@]3([H])[C@]1([H])[C@H](O)C2)[C@H](C)CCC(O)C(C)CO		
CHEBI:48732	5beta-cholestane-3alpha,7alpha,12alpha,24,26-pentol		C27H48O5	452.66702	[H][C@@]12C[C@H](O)CC[C@]1(C)[C@@]1([H])C[C@H](O)[C@]3(C)[C@]([H])(CC[C@@]3([H])[C@]1([H])[C@H](O)C2)[C@H](C)CCC(O)C(C)CO		
CHEBI:48734	3alpha,7alpha,24-trihydroxy-5beta-cholestan-26-al		C27H46O4	434.65174	[H][C@@]12C[C@H](O)CC[C@]1(C)[C@@]1([H])CC[C@]3(C)[C@]([H])(CC[C@@]3([H])[C@]1([H])[C@H](O)C2)[C@H](C)CCC(O)C(C)C=O		
CHEBI:48778	7alpha,26-dihydroxy-5beta-cholestan-3-one		C27H46O3	418.65234	[H][C@]12C[C@@H](O)[C@@]3([H])[C@]4([H])CC[C@]([H])([C@H](C)CCCC(C)CO)[C@@]4(C)CC[C@]3([H])[C@@]1(C)CCC(=O)C2		
CHEBI:48825	7alpha,26-dihydroxycholest-4-en-3-one		C27H44O3	416.63646	[H][C@@]1(CC[C@@]2([H])[C@]3([H])[C@H](O)CC4=CC(=O)CC[C@]4(C)[C@@]3([H])CC[C@]12C)[C@H](C)CCCC(C)CO		
CHEBI:48833	7alpha,12alpha,26-trihydroxycholest-4-en-3-one	CHEBI:141628	C27H44O4	432.63586	[H][C@@]1(CC[C@@]2([H])[C@]3([H])[C@H](O)CC4=CC(=O)CC[C@]4(C)[C@@]3([H])C[C@H](O)[C@]12C)[C@H](C)CCCC(C)CO		
CHEBI:48834	7alpha,12alpha,26-trihydroxy-5beta-cholestan-3-one		C27H46O4	434.65174	[H][C@]12C[C@@H](O)[C@@]3([H])[C@]4([H])CC[C@]([H])([C@H](C)CCCC(C)CO)[C@@]4(C)[C@@H](O)C[C@]3([H])[C@@]1(C)CCC(=O)C2		
CHEBI:48938	(25S)-5beta-cholestane-3alpha,7alpha,12alpha,26-tetrol		C27H48O4	436.66762	[H][C@@]12C[C@H](O)CC[C@]1(C)[C@@]1([H])C[C@H](O)[C@]3(C)[C@]([H])(CC[C@@]3([H])[C@]1([H])[C@H](O)C2)[C@H](C)CCC[C@H](C)CO		
CHEBI:48939	(25R)-5beta-cholestane-3alpha,7alpha,12alpha,26-tetrol		C27H48O4	436.66762	[H][C@@]12C[C@H](O)CC[C@]1(C)[C@@]1([H])C[C@H](O)[C@]3(C)[C@]([H])(CC[C@@]3([H])[C@]1([H])[C@H](O)C2)[C@H](C)CCC[C@@H](C)CO		
CHEBI:49269	7alpha,12alpha-dihydroxy-3-oxochol-4-en-24-oic acid		C24H36O5	404.53964	[H][C@@]1(CC[C@@]2([H])[C@]3([H])[C@H](O)CC4=CC(=O)CC[C@]4(C)[C@@]3([H])C[C@H](O)[C@]12C)[C@H](C)CCC(O)=O		
CHEBI:49270	12alpha-hydroxy-3-oxochola-4,6-dien-24-oic acid		C24H34O4	386.52436	[H][C@@]1(CC[C@@]2([H])[C@]3([H])C=CC4=CC(=O)CC[C@]4(C)[C@@]3([H])C[C@H](O)[C@]12C)[C@H](C)CCC(O)=O		
CHEBI:49305	5,6alpha-epoxy-5alpha-cholestan-3beta-ol		C27H46O2	402.65294	[H][C@@]1(CC[C@@]2([H])[C@]3([H])C[C@@H]4O[C@@]44C[C@@H](O)CC[C@]4(C)[C@@]3([H])CC[C@]12C)[C@H](C)CCCC(C)C		
CHEBI:49320	algestone acetonide		C24H34O4	386.52436	[H][C@@]12CCC3=CC(=O)CC[C@]3(C)[C@@]1([H])CC[C@@]1(C)[C@@]2([H])C[C@H]2OC(C)(C)O[C@@]12C(C)=O		
CHEBI:49327	algestone acetophenide	CHEBI:49321	C29H36O4	448.59374	[H][C@@]12CCC3=CC(=O)CC[C@]3(C)[C@@]1([H])CC[C@@]1(C)[C@@]2([H])C[C@H]2O[C@](C)(O[C@@]12C(C)=O)c1ccccc1		
CHEBI:50106	5beta-scymnol		C27H48O6	468.66640	[H][C@@]12C[C@H](O)CC[C@]1(C)[C@@]1([H])C[C@H](O)[C@]3(C)[C@]([H])(CC[C@@]3([H])[C@]1([H])[C@H](O)C2)[C@H](C)CC[C@@H](O)C(CO)CO		
CHEBI:50107	5beta-scymnol sulfate		C27H48O9S	548.73062	[H][C@@]12C[C@H](O)CC[C@]1(C)C1C[C@H](O)[C@]3(C)[C@]([H])(CC[C@@]3([H])[C@]1([H])[C@H](O)C2)[C@H](C)CC[C@@H](O)C(CO)COS(O)(=O)=O		
CHEBI:50108	5alpha-cholane-3alpha,7alpha,12alpha,24-tetrol		C24H42O4	394.58788	[H][C@]12C[C@H](O)CC[C@]1(C)[C@@]1([H])C[C@H](O)[C@]3(C)[C@]([H])(CC[C@@]3([H])[C@]1([H])[C@H](O)C2)[C@H](C)CCCO		
CHEBI:50109	3alpha,7alpha,12alpha-trihydroxy-5alpha-cholan-24-yl sulfate		C24H42O7S	474.65208	[H][C@]12C[C@H](O)CC[C@]1(C)[C@@]1([H])C[C@H](O)[C@]3(C)[C@]([H])(CC[C@@]3([H])[C@]1([H])[C@H](O)C2)[C@H](C)CCCOS(O)(=O)=O		
CHEBI:50156	canrenoic acid		C22H30O4	358.47120	[H][C@]12CC[C@@]3(C)[C@@]([H])(CC[C@@]3(O)CCC(O)=O)[C@]1([H])C=CC1=CC(=O)CC[C@]21C		
CHEBI:50168	3-hydroxypregnan-20-one		C21H34O2	318.49346	[H][C@@]12CCC3CC(O)CC[C@]3(C)[C@@]1([H])CC[C@]1(C)[C@]([H])(CC[C@@]21[H])C(C)=O		
CHEBI:50169	brexanolone	CHEBI:34347; CHEBI:32924	C21H34O2	318.49346	[H][C@@]12CC[C@@]3([H])[C@]4([H])CC[C@]([H])(C(C)=O)[C@@]4(C)CC[C@]3([H])[C@@]1(C)CC[C@@H](O)C2		
CHEBI:50170	3-hydroxy-5alpha-pregnan-20-one		C21H34O2	318.49346	[H][C@@]12CC[C@@]3([H])[C@]4([H])CC[C@]([H])(C(C)=O)[C@@]4(C)CC[C@]3([H])[C@@]1(C)CCC(O)C2		
CHEBI:50171	3-hydroxy-5beta-pregnan-20-one		C21H34O2	318.49346	[H][C@]12CC[C@@]3([H])[C@]4([H])CC[C@]([H])(C(C)=O)[C@@]4(C)CC[C@]3([H])[C@@]1(C)CCC(O)C2		
CHEBI:50515	24-hydroxycholesterol		C27H46O2	402.65294	[H][C@@]1(CC[C@@]2([H])[C@]3([H])CC=C4C[C@@H](O)CC[C@]4(C)[C@@]3([H])CC[C@]12C)[C@H](C)CCC(O)C(C)C		
CHEBI:50516	(24R)-24-hydroxycholesterol		C27H46O2	402.65294	[H][C@@]1(CC[C@@]2([H])[C@]3([H])CC=C4C[C@@H](O)CC[C@]4(C)[C@@]3([H])CC[C@]12C)[C@H](C)CC[C@@H](O)C(C)C		
CHEBI:50517	7alpha,24-dihydroxycholesterol		C27H46O3	418.65234	[H][C@@]1(CC[C@@]2([H])[C@]3([H])[C@H](O)C=C4C[C@@H](O)CC[C@]4(C)[C@@]3([H])CC[C@]12C)[C@H](C)CCC(O)C(C)C		
CHEBI:50518	(24R)-7alpha,24-dihydroxycholesterol	CHEBI:58823	C27H46O3	418.65234	[H][C@@]1(CC[C@@]2([H])[C@]3([H])[C@H](O)C=C4C[C@@H](O)CC[C@]4(C)[C@@]3([H])CC[C@]12C)[C@H](C)CC[C@@H](O)C(C)C		
CHEBI:50586	9xi-episterol		C28H46O	398.66420	[H][C@@]12CC=C3C(CC[C@]4(C)[C@]([H])(CC[C@@]34[H])[C@H](C)CCC(=C)C(C)C)[C@@]1(C)CC[C@H](O)C2		
CHEBI:50591	4beta-methylzymosterol-4alpha-carboxylic acid		C29H46O3	442.67374	[H][C@@]1(CC[C@@]2([H])C3=C(CC[C@]12C)[C@@]1(C)CC[C@H](O)[C@@](C)(C(O)=O)[C@]1([H])CC3)[C@H](C)CCC=C(C)C		
CHEBI:50692	mifepristone	CHEBI:40057; CHEBI:6934	C29H35NO2	429.59374	[H][C@@]12CCC3=CC(=O)CCC3=C1[C@H](C[C@@]1(C)[C@@]2([H])CC[C@@]1(O)C#CC)c1ccc(cc1)N(C)C		
CHEBI:50749	calcipotriol	CHEBI:43947; CHEBI:31335	C27H40O3	412.606	[C@@H]1(C[C@@H](C/C(/C1=C)=C/C=C\2/[C@]3([C@](CCC2)([C@](CC3)([C@@H](/C=C/[C@@H](O)C4CC4)C)[H])C)[H])O)O		
CHEBI:50777	etonogestrel		C22H28O2	324.45652	[H][C@]12CCC(=O)C=C1CC[C@@]1([H])[C@]3([H])CC[C@@](O)(C#C)[C@@]3(CC)CC(=C)[C@]21[H]		
CHEBI:50782	11-deoxycorticosterone pivalate		C26H38O4	414.57752	[H][C@@]1(CC[C@@]2([H])[C@]3([H])CCC4=CC(=O)CC[C@]4(C)[C@@]3([H])CC[C@]12C)C(=O)COC(=O)C(C)(C)C		
CHEBI:50785	ethynodiol		C20H28O2	300.43512	[H][C@]12CC[C@H](O)C=C1CC[C@]1([H])[C@]2([H])CC[C@@]2(C)[C@@]1([H])CC[C@@]2(O)C#C		
CHEBI:50838	drospirenone		C24H30O3	366.49320	[H][C@]12CC[C@@]3(C)[C@@]([H])([C@@H]4C[C@@H]4[C@@]33CCC(=O)O3)[C@]1([H])[C@H]1C[C@H]1C1=CC(=O)CC[C@]21C		
CHEBI:50865	cortisol 17-valerate		C26H38O6	446.57632	[H][C@@]12CCC3=CC(=O)CC[C@]3(C)[C@@]1([H])[C@@H](O)C[C@@]1(C)[C@@]2([H])CC[C@]1(OC(=O)CCCC)C(=O)CO		
CHEBI:52030	murideoxycholic acid		C24H40O4	392.57200	[H][C@@]1(CC[C@@]2([H])[C@]3([H])C[C@@H](O)[C@]4([H])C[C@H](O)CC[C@]4(C)[C@@]3([H])CC[C@]12C)[C@H](C)CCC(O)=O		
CHEBI:52377	ergosteryl oleate		C46H76O2	661.09440	[H][C@@]1(CC[C@@]2([H])C3=CC=C4C[C@H](CC[C@]4(C)[C@@]3([H])CC[C@]12C)OC(=O)CCCCCCC\C=C/CCCCCCCC)[C@H](C)\C=C\[C@H](C)C(C)C		
CHEBI:52378	ergosteryl palmitoleate		C44H72O2	633.04130	[H][C@@]1(CC[C@@]2([H])C3=CC=C4C[C@H](CC[C@]4(C)[C@@]3([H])CC[C@]12C)OC(=O)CCCCCCC\C=C/CCCCCC)[C@H](C)\C=C\[C@H](C)C(C)C		
CHEBI:52382	lanosteryl oleate		C48H82O2	691.16350	[H][C@@]1(CC[C@@]2(C)C3=C(CC[C@]12C)[C@@]1(C)CC[C@H](OC(=O)CCCCCCC\C=C/CCCCCCCC)C(C)(C)[C@]1([H])CC3)[C@H](C)CCC=C(C)C		
CHEBI:52383	lanosteryl palmitoleate		C46H78O2	663.11030	[H][C@@]1(CC[C@@]2(C)C3=C(CC[C@]12C)[C@@]1(C)CC[C@H](OC(=O)CCCCCCC\C=C/CCCCCC)C(C)(C)[C@]1([H])CC3)[C@H](C)CCC=C(C)C		
CHEBI:52388	4-hydroxymethylzymosterol		C28H46O2	414.66360	[H][C@@]12CCC3=C(CC[C@]4(C)[C@]([H])(CC[C@@]34[H])[C@H](C)CCC=C(C)C)[C@@]1(C)CC[C@H](O)C2CO		
CHEBI:52591	bile alcohol glucuronide		C6H9O7R	193.13150	O[C@@H]1[C@@H](O)C(O[*])O[C@@H]([C@H]1O)C(O)=O		
CHEBI:52615	4-formylzymosterol		C28H44O2	412.64780	[H][C@@]12CCC3=C(CC[C@]4(C)[C@]([H])(CC[C@@]34[H])[C@H](C)CCC=C(C)C)[C@@]1(C)CC[C@H](O)C2C=O		
CHEBI:52972	ergosta-5,7,24(28)-trien-3beta-ol		C28H44O	396.64840	[H][C@@]1(CC[C@@]2([H])C3=CC=C4C[C@@H](O)CC[C@]4(C)[C@@]3([H])CC[C@]12C)[C@H](C)CCC(=C)C(C)C		
CHEBI:52973	ergosteryl 3-beta-D-glucoside		C34H54O6	558.78900	[H][C@@]1(CC[C@@]2([H])C3=CC=C4C[C@H](CC[C@]4(C)[C@@]3([H])CC[C@]12C)O[C@@H]1O[C@H](CO)[C@@H](O)[C@H](O)[C@H]1O)[C@H](C)\C=C\[C@H](C)C(C)C		
CHEBI:59410	3-epi-6-deoxocathasterone		C28H50O2	418.69540	[H][C@@]12CC[C@@]3([H])[C@]4([H])CC[C@]([H])([C@H](C)[C@@H](O)C[C@@H](C)C(C)C)[C@@]4(C)CC[C@]3([H])[C@@]1(C)CC[C@@H](O)C2		
CHEBI:59411	(5alpha,22S,24R)-22-hydroxyergostan-3-one		C28H48O2	416.67950	[H][C@@]12CC[C@@]3([H])[C@]4([H])CC[C@]([H])([C@H](C)[C@@H](O)C[C@@H](C)C(C)C)[C@@]4(C)CC[C@]3([H])[C@@]1(C)CCC(=O)C2		
CHEBI:59418	15beta-hydroxyprogesterone		C21H30O3	330.46110	[H][C@@]12CCC3=CC(=O)CC[C@]3(C)[C@@]1([H])CC[C@]1(C)[C@H](C[C@@H](O)[C@@]21[H])C(C)=O		
CHEBI:59714	Delta(1)-dihydrotestosterone		C19H28O2	288.42440	[H][C@@]12CC[C@@]3([H])[C@]4([H])CC[C@H](O)[C@@]4(C)CC[C@]3([H])[C@@]1(C)C=CC(=O)C2		
CHEBI:60050	estrone 3-sulfate(1-)		C18H21O5S	349.42100	[H][C@]12CC[C@]3(C)C(=O)CC[C@@]3([H])[C@]1([H])CCc1cc(OS([O-])(=O)=O)ccc21		
CHEBI:61629	cholesteryl 6-O-acyl-beta-D-galactoside		C34H55O7R	575.79630	[H][C@@]1(CC[C@@]2([H])[C@]3([H])CC=C4C[C@H](CC[C@]4(C)[C@@]3([H])CC[C@]12C)O[C@@H]1O[C@H](COC([*])=O)[C@H](O)[C@H](O)[C@H]1O)[C@H](C)CCCC(C)C		
CHEBI:61634	cholesteryl 6-O-oleoyl-beta-D-galactoside		C51H88O7	813.24020	[H][C@@]1(CC[C@@]2([H])[C@]3([H])CC=C4C[C@H](CC[C@]4(C)[C@@]3([H])CC[C@]12C)O[C@@H]1O[C@H](COC(=O)CCCCCCC\C=C/CCCCCCCC)[C@H](O)[C@H](O)[C@H]1O)[C@H](C)CCCC(C)C		
CHEBI:61647	cholesteryl 6-O-palmitoyl-beta-D-galactoside		C49H86O7	787.20290	[H][C@@]1(CC[C@@]2([H])[C@]3([H])CC=C4C[C@H](CC[C@]4(C)[C@@]3([H])CC[C@]12C)O[C@@H]1O[C@H](COC(=O)CCCCCCCCCCCCCCC)[C@H](O)[C@H](O)[C@H]1O)[C@H](C)CCCC(C)C		
CHEBI:61649	cholesteryl 6-O-decanoyl-beta-D-galactoside		C43H74O7	703.04350	[H][C@@]1(CC[C@@]2([H])[C@]3([H])CC=C4C[C@H](CC[C@]4(C)[C@@]3([H])CC[C@]12C)O[C@@H]1O[C@H](COC(=O)CCCCCCCCC)[C@H](O)[C@H](O)[C@H]1O)[C@H](C)CCCC(C)C		
CHEBI:61651	cholesteryl 6-O-hexanoyl-beta-D-galactoside		C39H66O7	646.93710	[H][C@@]1(CC[C@@]2([H])[C@]3([H])CC=C4C[C@H](CC[C@]4(C)[C@@]3([H])CC[C@]12C)O[C@@H]1O[C@H](COC(=O)CCCCC)[C@H](O)[C@H](O)[C@H]1O)[C@H](C)CCCC(C)C		
CHEBI:61652	cholesteryl 6-O-acetyl-beta-D-galactoside		C35H58O7	590.83080	[H][C@@]1(CC[C@@]2([H])[C@]3([H])CC=C4C[C@H](CC[C@]4(C)[C@@]3([H])CC[C@]12C)O[C@@H]1O[C@H](COC(C)=O)[C@H](O)[C@H](O)[C@H]1O)[C@H](C)CCCC(C)C		
CHEBI:61654	cholesteryl 6-O-[15-(ethyldisulfanyl)pentadecanoyl]-beta-D-galactoside		C50H88O7S2	865.36000	[H][C@@]1(CC[C@@]2([H])[C@]3([H])CC=C4C[C@H](CC[C@]4(C)[C@@]3([H])CC[C@]12C)O[C@@H]1O[C@H](COC(=O)CCCCCCCCCCCCCCSSCC)[C@H](O)[C@H](O)[C@H]1O)[C@H](C)CCCC(C)C		
CHEBI:61828	5alpha-cholest-8(14)-en-3beta,15beta-diol		C27H46O2	402.65290	[H][C@@]12CCC3=C4[C@H](O)C[C@]([H])([C@H](C)CCCC(C)C)[C@@]4(C)CC[C@]3([H])[C@@]1(C)CC[C@H](O)C2		
CHEBI:61829	3beta-hydroxy-5alpha-cholest-8(14)-en-15-one		C27H44O2	400.63710	[H][C@@]12CCC3=C4C(=O)C[C@]([H])([C@H](C)CCCC(C)C)[C@@]4(C)CC[C@]3([H])[C@@]1(C)CC[C@H](O)C2		
CHEBI:61835	3beta-hydroxy-5alpha-cholestan-15-one		C27H46O2	402.65290	[H][C@@]12CC[C@]3([H])[C@]([H])(CC[C@]4(C)[C@]([H])(CC(=O)[C@@]34[H])[C@H](C)CCCC(C)C)[C@@]1(C)CC[C@H](O)C2		
CHEBI:61839	5alpha-cholestan-3beta,15beta-diol		C27H48O2	404.66880	[H][C@@]12CC[C@]3([H])[C@]([H])(CC[C@]4(C)[C@]([H])(C[C@@H](O)[C@@]34[H])[C@H](C)CCCC(C)C)[C@@]1(C)CC[C@H](O)C2		
CHEBI:62026	2,5-dioxo-1-pyrrolidinyl 6-(6-{3-[(progesterone-4-yl)thiopropionyl]aminohexanoyl}amino)hexanoate		C40H59N3O8S	741.97700	[H][C@@]12CCC3=C(SCCC(=O)NCCCCCC(=O)NCCCCCC(=O)ON4C(=O)CCC4=O)C(=O)CC[C@]3(C)[C@@]1([H])CC[C@]1(C)[C@H](CC[C@@]21[H])C(C)=O		
CHEBI:62042	progesterone 3-O-(carboxymethyl)oxime		C23H33NO4	387.51240	[H][C@@]12CCC3=CC(CC[C@]3(C)[C@@]1([H])CC[C@]1(C)[C@H](CC[C@@]21[H])C(C)=O)=NOCC(O)=O		
CHEBI:62044	(20R)-20-(carboxymethyl)oxypregn-4-en-3-one		C23H34O4	374.51370	[H][C@@]1(CC[C@@]2([H])[C@]3([H])CCC4=CC(=O)CC[C@]4(C)[C@@]3([H])CC[C@]12C)[C@@H](C)OCC(O)=O		
CHEBI:62045	(20S)-20-(carboxymethyl)oxypregn-4-en-3-one		C23H34O4	374.51370	[H][C@@]1(CC[C@@]2([H])[C@]3([H])CCC4=CC(=O)CC[C@]4(C)[C@@]3([H])CC[C@]12C)[C@H](C)OCC(O)=O		
CHEBI:62117	6beta-hydroxyprogesterone		C21H30O3	330.46110	[H][C@@]12C[C@@H](O)C3=CC(=O)CC[C@]3(C)[C@@]1([H])CC[C@]1(C)[C@H](CC[C@@]21[H])C(C)=O		
CHEBI:62457	(17Z)-protosta-17(20),24-dien-3beta-ol	CHEBI:64430	C30H50O	426.71740	[H][C@@]12CC[C@@]3([H])[C@@]4(C)CC[C@H](O)C(C)(C)[C@]4([H])CC[C@]3(C)[C@@]1(C)CC\C2=C(/C)CCC=C(C)C		
CHEBI:62645	cholesteryl 6-O-oleoyl-beta-D-glucoside		C51H88O7	813.24020	[H][C@@]1(CC[C@@]2([H])[C@]3([H])CC=C4C[C@H](CC[C@]4(C)[C@@]3([H])CC[C@]12C)O[C@@H]1O[C@H](COC(=O)CCCCCCC\C=C/CCCCCCCC)[C@@H](O)[C@H](O)[C@H]1O)[C@H](C)CCCC(C)C		
CHEBI:62646	cholesteryl 6-O-acyl-beta-D-glucoside		C34H55O7R	575.79630	[H][C@@]1(CC[C@@]2([H])[C@]3([H])CC=C4C[C@H](CC[C@]4(C)[C@@]3([H])CC[C@]12C)O[C@@H]1O[C@H](COC([*])=O)[C@@H](O)[C@H](O)[C@H]1O)[C@H](C)CCCC(C)C		
CHEBI:62844	estra-1,3,5(10)-trien-3-ol	CHEBI:133355	C18H24O	256.383	C1=C2C(CC[C@]3([C@@]4(CCC[C@]4(CC[C@@]32[H])C)[H])[H])=CC(=C1)O		
CHEBI:62852	6beta-[N-(carboxymethylamino)carbonyl]methoxy-17beta-estradiol		C22H29NO6	403.46880	[H][C@]12CC[C@]3(C)[C@@H](O)CC[C@@]3([H])[C@]1([H])C[C@@H](OCC(=O)NCC(O)=O)c1cc(O)ccc21		
CHEBI:62874	globosterol	CHEBI:68693	C29H48O3	444.68960	[H][C@@]1(CC[C@@]2([H])C3=C[C@@H](O)[C@@]4(O)C[C@@H](O)CC[C@]4(C)[C@@]3([H])CC[C@]12C)[C@H](C)\C=C\CC(C)C(C)C		
CHEBI:62935	dehydroepiandrosterone 7-O-(carboxymethyl)oxime		C21H29NO5	375.45870	[H][C@@]12CCC(=O)[C@@]1(C)CC[C@@]1([H])[C@@]2([H])C(C=C2C[C@@H](O)CC[C@]12C)=NOCC(O)=O		
CHEBI:63245	3-hydroxy-9,10-secoandrosta-1,3,5(10)-triene-9,17-dione		C19H24O3	300.39210	[H][C@@]12CCC(=O)[C@@]1(C)CCC(=O)C2CCc1cc(O)ccc1C		
CHEBI:63460	parkeol		C30H50O	426.71740	[H][C@@]1(CC[C@@]2(C)[C@]3([H])CC[C@@]4([H])C(C)(C)[C@@H](O)CC[C@]4(C)C3=CC[C@]12C)[C@H](C)CCC=C(C)C		
CHEBI:63497	3-epi-digoxigenin		C23H34O5	390.51310	[H][C@]12CC[C@]3([H])[C@]([H])(C[C@@H](O)[C@]4(C)[C@]([H])(CC[C@]34O)C3=CC(=O)OC3)[C@@]1(C)CC[C@@H](O)C2		
CHEBI:63498	digoxigenin 3,12-diacetate		C27H38O7	474.58640	[H][C@]12CC[C@]3([H])[C@]([H])(C[C@@H](OC(C)=O)[C@]4(C)[C@]([H])(CC[C@]34O)C3=CC(=O)OC3)[C@@]1(C)CC[C@@H](C2)OC(C)=O		
CHEBI:63504	gitoxigenin 3-acetate		C25H36O6	432.54970	[H][C@]12CC[C@]3([H])[C@]([H])(CC[C@]4(C)[C@]([H])([C@@H](O)C[C@]34O)C3=CC(=O)OC3)[C@@]1(C)CC[C@@H](C2)OC(C)=O		
CHEBI:63508	oleandrigenin		C25H36O6	432.54970	[H][C@]12CC[C@]3([H])[C@]([H])(CC[C@]4(C)[C@H]([C@H](C[C@]34O)OC(C)=O)C3=CC(=O)OC3)[C@@]1(C)CC[C@H](O)C2		
CHEBI:63564	tixocortol pivalate		C26H38O5S	462.64200	[H][C@@]12CCC3=CC(=O)CC[C@]3(C)[C@@]1([H])[C@@H](O)C[C@@]1(C)[C@@]2([H])CC[C@]1(O)C(=O)CSC(=O)C(C)(C)C		
CHEBI:63640	26-hydroxycholest-4-en-3-one	CHEBI:84727	C27H44O2	400.63710	CC(CO)CCC[C@@H](C)[C@H]1CC[C@H]2[C@@H]3CCC4=CC(=O)CC[C@]4(C)[C@H]3CC[C@]12C		
CHEBI:63641	9alpha-hydroxyandrosta-1,4-diene-3,17-dione		C19H24O3	300.39210	[H][C@@]12CCC(=O)[C@@]1(C)CC[C@@]1(O)[C@@]2([H])CCC2=CC(=O)C=C[C@]12C		
CHEBI:63829	(24S)-7alpha,24-dihydroxy-5beta-cholestan-3-one		C27H46O3	418.65230	[H][C@]12C[C@@H](O)[C@@]3([H])[C@]4([H])CC[C@]([H])([C@H](C)CC[C@H](O)C(C)C)[C@@]4(C)CC[C@]3([H])[C@@]1(C)CCC(=O)C2		
CHEBI:63830	(24S)-7alpha,12alpha,24-trihydroxy-5beta-cholestan-3-one		C27H46O4	434.65170	[H][C@]12C[C@@H](O)[C@@]3([H])[C@]4([H])CC[C@]([H])([C@H](C)CC[C@H](O)C(C)C)[C@@]4(C)[C@@H](O)C[C@]3([H])[C@@]1(C)CCC(=O)C2		
CHEBI:63831	(24S)-5beta-cholestane-3alpha,7alpha,24-triol		C27H48O3	420.66820	[H][C@@]12C[C@H](O)CC[C@]1(C)[C@@]1([H])CC[C@]3(C)[C@]([H])(CC[C@@]3([H])[C@]1([H])[C@H](O)C2)[C@H](C)CC[C@H](O)C(C)C		
CHEBI:63833	(24S)-5beta-cholestane-3alpha,7alpha,24,26-tetrol		C27H48O4	436.66760	[H][C@@]12C[C@H](O)CC[C@]1(C)[C@@]1([H])CC[C@]3(C)[C@]([H])(CC[C@@]3([H])[C@]1([H])[C@H](O)C2)[C@H](C)CC[C@H](O)C(C)CO		
CHEBI:63834	(24S)-5beta-cholestane-3alpha,7alpha,12alpha,24-tetrol		C27H48O4	436.66760	[H][C@@]12C[C@H](O)CC[C@]1(C)[C@@]1([H])C[C@H](O)[C@]3(C)[C@]([H])(CC[C@@]3([H])[C@]1([H])[C@H](O)C2)[C@H](C)CC[C@H](O)C(C)C		
CHEBI:63835	(24S)-5beta-cholestane-3alpha,7alpha,12alpha,24,26-pentol		C27H48O5	452.66700	[H][C@@]12C[C@H](O)CC[C@]1(C)[C@@]1([H])C[C@H](O)[C@]3(C)[C@]([H])(CC[C@@]3([H])[C@]1([H])[C@H](O)C2)[C@H](C)CC[C@H](O)C(C)CO		
CHEBI:63837	pregn-5-ene-3,20-dione		C21H30O2	314.46170	[H][C@@]12CC=C3CC(=O)CC[C@]3(C)[C@@]1([H])CC[C@]1(C)[C@H](CC[C@@]21[H])C(C)=O		
CHEBI:63842	4-carboxy-4-methylzymosterol		C29H46O3	442.67370	[H][C@@]1(CC[C@@]2([H])C3=C(CC[C@]12C)[C@@]1(C)CC[C@H](O)C(C)(C(O)=O)[C@]1([H])CC3)[C@H](C)CCC=C(C)C		
CHEBI:63844	4-carboxyzymosterol		C28H44O3	428.64720	[H][C@@]12CCC3=C(CC[C@]4(C)[C@]([H])(CC[C@@]34[H])[C@H](C)CCC=C(C)C)[C@@]1(C)CC[C@H](O)C2C(O)=O		
CHEBI:64294	7-ketocholesterol		C27H44O2	400.63710	[H][C@@]1(CC[C@@]2([H])[C@]3([H])C(=O)C=C4C[C@@H](O)CC[C@]4(C)[C@@]3([H])CC[C@]12C)[C@H](C)CCCC(C)C		
CHEBI:64762	dehydroergosterol		C28H42O	394.63250	[H][C@@]1(CC[C@@]2([H])C3=CC=C4C[C@@H](O)CC[C@]4(C)C3=CC[C@]12C)[C@H](C)\C=C\[C@H](C)C(C)C		
CHEBI:64975	lanosteryl palmitate		C46H80O2	665.12620	[H][C@@]1(CC[C@@]2(C)C3=C(CC[C@]12C)[C@@]1(C)CC[C@H](OC(=O)CCCCCCCCCCCCCCC)C(C)(C)[C@]1([H])CC3)[C@H](C)CCC=C(C)C		
CHEBI:64976	ergosteryl palmitate	CHEBI:68695	C44H74O2	635.05720	[H][C@@]1(CC[C@@]2([H])C3=CC=C4C[C@H](CC[C@]4(C)[C@@]3([H])CC[C@]12C)OC(=O)CCCCCCCCCCCCCCC)[C@H](C)\C=C\[C@H](C)C(C)C		
CHEBI:65628	16beta-[(alpha-L-arabinopyranosyl)oxy]-3beta-[(beta-D-glucopyranosyl)oxy]-17alpha-hydroxycholest-5-en-22-one		C38H62O13	726.89110	[H][C@@]12CC=C3C[C@H](CC[C@]3(C)[C@@]1([H])CC[C@@]1(C)[C@@]2([H])C[C@H](O[C@@H]2OC[C@H](O)[C@H](O)[C@H]2O)[C@]1(O)[C@@H](C)C(=O)CCC(C)C)O[C@@H]1O[C@H](CO)[C@@H](O)[C@H](O)[C@H]1O		
CHEBI:65644	clionastatin A		C19H17Cl3O2	383.69600	[H][C@@]12C(=O)C=C[C@@]1(C)CCC1=C2C(=O)C=C2C=C[C@H](Cl)[C@@H](Cl)[C@]12CCl		
CHEBI:65645	clionastatin B		C19H16Cl4O2	418.14100	[H][C@@]12C(=O)C(Cl)=C[C@@]1(C)CCC1=C2C(=O)C=C2C=C[C@H](Cl)[C@@H](Cl)[C@]12CCl		
CHEBI:65733	9(11)-dehydroaxinysterol		C28H40O3	424.61540	[H][C@@]1(CC[C@]2([H])[C@]1(C)CC=C1[C@@]3(C)CC[C@H](O)C[C@@]33OO[C@@]21C=C3)[C@H](C)\C=C\[C@H](C)C(C)=C		
CHEBI:65851	5alpha,8alpha-epidioxycholest-6-en-3beta-ol		C27H44O3	416.63650	[H][C@@]1(CC[C@]2([H])[C@]1(C)CC[C@]1([H])[C@@]3(C)CC[C@H](O)C[C@@]33OO[C@@]21C=C3)[C@H](C)CCCC(C)C		
CHEBI:65852	(22E,24R)-5alpha,8alpha-epidioxyergosta-6,9,22-triene-3beta-ol-3-O-beta-D-glucopyranoside		C34H52O8	588.77190	[H][C@@]1(O[C@H]2CC[C@]3(C)C4=CC[C@]5(C)[C@]([H])(CC[C@@]5([H])[C@]44OO[C@@]3(C2)C=C4)[C@H](C)\C=C\[C@H](C)C(C)C)O[C@H](CO)[C@@H](O)[C@H](O)[C@H]1O		
CHEBI:65853	5alpha,8alpha-epidioxysterol		C29H46O3	442.67370	[H][C@@]1(C[C@]1([H])[C@@H](C)[C@@]1([H])CC[C@]2([H])[C@]1(C)CC[C@]1([H])[C@@]3(C)CC[C@H](O)C[C@@]33OO[C@@]21C=C3)[C@H](C)C(C)C		
CHEBI:65858	ergosterol peroxide		C28H44O3	428.64720	[H][C@@]1(CC[C@]2([H])[C@]1(C)CC[C@]1([H])[C@@]3(C)CC[C@H](O)C[C@@]33OO[C@@]21C=C3)[C@H](C)\C=C\[C@H](C)C(C)C		
CHEBI:65866	esculeoside A		C58H95NO29	1270.36420	[H][C@@]12CC[C@]3([H])[C@]([H])(CC[C@@]4(C)[C@@]3([H])C[C@]3([H])O[C@@]5(NC[C@@H](CO[C@@H]6O[C@H](CO)[C@@H](O)[C@H](O)[C@H]6O)C[C@@H]5OC(C)=O)[C@@H](C)[C@]43[H])[C@@]1(C)CC[C@@H](C2)O[C@]1([H])O[C@H](CO)[C@H](O[C@]2([H])O[C@H](CO)[C@@H](O)[C@H](O[C@]3([H])OC[C@@H](O)[C@H](O)[C@H]3O)[C@H]2O[C@]2([H])O[C@H](CO)[C@@H](O)[C@H](O)[C@H]2O)[C@H](O)[C@H]1O		
CHEBI:65998	halosterol A		C29H48O2	428.69020	[H][C@@]1(CC[C@@]2([H])[C@]3([H])CCC4=CC(=O)CC[C@]4(C)[C@@]3([H])CC[C@]12C)[C@H](C)[C@H](O)C[C@@H](CC)C(C)C		
CHEBI:66020	hookerianamide H		C24H38N2O2	386.57070	[H][C@@]1(CC[C@@]2([H])[C@]3([H])CC[C@@]4([H])C(=O)C(NC=O)=CC[C@]4(C)[C@@]3([H])CC[C@]12C)[C@H](C)N(C)C		
CHEBI:66021	hookerianamide I		C30H46N2O	450.69900	[H][C@@]12CC[C@@]3([H])[C@]4([H])CC[C@]([H])([C@H](C)NC)[C@@]4(C)CC[C@]3([H])[C@@]1(C)CC[C@@H](C2)N(C)C(=O)c1ccccc1		
CHEBI:66022	hookerianamide J		C28H46N2O2	442.67700	[H][C@@]12CC[C@]3([H])[C@]([H])(CC[C@]4(C)C(=CC[C@@]34[H])[C@H](C)N(C)C)[C@@]1(C)CC[C@H](NC(=O)C=C(C)C)[C@@H]2O		
CHEBI:66175	23,24-dimethylcholest-16(17)-E-en-3beta,5alpha,6beta,20(S)-tetrol		C29H50O4	462.70490	[H][C@@]12C[C@@H](O)[C@@]3(O)C[C@@H](O)CC[C@]3(C)[C@@]1([H])CC[C@]1(C)C(=CC[C@@]21[H])[C@@](C)(O)CC(C)C(C)C(C)C		
CHEBI:66330	wrightiamine A		C21H34N2	314.50810	[H][C@@]12CC[C@]3([H])[C@]([H])(CC[C@]45C=N[C@@H](C)[C@@]4([H])CC[C@@]35[H])[C@@]1(C)CC[C@H](N)C2		
CHEBI:66497	Ys-II		C39H64O13	740.91770	[H][C@]12CC[C@]3([H])[C@]([H])(CC[C@@]4(C)[C@@]3([H])C[C@]3([H])O[C@]5(CC[C@@H](C)CO5)[C@@H](C)[C@]43[H])[C@@]1(C)CC[C@@H](C2)O[C@]1([H])O[C@H](CO)[C@H](O)[C@H](O)[C@H]1O[C@]1([H])O[C@H](CO)[C@@H](O)[C@H](O)[C@H]1O		
CHEBI:66498	Ys-IV		C45H74O18	903.05830	[H][C@]12CC[C@]3([H])[C@]([H])(CC[C@@]4(C)[C@@]3([H])C[C@]3([H])O[C@]5(CC[C@@H](C)CO5)[C@@H](C)[C@]43[H])[C@@]1(C)CC[C@@H](C2)O[C@]1([H])O[C@H](CO)[C@H](O)[C@H](O[C@]2([H])O[C@H](CO)[C@@H](O)[C@H](O)[C@H]2O)[C@H]1O[C@]1([H])O[C@H](CO)[C@@H](O)[C@H](O)[C@H]1O		
CHEBI:66503	zhankuic acid A		C29H40O5	468.62490	[H][C@@]1(CC[C@@]2([H])C3=C(C(=O)C[C@]12C)[C@@]1(C)CCC(=O)[C@@H](C)[C@]1([H])CC3=O)[C@H](C)CCC(=C)C(C)C(O)=O		
CHEBI:66511	beta-sitosterol glucoside-3'-O-hexacosanoicate		C61H110O7	955.52190	[H][C@@]1(O[C@H]2CC[C@@]3(C)C(C2)=CC[C@]2([H])[C@]3([H])CC[C@]3(C)[C@]([H])(CC[C@@]23[H])[C@H](C)CC[C@@H](CC)C(C)C)O[C@H](CO)[C@@H](O)[C@H](OC(=O)CCCCCCCCCCCCCCCCCCCCCCCCC)[C@H]1O		
CHEBI:66521	stachsterol		C27H44O3	416.63650	[H][C@@]12CCC3=CC(=O)CC[C@]3(C)[C@@]1([H])CC[C@@]1(C)[C@@]2([H])CC[C@]1([H])[C@@](C)(O)CCCC(C)(C)O		
CHEBI:66571	leucisterol		C29H48O2	428.69020	[H][C@@]12CC=C3C[C@@H](O)CC[C@]3(C)[C@@]1([H])CC[C@@]1(C)[C@@]2([H])CC[C@]1([H])[C@@](C)(O)\C=C\[C@@H](CC)C(C)C		
CHEBI:66574	leucospiroside A		C57H94O30	1259.33830	[H][C@@]1(O[C@@H]2C[C@]3([H])[C@H](O)C[C@]4([H])[C@]([H])(CC[C@@]5(C)[C@@]4([H])C[C@]4([H])O[C@]6(CC[C@@H](C)CO6)[C@@H](C)[C@]54[H])[C@@]3(C)C[C@H]2O)O[C@H](CO)[C@H](O[C@]2([H])O[C@H](CO)[C@@H](O)[C@H](O[C@]3([H])O[C@H](CO)[C@@H](O)[C@H](O)[C@H]3O)[C@H]2O[C@]2([H])O[C@H](CO)[C@@H](O)[C@H](O[C@]3([H])O[C@H](CO)[C@@H](O)[C@H](O)[C@H]3O)[C@H]2O)[C@H](O)[C@H]1O		
CHEBI:66593	lucialdehyde B		C30H44O3	452.670	CC1(C)C(=O)CC[C@@]2(C3=C(C(C[C@@]12[H])=O)[C@@]4(CC[C@@]([C@@]4(C)CC3)([C@@H](CC/C=C(/C=O)\C)C)[H])C)C		
CHEBI:66918	ergosta-5,7-dien-3beta-ol		C28H46O	398.66420	[H][C@@]1(CC[C@@]2([H])C3=CC=C4C[C@@H](O)CC[C@]4(C)[C@@]3([H])CC[C@]12C)[C@H](C)CC[C@H](C)C(C)C		
CHEBI:67179	cortistatin E		C32H52N2O	480.76810	[H][C@@]1(CC[C@]2([H])[C@]1(C)CCC1=CC3=CC[C@H](C[C@]33CC[C@]21O3)N(C)C)[C@H](C)CCC1CCN(C)CC1C		
CHEBI:67237	(22R)-22-hydroxycholesterol		C27H46O2	402.65290	[H][C@@]1(CC[C@@]2([H])[C@]3([H])CC=C4C[C@@H](O)CC[C@]4(C)[C@@]3([H])CC[C@]12C)[C@H](C)[C@H](O)CCC(C)C		
CHEBI:67554	daucosterol		C35H60O6	576.84730	CC[C@H](CC[C@@H](C)[C@H]1CC[C@H]2[C@@H]3CC=C4C[C@H](CC[C@]4(C)[C@H]3CC[C@]12C)O[C@@H]1O[C@H](CO)[C@@H](O)[C@H](O)[C@H]1O)C(C)C		
CHEBI:67565	paraminabeolide F		C28H36O5	452.58240	C[C@@H]1[C@@H](C)C(=O)OC1[C@H]1OC(=O)[C@]23CC[C@H]4[C@@H](CCC5=CC(=O)C=C[C@]45C)[C@@H]2CC[C@@H]3[C@@H]1C		
CHEBI:67569	minabeolide 5		C29H40O5	468.62490	[H][C@@]1(CC[C@@]2([H])[C@]3([H])CCC4=CC(=O)C=C[C@]4(C)[C@@]3([H])CC[C@]12COC(C)=O)[C@H](C)[C@H]1CC[C@H](C)C(=O)O1		
CHEBI:67570	minabeolide 8		C29H42O5	470.64080	[H][C@@]1(CC[C@@]2([H])[C@]3([H])CCC4=CC(=O)CC[C@]4(C)[C@@]3([H])[C@@H](C[C@]12C)OC(C)=O)[C@H](C)[C@H]1CC[C@H](C)C(=O)O1		
CHEBI:67584	fruticoside A		C29H48O3	444.68960	CC(C)C(=C)CC[C@@H](CO)[C@H]1CC[C@H]2C3=CC[C@H]4[C@H](C)[C@@H](O)[C@H](O)C[C@]4(C)[C@H]3CC[C@]12C		
CHEBI:67585	fruticoside B		C29H46O4	458.67310	CC(C)C(=C)CC[C@H]([C@H]1CC[C@H]2C3=CC[C@H]4[C@H](C)[C@@H](O)[C@H](O)C[C@]4(C)[C@H]3CC[C@]12C)C(O)=O		
CHEBI:67590	fruticoside G		C36H58O6S	618.90700	C\C=C(\CC[C@H]([C@H]1CC[C@H]2C3=CC[C@H]4[C@H](C)[C@H](CC[C@]4(C)[C@H]3CC[C@]12C)O[C@@H]1O[C@@H](C)[C@H](O)[C@@H](O)[C@@H]1O)C(S)=O)C(C)C		
CHEBI:67592	isoceanothic acid		C30H46O5	486.68320	CC(=C)[C@@H]1CC[C@@]2(CC[C@]3(C)[C@H](CC[C@@H]4[C@]5(C)[C@@H](CC[C@@]34C)C(C)(C)[C@H](O)[C@H]5C(O)=O)[C@@H]12)C(O)=O		
CHEBI:67593	stigmastane-3beta,5alpha,6beta-triol		C29H52O3	448.72140	CC[C@H](CC[C@@H](C)[C@H]1CC[C@H]2[C@@H]3C[C@@H](O)[C@@]4(O)C[C@@H](O)CC[C@]4(C)[C@H]3CC[C@]12C)C(C)C		
CHEBI:67594	stigmast-5-ene-3beta,7alpha-diol		C29H50O2	430.70610	CC[C@H](CC[C@@H](C)[C@H]1CC[C@H]2[C@@H]3[C@H](O)C=C4C[C@@H](O)CC[C@]4(C)[C@H]3CC[C@]12C)C(C)C		
CHEBI:67595	sitoindoside I		C51H90O7	815.25610	CCCCCCCCCCCCCCCC(=O)OC[C@H]1O[C@@H](O[C@H]2CC[C@]3(C)[C@H]4CC[C@]5(C)[C@H](CC[C@H]5[C@@H]4CC=C3C2)[C@H](C)CC[C@@H](CC)C(C)C)[C@H](O)[C@@H](O)[C@@H]1O		
CHEBI:67988	ginsenoside Rd		C48H82O18	947.15390	[H][C@@]1(CC[C@]2(C)[C@]1([H])[C@H](O)C[C@]1([H])[C@@]3(C)CC[C@H](O[C@@H]4O[C@H](CO)[C@@H](O)[C@H](O)[C@H]4O[C@@H]4O[C@H](CO)[C@@H](O)[C@H](O)[C@H]4O)C(C)(C)[C@]3([H])CC[C@@]21C)[C@](C)(CCC=C(C)C)O[C@@H]1O[C@H](CO)[C@@H](O)[C@H](O)[C@H]1O		
CHEBI:67989	ginsenoside Rb1		C54H92O23	1109.29450	[H][C@@]1(CC[C@]2(C)[C@]1([H])[C@H](O)C[C@]1([H])[C@@]3(C)CC[C@H](O[C@@H]4O[C@H](CO)[C@@H](O)[C@H](O)[C@H]4O[C@@H]4O[C@H](CO)[C@@H](O)[C@H](O)[C@H]4O)C(C)(C)[C@]3([H])CC[C@@]21C)[C@](C)(CCC=C(C)C)O[C@@H]1O[C@H](CO[C@@H]2O[C@H](CO)[C@@H](O)[C@H](O)[C@H]2O)[C@@H](O)[C@H](O)[C@H]1O		
CHEBI:67990	(20R)-ginsenoside Rg3		C42H72O13	785.01330	[H][C@@]1(CC[C@]2(C)[C@]1([H])[C@H](O)C[C@]1([H])[C@@]3(C)CC[C@H](O[C@@H]4O[C@H](CO)[C@@H](O)[C@H](O)[C@H]4O[C@@H]4O[C@H](CO)[C@@H](O)[C@H](O)[C@H]4O)C(C)(C)[C@]3([H])CC[C@@]21C)[C@](C)(O)CCC=C(C)C		
CHEBI:67991	(20S)-ginsenoside Rg3		C42H72O13	785.01330	[H][C@@]1(CC[C@]2(C)[C@]1([H])[C@H](O)C[C@]1([H])[C@@]3(C)CC[C@H](O[C@@H]4O[C@H](CO)[C@@H](O)[C@H](O)[C@H]4O[C@@H]4O[C@H](CO)[C@@H](O)[C@H](O)[C@H]4O)C(C)(C)[C@]3([H])CC[C@@]21C)[C@@](C)(O)CCC=C(C)C		
CHEBI:68054	9alpha,11alpha-dihydroxyergosta-4,6,8(14),22-tetraen-3-one		C28H40O3	424.61540	[H][C@@]1(CCC2=C3C=CC4=CC(=O)CC[C@]4(C)[C@@]3(O)[C@H](O)C[C@]12C)[C@H](C)\C=C\[C@H](C)C(C)C		
CHEBI:68081	blazein		C29H48O3	444.68960	CO[C@@H]1C=C2[C@@H]3CC[C@H]([C@H](C)\C=C\[C@H](C)C(C)C)[C@@]3(C)CC[C@@H]2[C@@]2(C)CC[C@H](O)C[C@]12O		
CHEBI:68082	ganodesterone		C28H40O2	408.61600	CC(C)[C@@H](C)\C=C\[C@@H](C)[C@H]1CC[C@H]2C3=CC(=O)C4=CC(=O)CC[C@]4(C)[C@H]3CC[C@]12C		
CHEBI:68083	cerevisterol		C28H46O3	430.66300	CC(C)[C@@H](C)\C=C\[C@@H](C)[C@H]1CC[C@H]2C3=C[C@@H](O)[C@@]4(O)C[C@@H](O)CC[C@]4(C)[C@H]3CC[C@]12C		
CHEBI:68388	methyl spongoate		C28H44O3	428.64720	[H][C@@]12CC[C@@]3([H])[C@]4([H])CC[C@]([H])([C@@H](CCCC(C)C)C(=O)OC)[C@@]4(C)CC[C@]3([H])[C@@]1(C)C=CC(=O)C2		
CHEBI:68395	24-methylenecholesta-1,4-dien-3-one		C28H42O	394.63250	CC(C)C(=C)CC[C@@H](C)[C@H]1CC[C@H]2[C@@H]3CCC4=CC(=O)C=C[C@]4(C)[C@H]3CC[C@]12C		
CHEBI:68396	(22E)-24nor-cholesta-1,4,22-trien-3-one		C26H38O	366.57930	CC(C)\C=C\[C@@H](C)[C@H]1CC[C@H]2[C@@H]3CCC4=CC(=O)C=C[C@]4(C)[C@H]3CC[C@]12C		
CHEBI:68398	cholesta-1,4,22-trien-3-one		C27H40O	380.60590	[H][C@@]1(CC[C@@]2([H])[C@]3([H])CCC4=CC(=O)C=C[C@]4(C)[C@@]3([H])CC[C@]12C)[C@H](C)\C=C\CC(C)C		
CHEBI:68639	abiraterone acetate		C26H33NO2	391.54570	[H][C@@]12CC=C3C[C@H](CC[C@]3(C)[C@@]1([H])CC[C@]1(C)C(=CC[C@@]21[H])c1cccnc1)OC(C)=O		
CHEBI:68694	(22E,24R)-ergosta-7,22-diene-3beta,5alpha,6beta,9alpha-tetrol		C28H46O4	446.66240	CC(C)[C@@H](C)\C=C\[C@@H](C)[C@H]1CC[C@H]2C3=C[C@@H](O)[C@@]4(O)C[C@@H](O)CC[C@]4(C)[C@@]3(O)CC[C@]12C		
CHEBI:68895	24-ethylcholesta-4,22-dien-3-one		C29H46O	410.67490	CCC(C(C)C)\C=C\[C@@H](C)[C@H]1CC[C@H]2[C@@H]3CCC4=CC(=O)CC[C@]4(C)[C@H]3CC[C@]12C		
CHEBI:69017	physalin B		C28H30O9	510.53240	C[C@@]12OC(=O)[C@]3(O)CC[C@H]4[C@@H](CC=C5CC=CC(=O)[C@]45C)[C@@]45O[C@@]13[C@@H](C4=O)[C@]1(C)C[C@H]2OC(=O)[C@@H]1CO5		
CHEBI:69019	physalin F		C28H30O10	526.53180	C[C@@]12OC(=O)[C@]3(O)CC[C@H]4[C@@H](C[C@H]5O[C@]55CC=CC(=O)[C@]45C)[C@@]45O[C@@]13[C@@H](C4=O)[C@]1(C)C[C@H]2OC(=O)[C@@H]1CO5		
CHEBI:69111	withalongolide F		C27H36O4	424.57230	C[C@@H]([C@H]1CC[C@H]2[C@@H]3CC=C4C=CC(=O)[C@]4(C)[C@H]3CC[C@]12C)[C@H]1CC(C)=C(CO)C(=O)O1		
CHEBI:69431	ergosta-4,6,8(14),22-tetraen-3-one	CHEBI:68084	C28H40O	392.61660	CC(C)[C@@H](C)\C=C\[C@@H](C)[C@H]1CCC2=C3C=CC4=CC(=O)CC[C@]4(C)[C@H]3CC[C@]12C		
CHEBI:69435	4,4-dimethyl-5alpha-ergosta-8,24(28)-dien-3beta-ol		C30H50O	426.71740	CC(C)C(=C)CC[C@@H](C)[C@H]1CC[C@H]2C3=C(CC[C@]12C)[C@@]1(C)CC[C@H](O)C(C)(C)[C@@H]1CC3		
CHEBI:70016	(22E,24R)-ergosta-7,22-diene-3,6-dione		C28H42O2	410.63190	CC(C)[C@@H](C)\C=C\[C@@H](C)[C@H]1CC[C@H]2C3=CC(=O)[C@H]4CC(=O)CC[C@]4(C)[C@H]3CC[C@]12C		
CHEBI:70110	cornusalterin B		C31H52O2	456.74340	COC(C)(C)\C=C\C[C@H](C)[C@@H]1CC[C@]2(C)[C@@H]3CC[C@H]4C(C)(C)C(=O)CC[C@]4(C)[C@H]3CC[C@@]12C		
CHEBI:70310	zhankuic acid A methyl ester		C30H42O5	482.65150	COC(=O)C(C)C(=C)CC[C@@H](C)[C@H]1CC[C@H]2C3=C(C(=O)C[C@]12C)[C@@]1(C)CCC(=O)[C@@H](C)[C@@H]1CC3=O		
CHEBI:70315	eburicol		C31H52O	440.745	C1[C@@]2(C=3CC[C@]4([C@](C3CC[C@]2(C([C@H](C1)O)(C)C)[H])(CC[C@@]4([C@H](C)CCC(C(C)C)=C)[H])C)C)C		
CHEBI:70332	7-nor-ergosterolide		C27H42O3	414.62060	CC(C)C(=C)CC[C@@H](C)[C@H]1CC[C@H]2C3=C(CC[C@]12C)[C@@]1(C)CC[C@H](O)C[C@@H]1C(=O)O3		
CHEBI:70333	3beta,11alpha-dihydroxyergosta-8,24(28)-dien-7-one		C28H44O3	428.64720	CC(C)C(=C)CC[C@@H](C)[C@H]1CC[C@H]2C3=C([C@H](O)C[C@]12C)[C@@]1(C)CC[C@H](O)C[C@@H]1CC3=O		
CHEBI:70334	3beta-hydroxyergosta-8,24(28)-dien-7-one		C28H44O2	412.64780	CC(C)C(=C)CC[C@@H](C)[C@H]1CC[C@H]2C3=C(CC[C@]12C)[C@@]1(C)CC[C@H](O)C[C@@H]1CC3=O		
CHEBI:70337	(22E,24R)-ergosta-7,22-diene-6beta-methoxy-3beta,5alpha-diol		C29H48O3	444.68960	CO[C@@H]1C=C2[C@@H]3CC[C@H]([C@H](C)\C=C\[C@H](C)C(C)C)[C@@]3(C)CC[C@@H]2[C@@]2(C)CC[C@H](O)C[C@]12O		
CHEBI:70338	(22E,24R)-ergosta-7,22-diene-3beta,6beta-diol		C28H46O2	414.66360	CC(C)[C@@H](C)\C=C\[C@@H](C)[C@H]1CC[C@H]2C3=C[C@@H](O)C4C[C@@H](O)CC[C@]4(C)[C@H]3CC[C@]12C		
CHEBI:70339	(22E,24R)-ergosta-5alpha,6alpha-epoxide-8,22-diene-3beta,7alpha-diol		C28H44O3	428.64720	CC(C)[C@@H](C)\C=C\[C@@H](C)[C@H]1CC[C@H]2C3=C(CC[C@]12C)[C@@]1(C)CC[C@H](O)C[C@@]11O[C@H]1[C@H]3O		
CHEBI:71004	20,22-dihydrodigoxigenin		C23H36O5	392.52890	[H][C@]1(COC(=O)C1)[C@@]1([H])CC[C@]2(O)[C@]3([H])CC[C@]4([H])C[C@@H](O)CC[C@]4(C)[C@@]3([H])C[C@@H](O)[C@]12C		
CHEBI:71016	ouabagenin		C23H34O8	438.51130	[H][C@@]12CC[C@]3(O)C[C@@H](O)C[C@@H](O)[C@]3(CO)[C@@]1([H])[C@H](O)C[C@]1(C)[C@H](CC[C@]21O)C1=CC(=O)OC1		
CHEBI:71025	ulipristal acetate		C30H37NO4	475.61910	[H][C@@]12CCC3=CC(=O)CCC3=C1[C@H](C[C@@]1(C)[C@@]2([H])CC[C@]1(OC(C)=O)C(C)=O)c1ccc(cc1)N(C)C		
CHEBI:71187	3beta-hydroxy-4alpha-carboxysteroid		C20H31O3R	319.459	C12C(C3C(C(CC3)*)(C)CC1)CCC4C2(CC[C@@H]([C@H]4C(O)=O)O)C		
CHEBI:71581	4alpha-methyl-5alpha-cholest-8(14)-en-3beta-ol		C28H48O	400.68010	[H][C@@]1(CCC2=C3CC[C@@]4([H])[C@H](C)[C@@H](O)CC[C@]4(C)[C@@]3([H])CC[C@]12C)[C@H](C)CCCC(C)C		
CHEBI:71614	(25R)-Delta(7)-dafachronic acid		C27H42O3	414.62060	[H][C@@]12CC=C3[C@]([H])(CC[C@]4(C)[C@]([H])(CC[C@@]34[H])[C@H](C)CCC[C@@H](C)C(O)=O)[C@@]1(C)CCC(=O)C2		
CHEBI:71676	esculeogenin A		C27H45NO4	447.65050	[H][C@@]12CC[C@]3([H])[C@]([H])(CC[C@@]4(C)[C@@]3([H])C[C@]3([H])O[C@@]5(NC[C@@H](CO)C[C@@H]5O)[C@@H](C)[C@]43[H])[C@@]1(C)CC[C@H](O)C2		
CHEBI:71824	pennogenin		C27H42O4	430.62000	[H][C@]12C[C@@]3([H])[C@]4([H])CC=C5C[C@@H](O)CC[C@]5(C)[C@@]4([H])CC[C@]3(C)[C@@]1(O)[C@H](C)[C@@]1(CC[C@@H](C)CO1)O2		
CHEBI:72331	(22S)-22-hydroxycampesterol		C28H48O2	416.67950	[H][C@@]1(CC[C@@]2([H])[C@]3([H])CC=C4C[C@@H](O)CC[C@]4(C)[C@@]3([H])CC[C@]12C)[C@H](C)[C@@H](O)C[C@@H](C)C(C)C		
CHEBI:72477	halistanol sulfonic acid F		C30H54O12S3	702.93800	[H][C@@]1(CC[C@@]2([H])[C@]3([H])C[C@H](OS(O)(=O)=O)[C@@]4([H])C[C@H](OS(O)(=O)=O)[C@H](C[C@]4(C)[C@@]3([H])CC[C@]12C)OS(O)(=O)=O)[C@H](C)CCC(C)C(C)(C)CC		
CHEBI:72479	halistanol sulfonic acid G		C28H50O12S3	674.88400	[H][C@@]1(CC[C@@]2([H])[C@]3([H])C[C@H](OS(O)(=O)=O)[C@@]4([H])C[C@H](OS(O)(=O)=O)[C@H](C[C@]4(C)[C@@]3([H])CC[C@]12C)OS(O)(=O)=O)[C@H](C)CC[C@H](C)C(C)C		
CHEBI:72849	agigenin		C27H44O5	448.63530	[H][C@]12C[C@@]3([H])[C@]4([H])C[C@@H](O)[C@@]5([H])C[C@@H](O)[C@H](O)C[C@]5(C)[C@@]4([H])CC[C@]3(C)[C@@]1([H])[C@H](C)[C@@]1(CC[C@@H](C)CO1)O2		
CHEBI:73390	promegestone	CHEBI:34933	C22H30O2	326.47240	[H][C@@]12CCC3=CC(=O)CCC3=C1CC[C@@]1(C)[C@@]2([H])CC[C@]1(C)C(=O)CC		
CHEBI:73906	18-acetoxy-1alpha-hydroxyvitamin D3		C29H46O4	458.67310	[H][C@@](C)(CCCC(C)C)[C@@]1([H])CC[C@@]2([H])\C(CCC[C@]12COC(C)=O)=C\C=C1\C[C@@H](O)C[C@H](O)C1=C		
CHEBI:73917	18-acetoxy-1alpha,25-dihydroxyvitamin D3		C29H46O5	474.67250	[H][C@@]1(CC[C@@]2([H])\C(CCC[C@]12COC(C)=O)=C\C=C1\C[C@@H](O)C[C@H](O)C1=C)[C@H](C)CCCC(C)(C)O		
CHEBI:73923	(24R)-1alpha,24-dihydroxy-22-oxavitamin D3		C26H42O4	418.60930	[H][C@@]1(CC[C@]2([H])[C@]1(C)CCC\C2=C/C=C1/C[C@@H](O)C[C@H](O)C1=C)[C@H](C)OC[C@H](O)C(C)C		
CHEBI:73927	1alpha,25-dihydroxy-2beta-(3-hydroxypropoxy)vitamin D3		C30H50O5	490.71500	[H][C@@]1(CC[C@@]2([H])\C(CCC[C@]12C)=C\C=C1\C[C@@H](O)[C@@H](OCCCO)[C@H](O)C1=C)[C@H](C)CCCC(C)(C)O		
CHEBI:73929	1alpha,25-dihydroxy-2beta-(4-hydroxybutoxy)vitamin D3		C31H52O5	504.74160	[H][C@@]1(CC[C@@]2([H])\C(CCC[C@]12C)=C\C=C1\C[C@@H](O)[C@@H](OCCCCO)[C@H](O)C1=C)[C@H](C)CCCC(C)(C)O		
CHEBI:75172	formestane		C19H26O3	302.40790	[H][C@@]12CCC3=C(O)C(=O)CC[C@]3(C)[C@@]1([H])CC[C@]1(C)C(=O)CC[C@@]21[H]		
CHEBI:75308	19-oxotestosterone	CHEBI:800	C19H26O3	302.40790	[H][C@@]12CCC3=CC(=O)CC[C@]3(C=O)[C@@]1([H])CC[C@]1(C)[C@@H](O)CC[C@@]21[H]		
CHEBI:75950	(20S)-protopanaxadiol		C30H52O3	460.73210	CC(C)=CCC[C@](C)(O)[C@H]1CC[C@]2(C)[C@@H]1[C@H](O)C[C@@H]1[C@@]3(C)CC[C@H](O)C(C)(C)[C@@H]3CC[C@@]21C		
CHEBI:75951	protopanaxatriol		C30H52O4	476.73150	CC(C)=CCC[C@](C)(O)[C@H]1CC[C@]2(C)[C@@H]1[C@H](O)C[C@@H]1[C@@]3(C)CC[C@H](O)C(C)(C)[C@@H]3[C@@H](O)C[C@@]21C		
CHEBI:76237	(20R)-protopanaxadiol		C30H52O3	460.73210	CC(C)=CCC[C@@](C)(O)[C@H]1CC[C@]2(C)[C@@H]1[C@H](O)C[C@@H]1[C@@]3(C)CC[C@H](O)C(C)(C)[C@@H]3CC[C@@]21C		
CHEBI:76238	protopanaxadiol		C30H52O3	460.73210	CC(C)=CCCC(C)(O)[C@H]1CC[C@]2(C)[C@@H]1[C@H](O)C[C@@H]1[C@@]3(C)CC[C@H](O)C(C)(C)[C@@H]3CC[C@@]21C		
CHEBI:76591	(25R)-cholest-5-ene-3beta,26-diol		C27H46O2	402.65290	C[C@@H](CO)CCC[C@@H](C)[C@H]1CC[C@H]2[C@@H]3CC=C4C[C@@H](O)CC[C@]4(C)[C@H]3CC[C@]12C		
CHEBI:76592	(25R)-7alpha,26-dihydroxycholesterol		C27H46O3	418.65230	C[C@@H](CO)CCC[C@@H](C)[C@H]1CC[C@H]2[C@@H]3[C@H](O)C=C4C[C@@H](O)CC[C@]4(C)[C@H]3CC[C@]12C		
CHEBI:77006	17beta-estradiol 3-benzoate		C25H28O3	376.48800	C[C@]12CC[C@H]3[C@@H](CCc4cc(OC(=O)c5ccccc5)ccc34)[C@@H]1CC[C@@H]2O		
CHEBI:77166	3-oxo-Delta(1),Delta(4)-steroid		C19H25OR	269.402	C12(C=CC(C=C1CCC3C2CCC4(C3CCC4*)C)=O)C		
CHEBI:77691	(3beta,5alpha)-ergosta-8,22-dien-3-ol		C28H46O	398.66420	CC(C)[C@@H](C)\C=C\[C@@H](C)[C@H]1CC[C@H]2C3=C(CC[C@]12C)[C@@]1(C)CC[C@H](O)C[C@@H]1CC3		
CHEBI:77845	7-aminocholesterol		C27H47NO	401.66820	CC(C)CCC[C@@H](C)[C@H]1CC[C@H]2[C@@H]3C(N)C=C4C[C@@H](O)CC[C@]4(C)[C@H]3CC[C@]12C		
CHEBI:77920	(24S)-24-hydroxycholesterol 3-hexanoate		C33H56O3	500.79590	CCCCCC(=O)O[C@H]1CC[C@]2(C)[C@H]3CC[C@]4(C)[C@H](CC[C@H]4[C@@H]3CC=C2C1)[C@H](C)CC[C@H](O)C(C)C		
CHEBI:78594	5alpha-pregan-20beta-ol-3-one		C21H34O2	318.49350	C[C@@H](O)[C@H]1CC[C@H]2[C@@H]3CC[C@H]4CC(=O)CC[C@]4(C)[C@H]3CC[C@]12C		
CHEBI:78601	11,21-dioxoprogesterone		C21H26O4	342.42870	C[C@]12CC(=O)[C@H]3[C@@H](CCC4=CC(=O)CC[C@]34C)[C@@H]1CC[C@@H]2C(=O)C=O		
CHEBI:78666	5beta-pregnan-20alpha-ol-3-one		C21H34O2	318.494	C1[C@@]2([C@]3(CC[C@]4([C@]([C@@]3(CC[C@@]2(CC(C1)=O)[H])[H])(CC[C@]4([H])[C@@H](O)C)[H])C)[H])C		
CHEBI:78699	Delta(7)-dafachronic acid		C27H42O3	414.62060	C[C@H](CCCC(C)C(O)=O)[C@H]1CC[C@H]2C3=CC[C@H]4CC(=O)CC[C@]4(C)[C@H]3CC[C@]12C		
CHEBI:78701	(5alpha)-3-oxocholestan-26-oic acid		C27H44O3	416.63650	C[C@H](CCCC(C)C(O)=O)[C@H]1CC[C@H]2[C@@H]3CC[C@H]4CC(=O)CC[C@]4(C)[C@H]3CC[C@]12C		
CHEBI:78904	4,4-dimethyl-8,14-cholestadien-3beta-ol		C29H48O	412.69080	CC(C)CCC[C@@H](C)[C@H]1CC=C2C3=C(CC[C@]12C)[C@@]1(C)CC[C@H](O)C(C)(C)[C@@H]1CC3		
CHEBI:79638	B-norcholest-4-en-3-one		C26H42O	370.621	[H][C@@]1(CC[C@@]2([H])[C@]3([H])CC4=CC(=O)CC[C@]4(C)[C@@]3([H])CC[C@]12C)[C@H](C)CCCC(C)C		
CHEBI:79754	17beta-hydroxy-4alpha-methyl-5alpha-androstan-3-one		C20H32O2	304.468	[C@@]12([C@@]([C@@]3([C@]([C@@H](C(CC3)=O)C)(CC1)[H])C)(CC[C@@]4([C@H](CC[C@@]24[H])O)C)[H])[H]		
CHEBI:79755	16beta-fluoro-17beta-hydroxyandrost-4-en-3-one propionate		C22H31FO3	362.47810	CCC(=O)O[C@H]1[C@@H](F)C[C@H]2[C@@H]3CCC4=CC(=O)CC[C@]4(C)[C@H]3CC[C@]12C		
CHEBI:79759	17beta-hydroxyestr-5(10)-en-3-one		C18H26O2	274.39780	C[C@]12CC[C@H]3[C@@H](CCC4=C3CCC(=O)C4)[C@@H]1CC[C@@H]2O		
CHEBI:79760	17beta-hydroxy-2alpha-methylestr-4-en-3-one		C19H28O2	288.42440	C[C@@H]1C[C@@H]2[C@H]3CC[C@]4(C)[C@@H](O)CC[C@H]4[C@@H]3CCC2=CC1=O		
CHEBI:79761	17beta-hydroxy-2alpha,17-dimethylestr-4-en-3-one		C20H30O2	302.45100	C[C@@H]1C[C@@H]2[C@H]3CC[C@@]4(C)[C@@H](CC[C@]4(C)O)[C@@H]3CCC2=CC1=O		
CHEBI:79762	5beta-pregn-11-ene-3,20-dione		C21H30O2	314.46170	CC(=O)[C@H]1CC[C@H]2[C@@H]3CC[C@@H]4CC(=O)CC[C@]4(C)[C@H]3C=C[C@]12C		
CHEBI:79767	16beta-methylpregn-4-ene-3,20-dione		C22H32O2	328.48830	C[C@H]1C[C@H]2[C@@H]3CCC4=CC(=O)CC[C@]4(C)[C@H]3CC[C@]2(C)[C@H]1C(C)=O		
CHEBI:79769	(17Z)-3,11-dioxopregna-4,17(20)-dien-21-oic acid methyl ester		C22H28O4	356.45530	COC(=O)\C=C1\CC[C@H]2[C@@H]3CCC4=CC(=O)CC[C@]4(C)[C@H]3C(=O)C[C@]12C		
CHEBI:79773	9-fluoro-2alpha-methylpregn-4-ene-3,11,20-trione		C22H29FO3	360.46230	C[C@@H]1C[C@@]2(C)C(CC[C@H]3[C@@H]4CC[C@H](C(C)=O)[C@@]4(C)CC(=O)[C@]23F)=CC1=O		
CHEBI:79774	3alpha,12alpha-dihydroxy-5beta-pregnan-20-one diacetate		C25H38O5	418.56620	CC(=O)O[C@@H]1CC[C@@]2(C)[C@H](CC[C@H]3[C@@H]4CC[C@H](C(C)=O)[C@@]4(C)[C@H](C[C@H]23)OC(C)=O)C1		
CHEBI:79775	17beta-hydroxy-5alpha-androst-1-en-3-one propionate		C22H32O3	344.48770	CCC(=O)O[C@H]1CC[C@H]2[C@@H]3CC[C@H]4CC(=O)C=C[C@]4(C)[C@H]3CC[C@]12C		
CHEBI:79834	3beta-hydroxy-5alpha-androstane-7,17-dione		C19H28O3	304.430	[H][C@@]12CCC(=O)[C@@]1(C)CC[C@@]1([H])[C@@]2([H])C(=O)C[C@@]2([H])C[C@@H](O)CC[C@]12C		
CHEBI:79879	B-norcholesterol		C26H44O	372.637	[H][C@@]1(CC[C@@]2([H])[C@]3([H])C=C4C[C@@H](O)CC[C@]4(C)[C@@]3([H])CC[C@]12C)[C@H](C)CCCC(C)C		
CHEBI:80401	(22R,23R)-22,23-dihydroxycampesterol		C28H48O3	432.689	[H][C@@]1(CC[C@@]2([H])[C@]3([H])CC=C4C[C@@H](O)CC[C@]4(C)[C@@]3([H])CC[C@]12C)[C@H](C)[C@@H](O)[C@H](O)[C@@H](C)C(C)C		
CHEBI:80532	3-dehydro-2-deoxyecdysone		C27H42O5	446.628	[H][C@@]1(CC[C@@]2(O)C3=CC(=O)[C@]4([H])CC(=O)CC[C@]4(C)[C@@]3([H])CC[C@]12C)[C@H](C)[C@H](O)CCC(C)(C)O		
CHEBI:80533	2,22-dideoxy-3-dehydroecdysone		C27H42O4	430.629	[H][C@@]1(CC[C@@]2(O)C3=CC(=O)[C@]4([H])CC(=O)CC[C@]4(C)[C@@]3([H])CC[C@]12C)[C@H](C)CCCC(C)(C)O		
CHEBI:80798	bufadienolide		C24H34O2	354.52560	C[C@]12CC[C@H]3[C@@H](CCC4CCCC[C@]34C)[C@H]1CC[C@@H]2c1ccc(=O)oc1		
CHEBI:81013	7alpha,25-dihydroxy-4-cholesten-3-one		C27H44O3	416.637	[C@]12([C@]([C@]3([C@](CC1)([C@@]4(C(=CC(CC4)=O)C[C@H]3O)C)[H])[H])(CC[C@@]2([C@@H](CCCC(O)(C)C)C)[H])[H])C		
CHEBI:81467	7alpha-hydroxypregnenolone		C21H32O3	332.478	C1[C@@]2([C@]3(CC[C@]4(C)[C@@H](C(C)=O)CC[C@]4([C@@]3([C@@H](C=C2C[C@H](C1)O)O)[H])[H])[H])C		
CHEBI:81471	7alpha-hydroxydehydroepiandrosterone		C19H28O3	304.425	[C@@H]1([C@@]2([C@@]([C@@]3(C(C[C@@H](O)CC3)=C1)C)(CC[C@]4([C@]2(CCC4=O)[H])C)[H])[H])O		
CHEBI:82678	3beta-hydroxy-7-oxo-5beta-cholan-24-oic acid		C24H38O4	390.55610	C[C@H](CCC(O)=O)[C@H]1CC[C@H]2[C@H]3[C@H](CC[C@]12C)[C@@]1(C)CC[C@H](O)C[C@H]1CC3=O		
CHEBI:82869	(24S)-24-hydroxycholesterol ester		C28H45O3R	429.65510	C[C@H](CCCC(C)(C)O)[C@H]1CC[C@H]2[C@@H]3CC=C4C[C@H](CC[C@]4(C)[C@H]3CC[C@]12C)OC([*])=O		
CHEBI:82875	(24S)-24-hydroxycholesterol 3-linoleoate		C45H76O3	665.08310	CCCCC\C=C/C\C=C/CCCCCCCC(=O)O[C@H]1CC[C@]2(C)[C@H]3CC[C@]4(C)[C@H](CC[C@H]4[C@@H]3CC=C2C1)[C@H](C)CC[C@H](O)C(C)C		
CHEBI:82961	17beta-estradiol 17-glucosiduronate		C24H31O8	447.49870	C[C@]12CC[C@H]3[C@@H](CCc4cc(O)ccc34)[C@@H]1CC[C@@H]2O[C@@H]1O[C@@H]([C@@H](O)[C@H](O)[C@H]1O)C([O-])=O		
CHEBI:83037	androsterone sulfate		C19H30O5S	370.505	C1[C@@]2([C@@]([C@@]3([C@](C[C@H](OS(O)(=O)=O)CC3)(C1)[H])C)(CC[C@@]4(C(CC[C@@]24[H])=O)C)[H])[H]		
CHEBI:83040	epiandrosterone sulfate		C19H30O5S	370.505	C1[C@@]2([C@@]([C@@]3([C@](C[C@@H](OS(O)(=O)=O)CC3)(C1)[H])C)(CC[C@@]4(C(CC[C@@]24[H])=O)C)[H])[H]		
CHEBI:83149	(25S)-3alpha-hydroxy-5alpha-cholest-7-en-26-oic acid		C27H44O3	416.63650	C[C@H](CCC[C@H](C)C(O)=O)[C@H]1CC[C@H]2C3=CC[C@H]4C[C@H](O)CC[C@]4(C)[C@H]3CC[C@]12C		
CHEBI:83746	3-ketocholest-4-en-26-al		C27H42O2	398.62120	CC(CCC[C@@H](C)[C@H]1CC[C@H]2[C@@H]3CCC4=CC(=O)CC[C@]4(C)[C@H]3CC[C@]12C)C=O		
CHEBI:83776	3-oxo-23,24-bisnorchol-4-en-22-oic acid		C22H32O3	344.48770	C[C@@H]([C@H]1CC[C@H]2[C@@H]3CCC4=CC(=O)CC[C@]4(C)[C@H]3CC[C@]12C)C(O)=O		
CHEBI:83860	(25S)-26-hydroxycholest-4-en-3-one		C27H44O2	400.63710	C[C@H](CO)CCC[C@@H](C)[C@H]1CC[C@H]2[C@@H]3CCC4=CC(=O)CC[C@]4(C)[C@H]3CC[C@]12C		
CHEBI:83861	(25R)-26-hydroxycholest-4-en-3-one		C27H44O2	400.63710	C[C@@H](CO)CCC[C@@H](C)[C@H]1CC[C@H]2[C@@H]3CCC4=CC(=O)CC[C@]4(C)[C@H]3CC[C@]12C		
CHEBI:83862	(25R)-3-ketocholest-4-en-26-al		C27H42O2	398.62120	C[C@H](CCC[C@@H](C)[C@H]1CC[C@H]2[C@@H]3CCC4=CC(=O)CC[C@]4(C)[C@H]3CC[C@]12C)C=O		
CHEBI:83863	(25S)-3-ketocholest-4-en-26-al		C27H42O2	398.62120	C[C@@H](CCC[C@@H](C)[C@H]1CC[C@H]2[C@@H]3CCC4=CC(=O)CC[C@]4(C)[C@H]3CC[C@]12C)C=O		
CHEBI:83865	androst-5-ene-3,17-dione		C19H26O2	286.40850	C[C@]12CC[C@H]3[C@@H](CC=C4CC(=O)CC[C@]34C)[C@@H]1CCC2=O		
CHEBI:83977	(5beta)-bufadienolide		C24H34O2	354.52560	C[C@]12CC[C@H]3[C@@H](CC[C@@H]4CCCC[C@]34C)[C@H]1CC[C@@H]2c1ccc(=O)oc1		
CHEBI:85278	17beta-hydroxyandrostan-3-one		C19H30O2	290.44030	C[C@]12CC[C@H]3[C@@H](CCC4CC(=O)CC[C@]34C)[C@@H]1CC[C@@H]2O		
CHEBI:85549	9alpha-hydroxyandrost-4-en-3,17-dione		C19H26O3	302.40790	C[C@]12CC[C@@]3(O)[C@@H](CCC4=CC(=O)CC[C@]34C)[C@@H]1CCC2=O		
CHEBI:85575	3,17-dihydroxy-9,10-secoandrosta-1,3,5(10)-triene-9-one		C19H26O3	302.40790	Cc1ccc(O)cc1CCC1[C@@H]2CCC(O)[C@@]2(C)CCC1=O		
CHEBI:85576	3,4,17-trihydroxy-9,10-secoandrosta-1,3,5(10)-triene-9-one		C19H26O4	318.40730	Cc1ccc(O)c(O)c1CCC1[C@@H]2CCC(O)[C@@]2(C)CCC1=O		
CHEBI:85778	4beta-hydroxycholesterol		C27H46O2	402.65290	CC(C)CCC[C@@H](C)[C@H]1CC[C@H]2[C@@H]3CC=C4[C@@H](O)[C@@H](O)CC[C@]4(C)[C@H]3CC[C@]12C		
CHEBI:85779	4beta,7alpha-dihydroxycholesterol		C27H46O3	418.65230	CC(C)CCC[C@@H](C)[C@H]1CC[C@H]2[C@@H]3[C@H](O)C=C4[C@@H](O)[C@@H](O)CC[C@]4(C)[C@H]3CC[C@]12C		
CHEBI:85807	5alpha-androstane-3beta,7alpha,17beta-triol		C19H32O3	308.45560	C[C@]12CC[C@H]3[C@H]([C@@H]1CC[C@@H]2O)[C@H](O)C[C@H]1C[C@@H](O)CC[C@]31C		
CHEBI:85809	5alpha-androstane-3beta,6alpha,17beta-triol		C19H32O3	308.45560	C[C@]12CC[C@H]3[C@@H](C[C@H](O)[C@H]4C[C@@H](O)CC[C@]34C)[C@@H]1CC[C@@H]2O		
CHEBI:85810	androst-5-ene-3beta,7alpha,17beta-triol		C19H30O3	306.43970	C[C@]12CC[C@H]3[C@H]([C@@H]1CC[C@@H]2O)[C@H](O)C=C1C[C@@H](O)CC[C@]31C		
CHEBI:85816	(3beta,5alpha,7alpha)-3,7-dihydroxyandrostan-17-one		C19H30O3	306.43970	C[C@]12CC[C@H]3[C@H]([C@@H]1CCC2=O)[C@H](O)C[C@H]1C[C@@H](O)CC[C@]31C		
CHEBI:85899	4-pregnen-3beta-ol-20-one		C21H32O2	316.47760	CC(=O)[C@H]1CC[C@H]2[C@@H]3CCC4=C[C@@H](O)CC[C@]4(C)[C@H]3CC[C@]12C		
CHEBI:85903	4-pregnen-3beta,20alpha-diol		C21H34O2	318.49350	C[C@H](O)[C@H]1CC[C@H]2[C@@H]3CCC4=C[C@@H](O)CC[C@]4(C)[C@H]3CC[C@]12C		
CHEBI:85910	9alpha-hydroxy-3-oxo-23,24-bisnorchol-4-en-22-oic acid		C22H32O4	360.48710	C[C@@H]([C@H]1CC[C@H]2[C@@H]3CCC4=CC(=O)CC[C@]4(C)[C@@]3(O)CC[C@]12C)C(O)=O		
CHEBI:85911	3-oxo-23,24-bisnorchola-1,4-dien-22-oic acid		C22H30O3	342.47180	C[C@@H]([C@H]1CC[C@H]2[C@@H]3CCC4=CC(=O)C=C[C@]4(C)[C@H]3CC[C@]12C)C(O)=O		
CHEBI:86074	(24S,25)-dihydroxycholesterol		C27H46O3	418.65230	C[C@H](CC[C@H](O)C(C)(C)O)[C@H]1CC[C@H]2[C@@H]3CC=C4C[C@@H](O)CC[C@]4(C)[C@H]3CC[C@]12C		
CHEBI:86075	(24S,26)-dihydroxycholesterol		C27H46O3	418.65230	CC(CO)[C@@H](O)CC[C@@H](C)[C@H]1CC[C@H]2[C@@H]3CC=C4C[C@@H](O)CC[C@]4(C)[C@H]3CC[C@]12C		
CHEBI:86087	4beta,24S-dihydroxycholesterol		C27H46O3	418.65230	CC(C)[C@@H](O)CC[C@@H](C)[C@H]1CC[C@H]2[C@@H]3CC=C4[C@@H](O)[C@@H](O)CC[C@]4(C)[C@H]3CC[C@]12C		
CHEBI:86113	(25R)-4beta,26-dihydroxycholesterol		C27H46O3	418.65230	C[C@@H](CO)CCC[C@@H](C)[C@H]1CC[C@H]2[C@@H]3CC=C4[C@@H](O)[C@@H](O)CC[C@]4(C)[C@H]3CC[C@]12C		
CHEBI:86131	5alpha-cholesta-8,14-dien-3beta-ol		C27H44O	384.63770	CC(C)CCC[C@@H](C)[C@H]1CC=C2C3=C(CC[C@]12C)[C@@]1(C)CC[C@H](O)C[C@@H]1CC3		
CHEBI:86145	(7alpha,22R)-dihydroxycholesterol		C27H46O3	418.65230	CC(C)CC[C@@H](O)[C@@H](C)[C@H]1CC[C@H]2[C@@H]3[C@H](O)C=C4C[C@@H](O)CC[C@]4(C)[C@H]3CC[C@]12C		
CHEBI:86165	(24S,25S)-cholest-5-en-3beta,24,26-triol		C27H46O3	418.65230	C[C@@H](CO)[C@@H](O)CC[C@@H](C)[C@H]1CC[C@H]2[C@@H]3CC=C4C[C@@H](O)CC[C@]4(C)[C@H]3CC[C@]12C		
CHEBI:86377	5beta-dihydroepitestosterone		C19H30O2	290.44030	C[C@]12CC[C@H]3[C@@H](CC[C@@H]4CC(=O)CC[C@]34C)[C@@H]1CC[C@H]2O		
CHEBI:86384	5beta-dihydrodeoxycorticosterone		C21H32O3	332.47700	C[C@]12CC[C@H]3[C@@H](CC[C@@H]4CC(=O)CC[C@]34C)[C@@H]1CC[C@@H]2C(=O)CO		
CHEBI:86509	barogenin		C27H44O4	432.63590	C[C@H](CO)CCC(=O)[C@@H](C)[C@H]1C(=O)C[C@H]2[C@@H]3CCC4C[C@@H](O)CC[C@]4(C)[C@H]3CC[C@]12C		
CHEBI:87044	4,4-dimethyl-5alpha-cholest-8-en-3beta-ol	CHEBI:80173	C29H50O	414.70670	CC(C)CCC[C@@H](C)[C@H]1CC[C@H]2C3=C(CC[C@]12C)[C@@]1(C)CC[C@H](O)C(C)(C)[C@@H]1CC3		
CHEBI:87045	4alpha-hydroxymethyl-4beta-methyl-5alpha-8-cholesten-3beta-ol		C29H50O2	430.70610	CC(C)CCC[C@@H](C)[C@H]1CC[C@H]2C3=C(CC[C@]12C)[C@@]1(C)CC[C@H](O)[C@@](C)(CO)[C@@H]1CC3		
CHEBI:87046	4alpha-formyl-4beta-methyl-5alpha-8-cholesten-3beta-ol		C29H48O2	428.69020	CC(C)CCC[C@@H](C)[C@H]1CC[C@H]2C3=C(CC[C@]12C)[C@@]1(C)CC[C@H](O)[C@@](C)(C=O)[C@@H]1CC3		
CHEBI:87051	4alpha-methyl-5alpha-cholest-8-en-3beta-ol		C28H48O	400.68010	CC(C)CCC[C@@H](C)[C@H]1CC[C@H]2C3=C(CC[C@]12C)[C@@]1(C)CC[C@H](O)[C@@H](C)[C@@H]1CC3		
CHEBI:87053	4alpha-hydroxymethyl-5alpha-cholest-8-en-3beta-ol		C28H48O2	416.67950	CC(C)CCC[C@@H](C)[C@H]1CC[C@H]2C3=C(CC[C@]12C)[C@@]1(C)CC[C@H](O)[C@@H](CO)[C@@H]1CC3		
CHEBI:87054	4alpha-formyl-5alpha-cholest-8-en-3beta-ol		C28H46O2	414.66360	CC(C)CCC[C@@H](C)[C@H]1CC[C@H]2C3=C(CC[C@]12C)[C@@]1(C)CC[C@H](O)[C@@H](C=O)[C@@H]1CC3		
CHEBI:87057	lanost-8-ene-3beta,30-diol		C30H52O2	444.73270	CC(C)CCC[C@@H](C)[C@H]1CC[C@@]2(CO)C3=C(CC[C@]12C)[C@@]1(C)CC[C@H](O)C(C)(C)[C@@H]1CC3		
CHEBI:87262	estra-1(10),4-diene-2,3,17-trione		C18H20O3	284.34960	C[C@]12CC[C@H]3[C@@H](CCC4=CC(=O)C(=O)C=C34)[C@@H]1CCC2=O		
CHEBI:87263	estra-1,5(10)-diene-3,4,17-trione		C18H20O3	284.34960	C[C@]12CC[C@H]3[C@@H](CCC4=C3C=CC(=O)C4=O)[C@@H]1CCC2=O		
CHEBI:87277	3beta-hydroxy-4beta-methyl-5alpha-cholest-8-ene-4alpha-carboxylic acid		C29H48O3	444.68960	CC(C)CCC[C@@H](C)[C@H]1CC[C@H]2C3=C(CC[C@]12C)[C@@]1(C)CC[C@H](O)[C@](C)([C@@H]1CC3)C(O)=O		
CHEBI:87279	(22E,24S)-24-methylcholesta-5,7,14,22-tetraen-3beta-ol		C28H42O	394.63250	CC(C)[C@@H](C)\C=C\[C@@H](C)[C@H]1CC=C2C3=CC=C4C[C@@H](O)CC[C@]4(C)[C@H]3CC[C@]12C		
CHEBI:87287	4beta-methylzymosterol-4-carbaldehyde		C29H46O2	426.67430	C[C@H](CCC=C(C)C)[C@H]1CC[C@H]2C3=C(CC[C@]12C)[C@@]1(C)CC[C@H](O)[C@@](C)(C=O)[C@@H]1CC3		
CHEBI:87289	4alpha-hydroxymethyl-4beta-methylzymosterol		C29H48O2	428.69020	C[C@H](CCC=C(C)C)[C@H]1CC[C@H]2C3=C(CC[C@]12C)[C@@]1(C)CC[C@H](O)[C@@](C)(CO)[C@@H]1CC3		
CHEBI:87293	3beta-hydroxy-5alpha-cholest-8-ene-4alpha-carboxylic acid		C28H46O3	430.66300	CC(C)CCC[C@@H](C)[C@H]1CC[C@H]2C3=C(CC[C@]12C)[C@@]1(C)CC[C@H](O)[C@H]([C@@H]1CC3)C(O)=O		
CHEBI:87331	17beta-hydroxy-5beta-androst-1-en-3-one		C19H28O2	288.42440	C[C@]12CC[C@H]3[C@@H](CC[C@@H]4CC(=O)C=C[C@]34C)[C@@H]1CC[C@@H]2O		
CHEBI:87333	17beta-hydroxy-5beta-estran-3-one		C18H28O2	276.41370	C[C@]12CC[C@H]3[C@@H](CC[C@@H]4CC(=O)CC[C@H]34)[C@@H]1CC[C@@H]2O		
CHEBI:87395	1alpha,2beta,25-trihydroxy vitamin D3		C27H44O4	432.63590	C[C@H](CCCC(C)(C)O)[C@H]1CC[C@H]2\C(CCC[C@]12C)=C\C=C1\C[C@@H](O)[C@@H](O)[C@H](O)C1=C		
CHEBI:87476	(25R)-7alpha,26-dihydroxycholest-4-en-3-one		C27H44O3	416.637	[C@]12([C@]([C@]3([C@](CC1)([C@@]4(C(=CC(CC4)=O)C[C@H]3O)C)[H])[H])(CC[C@@]2([C@@H](CCC[C@@H](C)CO)C)[H])[H])C		
CHEBI:87538	16alpha-hydroxydehydroepiandrosterone 3-sulfate(1-)		C19H27O6S	383.481	C1[C@@]2([C@@]([C@@]3(C(C[C@@H](OS([O-])(=O)=O)CC3)=C1)C)(CC[C@]4([C@]2(C[C@H](C4=O)O)[H])C)[H])[H]		
CHEBI:87571	6beta-hydroxyandrost-4-ene-3,17-dione		C19H26O3	302.40790	C[C@]12CC[C@H]3[C@@H](C[C@@H](O)C4=CC(=O)CC[C@]34C)[C@@H]1CCC2=O		
CHEBI:87593	15alpha-hydroxyestradiol		C18H24O3	288.382	C1=C2C(CC[C@]3([C@@]4([C@H](C[C@@H]([C@]4(CC[C@@]32[H])C)O)O)[H])[H])=CC(=C1)O		
CHEBI:87598	7alpha-hydroxyestradiol		C18H24O3	288.382	C1=C2C(C[C@H]([C@]3([C@@]4(CC[C@@H]([C@]4(CC[C@@]32[H])C)O)[H])[H])O)=CC(=C1)O		
CHEBI:87605	6alpha-hydroxyestrone		C18H22O3	286.36550	C[C@]12CC[C@H]3[C@@H](C[C@H](O)c4cc(O)ccc34)[C@@H]1CCC2=O		
CHEBI:87620	16beta-hydroxyestradiol		C18H24O3	288.382	C1=C2C(CC[C@]3([C@@]4(C[C@@H]([C@@H]([C@]4(CC[C@@]32[H])C)O)O)[H])[H])=CC(=C1)O		
CHEBI:87626	6beta-hydroxyestrone		C18H22O3	286.366	C1[C@]2([C@]3([C@@](C4=C(C=C(O)C=C4)[C@@H](C3)O)(CC[C@@]2(C(=O)C1)C)[H])[H])[H]		
CHEBI:87841	4-pregnen-20,21-diol-3-one		C21H32O3	332.478	C1[C@@]2([C@@]([C@@]3(C(C1)=CC(CC3)=O)C)(CC[C@@]4([C@@](CC[C@@]24[H])([H])C(CO)O)C)[H])[H]		
CHEBI:88730	5alpha-androstane-3beta,17beta-diol 3-O-(beta-D-glucuronide)		C25H40O8	468.587	[H][C@@]12CC[C@H](O)[C@@]1(C)CC[C@@]1([H])[C@@]2([H])CC[C@@]2([H])C[C@@H](CC[C@]12C)O[C@@H]1O[C@@H]([C@@H](O)[C@H](O)[C@H]1O)C(O)=O		
CHEBI:89268	2-hydroxyestradiol 3-methyl ether		C19H26O3	302.409	C1=C2C(CC[C@]3([C@@]4(CC[C@@H]([C@]4(CC[C@@]32[H])C)O)[H])[H])=CC(=C1O)OC		
CHEBI:89417	5alpha-dihydrotestosterone 17-O-(beta-D-glucuronide)		C25H38O8	466.565	C1[C@@]2([C@]3(CC[C@]4([C@]([C@@]3(CC[C@]2(CC(C1)=O)[H])[H])(CC[C@@H]4O[C@H]5[C@@H]([C@H]([C@@H]([C@H](O5)C(=O)O)O)O)O)[H])C)[H])C		
CHEBI:89524	epietiocholanolone		C19H30O2	290.441	[C@@H]1(CC[C@@]2([C@]3(CC[C@@]4(C(CC[C@]4([C@@]3(CC[C@@]2(C1)[H])[H])[H])=O)C)[H])C)O		
CHEBI:90690	U-73122		C29H40N2O3	464.641	C1=C2C(CC[C@]3([C@@]4(CC[C@@]([C@]4(CC[C@@]32[H])C)(NCCCCCCN5C(C=CC5=O)=O)[H])[H])[H])=CC(=C1)OC		
CHEBI:90931	NCS172285		C24H34F6O3	484.516	[C@@H](CC(O)(C(F)(F)F)C(F)(F)F)(O)[C@@]1([C@]2(CC[C@@]3([C@]4(CC[C@@H](CC4=CC[C@]3([C@@]2(CC1)[H])[H])O)C)[H])C)[H]		
CHEBI:90970	1alpha,23(S),25-trihydroxyvitamin D3		C27H44O4	432.637	C1[C@]2([C@](/C(=C/C=C/3\C([C@H](C[C@@H](C3)O)O)=C)/CC1)(CC[C@@]2([C@H](C)C[C@@H](CC(C)(C)O)O)[H])[H])C		
CHEBI:90983	(20S)-hydroxyvitamin D3		C27H44O2	400.638	C1[C@]2([C@](/C(=C/C=C/3\C(CC[C@@H](C3)O)=C)/CC1)(CC[C@@]2([C@](C)(CCCC(C)C)O)[H])[H])C		
CHEBI:90984	20(S),25-dihydroxyvitamin D3		C27H44O3	416.637	C1[C@]2([C@](/C(=C/C=C/3\C(CC[C@@H](C3)O)=C)/CC1)(CC[C@@]2([C@](C)(CCCC(C)(C)O)O)[H])[H])C		
CHEBI:90985	(20S,24R)-dihydroxyvitamin D3		C27H44O3	416.637	C1[C@]2([C@](/C(=C/C=C/3\C(CC[C@@H](C3)O)=C)/CC1)(CC[C@@]2([C@](C)(CC[C@H](C(C)C)O)O)[H])[H])C		
CHEBI:90986	(20S,24S)-dihydroxyvitamin D3		C27H44O3	416.637	C1[C@]2([C@](/C(=C/C=C/3\C(CC[C@@H](C3)O)=C)/CC1)(CC[C@@]2([C@](C)(CC[C@@H](C(C)C)O)O)[H])[H])C		
CHEBI:91006	2alpha-(3-hydroxypropyl)-1alpha,25-dihydroxy-19-norvitamin D3		C29H50O4	462.706	C1[C@]2([C@](/C(=C/C=C/3\C[C@H]([C@@H]([C@@H](C3)O)CCCO)O)/CC1)(CC[C@@]2([C@H](C)CCCC(C)(C)O)[H])[H])C		
CHEBI:91306	(20S,23)-dihydroxyvitamin D3		C27H44O3	416.637	C1[C@]2([C@](/C(=C/C=C/3\C(CC[C@@H](C3)O)=C)/CC1)(CC[C@@]2([C@](C)(CC(CC(C)C)O)O)[H])[H])C		
CHEBI:91307	(20S,23,24)-trihydroxyvitamin D3		C27H44O4	432.637	C1[C@]2([C@](/C(=C/C=C/3\C(CC[C@@H](C3)O)=C)/CC1)(CC[C@@]2([C@](C)(CC(C(C(C)C)O)O)O)[H])[H])C		
CHEBI:91308	(20S,23,25)-trihydroxyvitamin D3		C27H44O4	432.637	C1[C@]2([C@](/C(=C/C=C/3\C(CC[C@@H](C3)O)=C)/CC1)(CC[C@@]2([C@](C)(CC(CC(C)(C)O)O)O)[H])[H])C		
CHEBI:131190	androsta-1,4,6-triene-3,17-dione		C19H22O2	282.377	C=1[C@@]2([C@]3(CC[C@]4([C@]([C@@]3(C=CC2=CC(C1)=O)[H])(CCC4=O)[H])C)[H])C		
CHEBI:131494	5,6-dehydrotomatine		C50H81NO21	1032.174	O([C@H]1[C@@H]([C@H]([C@H]([C@H](O1)CO)O[C@H]2[C@@H]([C@H]([C@@H]([C@H](O2)CO)O)O[C@H]3[C@@H]([C@H]([C@@H](CO3)O)O)O)O[C@H]4[C@@H]([C@H]([C@@H]([C@H](O4)CO)O)O)O)O)O)[C@@H]5CC6=CC[C@@]7([C@](CC[C@]8([C@]7(C[C@]9([C@@]8([C@@H]([C@@]%10(NC[C@H](CC%10)C)O9)C)[H])[H])[H])C)([C@]6(CC5)C)[H])[H]		
CHEBI:131594	3alpha,7alpha-dihydroxy-5beta-cholane-24-sulfonic acid		C24H42O5S	442.654	C1[C@@]2([C@]3(CC[C@]4([C@]([C@@]3([C@@H](C[C@@]2(C[C@@H](C1)O)[H])O)[H])(CC[C@@]4([C@@H](CCCS(O)(=O)=O)C)[H])[H])C)[H])C		
CHEBI:132358	1alpha-hydroxytestosterone		C19H28O3	304.425	C1C2=CC(C[C@@H]([C@@]2([C@]3(CC[C@]4([C@]([C@@]3(C1)[H])(CC[C@@H]4O)[H])C)[H])C)O)=O		
CHEBI:132620	6alpha-hydroxycholestanol		C27H48O2	404.670	[C@]12([C@]([C@]3([C@](CC1)([C@@]4([C@](C[C@H](CC4)O)([C@H](C3)O)[H])C)[H])[H])(CC[C@@]2([C@@](CCCC(C)C)(C)[H])[H])[H])C		
CHEBI:132823	clionasterol		C29H50O	414.708	C1[C@@]2([C@]3(CC[C@]4([C@]([C@@]3(CC=C2C[C@H](C1)O)[H])(CC[C@@]4([C@H](C)CC[C@@H](C(C)C)CC)[H])[H])C)[H])C		
CHEBI:133000	pregnenolone sulfate(1-)		C21H31O5S	395.535	C1[C@@]2([C@]3(CC[C@]4(C)[C@@H](C(C)=O)CC[C@]4([C@@]3(CC=C2C[C@H](C1)OS([O-])(=O)=O)[H])[H])[H])C		
CHEBI:133101	5alpha-androstane-3alpha,17beta-diol disulfate		C19H32O8S2	452.585	C1[C@@]2([C@@]([C@@]3([C@](C[C@H](OS(O)(=O)=O)CC3)(C1)[H])C)(CC[C@@]4([C@H](CC[C@@]24[H])OS(O)(=O)=O)C)[H])[H]		
CHEBI:133112	5alpha-androstane-3beta,17alpha-diol disulfate		C19H32O8S2	452.585	C1[C@@]2([C@@]([C@@]3([C@](C[C@@H](OS(O)(=O)=O)CC3)(C1)[H])C)(CC[C@@]4([C@@H](CC[C@@]24[H])OS(O)(=O)=O)C)[H])[H]		
CHEBI:133115	5alpha-androstane-3beta,17beta-diol disulfate		C19H32O8S2	452.585	C1[C@@]2([C@@]([C@@]3([C@](C[C@@H](OS(O)(=O)=O)CC3)(C1)[H])C)(CC[C@@]4([C@H](CC[C@@]24[H])OS(O)(=O)=O)C)[H])[H]		
CHEBI:133119	5alpha-pregnane-3beta,20alpha-diol disulfate		C21H36O8S2	480.639	C1[C@@]2([C@]3(CC[C@]4([C@]([C@@]3(CC[C@]2(C[C@H](C1)OS(O)(=O)=O)[H])[H])(CC[C@]4([H])[C@@H](OS(O)(=O)=O)C)[H])C)[H])C		
CHEBI:133124	4-androstene-3beta,17beta-diol disulfate		C19H30O8S2	450.570	C1[C@@]2([C@@]([C@@]3(C(=C[C@@H](OS(O)(=O)=O)CC3)C1)C)(CC[C@@]4([C@H](CC[C@@]24[H])OS(O)(=O)=O)C)[H])[H]		
CHEBI:133461	26-hydroxybrassinolide		C28H48O7	496.678	C1[C@]2([C@]3([H])COC([C@@]4([C@@]([C@]3(CC[C@@]2([C@](C1)([C@@H]([C@H]([C@@H]([C@H](C(C)CO)C)O)O)C)[H])C)[H])(C[C@H]([C@H](C4)O)O)C)[H])=O)[H]		
CHEBI:133464	5alpha-pregnane-3,20beta-diol disulfate		C21H36O8S2	480.639	C1[C@@]2([C@]3(CC[C@]4([C@]([C@@]3(CC[C@]2(CC(C1)OS(O)(=O)=O)[H])[H])(CC[C@]4([H])[C@H](OS(O)(=O)=O)C)[H])C)[H])C		
CHEBI:133504	etiocholanolone 3-glucuronide		C25H38O8	466.565	C1[C@]2([C@]([C@]3([C@@](C(CC3)=O)(C1)C)[H])(CC[C@]4([C@@]2(CC[C@@H](C4)O[C@H]5[C@@H]([C@H]([C@@H]([C@H](O5)C(O)=O)O)O)O)C)[H])[H])[H]		
CHEBI:133517	5alpha-androstane-3alpha,17beta-diol 17-glucosiduronic acid		C25H40O8	468.581	O1[C@@H]([C@H]([C@@H]([C@H]([C@@H]1O[C@@H]2[C@@]3([C@]([C@]4([C@](CC3)([C@@]5([C@](C[C@@H](CC5)O)(CC4)[H])C)[H])[H])(CC2)[H])C)O)O)O)C(O)=O		
CHEBI:133695	21-hydroxypregnenolone disulfate		C21H32O9S2	492.606	C1[C@@]2([C@]3(CC[C@]4(C)[C@](CC[C@]4([C@@]3(CC=C2C[C@H](C1)OS(O)(=O)=O)[H])[H])(C(COS(O)(=O)=O)=O)[H])[H])C		
CHEBI:133778	1alpha-hydroxyandrost-4-ene-3,17-dione		C19H26O3	302.409	[C@@H]1(CC(C=C2[C@]1([C@@]3([C@@](CC2)([C@]4([C@](CC3)(C(CC4)=O)C)[H])[H])[H])C)=O)O		
CHEBI:133930	5alpha-androst-1-ene-3,17-dione		C19H26O2	286.409	C1C[C@@]2([C@@]([C@@]3([C@@]1(CC(C=C3)=O)[H])C)(CC[C@@]4(C(=O)CC[C@@]24[H])C)[H])[H]		
CHEBI:134508	asparagoside F		C50H82O22	1035.175	[C@@H]1([C@@H]([C@H](O[C@H]([C@@H]1O)O[C@@H]2C[C@@]3([C@](CC2)([C@]4(CC[C@]5([C@]([C@@]4(CC3)[H])(C[C@]6([C@@]5([C@@H]([C@]7(O6)CC[C@@H](CO7)C)C)[H])[H])[H])C)[H])C)[H])CO)O[C@@H]8O[C@@H]([C@H]([C@@H]([C@H]8O)O)O[C@H]9[C@@H]([C@H]([C@@H](CO9)O)O)O)CO)O[C@@H]%10O[C@@H]([C@H]([C@@H]([C@H]%10O)O)O)CO		
CHEBI:136486	3-dehydro-4alpha-methylzymosterol		C28H44O	396.649	C1[C@@]2(C=3CC[C@]4([C@](C3CC[C@]2([C@@H](C(C1)=O)C)[H])(CC[C@@]4([C@@H](CCC=C(C)C)C)[H])[H])C)C		
CHEBI:136566	(24S)-hydroxycholesterol 24-sulfate(1-)		C27H45O5S	481.710	[C@@]12([C@]3([C@](CC[C@@]1([C@@]4(C(C[C@H](CC4)O)=CC2)C)[H])([C@](CC3)([C@H](C)CC[C@@H](C(C)C)OS([O-])(=O)=O)[H])C)[H])[H]		
CHEBI:136567	(24S)-hydroxycholesterol 3-sulfate(1-)		C27H45O5S	481.710	[C@@]12([C@]3([C@](CC[C@@]1([C@@]4(C(C[C@H](CC4)OS([O-])(=O)=O)=CC2)C)[H])([C@](CC3)([C@H](C)CC[C@@H](C(C)C)O)[H])C)[H])[H]		
CHEBI:136568	(24S)-hydroxycholesterol 3,24-disulfate(2-)		C27H44O8S2	560.767	[C@@]12([C@]3([C@](CC[C@@]1([C@@]4(C(C[C@H](CC4)OS([O-])(=O)=O)=CC2)C)[H])([C@](CC3)([C@H](C)CC[C@@H](C(C)C)OS([O-])(=O)=O)[H])C)[H])[H]		
CHEBI:136579	cholesterol sulfate(1-)		C27H45O4S	465.711	O(S([O-])(=O)=O)[C@@H]1CC=2[C@]([C@]3(CC[C@]4([C@]([C@@]3(CC2)[H])(CC[C@@]4([C@H](C)CCCC(C)C)[H])[H])C)[H])(C)CC1		
CHEBI:136582	17beta-estradiol 3-sulfate(1-)		C18H23O5S	351.439	C1=C2C(CC[C@]3([C@@]4(CC[C@@H]([C@]4(CC[C@@]32[H])C)O)[H])[H])=CC(=C1)OS([O-])(=O)=O		
CHEBI:136585	2-hydroxy-17beta-estradiol 3-sulfate		C18H24O6S	368.446	C1[C@]2([C@]3([C@@](C4=C(C=C(OS(O)(=O)=O)C(=C4)O)CC3)(CC[C@@]2([C@@H](O)C1)C)[H])[H])[H]		
CHEBI:136600	17alpha-ethynylestradiol 3-sulfate		C20H24O5S	376.468	C1=C(OS(O)(=O)=O)C=CC2=C1CC[C@]3([C@@]4(CC[C@]([C@]4(CC[C@@]32[H])C)(C#C)O)[H])[H]		
CHEBI:136634	estrone 3-O-(beta-D-glucuronide)(1-)		C24H29O8	445.483	C1[C@]2([C@]3([C@@](C4=C(C=C(O[C@H]5[C@@H]([C@H]([C@@H]([C@H](O5)C(=O)[O-])O)O)O)C=C4)CC3)(CC[C@@]2(C(=O)C1)C)[H])[H])[H]		
CHEBI:136635	16alpha-hydroxyestrone 3-O-(beta-D-glucuronide)(1-)		C24H29O9	461.483	C1[C@]2([C@]3([C@@](C4=C(CC3)C=C(C=C4)O[C@@H]5O[C@@H]([C@H]([C@@H]([C@H]5O)O)O)C([O-])=O)(CC[C@@]2(C(=O)[C@@H]1O)C)[H])[H])[H]		
CHEBI:136636	16alpha-hydroxyestrone 16-O-(beta-D-glucuronide)(1-)		C24H29O9	461.483	C1[C@]2([C@]3([C@@](C4=C(C=C(O)C=C4)CC3)(CC[C@@]2(C(=O)[C@@H]1O[C@@H]5O[C@@H]([C@H]([C@@H]([C@H]5O)O)O)C([O-])=O)C)[H])[H])[H]		
CHEBI:136639	testosterone 17-O-(beta-D-glucuronide)(1-)		C25H35O8	463.542	[C@@]12([C@@]([C@@]3(C(CC1)=CC(CC3)=O)C)(CC[C@]4(C)[C@H](CC[C@@]24[H])O[C@@H]5O[C@@H]([C@H]([C@@H]([C@H]5O)O)O)C([O-])=O)[H])[H]		
CHEBI:136641	17beta-estradiol 3-O-(beta-D-glucuronide)(1-)		C24H31O8	447.499	O([C@H]1[C@@H]([C@H]([C@@H]([C@H](O1)C([O-])=O)O)O)O)C2=CC3=C([C@@]4([C@]([C@]5([C@@]([C@@H](O)CC5)(CC4)C)[H])(CC3)[H])[H])C=C2		
CHEBI:136650	estriol 16-O-(beta-D-glucuronide)(1-)		C24H31O9	463.498	C1[C@]2([C@]3([C@@](C4=C(C=C(O)C=C4)CC3)(CC[C@@]2([C@@H](O)[C@@H]1O[C@@H]5O[C@@H]([C@H]([C@@H]([C@H]5O)O)O)C([O-])=O)C)[H])[H])[H]		
CHEBI:136673	epitestosterone 17-O-(beta-D-glucuronide)(1-)		C25H35O8	463.542	[C@@]12([C@@]([C@@]3(C(CC1)=CC(CC3)=O)C)(CC[C@]4(C)[C@@H](CC[C@@]24[H])O[C@@H]5O[C@@H]([C@H]([C@@H]([C@H]5O)O)O)C([O-])=O)[H])[H]		
CHEBI:136724	1beta-hydroxydeoxycholic acid		C24H40O5	408.572	[C@@H]1([C@@]2([C@]3(C[C@@H]([C@]4([C@]([C@@]3(CC[C@@]2(C[C@@H](C1)O)[H])[H])(CC[C@]4([H])[C@@H](CCC(O)=O)C)[H])C)O)[H])C)O		
CHEBI:136770	26,27-dehydrozymosterol		C27H42O	382.623	C1[C@@]2(C=3CC[C@]4([C@](C3CC[C@]2(C[C@H](C1)O)[H])(CC[C@@]4([C@@H](CCC=C5CC5)C)[H])[H])C)C		
CHEBI:136914	5alpha-dihydrotestosterone 17-O-(beta-D-glucuronide)(1-)		C25H37O8	465.557	C1[C@@]2([C@]3(CC[C@]4([C@]([C@@]3(CC[C@]2(CC(C1)=O)[H])[H])(CC[C@@H]4O[C@H]5[C@@H]([C@H]([C@@H]([C@H](O5)C(=O)[O-])O)O)O)[H])C)[H])C		
CHEBI:136916	5alpha-dihydrotestosterone 17-O-[beta-D-glucuronosyl-(1->2)-glucuronide](2-)		C31H44O14	640.674	C1[C@@]2([C@]3(CC[C@]4([C@]([C@@]3(CC[C@]2(CC(C1)=O)[H])[H])(CC[C@@H]4O[C@H]5[C@@H]([C@H]([C@@H]([C@H](O5)C(=O)[O-])O)O)O[C@H]6[C@@H]([C@H]([C@@H]([C@H](O6)C([O-])=O)O)O)O)[H])C)[H])C		
CHEBI:136972	4-methoxyestrone		C19H24O3	300.393	C1[C@]2([C@]3([C@@](C4=C(C(=C(O)C=C4)OC)CC3)(CC[C@@]2(C(=O)C1)C)[H])[H])[H]		
CHEBI:136975	4-methoxy-17beta-estradiol		C19H26O3	302.409	C=1C=2[C@]3(CC[C@]4([C@]([C@@]3(CCC2C(=C(C1)O)OC)[H])(CC[C@@H]4O)[H])C)[H]		
CHEBI:136980	2-hydroxy-3-O-methyl estrone		C19H24O3	300.393	C1[C@]2([C@]3([C@@](C4=C(C=C(OC)C(=C4)O)CC3)(CC[C@@]2(C(=O)C1)C)[H])[H])[H]		
CHEBI:137031	19-hydroxy-5alpha-dihydrotestosterone		C19H30O3	306.440	C1[C@@]2([C@]3(CC[C@]4([C@]([C@@]3(CC[C@]2(CC(C1)=O)[H])[H])(CC[C@@H]4O)[H])C)[H])CO		
CHEBI:137032	19-oxo-5alpha-dihydrotestosterone		C19H28O3	304.425	C1[C@@]2([C@]3(CC[C@]4([C@]([C@@]3(CC[C@]2(CC(C1)=O)[H])[H])(CC[C@@H]4O)[H])C)[H])C=O		
CHEBI:137037	18-hydroxy-5alpha-dihydrotestosterone		C19H30O3	306.440	C1[C@@]2([C@]3(CC[C@]4([C@]([C@@]3(CC[C@]2(CC(C1)=O)[H])[H])(CC[C@@H]4O)[H])CO)[H])C		
CHEBI:137053	(24Z),26-hydroxydesmosterol		C27H44O2	400.638	C1[C@@]2([C@]3(CC[C@]4([C@]([C@@]3(CC=C2C[C@H](C1)O)[H])(CC[C@@]4([C@H](C)CC/C=C(\CO)/C)[H])[H])C)[H])C		
CHEBI:137057	cholesta-5,7-dien-3beta,25-diol		C27H44O2	400.638	C1[C@@]2([C@]3(CC[C@]4([C@](C3=CC=C2C[C@H](C1)O)(CC[C@@]4([C@@H](CCCC(C)(C)O)C)[H])[H])C)[H])C		
CHEBI:137061	cholesta-5,7-dien-3beta,24S-diol		C27H44O2	400.638	C1[C@@]2([C@]3(CC[C@]4([C@](C3=CC=C2C[C@H](C1)O)(CC[C@@]4([C@@H](CC[C@@H](C(C)C)O)C)[H])[H])C)[H])C		
CHEBI:137062	7-oxo-5alpha-cholestan-3beta-ol		C27H46O2	402.654	C1[C@@]2([C@]3(CC[C@]4([C@]([C@@]3(C(C[C@]2(C[C@H](C1)O)[H])=O)[H])(CC[C@@]4([C@@H](CCCC(C)C)C)[H])[H])C)[H])C		
CHEBI:137063	cholestanol 7alpha,8alpha-epoxide		C27H46O2	402.654	C1[C@@]2([C@]3(CC[C@]4([C@]([C@@]35[C@@H](C[C@]2(C[C@H](C1)O)[H])O5)(CC[C@@]4([C@@H](CCCC(C)C)C)[H])[H])C)[H])C		
CHEBI:137076	1beta-hydroxytestosterone		C19H28O3	304.425	C1C2=CC(C[C@H]([C@@]2([C@]3(CC[C@]4([C@]([C@@]3(C1)[H])(CC[C@@H]4O)[H])C)[H])C)O)=O		
CHEBI:137110	17beta-hydroxy-5alpha-estr-1(10)-en-3-one		C18H26O2	274.399	C1=C2[C@]3(CC[C@]4([C@]([C@@]3(CC[C@]2(CC(C1)=O)[H])[H])(CC[C@@H]4O)[H])C)[H]		
CHEBI:137388	(24S)-hydroxycholesterol 3-sulfate		C27H46O5S	482.718	[C@@]12([C@]3([C@](CC[C@@]1([C@@]4(C(C[C@H](CC4)OS(O)(=O)=O)=CC2)C)[H])([C@](CC3)([C@H](C)CC[C@@H](C(C)C)O)[H])C)[H])[H]		
CHEBI:137389	(24S)-hydroxycholesterol 3,24-disulfate		C27H46O8S2	562.783	[C@@]12([C@]3([C@](CC[C@@]1([C@@]4(C(C[C@H](CC4)OS(O)(=O)=O)=CC2)C)[H])([C@](CC3)([C@H](C)CC[C@@H](C(C)C)OS(O)(=O)=O)[H])C)[H])[H]		
CHEBI:137490	17alpha-estradiol 17-O-(beta-D-glucuronide)		C24H32O8	448.507	C1[C@]2([C@]3([C@@](C4=C(C=C(O)C=C4)CC3)(CC[C@@]2([C@H](O[C@@H]5O[C@@H]([C@H]([C@@H]([C@H]5O)O)O)C(O)=O)C1)C)[H])[H])[H]		
CHEBI:137491	epitestosterone 17-O-(beta-D-glucuronide)		C25H36O8	464.550	[C@@]12([C@@]([C@@]3(C(CC1)=CC(CC3)=O)C)(CC[C@]4(C)[C@@H](CC[C@@]24[H])O[C@@H]5O[C@@H]([C@H]([C@@H]([C@H]5O)O)O)C(O)=O)[H])[H]		
CHEBI:137687	(24S)-hydroxycholestanol		C27H48O2	404.670	C1[C@@]2([C@]3(CC[C@]4([C@]([C@@]3(CC[C@]2(C[C@H](C1)O)[H])[H])(CC[C@@]4([C@H](C)CC[C@@H](C(C)C)O)[H])[H])C)[H])C		
CHEBI:137688	(25R)-26-hydroxycholestanol		C27H48O2	404.670	C1[C@@]2([C@]3(CC[C@]4([C@]([C@@]3(CC[C@]2(C[C@H](C1)O)[H])[H])(CC[C@@]4([C@H](C)CCC[C@@H](C)CO)[H])[H])C)[H])C		
CHEBI:137701	17-epiestriol 3-O-(beta-D-glucuronide)		C24H32O9	464.506	C1=C2C(CC[C@]3([C@@]4(C[C@H]([C@H]([C@]4(CC[C@@]32[H])C)O)O)[H])[H])=CC(=C1)O[C@@H]5O[C@@H]([C@H]([C@@H]([C@H]5O)O)O)C(O)=O		
CHEBI:137702	17-epiestriol 17-O-(beta-D-glucuronide)		C24H32O9	464.506	C1=C2C(CC[C@]3([C@@]4(C[C@H]([C@H]([C@]4(CC[C@@]32[H])C)O[C@@H]5O[C@@H]([C@H]([C@@H]([C@H]5O)O)O)C(O)=O)O)[H])[H])=CC(=C1)O		
CHEBI:137706	17-epiestriol 16-O-(beta-D-glucuronide)		C24H32O9	464.506	C1=C2C(CC[C@]3([C@@]4(C[C@H]([C@H]([C@]4(CC[C@@]32[H])C)O)O[C@@H]5O[C@@H]([C@H]([C@@H]([C@H]5O)O)O)C(O)=O)[H])[H])=CC(=C1)O		
CHEBI:137720	16-epiestriol 3-O-(beta-D-glucuronide)		C24H32O9	464.506	C1=C2C(CC[C@]3([C@@]4(C[C@@H]([C@@H]([C@]4(CC[C@@]32[H])C)O)O)[H])[H])=CC(=C1)O[C@@H]5O[C@@H]([C@H]([C@@H]([C@H]5O)O)O)C(O)=O		
CHEBI:137723	16-epiestriol 16-O-(beta-D-glucuronide)		C24H32O9	464.506	C1=C2C(CC[C@]3([C@@]4(C[C@@H]([C@@H]([C@]4(CC[C@@]32[H])C)O)O[C@@H]5O[C@@H]([C@H]([C@@H]([C@H]5O)O)O)C(O)=O)[H])[H])=CC(=C1)O		
CHEBI:137790	chenodeoxycholic acid 24-O-(beta-D-glucuronide)		C30H48O10	568.697	C1[C@@]2([C@]3(CC[C@]4([C@]([C@@]3([C@@H](C[C@@]2(C[C@@H](C1)O)[H])O)[H])(CC[C@@]4([C@@H](CCC(O[C@@H]5O[C@@H]([C@H]([C@@H]([C@H]5O)O)O)C(O)=O)=O)C)[H])[H])C)[H])C		
CHEBI:137791	cholic acid 24-O-(beta-D-glucuronide)		C30H48O11	584.697	C1[C@@]2([C@]3(C[C@@H]([C@]4([C@]([C@@]3([C@@H](C[C@@]2(C[C@@H](C1)O)[H])O)[H])(CC[C@@]4([C@@H](CCC(O[C@@H]5O[C@@H]([C@H]([C@@H]([C@H]5O)O)O)C(O)=O)=O)C)[H])[H])C)O)[H])C		
CHEBI:137799	deoxycholic acid 24-O-(beta-D-glucuronide)		C30H48O10	568.697	C1[C@@]2([C@]3(C[C@@H]([C@]4([C@]([C@@]3(CC[C@@]2(C[C@@H](C1)O)[H])[H])(CC[C@@]4([C@@H](CCC(O[C@@H]5O[C@@H]([C@H]([C@@H]([C@H]5O)O)O)C(O)=O)=O)C)[H])[H])C)O)[H])C		
CHEBI:137807	lithocholic acid 24-O-(beta-D-glucuronide)		C30H48O9	552.698	C1[C@@]2([C@]3(CC[C@]4([C@]([C@@]3(CC[C@@]2(C[C@@H](C1)O)[H])[H])(CC[C@@]4([C@@H](CCC(O[C@@H]5O[C@@H]([C@H]([C@@H]([C@H]5O)O)O)C(O)=O)=O)C)[H])[H])C)[H])C		
CHEBI:137812	hyodeoxycholic acid 24-O-(beta-D-glucuronide)		C30H48O10	568.697	C1[C@@]2([C@]3(CC[C@]4([C@]([C@@]3(C[C@@H]([C@@]2(C[C@@H](C1)O)[H])O)[H])(CC[C@@]4([C@@H](CCC(O[C@@H]5O[C@@H]([C@H]([C@@H]([C@H]5O)O)O)C(O)=O)=O)C)[H])[H])C)[H])C		
CHEBI:137817	hyocholic acid 24-O-(beta-D-glucuronide)		C30H48O11	584.697	C1[C@@]2([C@]3(CC[C@]4([C@]([C@@]3([C@@H]([C@@H]([C@@]2(C[C@@H](C1)O)[H])O)O)[H])(CC[C@@]4([C@@H](CCC(O[C@@H]5O[C@@H]([C@H]([C@@H]([C@H]5O)O)O)C(O)=O)=O)C)[H])[H])C)[H])C		
CHEBI:137837	2-hydroxy-17beta-estradiol 3-O-(beta-D-glucuronide)		C24H32O9	464.506	C1[C@]2([C@]3([C@@](C4=C(C=C(O[C@H]5[C@@H]([C@H]([C@@H]([C@H](O5)C(=O)O)O)O)O)C(=C4)O)CC3)(CC[C@@]2([C@@H](O)C1)C)[H])[H])[H]		
CHEBI:137856	5alpha-dihydrotestosterone 17-O-[beta-D-glucuronosyl-(1->2)-glucuronide]		C31H46O14	642.690	C1[C@@]2([C@]3(CC[C@]4([C@]([C@@]3(CC[C@]2(CC(C1)=O)[H])[H])(CC[C@@H]4O[C@H]5[C@@H]([C@H]([C@@H]([C@H](O5)C(=O)O)O)O)O[C@H]6[C@@H]([C@H]([C@@H]([C@H](O6)C(O)=O)O)O)O)[H])C)[H])C		
CHEBI:137907	2-hydroxy-17beta-estradiol 2-O-(beta-D-glucuronide)		C24H32O9	464.506	[C@H]1([C@H]([C@@H]([C@H]([C@@H](O1)OC2=CC=3[C@@]4([C@]([C@]5([C@@]([C@@H](O)CC5)(CC4)C)[H])(CCC3C=C2O)[H])[H])O)O)O)C(=O)O		
CHEBI:137911	4-hydroxy-17beta-estradiol 3-O-(beta-D-glucuronide)		C24H32O9	464.506	[C@H]1([C@H]([C@@H]([C@H]([C@@H](O1)OC=2C(=C3C([C@]4(CC[C@]5([C@]([C@@]4(CC3)[H])(CC[C@@H]5O)[H])C)[H])=CC2)O)O)O)O)C(=O)O		
CHEBI:137917	4-hydroxy-17beta-estradiol 4-O-(beta-D-glucuronide)		C24H32O9	464.506	C1=C2[C@]3(CC[C@]4([C@]([C@@]3(CCC2=C(C(=C1)O)O[C@H]5[C@@H]([C@H]([C@@H]([C@H](O5)C(=O)O)O)O)O)[H])(CC[C@@H]4O)[H])C)[H]		
CHEBI:137965	4-methoxyestrone 3-O-(beta-D-glucuronide)		C25H32O9	476.517	C1[C@]2([C@]3([C@@](C4=C(C(=C(O[C@H]5[C@@H]([C@H]([C@@H]([C@H](O5)C(=O)O)O)O)O)C=C4)OC)CC3)(CC[C@@]2(C(=O)C1)C)[H])[H])[H]		
CHEBI:138022	5alpha-androstane-3beta,17beta-diol 17-O-(beta-D-glucuronide)		C25H40O8	468.581	C1[C@@]2([C@]3(CC[C@]4([C@]([C@@]3(CC[C@]2(C[C@H](C1)O)[H])[H])(CC[C@@H]4O[C@H]5[C@@H]([C@H]([C@@H]([C@H](O5)C(=O)O)O)O)O)[H])C)[H])C		
CHEBI:138026	5alpha-dihydrotestosterone sulfate		C19H30O5S	370.505	[C@@H]1(OS(O)(=O)=O)[C@]2(CC[C@]3([C@]([C@@]2(CC1)[H])(CC[C@@]4([C@@]3(CCC(C4)=O)C)[H])[H])[H])C		
CHEBI:138283	(2Z,10Z)-3-hydroxy-5,17-dioxo-4,5-secoestra-2,10-diene-3-oic acid		C18H22O5	318.365	C1[C@]2([C@]3([C@@](/C(/C(CC3)=O)=C/C=C(\O)/C(=O)O)(CC[C@@]2(C(=O)C1)C)[H])[H])[H]		
CHEBI:138285	pyridinestrone-3-carboxylic acid		C18H21NO3	299.365	C1[C@]2([C@]3([C@@](C4=C(N=C(C=C4)C(O)=O)CC3)(CC[C@@]2(C(=O)C1)C)[H])[H])[H]		
CHEBI:138589	pneumocysterol		C32H54O	454.772	C1[C@@]2(C=3CC[C@]4([C@](C3CC[C@]2(C([C@H](C1)O)(C)C)[H])(CC[C@@]4([C@H](C)CC/C(/C(C)C)=C/C)[H])C)C)C		
CHEBI:138727	17beta-estradiol 3-O-carboxymethyl ether		C20H26O4	330.419	C1[C@]2([C@]3([C@@](C4=C(C=C(OCC(=O)O)C=C4)CC3)(CC[C@@]2([C@@H](O)C1)C)[H])[H])[H]		
CHEBI:138742	cholesteryl hemisuccinate		C31H50O4	486.727	C1[C@@]2([C@]3(CC[C@]4([C@]([C@@]3(CC=C2C[C@H](C1)OC(=O)CCC(O)=O)[H])(CC[C@@]4([C@H](C)CCCC(C)C)[H])[H])C)[H])C		
CHEBI:138974	mogrol		C30H52O4	476.733	[C@@]12(C)[C@]3([C@]([C@@]4(CC[C@@H](C(C4=CC3)(C)C)O)[H])([C@@H](C[C@]2(C)[C@](CC1)([C@@H](CC[C@H](C(C)(C)O)O)C)[H])O)C)[H]		
CHEBI:139026	AMCR277A		C28H44O4	444.648	C\1([C@H](C[C@@H](C/C1=C/C=C/2\CCC[C@]3([C@]2(CC[C@@]3([C@]4(C)C[C@@H](CO4)CC(O)(C)C)[H])[H])C)O)O)=C		
CHEBI:139027	AMCR277B		C28H44O4	444.648	C\1([C@H](C[C@@H](C/C1=C/C=C/2\CCC[C@]3([C@]2(CC[C@@]3([C@]4(C)C[C@H](CO4)CC(O)(C)C)[H])[H])C)O)O)=C		
CHEBI:139028	(1S,3R)-dihydroxy-(20S)-[(5'S)-(2"-hydroxy-2"-propyl)-(2'R)-tetrahydrofuryl]-22,23,24,25,26,27-hexanor-1alpha-hydroxyvitamin D3		C28H44O4	444.648	C1[C@]2([C@](/C(=C/C=C/3\C([C@@H](C[C@@H](C3)O)O)=C)/CC1)(CC[C@@]2([C@H](C)[C@]4(CC[C@](O4)(C(C)(C)O)[H])[H])[H])[H])C		
CHEBI:139029	(1S,3R)-dihydroxy-(20S)-[(5'R)-(2"-hydroxy-2"-propyl)-(2'S)-tetrahydrofuryl]-22,23,24,25,26,27-hexanor-1alpha-hydroxyvitamin D3		C28H44O4	444.648	C1[C@]2([C@](/C(=C/C=C/3\C([C@@H](C[C@@H](C3)O)O)=C)/CC1)(CC[C@@]2([C@H](C)[C@@]4(CC[C@@](O4)(C(C)(C)O)[H])[H])[H])[H])C		
CHEBI:139031	(1S,3R)-dihydroxy-(20S)-[(5'S)-(2"-hydroxy-2"-propyl)-(2'S)-tetrahydrofuryl]-22,23,24,25,26,27-hexanor-1alpha-hydroxyvitamin D3		C28H44O4	444.648	C1[C@]2([C@](/C(=C/C=C/3\C([C@@H](C[C@@H](C3)O)O)=C)/CC1)(CC[C@@]2([C@H](C)[C@@]4(CC[C@](O4)(C(C)(C)O)[H])[H])[H])[H])C		
CHEBI:139243	gemini-0072		C32H38D6F6O4	612.727	C1[C@]2([C@](/C(=C/C=C/3\C([C@H](C[C@@H](C3)O)O)=C)/CC1)(CC[C@@]2([C@H](CC#CC(C(F)(F)F)(C(F)(F)F)O)CCCC(C([2H])([2H])[2H])(C([2H])([2H])[2H])O)[H])[H])C		
CHEBI:139244	gemini-0097		C32H44F6O4	606.681	C1[C@]2([C@](/C(=C/C=C/3\C([C@H](C[C@@H](C3)O)O)=C)/CC1)(CC[C@@]2([C@@H](CC#CC(C(F)(F)F)(C(F)(F)F)O)CCCC(C([2H])([2H])[2H])(C([2H])([2H])[2H])O)[H])[H])C		
CHEBI:139600	calcitriol 25-O-(beta-D-glucuronide)		C33H52O9	592.762	C1[C@]2([C@](/C(=C/C=C/3\C([C@H](C[C@@H](C3)O)O)=C)/CC1)(CC[C@@]2([C@H](C)CCCC(O[C@@H]4O[C@@H]([C@H]([C@@H]([C@H]4O)O)O)C(=O)O)(C)C)[H])[H])C		
CHEBI:139610	calcidiol 25-O-(beta-D-glucuronide)		C33H52O8	576.762	C1[C@]2([C@](/C(=C/C=C/3\C(CC[C@@H](C3)O)=C)/CC1)(CC[C@@]2([C@H](C)CCCC(O[C@@H]4O[C@@H]([C@H]([C@@H]([C@H]4O)O)O)C(=O)O)(C)C)[H])[H])C		
CHEBI:139613	calcidiol 3-O-(beta-D-glucuronide)		C33H52O8	576.762	C1[C@]2([C@](/C(=C/C=C/3\C(CC[C@@H](C3)O[C@@H]4O[C@@H]([C@H]([C@@H]([C@H]4O)O)O)C(=O)O)=C)/CC1)(CC[C@@]2([C@H](C)CCCC(C)(C)O)[H])[H])C		
CHEBI:140435	cholesterol-2,2,3,4,4,6-d6		C27H46O	386.655	[H][C@@]1(CC[C@@]2([H])[C@]3([H])CC(C)=C4C(C)(C)[C@@](C)(O)C(C)(C)C[C@]4(C)[C@@]3([H])CC[C@]12C)[C@H](C)CCCC(C)C		
CHEBI:141360	helvolic acid methyl ester		C34H46O8	582.734	C=1[C@@]2([C@@]3(CC[C@@]/4([C@@]([C@]3(C([C@H]([C@]2([C@@H](C(C1)=O)C)[H])OC(=O)C)=O)C)(C[C@@H](\C4=C(\CCC=C(C)C)/C(=O)OC)OC(=O)C)C)[H])[H])C		
CHEBI:141365	sclerodol B		C31H52O2	456.745	C1[C@]2([C@](C([C@H](C1)O)(C)C)(CCC3=C2CC[C@@]4(C)[C@@]3(C)CC[C@@]4([C@@H](C/C=C/C(OC)(C)C)C)[H])[H])C		
CHEBI:142261	ganoderol B		C30H48O2	440.702	C1([C@]2([C@](CC[C@@H]1O)(C=3C(=CC2)[C@]4([C@@](CC3)(C)[C@](CC4)([C@@H](CC/C=C(/CO)\C)C)[H])C)C)[H])(C)C		
CHEBI:142576	25-acyl-27-norcholesteryl beta-D-glucoside		C32H53O6R	533.761	[C@@]12([C@@]([C@@]3(C(C[C@@H](O[C@H]4[C@@H]([C@H]([C@@H]([C@H](O4)CO)O)O)O)CC3)=CC1)C)(CC[C@@]5(C)[C@@]2([H])CC[C@@]5([C@@H](CCCC(C)*)C)[H])[H])[H]		
CHEBI:142698	CE(22:4(7Z,10Z,13Z,16Z))		C49H80O2	701.160	C(=C\C/C=C\C/C=C\CCCCCC(O[C@@H]1CC=2[C@@]([C@@]3([C@]([C@]4([C@@]([C@](CC4)([C@@](CCCC(C)C)(C)[H])[H])(CC3)C)[H])(CC2)[H])[H])(CC1)C)=O)\C/C=C\CCCCC		
CHEBI:142773	estetrol		C18H24O4	304.381	C12=CC=C(C=C1CC[C@@]3([C@@]2(CC[C@]4([C@]3([C@H]([C@H]([C@@H]4O)O)O)[H])C)[H])[H])O		
CHEBI:142844	9beta-9,19-cyclolanost-24-ene-3beta,28-diol		C30H50O2	442.728	[C@]123[C@]([C@]4([C@]([C@](CC4)([C@@H](CCC=C(C)C)C)[H])(C)CC1)C)(CC[C@@]5([C@@]2(CC[C@@H]([C@]5(CO)C)O)C3)[H])[H]		
CHEBI:142848	4alpha-hydroxymethyl-5alpha-ergosta-7,24(28)-dien-3beta-ol		C29H48O2	428.701	C1[C@@]([C@@]2([C@@](C1)(C3=CC[C@@]4([H])[C@H](CO)[C@@H](O)CC[C@]4(C)[C@]3(CC2)[H])[H])C)([C@H](C)CCC(=C)C(C)C)[H]		
CHEBI:142849	4alpha-formyl-ergosta-7,24(28)-dien-3beta-ol		C29H46O2	426.675	C1[C@@]([C@@]2([C@@](C1)(C3=CC[C@@]4([H])[C@H](C=O)[C@@H](O)CC[C@]4(C)[C@]3(CC2)[H])[H])C)([C@H](C)CCC(=C)C(C)C)[H]		
CHEBI:142915	cycloeucalenone		C30H48O	424.713	[C@]123CCC(=O)[C@@H](C)[C@]1([H])CC[C@]4([H])[C@@]2(C3)CC[C@@]5([C@](CC[C@@]45C)([C@@H](CCC(C(C)C)=C)C)[H])C		
CHEBI:142928	4alpha-hydroxymethyl-stigmasta-7,24(24(1))-dien-3beta-ol		C30H50O2	442.718	C1[C@@]([C@@]2([C@@](C1)(C3=CC[C@@]4([H])[C@H](CO)[C@@H](O)CC[C@]4(C)[C@]3(CC2)[H])[H])C)([C@H](C)CC/C(=C/C)/C(C)C)[H]		
CHEBI:142990	cyclolaudenol		C31H52O	440.745	C1[C@]23[C@@]4(CC[C@]5([C@]([C@@]4(CC[C@]2(C([C@H](C1)O)(C)C)[H])[H])(CC[C@@]5([C@@H](CC[C@@H](C(=C)C)C)C)[H])C)C)C3		
CHEBI:143264	22-ketocholesterol		C27H44O2	400.647	C1[C@@]2([C@]3(CC[C@]4([C@]([C@@]3(CC=C2C[C@H](C1)O)[H])(CC[C@@]4([C@H](C)C(CCC(C)C)=O)[H])[H])C)[H])C		
CHEBI:143566	3beta-hydroxy-4beta-hydroxymethyl-4alpha-methylsteroid		C21H35O2R	319.502	C12C(C3C(C(CC3)*)(C)CC1)CCC4C2(CC[C@@H]([C@@]4(CO)C)O)C		
CHEBI:143568	3beta-hydroxy-4beta-formyl-4alpha-methylsteroid		C21H33O2R	317.486	C12C(C3C(C(CC3)*)(C)CC1)CCC4C2(CC[C@@H]([C@@]4(C=O)C)O)C		
CHEBI:143572	4beta-hydroxymethyl-4alpha-methyl-5alpha-cholesta-8,24-dien-3beta-ol		C29H48O2	428.701	C12=C([C@]3([C@]([C@](CC3)([C@@H](CCC=C(C)C)C)[H])(C)CC1)[H])CC[C@@]4([C@@]2(CC[C@@H]([C@@]4(CO)C)O)C)[H]		
CHEBI:143573	4beta-formyl-4alpha-methyl-5alpha-cholesta-8,24-dien-3beta-ol		C29H46O2	426.685	C12=C([C@]3([C@]([C@](CC3)([C@@H](CCC=C(C)C)C)[H])(C)CC1)[H])CC[C@@]4([C@@]2(CC[C@@H]([C@@]4(C=O)C)O)C)[H]		
CHEBI:145044	pregnenolone 3-beta-D-glucoside		C27H42O7	478.626	C1[C@@]2([C@]3(CC[C@]4(C)[C@@H](C(C)=O)CC[C@]4([C@@]3(CC=C2C[C@H](C1)O[C@H]5[C@@H]([C@H]([C@@H]([C@H](O5)CO)O)O)O)[H])[H])[H])C		
CHEBI:145048	epiandrosterone 3-beta-D-glucoside		C25H40O7	452.588	C1[C@@H](C[C@@]2(CC[C@]3([C@]4([C@](CC[C@@]3([C@@]2(C)C1)[H])(C(CC4)=O)C)[H])[H])[H])O[C@H]5[C@@H]([C@H]([C@@H]([C@H](O5)CO)O)O)O		
CHEBI:145050	16,17-didehydropregnenolone 3-beta-D-glucoside		C27H40O7	476.610	C1[C@@]2([C@]3(CC[C@]4(C)C(C(C)=O)=CC[C@]4([C@@]3(CC=C2C[C@H](C1)O[C@H]5[C@@H]([C@H]([C@@H]([C@H](O5)CO)O)O)O)[H])[H])[H])C		
CHEBI:145072	campesterol 3-beta-D-glucoside		C34H58O6	562.832	[C@@]12([C@@]([C@@]3(C(C[C@@H](O[C@@H]4O[C@@H]([C@@H](O)[C@@H]([C@H]4O)O)CO)CC3)=CC1)C)(CC[C@@]5(C)[C@@]2([H])CC[C@@]5([C@@H](CC[C@H](C(C)C)C)C)[H])[H])[H]		
CHEBI:145114	24-methylenecholesteryl beta-D-glucoside		C34H56O6	560.816	C1[C@@]2([C@]3(CC[C@]4([C@]([C@@]3(CC=C2C[C@H](C1)O[C@H]5[C@@H]([C@H]([C@@H]([C@H](O5)CO)O)O)O)[H])(CC[C@@]4([C@H](C)CCC(C(C)C)=C)[H])[H])C)[H])C		
CHEBI:145213	5,6-trans-vitamin D3		C27H44O	384.648	C1[C@]2([C@](/C(=C/C=C/3\C[C@H](CCC3=C)O)/CC1)(CC[C@@]2([C@H](C)CCCC(C)C)[H])[H])C		
CHEBI:145310	3beta-hydroxy-4alpha-methyl-5alpha-cholesta-8,24-diene-4beta-carboxylic acid		C29H46O3	442.684	C12=C([C@]3([C@]([C@](CC3)([C@@H](CCC=C(C)C)C)[H])(C)CC1)[H])CC[C@@]4([C@@]2(CC[C@@H]([C@@]4(C(=O)O)C)O)C)[H]		
CHEBI:145351	3beta-hydroxy-4alpha-hydroxymethyl-4beta-methylsteroid		C21H35O2R	319.502	C12C(C3C(C(CC3)*)(C)CC1)CCC4C2(CC[C@@H]([C@@]4(C)CO)O)C		
CHEBI:145353	3beta-hydroxy-4alpha-formyl-4beta-methylsteroid		C21H33O2R	317.486	C12C(C3C(C(CC3)*)(C)CC1)CCC4C2(CC[C@@H]([C@@]4(C)C=O)O)C		
CHEBI:145661	bolandiol		C18H28O2	276.420	C[C@@]12[C@]([C@]3([C@](CC1)([C@@]4(C(CC3)=C[C@H](CC4)O)[H])[H])[H])(CC[C@@H]2O)[H]		
CHEBI:145763	6-ketoestriol		C18H22O4	302.370	O[C@@H]1[C@@]2([C@]([C@]3([C@](CC2)(C4=C(C(=O)C3)C=C(O)C=C4)[H])[H])(C[C@H]1O)[H])C		
CHEBI:145941	4alpha-hydroxymethyl-5alpha-cholest-7-en-3beta-ol		C28H48O2	416.690	C1=C2[C@@]3(CC[C@@]([C@]3(CC[C@@]2([C@]4(CC[C@H](O)[C@H]([C@@]4(C1)[H])CO)C)[H])C)([C@@H](CCCC(C)C)C)[H])[H]		
CHEBI:146130	4alpha-hydroxymethylzymosterol		C28H46O2	414.674	C1[C@@]2(C=3CC[C@]4([C@](C3CC[C@]2([C@@H]([C@H](C1)O)CO)[H])(CC[C@@]4([C@@H](CCC=C(C)C)C)[H])[H])C)C		
CHEBI:146131	4alpha-formylzymosterol		C28H44O2	412.658	C1[C@@]2(C=3CC[C@]4([C@](C3CC[C@]2([C@@H]([C@H](C1)O)C=O)[H])(CC[C@@]4([C@@H](CCC=C(C)C)C)[H])[H])C)C		
CHEBI:146183	resibufagenin		C23H30O4	370.489	[C@]12(CC[C@@H](C[C@]2(CC[C@]3([C@]45[C@](CC[C@]13[H])([C@H](C[C@H]4O5)C6=COC(C=C6)=O)[H])[H])[H])O)C		
CHEBI:153573	4-androsten-17beta-ol-3-one glucosiduronate		C25H36O8	464.555	O([C@@H]1[C@@]2(C(C3C([C@@]4(C(CC3)=CC(=O)CC4)C)CC2)CC1)C)[C@@H]5O[C@@H]([C@H]([C@@H]([C@H]5O)O)O)C(O)=O		
CHEBI:155845	25-hydroxycholest-4-en-3-one		C27H44O2	400.647	[C@]12([C@]([C@]3([C@](CC1)([C@@]4(C(=CC(CC4)=O)CC3)C)[H])[H])(CC[C@@]2([C@@H](CCCC(C)(C)O)C)[H])[H])C		
CHEBI:155905	crinosterol		C28H46O	398.675	C[C@]12[C@](CC[C@@]1([C@@H](/C=C/[C@H](C(C)C)C)C)[H])([H])[C@]3([C@@]([C@@]4(C(=CC3)C[C@H](CC4)O)C)(CC2)[H])[H]		
CHEBI:166888	avenasterol	CHEBI:80096	C29H48O	412.702	[H][C@@]1(CC[C@@]2([H])C3=CC[C@@]4([H])C[C@@H](O)CC[C@]4(C)[C@@]3([H])CC[C@]12C)[C@H](C)CC\C(=C\C)C(C)C		
CHEBI:167167	25-hydroxy 3-oxocholestane		C27H46O2	402.663	[H][C@@]1(CC[C@@]2([H])[C@]3([H])CCC4CC(=O)CC[C@]4(C)[C@@]3([H])CC[C@]12C)[C@H](C)CCCC(C)(C)O		
CHEBI:178019	homoavicholic acid		C25H42O5	422.606	[H][C@]1([C@H](C)CCCC(O)=O)[C@H](O)C[C@@]2([H])[C@]3([H])[C@H](O)C[C@]4([H])C[C@H](O)CC[C@]4(C)[C@@]3([H])CC[C@]12C		
CHEBI:178023	26-hydroxylanosterol		C30H50O2	442.728	[H][C@@]1(CC[C@@]2(C)C3=C(CC[C@]12C)[C@@]1(C)CC[C@H](O)C(C)(C)[C@]1([H])CC3)[C@H](C)CC\C=C(/C)CO		
CHEBI:180936	solanid-5-en-3-ol		C27H43NO	397.647	[H][C@]12CC[C@H](C)CN1[C@@]1([H])C[C@@]3([H])[C@]4([H])CC=C5CC(O)CC[C@]5(C)[C@@]4([H])CC[C@]3(C)[C@@]1([H])[C@@H]2C		
CHEBI:182127	5alpha-bufol		C27H48O5	452.676	[H]C1(CCC2([H])C3([H])C(O)CC4([H])CC(O)CCC4(C)C3([H])CC(O)C12C)C(C)CCCC(C)(O)CO		
CHEBI:182953	(20S)-17alpha,20-dihydroxycholesterol		C27H46O3	418.662	[H][C@@]12CC[C@](O)([C@@](C)(O)CCCC(C)C)[C@@]1(C)CC[C@@]1([H])[C@@]2([H])CC=C2C[C@@H](O)CC[C@]12C		
CHEBI:183368	7beta-hydroxydehydroepiandrosterone		C19H28O3	304.430	[H][C@@]12CCC(=O)[C@@]1(C)CC[C@@]1([H])[C@@]2([H])[C@@H](O)C=C2C[C@@H](O)CC[C@]12C		
CHEBI:183806	7beta-hydroxypregnenolone		C21H32O3	332.484	[H][C@@]12CC[C@H](C(C)=O)[C@@]1(C)CC[C@@]1([H])[C@@]2([H])[C@@H](O)C=C2C[C@@H](O)CC[C@]12C		
CHEBI:183807	7-ketopregnenolone		C21H30O3	330.468	[H][C@@]12CC[C@H](C(C)=O)[C@@]1(C)CC[C@@]1([H])[C@@]2([H])C(=O)C=C2C[C@@H](O)CC[C@]12C		
CHEBI:183808	7-ketodehydroepiandrosterone		C19H26O3	302.414	[H][C@@]12CCC(=O)[C@@]1(C)CC[C@@]1([H])[C@@]2([H])C(=O)C=C2C[C@@H](O)CC[C@]12C		
CHEBI:183809	7beta-hydroxyepiandrosterone		C19H30O3	306.446	[H][C@@]12CCC(=O)[C@@]1(C)CC[C@@]1([H])[C@@]2([H])[C@@H](O)C[C@@]2([H])C[C@@H](O)CC[C@]12C		
CHEBI:185407	7-oxatyphasterol	CHEBI:81307; CHEBI:175661	C28H48O5	464.687	[H][C@@]1(CC[C@@]2([H])[C@]3([H])COC(=O)[C@@]4([H])C[C@H](O)CC[C@]4(C)[C@@]3([H])CC[C@]12C)[C@H](C)[C@@H](O)[C@H](O)[C@@H](C)C(C)C		
CHEBI:187980	(22S)-hydroxysitosterol		C29H50O2	430.717	[H][C@@]1(CC[C@@]2([H])[C@]3([H])CC=C4C[C@@H](O)CC[C@]4(C)[C@@]3([H])CC[C@]12C)[C@H](C)[C@@H](O)C[C@@H](CC)C(C)C		
CHEBI:190402	3beta-(2-diethylaminoethoxy)androst-5-en-17-one		C25H41NO2	387.608	[H][C@@]12CCC(=O)[C@@]1(C)CC[C@@]1([H])[C@@]2([H])CC=C2C[C@H](CC[C@]12C)OCCN(CC)CC		
CHEBI:191938	(16S,22S)-dihydroxycholesterol		C27H46O3	418.662	[H][C@]1([C@H](C)[C@@H](O)CCC(C)C)[C@@H](O)C[C@@]2([H])[C@]3([H])CC=C4C[C@@H](O)CC[C@]4(C)[C@@]3([H])CC[C@]12C		
CHEBI:191941	(16S)-hydroxy-22-oxocholesterol		C27H44O3	416.646	[H][C@@]12C[C@H](O)[C@]([H])([C@H](C)C(=O)CCC(C)C)[C@@]1(C)CC[C@@]1([H])[C@@]2([H])CC=C2C[C@@H](O)CC[C@]12C		
CHEBI:191946	(22R)-furost-5-en-3beta,22-diol		C27H44O3	416.646	[H][C@]12C[C@@]3([H])[C@]4([H])CC=C5C[C@@H](O)CC[C@]5(C)[C@@]4([H])CC[C@]3(C)[C@@]1([H])[C@H](C)[C@@](O)(CCC(C)C)O2		
CHEBI:194032	androst-5-ene-3alpha,16beta,17beta-triol		C19H30O3	306.446	[H][C@@]12C[C@H](O)[C@H](O)[C@@]1(C)CC[C@@]1([H])[C@@]2([H])CC=C2C[C@H](O)CC[C@]12C		
CHEBI:194331	5beta-bufol		C27H48O5	452.676	[H][C@@]1(CC[C@@]2([H])[C@]3([H])[C@H](O)C[C@]4([H])C[C@H](O)CC[C@]4(C)[C@@]3([H])C[C@H](O)[C@]12C)[C@H](C)CCCC(C)(O)CO		
CHEBI:194332	bufol		C27H48O5	452.676	[H][C@@]1(CC[C@@]2([H])[C@]3([H])[C@H](O)CC4C[C@H](O)CC[C@]4(C)[C@@]3([H])C[C@H](O)[C@]12C)[C@H](C)CCCC(C)(O)CO		
CHEBI:194477	3alpha,17alpha-dihydroxy-5alpha-pregnan-20-one		C21H34O3	334.500	[H][C@@]12CC[C@](O)(C(C)=O)[C@@]1(C)CC[C@@]1([H])[C@@]2([H])CC[C@@]2([H])C[C@H](O)CC[C@]12C		
CHEBI:228274	sarcorine		C25H44N2O	388.640	[H]C1(CCC2([H])C3([H])CCC4([H])CC(CCC4(C)C3([H])CCC12C)NC(C)=O)C(C)N(C)C		
CHEBI:228286	isosarcodine		C26H46N2O	402.667	[H][C@@]1(CC[C@@]2([H])[C@]3([H])CC[C@@]4([H])C[C@H](CC[C@]4(C)[C@@]3([H])CC[C@]12C)N(C)C(C)=O)[C@H](C)N(C)C		
CHEBI:228287	sarcodine		C26H46N2O	402.667	[H]C1(CCC2([H])C3([H])CCC4([H])CC(CCC4(C)C3([H])CCC12C)N(C)C)C(C)N(C)C(C)=O		
CHEBI:228288	sarcocine		C26H44N2O	400.651	[H]C1(CCC2([H])C3([H])CC=C4CC(CCC4(C)C3([H])CCC12C)N(C)C)C(C)N(C)C(C)=O		
CHEBI:228290	astropectenol B		C27H46O4	434.661	[H]C1(CC2(O)OOC3([H])CC4([H])CC(O)CCC4(C)C4([H])CCC1(C)C2C34)C(C)CCCC(C)C		
CHEBI:228291	astropectenol A		C27H46O3	418.662	[H]C(=O)C1C2CC(O)CCC2(C)C2CCC3(C)C(CCC3([H])C(C)CCCC(C)C)C12O		
CHEBI:228293	astropectenol D		C27H46O2	402.663	[H]C1(CCC2C3=CCC4CC(O)CCC4(C)C3(O)CCC12C)C(C)CCCC(C)C		
CHEBI:228296	5alpha-cholesta-24-en-3beta,20beta-diol-23-one		C27H44O3	416.646	CC(C)=CC(=O)C[C@](C)(O)C1CCC2C3CCC4C[C@@H](O)CC[C@]4(C)C3CC[C@]12C		
CHEBI:228298	5alpha-cholesta-9(11)-en-3beta, 20beta-diol		C27H46O2	402.663	CC(C)CCC[C@](C)(O)C1CCC2C3CCC4C[C@@H](O)CC[C@]4(C)C3=CC[C@]12C		
CHEBI:228300	asterasterol B		C27H44O6S	496.700	[H][C@@]1(CCC2C3=CC(=O)[C@@]4([H])C[C@H](O)CC[C@]4(C)C3CC[C@]12C)[C@H](C)CCCC(C)COS(O)(=O)=O		
CHEBI:228301	asterasterol C		C27H42O6S	494.690	[H][C@@]1(CCC2C3=CC(=O)[C@@]4([H])C[C@H](O)CC[C@]4(C)C3CC[C@]12C)[C@H](C)\C=C\CC(C)COS(O)(=O)=O		
CHEBI:228369	(9xi,14xi,25S)-cholestane-3beta,6alpha,8,15alpha,16beta,26-hexol		C27H48O6	468.675	[H][C@]1([C@H](C)CCC[C@H](C)CO)[C@@H](O)[C@H](O)C2[C@]1(C)CCC1[C@@]2(O)C[C@H](O)C2C[C@@H](O)CC[C@]12C		
CHEBI:228370	(9xi,14xi,25S)-cholestane-3beta,4beta,6alpha,7alpha,8,15alpha,16beta,26-octol		C27H48O8	500.673	[H][C@]1([C@H](C)CCC[C@H](C)CO)[C@@H](O)[C@H](O)C2[C@]1(C)CCC1[C@@]3(C)CC[C@H](O)[C@H](O)C3[C@@H](O)[C@@H](O)[C@@]21O		
CHEBI:228371	(9xi,14xi,25S)-cholestane-3beta,6beta,7alpha,8,15alpha,16beta,26-heptol		C27H48O7	484.674	[H][C@]1([C@H](C)CCC[C@H](C)CO)[C@@H](O)[C@H](O)C2[C@]1(C)CCC1[C@@]3(C)CC[C@H](O)CC3[C@H](O)[C@@H](O)[C@@]21O		
CHEBI:228372	(9xi,14xi,25S)-cholestane-3beta,4beta,6beta,7alpha,8,15alpha,16beta,26-octol		C27H48O8	500.673	[H][C@]1([C@H](C)CCC[C@H](C)CO)[C@@H](O)[C@H](O)C2[C@]1(C)CCC1[C@@]3(C)CC[C@H](O)[C@H](O)C3[C@H](O)[C@@H](O)[C@@]21O		
CHEBI:229688	chenodeoxycholic acid-3-O-beta-D-glucoside		C30H50O9	554.721	[H][C@@]1(CC[C@@]2([H])[C@]3([H])[C@H](O)C[C@]4([H])C[C@@H](CC[C@]4(C)[C@@]3([H])CC[C@]12C)O[C@@H]1O[C@H](CO)[C@@H](O)[C@H](O)[C@H]1O)[C@H](C)CCC(O)=O		
CHEBI:229720	solasodine 3-beta-D-glucoside		C33H53NO7	575.787	[H][C@]12C[C@@]3([H])[C@]4([H])CC=C5C[C@H](CC[C@]5(C)[C@@]4([H])CC[C@]3(C)[C@@]1([H])[C@H](C)[C@@]1(CC[C@@H](C)CN1)O2)O[C@@H]1O[C@H](CO)[C@@H](O)[C@H](O)[C@H]1O		
CHEBI:231594	17-ethynyl-17-hydroxy-18a-homoestr-4-en-3-one		C21H28O2	312.453	CCC12CCC3C(CCC4=CC(=O)CCC34)C1CCC2(O)C#C		
CHEBI:232766	15alpha-hydroxyandrost-4-ene-3,17-dione		C19H26O3	302.414	[H][C@@]12[C@@H](O)CC(=O)[C@@]1(C)CC[C@@]1([H])[C@@]2([H])CCC2=CC(=O)CC[C@]12C		
CHEBI:282234	dihydrodigitoxin		C41H66O13	766.95490	[H][C@]1(COC(=O)C1)[C@@]1([H])CC[C@]2(O)[C@]3([H])CC[C@]4([H])C[C@H](CC[C@]4(C)[C@@]3([H])CC[C@]12C)O[C@H]1C[C@H](O)[C@H](O[C@H]2C[C@H](O)[C@H](O[C@H]3C[C@H](O)[C@H](O)[C@@H](C)O3)[C@@H](C)O2)[C@@H](C)O1		
CHEBI:363227	6alpha,20xi-murideoxycholic acid		C24H40O4	392.57200	[H][C@@]1(CC[C@@]2([H])[C@]3([H])C[C@H](O)[C@]4([H])C[C@H](O)CC[C@]4(C)[C@@]3([H])CC[C@]12C)C(C)CCC(O)=O		
CHEBI:379896	17beta-hydroxy-17-methylestra-4,9,11-trien-3-one	CHEBI:59645; CHEBI:45313	C19H24O2	284.39270	[H][C@@]12CCC3=CC(=O)CCC3=C1C=C[C@@]1(C)[C@@]2([H])CC[C@]1(C)O		
CHEBI:488147	(23S)-methyl-3alpha,7alpha,12alpha-trihydroxy-5beta-cholan-24-oic acid		C25H42O5	422.59800	[H][C@@]12C[C@H](O)CC[C@]1(C)[C@@]1([H])C[C@H](O)[C@]3(C)[C@]([H])(CC[C@@]3([H])[C@]1([H])[C@H](O)C2)[C@H](C)C[C@H](C)C(O)=O		
CHEBI:517248	bufalin		C24H34O4	386.52440	[H][C@]12CC[C@]3([H])[C@]([H])(CC[C@]4(C)[C@]([H])(CC[C@]34O)c3ccc(=O)oc3)[C@@]1(C)CC[C@H](O)C2		
CHEBI:541975	epiandrosterone	CHEBI:4802	C19H30O2	290.44030	[H][C@@]12CC[C@@]3([H])[C@]4([H])CCC(=O)[C@@]4(C)CC[C@]3([H])[C@@]1(C)CC[C@H](O)C2		
CHEBI:3897	Cortisone acetate		C23H30O6	402.482	CC(=O)OCC(=O)[C@@]1(O)CC[C@H]2[C@@H]3CCC4=CC(=O)CC[C@]4(C)[C@H]3C(=O)C[C@]12C		
CHEBI:4463	Dexamethasone acetate		C24H31FO6	434.499	C[C@@H]1C[C@H]2[C@@H]3CCC4=CC(=O)C=C[C@]4(C)[C@@]3(F)[C@@H](O)C[C@]2(C)[C@@]1(O)C(=O)COC(C)=O		
CHEBI:5783	Hydrocortisone cypionate		C29H42O6	486.641	C[C@]12C[C@H](O)[C@H]3[C@@H](CCC4=CC(=O)CC[C@]34C)[C@@H]1CC[C@]2(O)C(=O)COC(=O)CCC1CCCC1		
CHEBI:5812	Hydroxyprogesterone caproate		C27H40O4	428.605	CCCCCC(=O)O[C@@]1(CC[C@H]2[C@@H]3CCC4=CC(=O)CC[C@]4(C)[C@H]3CC[C@]12C)C(C)=O		
CHEBI:5960	Irehine		C23H39NO	345.563	C[C@@H]([C@H]1CC[C@H]2[C@@H]3CC=C4C[C@@H](O)CC[C@]4(C)[C@H]3CC[C@]12C)N(C)C		
CHEBI:6890	Methylprednisolone sodium succinate		C26H33NaO8; C26H33O8.Na	496.526	C=1C(C=C2[C@](C1)([C@@]3([C@@](C[C@@H]2C)([C@]4([C@](C[C@@H]3O)([C@](CC4)(C(COC(CCC([O-])=O)=O)=O)O)C)[H])[H])[H])C)=O.[Na+]		
CHEBI:8380	Prednisolone acetate		C23H30O6	402.482	CC(=O)OCC(=O)[C@@]1(O)CC[C@H]2[C@@H]3CCC4=CC(=O)C=C[C@]4(C)[C@H]3[C@@H](O)C[C@]12C		
CHEBI:8381	Prednisolone tebutate		C27H38O6	458.588	CC(C)(C)CC(=O)OCC(=O)[C@@]1(O)CC[C@H]2[C@@H]3CCC4=CC(=O)C=C[C@]4(C)[C@H]3[C@@H](O)C[C@]12C		
CHEBI:8387	Pregnanediol		C21H36O2; C21H36O2	320.510	C[C@H](O)[C@H]1CC[C@H]2[C@@H]3CC[C@@H]4C[C@H](O)CC[C@]4(C)[C@H]3CC[C@]12C		
CHEBI:9455	Terminaline		C23H41NO2	363.578	C[C@@H]([C@H]1CC[C@H]2[C@@H]3CC[C@H]4[C@H](O)[C@@H](O)CC[C@]4(C)[C@H]3CC[C@]12C)N(C)C		
CHEBI:9669	Triamcinolone diacetate		C25H31FO8	478.508	CC(=O)OCC(=O)[C@@]1(O)[C@@H](C[C@H]2[C@@H]3CCC4=CC(=O)C=C[C@]4(C)[C@@]3(F)[C@@H](O)C[C@]12C)OC(C)=O		
CHEBI:9670	Triamcinolone hexacetonide		C30H41FO7	532.642	CC(C)(C)CC(=O)OCC(=O)[C@@]12OC(C)(C)O[C@@H]1C[C@H]1[C@@H]3CCC4=CC(=O)C=C[C@]4(C)[C@@]3(F)[C@@H](O)C[C@]21C		
CHEBI:31200	Amelometasone		C26H35FO6; C26H35FO6	462.552	C=1C(C=C2[C@](C1)([C@@]3([C@@](CC2)([C@]4([C@](C[C@@H]3O)([C@]([C@H](C4)C)(C(=O)COC)OC(=O)CC)C)[H])[H])F)C)=O		
CHEBI:31394	Chlormadinone acetate		C23H29ClO4	404.928	CC(=O)O[C@@]1(CC[C@H]2[C@@H]3C=C(Cl)C4=CC(=O)CC[C@]4(C)[C@H]3CC[C@]12C)C(C)=O		
CHEBI:31465	Deprodone propionate		C24H32O5; C24H32O5	400.509	[C@]1(C(C)=O)([C@@]2([C@]([C@]3([C@@]([C@@]4(C(=CC(=O)C=C4)CC3)C)([C@H](C2)O)[H])[H])(CC1)[H])C)OC(=O)CC		
CHEBI:31484	Diflucortolone valerate		C27H36F2O5; C27H36F2O5	478.570	C(OC(CCCC)=O)C([C@H]1[C@@H](C[C@]2([C@]3([C@@]([C@H](C[C@@]21C)O)(F)[C@]4(C=CC(C=C4[C@H](C3)F)=O)C)[H])[H])C)=O		
CHEBI:31552	Epristeride		C25H37NO3; C25H37NO3	399.567	C1C[C@@]2([C@@]3([C@@](CC=C2C=C1C(O)=O)([C@]4([C@@]([C@H](CC4)C(NC(C)(C)C)=O)(CC3)C)[H])[H])[H])C		
CHEBI:31963	Paramethasone acetate		C24H31FO6	434.499	C[C@@H]1C[C@H]2[C@@H]3C[C@H](F)C4=CC(=O)C=C[C@]4(C)[C@H]3[C@@H](O)C[C@]2(C)[C@@]1(O)C(=O)COC(C)=O		
CHEBI:32042	Prednisolone 21-all-cis-farnesylate		C36H50O6	578.780	CC(C)=CCC\C(C)=C/CC\C(C)=C/C(=O)OCC(=O)[C@@]1(O)CC[C@H]2[C@@H]3CCC4=CC(=O)C=C[C@]4(C)[C@H]3[C@@H](O)C[C@]12C		
CHEBI:32233	Tirilazad mesylate		C39H56N6O5S; C38H52N6O2.CH4O3S	720.967	C1[C@@]2([C@@]([C@H]([C@@H]1C)C(CN3CCN(CC3)C=4N=C(N=C(C4)N5CCCC5)N6CCCC6)=O)(CC=C7[C@]2(CCC=8[C@@]7(C=CC(C8)=O)C)[H])C)[H].S(=O)(=O)(O)C		
CHEBI:34141	11beta,21-Dihydroxypregn-4-ene-3,20-dione 21-acetate		C23H32O5	388.498	CC(=O)OCC(=O)[C@H]1CC[C@H]2[C@@H]3CCC4=CC(=O)CC[C@]4(C)[C@H]3[C@@H](O)C[C@]12C		
CHEBI:34152	12alpha-Bromo-11beta-hydroxypregn-4-ene-3,20-dione		C21H29BrO3	409.357	CC(=O)[C@H]1CC[C@H]2[C@@H]3CCC4=CC(=O)CC[C@]4(C)[C@H]3[C@@H](O)[C@H](Br)[C@]12C		
CHEBI:34167	16-alpha,17-Epoxypregn-4-ene-3,20-dione		C21H28O3	328.446	CC(=O)[C@@]12O[C@@H]1C[C@H]1[C@@H]3CCC4=CC(=O)CC[C@]4(C)[C@H]3CC[C@]21C		
CHEBI:34170	16alpha,17alpha-Epoxy-3,20-dioxopregn-4-en-21-yl acetate		C23H30O5	386.482	CC(=O)OCC(=O)[C@@]12O[C@@H]1C[C@H]1[C@@H]3CCC4=CC(=O)CC[C@]4(C)[C@H]3CC[C@]21C		
CHEBI:34188	19-Norprogesterone		C20H28O2	300.436	CC(=O)[C@H]1CC[C@H]2[C@@H]3CCC4=CC(=O)CC[C@@H]4[C@H]3CC[C@]12C		
CHEBI:34308	21-Deoxycortisone		C21H28O4	344.445	CC(=O)[C@@]1(O)CC[C@H]2[C@@H]3CCC4=CC(=O)CC[C@]4(C)[C@H]3C(=O)C[C@]12C		
CHEBI:34309	21-Fluoroprogesterone		C21H29FO2	332.453	C[C@]12CC[C@H]3[C@@H](CCC4=CC(=O)CC[C@]34C)[C@@H]1CC[C@@H]2C(=O)CF		
CHEBI:34354	3alpha,17alpha-Dihydroxy-5beta-pregnane-11,20-dione		C21H32O4	348.477	CC(=O)[C@@]1(O)CC[C@H]2[C@@H]3CC[C@@H]4C[C@H](O)CC[C@]4(C)[C@H]3C(=O)C[C@]12C		
CHEBI:34355	3alpha,6alpha-Dihydroxy-5beta-pregnan-20-one		C21H34O3	334.494	CC(=O)[C@H]1CC[C@H]2[C@@H]3C[C@H](O)[C@@H]4C[C@H](O)CC[C@]4(C)[C@H]3CC[C@]12C		
CHEBI:34356	3beta-Hydroxypregn-5-ene		C21H34O	302.495	CC[C@H]1CC[C@H]2[C@@H]3CC=C4C[C@@H](O)CC[C@]4(C)[C@H]3CC[C@]12C		
CHEBI:34400	4-Chloroprogesterone		C21H29ClO2	348.907	CC(=O)[C@H]1CC[C@H]2[C@@H]3CCC4=C(Cl)C(=O)CC[C@]4(C)[C@H]3CC[C@]12C		
CHEBI:34464	5beta-Pregnane-3alpha,17alpha,20alpha-triol		C21H36O3	336.510	C[C@H](O)[C@@]1(O)CC[C@H]2[C@@H]3CC[C@@H]4C[C@H](O)CC[C@]4(C)[C@H]3CC[C@]12C		
CHEBI:34473	6alpha-Chloro-17-acetoxyprogesterone		C23H31ClO4	406.944	CC(=O)O[C@@]1(CC[C@H]2[C@@H]3C[C@H](Cl)C4=CC(=O)CC[C@]4(C)[C@H]3CC[C@]12C)C(C)=O		
CHEBI:34475	6alpha-Methylpregn-4-ene-3,11,20-trione		C22H30O3	342.473	C[C@H]1C[C@H]2[C@@H]3CC[C@H](C(C)=O)[C@@]3(C)CC(=O)[C@@H]2[C@@]2(C)CCC(=O)C=C12		
CHEBI:34476	6alpha-Methylprogesterone		C22H32O2	328.489	C[C@H]1C[C@H]2[C@@H]3CC[C@H](C(C)=O)[C@@]3(C)CC[C@@H]2[C@@]2(C)CCC(=O)C=C12		
CHEBI:34517	9alpha-Fluoro-11beta,17alpha,21-trihydroxypregna-1,4-diene-3,20-dione 21-acetate		C23H29FO6	420.472	CC(=O)OCC(=O)[C@@]1(O)CC[C@H]2[C@@H]3CCC4=CC(=O)C=C[C@]4(C)[C@@]3(F)[C@@H](O)C[C@]12C		
CHEBI:34518	9alpha-Fluoro-11beta-hydroxy-6alpha-methylpregn-4-ene-3,20-dione		C22H31FO3	362.479	C[C@H]1C[C@H]2[C@@H]3CC[C@H](C(C)=O)[C@@]3(C)C[C@H](O)[C@]2(F)[C@@]2(C)CCC(=O)C=C12		
CHEBI:34519	9alpha-Fluoro-6alpha-methylprednisolone 21-acetate		C24H31FO6	434.499	C[C@H]1C[C@H]2[C@@H]3CC[C@](O)(C(=O)COC(C)=O)[C@@]3(C)C[C@H](O)[C@]2(F)[C@@]2(C)C=CC(=O)C=C12		
CHEBI:34531	Alphaxolone		C21H32O3; C21H32O3	332.478	CC(=O)[C@H]1CC[C@H]2[C@@H]3CC[C@H]4C[C@H](O)CC[C@]4(C)[C@H]3C(=O)C[C@]12C		
CHEBI:34585	Braxoron		C21H27BrO3	407.342	CC(=O)[C@H]1CC[C@H]2[C@@H]3CCC4=CC(=O)CC[C@]4(C)[C@@]3(Br)C(=O)C[C@]12C		
CHEBI:34671	Deoxycorticosterone acetate		C23H32O4	372.499	CC(=O)OCC(=O)[C@H]1CC[C@H]2[C@@H]3CCC4=CC(=O)CC[C@]4(C)[C@H]3CC[C@]12C		
CHEBI:34672	Descinolone acetonide		C24H31FO5	418.499	CC(=O)[C@@]12OC(C)(C)O[C@@H]1C[C@H]1[C@@H]3CCC4=CC(=O)C=C[C@]4(C)[C@@]3(F)[C@@H](O)C[C@]21C		
CHEBI:34829	Medrysone		C22H32O3	344.489	C[C@H]1C[C@H]2[C@@H]3CC[C@H](C(C)=O)[C@@]3(C)C[C@H](O)[C@@H]2[C@@]2(C)CCC(=O)C=C12		
CHEBI:34831	Melengestrol acetate		C25H32O4	396.520	CC(=O)O[C@]1(C(C)=O)C(=C)C[C@H]2[C@@H]3C=C(C)C4=CC(=O)CC[C@]4(C)[C@H]3CC[C@]12C		
CHEBI:34899	ORG 20599		C25H40ClNO3	438.044	C[C@]12CCC3C(CC[C@H]4C[C@H](O)[C@H](C[C@]34C)N3CCOCC3)C1CCC2C(=O)CCl		
CHEBI:70043	rel-(R)-1-((8S,9S,10R,13S,14S,17S)-10,13-dimethyl-3-oxo-6,7,8,9,10,11,12,13,14,15,16,17-dodecahydro-3H-cyclopenta[a]phenanthren-17-yl)ethyl acetate		C23H32O3	356.49840	[H][C@@]1(CC[C@@]2([H])[C@]3([H])CCC4=CC(=O)C=C[C@]4(C)[C@@]3([H])CC[C@]12C)[C@@H](C)OC(C)=O		
CHEBI:70044	Pregna-1,4,20-trien-3-one		C21H28O	296.44640	[H][C@@]12CCC3=CC(=O)C=C[C@]3(C)[C@@]1([H])CC[C@]1(C)[C@H](CC[C@@]21[H])C=C		
CHEBI:70462	17,24-epoxy-25-hydroxy-21-methoxy-3,4-secobaccharane		C31H52O7	536.74040	[H][C@]12CC[C@]3([H])[C@@](C)(CCC(O)=O)[C@@H](CC[C@@]3(C)[C@]1(C)CC[C@]1(CC[C@H](O[C@]21[H])C(C)(C)O)C(=O)OC)C(C)(C)O		
CHEBI:70624	lippiolic acid		C30H48O3	456.70030	[H][C@]1(CC[C@]2(C)[C@]([H])(CC[C@]3([H])[C@@]4([H])[C@@H]([C@@H](O)C[C@]4(C)CC[C@@]23C)C(C)=C)[C@@]1(C)CCC(O)=O)C(C)=C		
CHEBI:79407	16alpha,17-Dihydroxypregn-4-ene-3,20-dione cyclic acetal with 2-furyl methyl ketone		C27H34O5	438.55590	CC(=O)[C@@]12OC(C)(O[C@@H]1C[C@H]1[C@@H]3CCC4=CC(=O)CC[C@]4(C)[C@H]3CC[C@]21C)c1ccco1		
CHEBI:79443	9-Bromo-16alpha-methyl-pregn-4-ene-3,11,20-trione		C22H29BrO3	421.36800	C[C@@H]1C[C@H]2[C@@H]3CCC4=CC(=O)CC[C@]4(C)[C@@]3(Br)C(=O)C[C@]2(C)[C@H]1C(C)=O		
CHEBI:79447	15beta-Hydroxy-7alpha-mercapto-pregn-4-ene-3,20-dione 7-acetate		C23H32O4S	404.56300	CC(=O)S[C@@H]1CC2=CC(=O)CC[C@]2(C)[C@H]2CC[C@]3(C)[C@H](C[C@@H](O)[C@H]3[C@H]12)C(C)=O		
CHEBI:79448	12alpha-(Chloromethyl)-12-hydroxy-pregn-4-ene-3,20-dione		C22H31ClO3	378.93300	CC(=O)[C@H]1CC[C@H]2[C@@H]3CCC4=CC(=O)CC[C@]4(C)[C@H]3C[C@](O)(CCl)[C@]12C		
CHEBI:79462	6beta-(Dimethylamino)-3beta,5-dihydroxy-5alpha-pregnan-20-one		C23H39NO3	377.56070	CN(C)[C@@H]1C[C@H]2[C@@H]3CC[C@H](C(C)=O)[C@@]3(C)CC[C@@H]2[C@@]2(C)CC[C@H](O)C[C@]12O		
CHEBI:79464	11beta-17-Dihydroxy-6alpha-methylpregn-4-ene-3,20-dione		C22H32O4	360.48710	C[C@H]1C[C@H]2[C@@H]3CC[C@](O)(C(C)=O)[C@@]3(C)C[C@H](O)[C@@H]2[C@@]2(C)CCC(=O)C=C12		
CHEBI:79486	17-Hydroxy-5alpha,17alpha-pregn-1-en-3-one		C21H32O2	316.47760	CC[C@]1(O)CC[C@H]2[C@@H]3CC[C@H]4CC(=O)C=C[C@]4(C)[C@H]3CC[C@]12C		
CHEBI:79488	11alpha-Hydroxy-12alpha-methyl-pregn-4-ene-3,20-dione		C22H32O3	344.48770	C[C@H]1[C@@H](O)[C@H]2[C@@H](CCC3=CC(=O)CC[C@]23C)[C@@H]2CC[C@H](C(C)=O)[C@@]12C		
CHEBI:79525	11alpha,15alpha-Dihydroxypregn-4-ene-3,20-dione		C21H30O4	346.46050	CC(=O)[C@H]1C[C@H](O)[C@H]2[C@@H]3CCC4=CC(=O)CC[C@]4(C)[C@H]3[C@H](O)C[C@]12C		
CHEBI:79526	17-Hydroxy-19-nor-17alpha-pregn-5(10)-en-3-one		C20H30O2	302.45100	CC[C@]1(O)CC[C@H]2[C@@H]3CCC4=C(CCC(=O)C4)[C@H]3CC[C@]12C		
CHEBI:79591	6beta-Fluoro-5alpha-hydroxypregnane-3,20-dione		C21H31FO3	350.46740	CC(=O)[C@H]1CC[C@H]2[C@@H]3C[C@@H](F)[C@@]4(O)CC(=O)CC[C@]4(C)[C@H]3CC[C@]12C		
CHEBI:79605	3-allyloxyestra-1,3,5(10),7-tetraene-16,17-dione dioxime		C21H24N2O3	352.428	[C@]12(C=3[C@@](C4=C(C=C(C=C4)OCC=C)CC3)(CC[C@]2(C)C(C(C1)=NO)=NO)[H])[H]		
CHEBI:79617	21-Fluoro-11beta-hydroxypregn-4-ene-3,20-dione		C21H29FO3	348.45160	C[C@]12C[C@H](O)[C@H]3[C@@H](CCC4=CC(=O)CC[C@]34C)[C@@H]1CC[C@@H]2C(=O)CF		
CHEBI:79634	11beta-Hydroxy-6alpha,11-dimethylpregn-4-ene-3,20-dione		C23H34O3	358.51430	C[C@H]1C[C@H]2[C@@H]3CC[C@H](C(C)=O)[C@@]3(C)C[C@](C)(O)[C@@H]2[C@@]2(C)CCC(=O)C=C12		
CHEBI:79635	2alpha-Methylpregn-4-ene-3,20-dione		C22H32O2	328.48830	C[C@@H]1C[C@]2(C)[C@H]3CC[C@@]4(C)[C@@H](CC[C@@H]4C(C)=O)[C@@H]3CCC2=CC1=O		
CHEBI:79645	6alpha-Fluoropregn-4-ene-3,20-dione		C21H29FO2	332.45220	CC(=O)[C@H]1CC[C@H]2[C@@H]3C[C@H](F)C4=CC(=O)CC[C@]4(C)[C@H]3CC[C@]12C		
CHEBI:79666	9-Fluoro-16alpha-methylpregn-4-ene-3,11,20-trione		C22H29FO3	360.46230	C[C@@H]1C[C@H]2[C@@H]3CCC4=CC(=O)CC[C@]4(C)[C@@]3(F)C(=O)C[C@]2(C)[C@H]1C(C)=O		
CHEBI:79673	9-Bromo-11beta-hydroxy-16alpha-methylpregn-4-ene-3,20-dione		C22H31BrO3	423.38400	C[C@@H]1C[C@H]2[C@@H]3CCC4=CC(=O)CC[C@]4(C)[C@@]3(Br)[C@@H](O)C[C@]2(C)[C@H]1C(C)=O		
CHEBI:79690	6alpha-Fluoro-11beta,17-dihydroxypregn-4-ene-3,20-dione		C21H29FO4	364.45100	CC(=O)[C@@]1(O)CC[C@H]2[C@@H]3C[C@H](F)C4=CC(=O)CC[C@]4(C)[C@H]3[C@@H](O)C[C@]12C		
CHEBI:79691	3beta-Hydroxy-16-phosphonopregn-5-en-20-one monoethyl ester		C23H37O5P	424.51060	CCOP(O)(=O)C1C[C@H]2[C@@H]3CC=C4C[C@@H](O)CC[C@]4(C)[C@H]3CC[C@]2(C)[C@H]1C(C)=O		
CHEBI:79702	21-Acetyloxy-17-hydroxypregna-1,4-diene-3,20-dione		C23H30O5	386.48130	CC(=O)OCC(=O)[C@@]1(O)CC[C@H]2[C@@H]3CCC4=CC(=O)C=C[C@]4(C)[C@H]3CC[C@]12C		
CHEBI:79705	19-Nor-5alpha-pregnane-3,20-dione		C20H30O2	302.45100	CC(=O)[C@H]1CC[C@H]2[C@@H]3CC[C@H]4CC(=O)CC[C@@H]4[C@H]3CC[C@]12C		
CHEBI:79779	3-Hydroxy-19-norpregna-1,3,5(10)-trien-20-one		C20H26O2	298.41920	CC(=O)[C@H]1CC[C@H]2[C@@H]3CCc4cc(O)ccc4[C@H]3CC[C@]12C		
CHEBI:79782	16alpha,17-Isopropylidenedioxy-6alpha-methylprogesterone		C25H36O4	400.55090	C[C@H]1C[C@H]2[C@@H]3C[C@H]4OC(C)(C)O[C@@]4(C(C)=O)[C@@]3(C)CC[C@@H]2[C@@]2(C)CCC(=O)C=C12		
CHEBI:79801	7alpha-Methyl-4-pregnene-3,20-dione		C22H32O2	328.48830	C[C@@H]1CC2=CC(=O)CC[C@]2(C)[C@H]2CC[C@@]3(C)[C@@H](CC[C@@H]3C(C)=O)[C@H]12		
CHEBI:79803	2alpha-Methylpregn-4-ene-3,11,20-trione		C22H30O3	342.47180	C[C@@H]1C[C@]2(C)[C@@H]3[C@@H](CCC2=CC1=O)[C@@H]1CC[C@H](C(C)=O)[C@@]1(C)CC3=O		
CHEBI:79804	11beta,17,21-Trihydroxy-2alpha-methylpregn-4-ene-3,20-dione 21-acetate		C24H34O6	418.52320	C[C@@H]1C[C@]2(C)[C@H]3[C@@H](O)C[C@@]4(C)[C@@H](CC[C@]4(O)C(=O)COC(C)=O)[C@@H]3CCC2=CC1=O		
CHEBI:79807	9-Chloro-11beta,17,21-trihydroxypregn-4-ene-3,20-dione 21-acetate		C23H31ClO6	438.94200	CC(=O)OCC(=O)[C@@]1(O)CC[C@H]2[C@@H]3CCC4=CC(=O)CC[C@]4(C)[C@@]3(Cl)[C@@H](O)C[C@]12C		
CHEBI:79812	6alpha-Fluoro-17-hydroxypregn-4-ene-3,20-dione acetate		C23H31FO4	390.48820	CC(=O)O[C@@]1(CC[C@H]2[C@@H]3C[C@H](F)C4=CC(=O)CC[C@]4(C)[C@H]3CC[C@]12C)C(C)=O		
CHEBI:79814	9alpha-Fluoro-11beta-hydroxy-4-pregnene-3,20-dione		C21H29FO3	348.45160	CC(=O)[C@H]1CC[C@H]2[C@@H]3CCC4=CC(=O)CC[C@]4(C)[C@@]3(F)[C@@H](O)C[C@]12C		
CHEBI:79819	9-Fluoro-11beta-hydroxy-16alpha-methylpregn-4-ene-3,20-dione		C22H31FO3	362.47810	C[C@@H]1C[C@H]2[C@@H]3CCC4=CC(=O)CC[C@]4(C)[C@@]3(F)[C@@H](O)C[C@]2(C)[C@H]1C(C)=O		
CHEBI:79822	21-Fluoro-11beta,17-dihydroxy-6alpha-methylpregn-4-ene-3,20-dione		C22H31FO4	378.47750	C[C@H]1C[C@H]2[C@@H]3CC[C@](O)(C(=O)CF)[C@@]3(C)C[C@H](O)[C@@H]2[C@@]2(C)CCC(=O)C=C12		
CHEBI:79829	6alpha-Fluoropregn-4-ene-3,11,20-trione		C21H27FO3	346.43570	CC(=O)[C@H]1CC[C@H]2[C@@H]3C[C@H](F)C4=CC(=O)CC[C@]4(C)[C@H]3C(=O)C[C@]12C		
CHEBI:79831	21-Fluoro-11beta,17-dihydroxy-6alpha-methylpregna-1,4-diene-3,20-dione		C22H29FO4	376.46170	C[C@H]1C[C@H]2[C@@H]3CC[C@](O)(C(=O)CF)[C@@]3(C)C[C@H](O)[C@@H]2[C@@]2(C)C=CC(=O)C=C12		
CHEBI:79857	11alpha-Hydroxy-5beta-pregnane-3,20-dione		C21H32O3	332.47700	CC(=O)[C@H]1CC[C@H]2[C@@H]3CC[C@@H]4CC(=O)CC[C@]4(C)[C@H]3[C@H](O)C[C@]12C		
CHEBI:79863	Descinolone		C21H27FO5	378.43450	CC(=O)[C@@]1(O)[C@H](O)C[C@H]2[C@@H]3CCC4=CC(=O)C=C[C@]4(C)[C@@]3(F)[C@@H](O)C[C@]12C		
CHEBI:79865	6beta,11alpha-Dihydroxyprogesterone		C21H30O4	346.46050	CC(=O)[C@H]1CC[C@H]2[C@@H]3C[C@@H](O)C4=CC(=O)CC[C@]4(C)[C@H]3[C@H](O)C[C@]12C		
CHEBI:79866	15alpha-Hydroxyprogesterone		C21H30O3	330.46110	CC(=O)[C@H]1C[C@H](O)[C@H]2[C@@H]3CCC4=CC(=O)CC[C@]4(C)[C@H]3CC[C@]12C		
CHEBI:79870	5beta-Pregnane-3alpha,17alpha,20alpha-triol-11-one		C21H34O4	350.49230	C[C@H](O)[C@@]1(O)CC[C@H]2[C@@H]3CC[C@@H]4C[C@H](O)CC[C@]4(C)[C@H]3C(=O)C[C@]12C		
CHEBI:79871	9alpha-Fluoro-11beta-hydroxy-2alpha-methyl-4-pregnene-3,20-dione		C22H31FO3	362.47810	C[C@@H]1C[C@@]2(C)C(CC[C@H]3[C@@H]4CC[C@H](C(C)=O)[C@@]4(C)C[C@H](O)[C@]23F)=CC1=O		
CHEBI:79881	9-Fluoro-11beta,16alpha-dihydroxypregn-4-ene-3,20-dione		C21H29FO4	364.45100	CC(=O)[C@H]1[C@H](O)C[C@H]2[C@@H]3CCC4=CC(=O)CC[C@]4(C)[C@@]3(F)[C@@H](O)C[C@]12C		
CHEBI:79882	6alpha,9-Difluoro-11beta-hydroxypregn-4-ene-3,20-dione		C21H28F2O3	366.44200	CC(=O)[C@H]1CC[C@H]2[C@@H]3C[C@H](F)C4=CC(=O)CC[C@]4(C)[C@@]3(F)[C@@H](O)C[C@]12C		
CHEBI:79892	3alpha,12alpha-Dihydroxy-5beta-pregnan-20-one		C21H34O3	334.49290	CC(=O)[C@H]1CC[C@H]2[C@@H]3CC[C@@H]4C[C@H](O)CC[C@]4(C)[C@H]3C[C@H](O)[C@]12C		
CHEBI:79904	3alpha,11beta,17alpha-Trihydroxy-5beta-pregnan-20-one		C21H34O4	350.49230	CC(=O)[C@@]1(O)CC[C@H]2[C@@H]3CC[C@@H]4C[C@H](O)CC[C@]4(C)[C@H]3[C@@H](O)C[C@]12C		
CHEBI:79932	Flurogestone acetate		C23H31FO5	406.48760	CC(=O)O[C@@]1(CC[C@H]2[C@@H]3CCC4=CC(=O)CC[C@]4(C)[C@@]3(F)[C@@H](O)C[C@]12C)C(C)=O		
CHEBI:79951	Doisynoestrol		C19H22O3	298.37620	CC[C@H]1c2ccc3cc(OC)ccc3c2CC[C@@]1(C)C(O)=O		
CHEBI:81323	Sarcostin		C21H34O6	382.49110	C[C@H](O)[C@]1(O)CC[C@@]2(O)[C@]1(C)[C@H](O)C[C@@H]1[C@@]3(C)CC[C@H](O)CC3=CC[C@@]21O		
CHEBI:81470	5alpha-Pregnane-3alpha,20alpha-diol		C21H36O2	320.50930	C[C@H](O)[C@H]1CC[C@H]2[C@@H]3CC[C@H]4C[C@H](O)CC[C@]4(C)[C@H]3CC[C@]12C		
CHEBI:82524	Prednimustine		C35H45Cl2NO6	646.64100	C[C@]12C[C@H](O)[C@H]3[C@@H](CCC4=CC(=O)C=C[C@]34C)[C@@H]1CC[C@]2(O)C(=O)COC(=O)CCCc1ccc(cc1)N(CCCl)CCCl		
CHEBI:89257	Beta-Cortol		C21H36O5	368.508	C1[C@H](C[C@@]2([C@](C1)([C@@]3([C@@](CC2)([C@]4([C@](C[C@@H]3O)([C@](CC4)([C@@H](CO)O)O)C)[H])[H])[H])C)[H])O		
CHEBI:89328	5a-Tetrahydrocorticosterone		C21H34O4	350.493	[C@H]1(CC[C@@]2([C@]3([C@H](C[C@@]4([C@H](CC[C@]4([C@@]3(CC[C@]2(C1)[H])[H])[H])C(CO)=O)C)O)[H])C)O		
CHEBI:89627	5a-Tetrahydrocortisol		C21H34O5	366.492	C1[C@H](C[C@]2([C@](C1)([C@@]3([C@@](CC2)([C@]4([C@](C[C@@H]3O)([C@](CC4)(C(=O)CO)O)C)[H])[H])[H])C)[H])O		
CHEBI:91652	acetic acid [(17R)-17-acetyl-6,10,13-trimethyl-3-oxo-2,8,9,11,12,14,15,16-octahydro-1H-cyclopenta[a]phenanthren-17-yl] ester		C24H32O4	384.509	CC1=CC2C3CC[C@@](C3(CCC2C4(C1=CC(=O)CC4)C)C)(C(=O)C)OC(=O)C		
CHEBI:91722	[2-[(11S,17R)-11,17-dihydroxy-10,13-dimethyl-3-oxo-2,6,7,8,9,11,12,14,15,16-decahydro-1H-cyclopenta[a]phenanthren-17-yl]-2-oxoethyl] dihydrogen phosphate		C21H31O8P	442.441	CC12CCC(=O)C=C1CCC3C2[C@H](CC4(C3CC[C@@]4(C(=O)COP(=O)(O)O)O)C)O		
CHEBI:91983	(17S)-17-[2-[4-[2,6-bis(1-pyrrolidinyl)-4-pyrimidinyl]-1-piperazinyl]-1-oxoethyl]-10,13-dimethyl-6,7,8,12,14,15,16,17-octahydrocyclopenta[a]phenanthren-3-one		C37H50N6O2	610.833	CC12CC=C3C(C1CC[C@@H]2C(=O)CN4CCN(CC4)C5=NC(=NC(=C5)N6CCCC6)N7CCCC7)CCC8=CC(=O)C=CC83C		
CHEBI:92901	acetic acid [2-[(3R,5S,8S,9S,10S,13S,14S,17S)-3-hydroxy-10,13-dimethyl-11-oxo-1,2,3,4,5,6,7,8,9,12,14,15,16,17-tetradecahydrocyclopenta[a]phenanthren-17-yl]-2-oxoethyl] ester		C23H34O5	390.514	CC(=O)OCC(=O)[C@H]1CC[C@@H]2[C@@]1(CC(=O)[C@H]3[C@H]2CC[C@@H]4[C@@]3(CC[C@H](C4)O)C)C		
CHEBI:94333	LSM-4981		C28H35FO7	502.573	CC(=O)OCC(=O)C12C(CC3C1(CC(C4(C3CCC5=CC(=O)C=CC54C)F)O)C)OC6(O2)CCCC6		
CHEBI:94372	(5R,8R,9S,10S,13S,14S)-17-acetyl-10,13-dimethyl-1,2,4,5,6,7,8,9,11,12,14,15,16,17-tetradecahydrocyclopenta[a]phenanthren-3-one		C21H32O2	316.478	CC(=O)C1CC[C@@H]2[C@@]1(CC[C@H]3[C@H]2CC[C@H]4[C@@]3(CCC(=O)C4)C)C		
CHEBI:94494	[2-[(3R,5S,8R,9R,10S,13S,14S,17S)-3-hydroxy-10,13-dimethyl-11-oxo-1,2,3,4,5,6,7,8,9,12,14,15,16,17-tetradecahydrocyclopenta[a]phenanthren-17-yl]-2-oxoethyl] acetate		C23H34O5	390.514	CC(=O)OCC(=O)[C@H]1CC[C@@H]2[C@@]1(CC(=O)[C@@H]3[C@@H]2CC[C@@H]4[C@@]3(CC[C@H](C4)O)C)C		
CHEBI:94509	[(8S,9R,10S,13R,14R,17S)-17-acetyl-6,10,13-trimethyl-3-oxo-2,8,9,11,12,14,15,16-octahydro-1H-cyclopenta[a]phenanthren-17-yl] acetate		C24H32O4	384.509	CC1=C[C@H]2[C@@H](CC[C@@]3([C@@H]2CC[C@]3(C(=O)C)OC(=O)C)C)[C@]4(C1=CC(=O)CC4)C		
CHEBI:94589	1-[(3S,8R,9R,10R,13S,14S,17S)-3-hydroxy-10,13-dimethyl-2,3,4,7,8,9,11,12,14,15,16,17-dodecahydro-1H-cyclopenta[a]phenanthren-17-yl]ethanone		C21H32O2	316.478	CC(=O)[C@H]1CC[C@@H]2[C@@]1(CC[C@@H]3[C@@H]2CC=C4[C@@]3(CC[C@@H](C4)O)C)C		
CHEBI:94596	(3R,5S,8R,9R,10S,13S,14S,17S)-17-acetyl-3-hydroxy-10,13-dimethyl-1,2,3,4,5,6,7,8,9,12,14,15,16,17-tetradecahydrocyclopenta[a]phenanthren-11-one		C21H32O3	332.478	CC(=O)[C@H]1CC[C@@H]2[C@@]1(CC(=O)[C@@H]3[C@@H]2CC[C@@H]4[C@@]3(CC[C@H](C4)O)C)C		
CHEBI:95155	1-[(3S,10R,13S,17S)-3-hydroxy-10,13-dimethyl-2,3,4,7,8,9,11,12,14,15,16,17-dodecahydro-1H-cyclopenta[a]phenanthren-17-yl]ethanone		C21H32O2	316.478	CC(=O)[C@H]1CCC2[C@@]1(CCC3C2CC=C4[C@@]3(CC[C@@H](C4)O)C)C		
CHEBI:110181	17-acetyl-10,13-dimethyl-2,7,8,9,11,12,14,15,16,17-decahydro-1H-cyclopenta[a]phenanthrene-3,6-dione		C21H28O3	328.446	CC(=O)C1CCC2C1(CCC3C2CC(=O)C4=CC(=O)CCC34C)C		
CHEBI:121822	LSM-33265		C23H33NO3	371.514	CC(=O)[C@]12[C@H](N1C(=O)C)CC3[C@@]2(CCC4C3CC=C5[C@@]4(CC[C@@H](C5)O)C)C		
CHEBI:135270	norvinisterone		C20H28O2	300.436	C[C@@]12[C@]([C@]3([C@](CC1)([C@@]4(C(CC3)=CC(CC4)=O)[H])[H])[H])(CC[C@]2(C=C)O)[H]		
CHEBI:135271	norgesterone		C20H28O2	300.436	C[C@@]12[C@]([C@]3([C@](CC1)(C4=C(CC3)CC(CC4)=O)[H])[H])(CC[C@]2(C=C)O)[H]		
CHEBI:135282	norethandrolone		C20H30O2	302.452	C[C@@]12[C@]([C@]3([C@](CC1)([C@@]4(C(CC3)=CC(CC4)=O)[H])[H])[H])(CC[C@]2(CC)O)[H]		
CHEBI:135446	medrogestone		C23H32O2	340.500	C[C@@]12[C@]([C@]3([C@](CC1)([C@]4(C)C(C(=C3)C)=CC(CC4)=O)[H])[H])(CC[C@@]2(C(C)=O)C)[H]		
CHEBI:135458	trengestone		C21H25ClO2	344.876	C[C@]12[C@]3([C@]([C@]4([C@@](CC3)(C)[C@H](CC4)C(C)=O)[H])(C=C(C1=CC(C=C2)=O)Cl)[H])[H]		
CHEBI:135563	elcometrine		C23H30O4	370.483	O(C(C)=O)[C@@]1(C(C)=O)[C@]2(C)[C@@](CC1=C)([C@]3([C@](CC2)([C@@]4(C(CC3)=CC(CC4)=O)[H])[H])[H])[H]		
CHEBI:135564	nomegestrol acetate		C23H30O4	370.483	C[C@@]12[C@@](OC(C)=O)(C(C)=O)CC[C@]1([C@]3([C@](CC2)([C@@]4(C(C(=C3)C)=CC(CC4)=O)[H])[H])[H])[H]		
CHEBI:135579	artisone acetate		C23H34O4	374.515	C[C@@]12[C@]([C@]3([C@](CC1)([C@]4(C)C(=CC3)C[C@H](CC4)O)[H])[H])(CC[C@@H]2C(COC(C)=O)=O)[H]		
CHEBI:135645	delmadinone acetate		C23H27ClO4	402.912	O(C(C)=O)[C@@]1(C(C)=O)[C@]2(C)[C@@](CC1)([C@]3([C@](CC2)([C@]4(C)C(C(=C3)Cl)=CC(C=C4)=O)[H])[H])[H]		
CHEBI:135670	dichlorisone		C23H28Cl2O5	455.372	Cl[C@@]12[C@]([C@]3([C@@](C[C@@H]1Cl)(C)[C@](CC3)(C(COC(C)=O)=O)O)[H])(CCC=4[C@]2(C)C=CC(C4)=O)[H]		
CHEBI:135700	fluprednidene acetate		C24H29FO6	432.483	C[C@@]12[C@]([C@]3([C@@]([C@H](C1)O)(F)[C@]4(C)C(CC3)=CC(C=C4)=O)[H])(CC([C@@]2(C(COC(C)=O)=O)O)=C)[H]		
CHEBI:135717	flumedroxone acetate		C24H31F3O4	440.497	C[C@@]12[C@]([C@]3([C@](CC1)([C@]4(C)C([C@H](C3)C(F)(F)F)=CC(CC4)=O)[H])[H])(CC[C@]2(OC(C)=O)C(C)=O)[H]		
CHEBI:135720	deflazacort		C25H31NO6	441.518	C(COC(C)=O)(=O)[C@]12[C@]3(C)[C@@](C[C@]1(OC(=N2)C)[H])([C@]4([C@]([C@H](C3)O)([C@]5(C)C(CC4)=CC(C=C5)=O)[H])[H])[H]		
CHEBI:135721	mazipredone		C26H38N2O4	442.592	C[C@@]12[C@]([C@]3([C@]([C@H](C1)O)([C@]4(C)C(CC3)=CC(C=C4)=O)[H])[H])(CC[C@@]2(C(CN5CCN(CC5)C)=O)O)[H]		
CHEBI:135728	fluocortin butyl		C26H35FO5	446.552	C[C@@]12[C@]([C@]3([C@]([C@H](C1)O)([C@]4(C)C([C@H](C3)F)=CC(C=C4)=O)[H])[H])(C[C@H]([C@@H]2C(C(OCCCC)=O)=O)C)[H]		
CHEBI:135743	fluazacort		C25H30FNO6	459.508	C(COC(C)=O)(=O)[C@]12[C@]3(C)[C@@](C[C@]1(OC(=N2)C)[H])([C@]4([C@@]([C@](C3)(O)[H])(F)[C@]5(C)C(CC4)=CC(C=C5)=O)[H])[H]		
CHEBI:135746	hydrocortisone aceponate		C26H36O7	460.561	C(COC(C)=O)(=O)[C@]1(OC(CC)=O)[C@]2(C)[C@@](CC1)([C@]3([C@]([C@H](C2)O)([C@]4(C)C(CC3)=CC(CC4)=O)[H])[H])[H]		
CHEBI:135762	methylprednisolone aceponate		C27H36O7	472.572	C(COC(C)=O)(=O)[C@]1(OC(CC)=O)[C@]2(C)[C@@](CC1)([C@]3([C@]([C@H](C2)O)([C@]4(C)C([C@H](C3)C)=CC(C=C4)=O)[H])[H])[H]		
CHEBI:135763	prednisolamate		C27H39NO6	473.603	C[C@@]12[C@]([C@]3([C@]([C@H](C1)O)([C@]4(C)C(CC3)=CC(C=C4)=O)[H])[H])(CC[C@@]2(C(COC(CN(CC)CC)=O)=O)O)[H]		
CHEBI:135782	ulobetasol propionate		C25H31ClF2O5	484.961	O(C(CC)=O)[C@@]1(C(CCl)=O)[C@]2(C)[C@@](C[C@@H]1C)([C@]3([C@@]([C@H](C2)O)(F)[C@]4(C)C([C@H](C3)F)=CC(C=C4)=O)[H])[H]		
CHEBI:135785	prednisolone valerate acetate		C28H38O7	486.598	C(COC(C)=O)(=O)[C@]1(OC(CCCC)=O)[C@]2(C)[C@@](CC1)([C@]3([C@]([C@H](C2)O)([C@]4(C)C(CC3)=CC(C=C4)=O)[H])[H])[H]		
CHEBI:135791	prednicarbate		C27H36O8	488.571	C(COC(CC)=O)(=O)[C@]1(OC(OCC)=O)[C@]2(C)[C@@](CC1)([C@]3([C@]([C@H](C2)O)([C@]4(C)C(CC3)=CC(C=C4)=O)[H])[H])[H]		
CHEBI:135805	dexamethasone dipropionate		C28H37FO7	504.589	C(COC(CC)=O)(=O)[C@]1(OC(CC)=O)[C@]2(C)[C@@](C[C@H]1C)([C@]3([C@@]([C@H](C2)O)(F)[C@]4(C)C(CC3)=CC(C=C4)=O)[H])[H]		
CHEBI:135815	betamethasone butyrate propionate		C29H39FO7	518.615	C(COC(CC)=O)(=O)[C@]1(OC(CCC)=O)[C@]2(C)[C@@](C[C@@H]1C)([C@]3([C@@]([C@H](C2)O)(F)[C@]4(C)C(CC3)=CC(C=C4)=O)[H])[H]		
CHEBI:135819	dexamethasone acefurate		C29H33FO8	528.567	O(C(=O)C1=CC=CO1)[C@@]2(C(COC(C)=O)=O)[C@]3(C)[C@@](C[C@H]2C)([C@]4([C@@]([C@H](C3)O)(F)[C@]5(C)C(CC4)=CC(C=C5)=O)[H])[H]		
CHEBI:135823	prednisolone sulfobenzoate		C28H32O9S	544.615	C[C@@]12[C@]([C@]3([C@]([C@H](C1)O)([C@]4(C)C(CC3)=CC(C=C4)=O)[H])[H])(CC[C@@]2(C(COC(=O)C5=CC(S(=O)(=O)O)=CC=C5)=O)O)[H]		
CHEBI:135844	selenium (75Se) tauroselcholic acid		C26H45NO7S[75Se]	590.630	O[C@H]1[C@]2([C@]3([C@@](C)([C@](CC3)([C@@H](C[75Se]CC(NCCS(=O)(=O)O)=O)C)[H])[C@H](C[C@@]2([C@@]4([C@](C1)(C[C@@H](CC4)O)[H])C)[H])O)[H])[H]		
CHEBI:135852	triamcinolone benetonide		C35H42FNO8	623.710	C(COC(C(CNC(=O)C1=CC=CC=C1)C)=O)(=O)[C@]23[C@]4(C)[C@@](C[C@]2(OC(O3)(C)C)[H])([C@]5([C@@]([C@H](C4)O)(F)[C@]6(C)C(CC5)=CC(C=C6)=O)[H])[H]		
CHEBI:135853	tirilazad		C38H52N6O2	624.860	C[C@@]12[C@]([C@]3(C(=CC1)[C@]4(C)C(CC3)=CC(C=C4)=O)[H])(C[C@H]([C@@H]2C(CN5CCN(CC5)C=6C=C(N=C(N6)N7CCCC7)N8CCCC8)=O)C)[H]		
CHEBI:135871	prednisolone steaglate		C41H64O8	684.944	C[C@@]12[C@]([C@]3([C@]([C@H](C1)O)([C@]4(C)C(CC3)=CC(C=C4)=O)[H])[H])(CC[C@@]2(C(COC(COC(CCCCCCCCCCCCCCCCC)=O)=O)=O)O)[H]		
CHEBI:135987	flumedroxone		C22H29F3O3	398.460	C[C@@]12[C@@]3([C@]([C@]4([C@@](CC3)(C)[C@](CC4)(C(C)=O)O)[H])(C[C@@H](C1=CC(CC2)=O)C(F)(F)F)[H])[H]		
CHEBI:135991	gestonorone		C20H28O3	316.435	C[C@@]12[C@]([C@]3([C@](CC1)([C@@]4(C(CC3)=CC(CC4)=O)[H])[H])[H])(CC[C@@]2(C(C)=O)O)[H]		
CHEBI:135993	nomegestrol		C21H28O3	328.446	C[C@@]12[C@]([C@]3([C@](CC1)([C@@]4(C(C(=C3)C)=CC(CC4)=O)[H])[H])[H])(CC[C@@]2(C(C)=O)O)[H]		
CHEBI:136924	24-Nor-5beta-chol-22-ene-3alpha,12alpha-diol		C23H38O2	346.547	C1C[C@H](C[C@]2(CC[C@@]3([C@](C[C@@H]([C@]4([C@]3(CC[C@@]4([C@@](C=C)(C)[H])[H])[H])C)O)([C@@]12C)[H])[H])[H])O		
CHEBI:136925	24-Nor-5beta-chol-22-ene-3alpha,6alpha-diol		C23H38O2	346.547	C1C[C@H](C[C@]2([C@H](C[C@@]3([C@](CC[C@]4([C@]3(CC[C@@]4([C@@](C=C)(C)[H])[H])[H])C)([C@@]12C)[H])[H])O)[H])O		
CHEBI:136928	24-Nor-5beta-chol-22-ene-3alpha,7alpha-diol		C23H38O2	346.547	C1C[C@H](C[C@]2(C[C@H]([C@@]3([C@](CC[C@]4([C@]3(CC[C@@]4([C@@](C=C)(C)[H])[H])[H])C)([C@@]12C)[H])[H])O)[H])O		
CHEBI:136929	24-Nor-5beta-chol-22-ene-3alpha,7beta-diol		C23H38O2	346.547	C1C[C@H](C[C@]2(C[C@@H]([C@@]3([C@](CC[C@]4([C@]3(CC[C@@]4([C@@](C=C)(C)[H])[H])[H])C)([C@@]12C)[H])[H])O)[H])O		
CHEBI:139137	tauro-omega-muricholic acid		C26H45NO7S	515.705	[C@]12([C@]([C@]3([C@]([C@@H]([C@@H](CCC(NCCS(=O)(=O)O)=O)C)CC3)(C)CC1)[H])([C@H]([C@H](O)[C@]4([C@@]2(CC[C@H](C4)O)C)[H])O)[H])[H]		
CHEBI:139138	taurohyodeoxycholic acid		C26H45NO6S	499.706	S(O)(=O)(=O)CCN(C(=O)CC[C@H]([C@@]1([C@@]2([C@]([C@]3([C@@]([C@@]4([C@]([C@@H](O)C3)(C[C@H](O)CC4)[H])C)(CC2)[H])[H])(CC1)[H])C)[H])C)[H]		
CHEBI:140469	17,20,21-trihydroxypregn-1-ene-3,11-dione		C21H30O5	362.461	[C@@]12(CC([C@@]3([C@@]4(C(CC(C=C4)=O)CC[C@]3([C@@]1(CC[C@@]2(C(CO)O)O)[H])[H])C)[H])=O)C		
CHEBI:145226	taurallocholic acid		C26H45NO7S	515.710	C(CNC(CC[C@H]([C@H]1CCC2C3[C@@H](C[C@]4(C[C@@H](CC[C@@]4(C3C[C@@H]([C@]12C)O)C)O)[H])O)C)=O)S(=O)(=O)O		
CHEBI:156161	Pregnan-20-one, 17-(acetyloxy)-3-hydroxy-6-methyl-, (3a,5b,6a)-		C24H38O4	390.564	O([C@]1([C@@]2([C@]([C@]3([C@@]([C@@]4([C@]([C@H](C3)C)(C[C@H](O)CC4)[H])C)(CC2)[H])[H])(CC1)[H])C)C(=O)C)C(=O)C		
CHEBI:156526	5beta-pregnane-3beta,20alpha-diol		C21H36O2	320.517	C1[C@@]2([C@]3(CC[C@]4([C@]([C@@]3(CC[C@@]2(C[C@H](C1)O)[H])[H])(CC[C@]4([H])[C@@H](O)C)[H])C)[H])C		
CHEBI:166737	Taurochenodeoxycholic acid 3-sulfate		C26H45NO9S2	579.760	[H][C@@]1(CC[C@@]2([H])[C@]3([H])[C@H](O)C[C@]4([H])C[C@@H](CC[C@]4(C)[C@@]3([H])CC[C@]12C)OS(O)(=O)=O)[C@H](C)CCC(=O)NCCS(O)(=O)=O		
CHEBI:166738	Taurochenodeoxycholic acid 7-sulfate		C26H45NO9S2	579.760	S(O[C@H]1[C@]2([C@]3([C@@]([C@](CC3)([C@@H](CCC(=O)NCCS(O)(=O)=O)C)[H])(CC[C@@]2([C@@]4([C@](C1)(C[C@H](O)CC4)[H])C)[H])C)[H])[H])(O)(=O)=O		
CHEBI:166739	Taurocholenate sulfate		C26H43NO10S2	593.750	S(O[C@H]1C[C@@]2([C@@]([C@@]3([C@]([C@]4([C@@]([C@](CC4)([C@H](C)/C=C/C(=O)NCCS(O)(=O)=O)[H])([C@@H](O)C3)C)[H])([C@H](O)C2)[H])[H])(CC1)C)[H])(O)(=O)=O		
CHEBI:166740	Taurocholic acid 3-sulfate		C26H45NO10S2	595.760	S(O[C@H]1C[C@@]2([C@@]([C@@]3([C@]([C@]4([C@@]([C@](CC4)([C@@H](CCC(=O)NCCS(O)(=O)=O)C)[H])([C@@H](O)C3)C)[H])([C@H](O)C2)[H])[H])(CC1)C)[H])(O)(=O)=O		
CHEBI:166741	Taurodehydrocholic acid		C26H39NO7S	509.660	S(O)(=O)(=O)CCNC(=O)CC[C@H]([C@@]1([C@@]2([C@]([C@]3([C@@]([C@@]4([C@](CC3=O)(CC(=O)CC4)[H])C)(CC2=O)[H])[H])(CC1)[H])C)[H])C		
CHEBI:166742	Taurolithocholic acid 3-glucuronide		C32H53NO11S	659.830	S(O)(=O)(=O)CCNC(=O)CC[C@H]([C@@]1([C@@]2([C@]([C@]3([C@@]([C@@]4([C@](CC3)(C[C@H](OC5OC(C(O)C(O)C5O)C(O)=O)CC4)[H])C)(CC2)[H])[H])(CC1)[H])C)[H])C		
CHEBI:166758	Physalin L		C28H32O10	528.554	O1[C@]23[C@]4([C@@]5(C[C@@](OC(=O)[C@H]5C)([C@@]3(OC(=O)[C@]2(O)CC[C@]6([C@]([C@]1(O)C4=O)([C@H](O)C=C7[C@]6(C)C(=O)CC=C7)[H])[H])C)[H])C)[H]		
CHEBI:166773	11-Ketoprogesterone		C21H28O3	328.452	O=C1[C@]2([C@]([C@]3([C@@]([C@H](CC3)C(=O)C)(C1)C)[H])(CCC=4[C@@]2(CCC(=O)C4)C)[H])[H]		
CHEBI:166774	16-Hydroxyprogesterone		C21H30O3	330.468	OC1[C@@H]([C@@]2([C@]([C@]3([C@@]([C@@]4(C(CC3)=CC(=O)CC4)C)(CC2)[H])[H])(C1)[H])C)C(=O)C		
CHEBI:166780	Ethyltestosterone		C21H32O2	316.485	O[C@@]1([C@@]2([C@]([C@]3([C@@]([C@@]4(C(CC3)=CC(=O)CC4)C)(CC2)[H])[H])(CC1)[H])C)CC		
CHEBI:166781	Pregn-5-ene-3beta,20alpha-diol		C21H34O2	318.501	O[C@H]([C@@]1([C@@]2([C@]([C@]3([C@@]([C@@]4(C(=CC3)C[C@@H](O)CC4)C)(CC2)[H])[H])(CC1)[H])C)[H])C		
CHEBI:166782	Pregn-5-ene-3beta,20beta-diol		C21H34O2	318.501	O[C@@H]([C@@]1([C@@]2([C@]([C@]3([C@@]([C@@]4(C(=CC3)C[C@@H](O)CC4)C)(CC2)[H])[H])(CC1)[H])C)[H])C		
CHEBI:168045	24-Nor-5beta-cholane-3alpha,7alpha,12alpha-triol		C23H40O3	364.570	O[C@@H]1[C@]2([C@]([C@]3([C@@]([C@@]4([C@](C[C@H]3O)(C[C@H](O)CC4)[H])C)(C1)[H])[H])(CC[C@@]2([C@@H](CC)C)[H])[H])C		
CHEBI:168377	Hippurin-1		C30H48O7	520.707	O1[C@@]2([C@@]([C@@]3([C@]([C@]4([C@@]([C@@]5([C@@](CC4)(C[C@H](O)[C@H](OC(=O)C)C5)[H])C)([C@@H](O)C3)[H])[H])(C2)[H])C)([C@@](O)([C@@]16OC([C@H](C6)C)(C)C)C)[H])[H]		
CHEBI:169523	5alpha-Ethoxy-6beta-hydroxy-5,6-dihydrophysalin B		C30H36O11	572.607	O1C23C4C5(CC6OC(=O)C5COC1(C7C(C8(C(OCC)(C(O)C7)CC=CC8=O)C)CCC2(O)C(OC36C)=O)C4=O)C		
CHEBI:169597	Physalin H		C28H31ClO10	563.000	ClC12C(C3C(C45OC67C(C8(CC(OC(=O)C8CO4)C7(OC(=O)C6(O)CC3)C)C)C5=O)CC1O)(C)C(=O)C=CC2		
CHEBI:172737	Physalin E		C28H32O11	544.553	O1C23C4C5(CC6OC(=O)C5COC1(C7C(C8(C(O)(CC7O)CC=CC8=O)C)CCC2(O)C(OC36C)=O)C4=O)C		
CHEBI:173219	3b,15b,17a-Trihydroxy-pregnenone		C21H32O4	348.483	O[C@]1([C@@]2([C@]([C@]3([C@@]([C@@]4(C(=CC3)C[C@@H](O)CC4)C)(CC2)[H])[H])([C@H](O)C1)[H])C)C(=O)C		
CHEBI:173291	Physalin I		C29H34O11	558.580	O1C23C4C5(CC6OC(=O)C5COC1(C7C(C8(C(OC)(C(O)C7)CC=CC8=O)C)CCC2(O)C(OC36C)=O)C4=O)C		
CHEBI:174921	(E)-26,27-Dinorergosta-4,22-dien-3-one		C26H40O	368.605	O=C1CCC2(C3C(C4C(C(CC4)C(C)/C=C/C(C)C)(CC3)C)CCC2=C1)C		
CHEBI:175577	Taccagenin		C27H42O5	446.628	O1C2C(C3(C(C4C(CC3)C5(C(=CC4)CC(O)CC5)C)C2)C)C(C16OC(CC6)(CO)CO)C		
CHEBI:175638	6-beta-hydroxymedroxyprogesterone		C22H32O4	360.494	O[C@]1([C@@]2(C(C3C([C@@]4(C([C@](O)(C3)C)=CC(=O)CC4)C)CC2)CC1)C)C(=O)C		
CHEBI:175639	2-beta-hydroxymedroxyprogesterone		C22H32O4	360.494	O[C@]1([C@@]2(C(C3C([C@@]4(C([C@H](C3)C)=CC(=O)[C@@H](O)C4)C)CC2)CC1)C)C(=O)C		
CHEBI:175640	1-beta-hydroxymedroxyprogesterone		C22H32O4	360.494	O[C@]1([C@@]2(C(C3C([C@@]4(C([C@H](C3)C)=CC(=O)C[C@H]4O)C)CC2)CC1)C)C(=O)C		
CHEBI:176834	2-((4R)-4-((5R,7R,8R,9S,10S,12S,13R,17R)-7,12-dihydroxy-10,13-dimethyl-3-oxohexadecahydro-1H-cyclopenta[a]phenanthren-17-yl)pentanamido)ethane-1-sulfonic acid		C26H43NO7S	513.690	S(O)(=O)(=O)CCNC(=O)CC[C@H]([C@@]1([C@@]2(C([C@]3([C@@]([C@@]4([C@](C[C@H]3O)(CC(=O)CC4)[H])C)(C[C@@H]2O)[H])[H])CC1)C)[H])C		
CHEBI:177410	Clocortolone acetate		C24H30ClFO5	452.950	Cl[C@@]12[C@]([C@]3([C@@]([C@H]([C@@H](C3)C)C(=O)COC(=O)C)(C[C@@H]1O)C)[H])(C[C@H](F)C=4[C@]2(C)C=CC(=O)C4)[H]		
CHEBI:177414	Meclorisone dibutyrate		C30H40Cl2O6	567.540	Cl[C@@]12[C@]([C@]3([C@@]([C@](OC(=O)CCC)([C@@H](C3)C)C(=O)COC(=O)CCC)(C[C@@H]1Cl)C)[H])(CCC=4[C@]2(C)C=CC(=O)C4)[H]		
CHEBI:177423	Oxogestone Phenpropionate		C29H38O3	434.620	O([C@@H]([C@@]1([C@@]2([C@]([C@]3([C@](CC2)([C@@]4(C(CC3)=CC(=O)CC4)[H])[H])[H])(CC1)[H])C)[H])C)C(=O)CCC5=CC=CC=C5		
CHEBI:177427	fluocortolone pivalate		C27H37FO5	460.586	F[C@H]1C[C@]2([C@]3([C@@]([C@H]([C@@H](C3)C)C(=O)COC(=O)C(C)(C)C)(C[C@H](O)[C@@]2([C@@]4(C1=CC(=O)C=C4)C)[H])C)[H])[H]		
CHEBI:177475	Dexamethasone Phenylpropionate		C31H37FO6	524.629	F[C@@]12[C@]([C@]3([C@@]([C@](O)([C@@H](C3)C)C(=O)COC(=O)CCC4=CC=CC=C4)(C[C@@H]1O)C)[H])(CCC=5[C@]2(C)C=CC(=O)C5)[H]		
CHEBI:177534	Pregnane-3,3-diol		C21H36O2	320.517	OC1(O)CC2[C@@]([C@@]3([C@]([C@]4([C@@]([C@H](CC4)CC)(CC3)C)[H])(CC2)[H])[H])(CC1)C		
CHEBI:177639	Dexamethasone 21-(4-Pyridinecarboxylate)		C28H32FNO6	497.563	F[C@@]12[C@]([C@]3([C@@]([C@](O)([C@@H](C3)C)C(=O)COC(=O)C4=CC=NC=C4)(C[C@@H]1O)C)[H])(CCC=5[C@]2(C)C=CC(=O)C5)[H]		
CHEBI:177658	Ganaxolone		C22H36O2	332.528	O[C@]1(C[C@]2([C@@]([C@@]3([C@]([C@]4([C@](CC3)([C@H](CC4)C(=O)C)C)[H])(CC2)[H])[H])(CC1)C)[H])C		
CHEBI:177775	Dexamethasone Tebutate		C28H39FO6	490.612	F[C@@]12[C@]([C@]3([C@@]([C@](O)([C@@H](C3)C)C(=O)COC(=O)CC(C)(C)C)(C[C@@H]1O)C)[H])(CCC=4[C@]2(C)C=CC(=O)C4)[H]		
CHEBI:177795	clobetasone		C22H26ClFO4	408.890	ClCC(=O)[C@]1(O)[C@@]2([C@]([C@]3([C@@](F)([C@@]4(C(CC3)=CC(=O)C=C4)C)C(=O)C2)[H])(C[C@@H]1C)[H])C		
CHEBI:177864	Dexamethasone beloxil		C29H35FO5	482.592	F[C@@]12[C@]([C@]3([C@@]([C@](O)([C@@H](C3)C)C(=O)COCC4=CC=CC=C4)(C[C@@H]1O)C)[H])(CCC=5[C@]2(C)C=CC(=O)C5)[H]		
CHEBI:177866	Fluocortolone caproate		C28H39FO5	474.613	F[C@H]1C[C@]2([C@]3([C@@]([C@H]([C@@H](C3)C)C(=O)COC(=O)CCCCC)(C[C@H](O)[C@@]2([C@@]4(C1=CC(=O)C=C4)C)[H])C)[H])[H]		
CHEBI:180554	[2-[(8S,9R,10S,11S,13S,14S,16R,17R)-17-(cyclopropanecarbonyloxy)-9-luoro-11-hydroxy-10,13,16-trimethyl-3-oxo-6,7,8,11,12,14,15,16-octahydrocyclopenta[a]phenanthren-17-yl]-2-oxoethyl] cyclohexanecarboxylate		C33H43FO7	570.698	F[C@@]12[C@]([C@]3([C@@]([C@](OC(=O)C4CC4)([C@@H](C3)C)C(=O)COC(=O)C5CCCCC5)(C[C@@H]1O)C)[H])(CCC=6[C@]2(C)C=CC(=O)C6)[H]		
CHEBI:180659	6-beta-Hydroxy-mometasone furoate		C27H30Cl2O7	537.430	Cl[C@@]12[C@]([C@]3([C@@]([C@](OC(=O)C=4OC=CC4)([C@@H](C3)C)C(=O)CCl)(C[C@@H]1O)C)[H])(C(O)CC=5[C@]2(C)C=CC(=O)C5)[H]		
CHEBI:180760	Physalin O		C28H32O10	528.554	O1C23C4C5(CC(OC(=O)C5C)C3(OC(=O)C2(O)CCC6C(C1(O)C4=O)C(O)C=C7C6(C)C(=O)C=CC7)C)C		
CHEBI:180767	Physalin C		C28H30O9	510.539	O1C23C4C5(CC(OC(=O)C5=C)C3(OC(=O)C2(O)CCC6C(C1(O)C4=O)CC=C7C6(C)C(=O)C=CC7)C)C		
CHEBI:180854	4,7-Didehydroneophysalin B		C28H28O9	508.523	O1C23C4C5(CC6OC(=O)C5COC4(C7C(CCC2(O)C(OC36C)=O)C8(C(C=C7)=CC=CC8=O)C)C1=O)C		
CHEBI:180960	(8S,9S,10R,13S,14S,17R)-17-Acetyl-11,17-dihydroxy-10,13-dimethyl-2,6,7,8,9,11,12,14,15,16-decahydro-1H-cyclopenta[a]phenanthren-3-one		C21H30O4	346.467	O[C@]1([C@@]2([C@]([C@]3([C@@]([C@@]4(C(CC3)=CC(=O)CC4)C)(C(O)C2)[H])[H])(CC1)[H])C)C(=O)C		
CHEBI:180968	2-[4-[(3R,7R,12S)-3,7,12-Trihydroxy-10,13-dimethyl-2,3,4,5,6,7,8,9,11,12,14,15,16,17-tetradecahydro-1H-cyclopenta[a]phenanthren-17-yl]pentanoylamino]ethanesulfonic acid		C26H45NO7S	515.710	S(O)(=O)(=O)CCNC(=O)CCC(C1C2(C(C3C(C4(C(CC3O)C[C@H](O)CC4)C)C[C@@H]2O)CC1)C)C		
CHEBI:181131	17-Acetyl-10,13-dimethyl-1,2,6,7,8,9,11,12,14,15,16,17-dodecahydrocyclopenta[a]phenanthren-3-one		C21H30O2	314.469	O=C(C1C2(C(C3C(C4(C(CC3)=CC(=O)CC4)C)CC2)CC1)C)C		
CHEBI:181166	2-((4R)-N-Benzyl-4-((3R,5S,7S,9S,10S,13R,14S,17R)-3,7-dihydroxy-10,13-dimethylhexadecahydro-1H-cyclopenta[a]phenanthren-17-yl)pentanamido)ethane-1-sulfonic acid		C33H51NO6S	589.830	S(O)(=O)(=O)CCN(C(=O)CC[C@H]([C@@]1([C@@]2([C@]([C@]3([C@@]([C@@]4([C@](C[C@@H]3O)(C[C@H](O)CC4)[H])C)(CC2)[H])[H])(CC1)[H])C)[H])C)CC5=CC=CC=C5		
CHEBI:181176	2-((4R)-4-((3R,5S,7R,9S,10S,13R,14R,17R)-3,7,14-Trihydroxy-10,13-dimethylhexadecahydro-1H-cyclopenta[a]phenanthren-17-yl)pentanamido)ethane-1-sulfonic acid		C26H45NO7S	515.710	S(O)(=O)(=O)CCNC(=O)CC[C@H]([C@@]1([C@@]2([C@](O)([C@]3([C@@]([C@@]4([C@](C[C@H]3O)(C[C@H](O)CC4)[H])C)(CC2)[H])[H])CC1)C)[H])C		
CHEBI:181226	Taurocholic acid sodium salt hydrate		C26H44NO7S.H2O.Na	555.700	S([O-])(=O)(=O)CCNC(=O)CC[C@H]([C@@]1([C@@]2([C@]([C@]3([C@@]([C@@]4([C@](C[C@H]3O)(C[C@H](O)CC4)[H])C)(C[C@@H]2O)[H])[H])(CC1)[H])C)[H])C.[Na+].O		
CHEBI:181332	2-((4R)-4-((3R,5S,7S,9S,10S,13R,14S,17R)-3,7-Dihydroxy-10,13-dimethylhexadecahydro-1H-cyclopenta[a]phenanthren-17-yl)-2,2-dimethylpentanamido)ethane-1-sulfonic acid		C28H49NO6S	527.760	S(O)(=O)(=O)C(CNC(=O)CC[C@H]([C@@]1([C@@]2([C@]([C@]3([C@@]([C@@]4([C@](C[C@@H]3O)(C[C@H](O)CC4)[H])C)(CC2)[H])[H])(CC1)[H])C)[H])C)(C)C		
CHEBI:181348	2-[[(4R)-4-[(3R,5S,7R,9S,10S,12S,13R,14S,17R)-3,7,12-Trihydroxy-10,13-dimethyl-2,3,4,5,6,7,8,9,11,12,14,15,16,17-tetradecahydro-1H-cyclopenta[a]phenanthren-17-yl]pentanoyl]amino]ethanesulfonic acid		C26H45NO7S	515.710	S(O)(=O)(=O)CCNC(=O)CC[C@H]([C@@]1([C@@]2([C@](C3[C@@]([C@@]4([C@](CC3O)(C[C@H](O)CC4)[H])C)(C[C@@H]2O)[H])(CC1)[H])C)[H])C		
CHEBI:181392	2-[[(4R)-4-[(3R,5R,9S,10S,12S,13R,14S,17R)-3,12-Dihydroxy-10,13-dimethyl-2,3,4,5,6,7,8,9,11,12,14,15,16,17-tetradecahydro-1H-cyclopenta[a]phenanthren-17-yl]pentanoyl]amino]ethanesulfonic acid		C26H45NO6S	499.710	S(O)(=O)(=O)CCNC(=O)CC[C@H]([C@@]1([C@@]2([C@](C3[C@@]([C@@]4([C@](CC3)(C[C@H](O)CC4)[H])C)(C[C@@H]2O)[H])(CC1)[H])C)[H])C		
CHEBI:181794	2-((4R)-4-((3R,5S,7R,9S,10S,13S,14S,16R)-3,7,16-Trihydroxy-10,13-dimethylhexadecahydro-1H-cyclopenta[a]phenanthren-17-yl)pentanamido)ethane-1-sulfonic acid		C26H45NO7S	515.710	S(O)(=O)(=O)CCNC(=O)CC[C@H]([C@@]1([C@@]2([C@]([C@]3([C@@]([C@@]4([C@](C[C@H]3O)(C[C@H](O)CC4)[H])C)(CC2)[H])[H])(C[C@H]1O)[H])C)[H])C		
CHEBI:181998	2-((4R)-4-((3R,5R,9S,10S,13R,14S,17R)-3-Hydroxy-10,13-dimethylhexadecahydro-1H-cyclopenta[a]phenanthren-17-yl)-N-methylpentanamido)ethane-1-sulfonic acid		C27H47NO5S	497.740	S(O)(=O)(=O)CCN(C(=O)CC[C@H]([C@@]1([C@@]2([C@]([C@]3([C@@]([C@@]4([C@](CC3)(C[C@H](O)CC4)[H])C)(CC2)[H])[H])(CC1)[H])C)[H])C)C		
CHEBI:182155	Sulfo((4R)-4-((3R,5S,7R,9S,10S,12S,13R,14S,17R)-3,7,12-trihydroxy-10,13-dimethylhexadecahydro-1H-cyclopenta[a]phenanthren-17-yl)pentanoyl)alanine		C27H45NO9S	559.720	S(O)(=O)(=O)CC(NC(=O)CC[C@H]([C@@]1([C@@]2([C@]([C@]3([C@@]([C@@]4([C@](C[C@H]3O)(C[C@H](O)CC4)[H])C)(C[C@@H]2O)[H])[H])(CC1)[H])C)[H])C)C(O)=O		
CHEBI:182301	2-[[(4R)-4-[(3R,5R,8R,9S,10S,12R,13R,14S,17R)-3,12-Dihydroxy-10,13-dimethyl-2,3,4,5,6,7,8,9,11,12,14,15,16,17-tetradecahydro-1H-cyclopenta[a]phenanthren-17-yl]pentanoyl]amino]ethanesulfonic acid		C26H45NO6S	499.710	S(O)(=O)(=O)CCNC(=O)CC[C@H]([C@@]1([C@@]2([C@]([C@]3([C@@]([C@@]4([C@](CC3)(C[C@H](O)CC4)[H])C)(C[C@H]2O)[H])[H])(CC1)[H])C)[H])C		
CHEBI:182389	Tauromurocholate		C26H45NO6S	499.710	S(O)(=O)(=O)CCNC(=O)CC[C@H]([C@@]1([C@@]2([C@]([C@]3([C@@]([C@@]4([C@]([C@H](O)C3)(C[C@H](O)CC4)[H])C)(CC2)[H])[H])(CC1)[H])C)[H])C		
CHEBI:182390	2-((4R)-4-((3R,5R,6S,7R,9S,10R,13R,14S,17R)-3,6,7-Trihydroxy-10,13-dimethylhexadecahydro-1H-cyclopenta[a]phenanthren-17-yl)pent-2-enamido)ethane-1-sulfonic acid		C26H43NO7S	513.690	S(O)(=O)(=O)CCNC(=O)\C=C\[C@H]([C@@]1([C@@]2([C@]([C@]3([C@@]([C@@]4([C@]([C@H](O)[C@@H]3O)(C[C@H](O)CC4)[H])C)(CC2)[H])[H])(CC1)[H])C)[H])C		
CHEBI:182391	3alpha,7alpha,12alpha,24-Tetrahydroxy-5beta-cholestan-27-oyl taurine		C29H51NO8S	573.790	S(O)(=O)(=O)CCNC(=O)C(C(O)CC[C@H]([C@@]1([C@@]2([C@]([C@]3([C@@]([C@@]4([C@](C[C@H]3O)(C[C@H](O)CC4)[H])C)(C[C@@H]2O)[H])[H])(CC1)[H])C)[H])C)C		
CHEBI:182409	Fluocortin		C22H27FO5	390.451	F[C@H]1C[C@]2([C@]3([C@@]([C@H]([C@@H](C3)C)C(=O)C(O)=O)(C[C@H](O)[C@@]2([C@@]4(C1=CC(=O)C=C4)C)[H])C)[H])[H]		
CHEBI:182730	2-[4-(3,6,7-Trihydroxy-10,13-dimethyl-2,3,4,5,6,7,8,9,11,12,14,15,16,17-tetradecahydro-1H-cyclopenta[a]phenanthren-17-yl)pentanoylamino]ethanesulfonic acid		C26H45NO7S	515.710	S(O)(=O)(=O)CCNC(=O)CCC(C1C2(C(C3C(C4(C(C(O)C3O)CC(O)CC4)C)CC2)CC1)C)C		
CHEBI:182777	Cortisol octanoate		C29H44O6	488.665	O[C@]1([C@@]2([C@]([C@]3([C@@]([C@@]4(C(CC3)=CC(=O)CC4)C)([C@@H](O)C2)[H])[H])(CC1)[H])C)C(=O)COC(=O)CCCCCCC		
CHEBI:183108	Taurocholic Acid-D4		C26H45NO7S	515.710	S(O)(=O)(=O)CCNC(=O)CCC(C1C2(C(C3C(C4(C(CC3O)CC(O)CC4)C)CC2O)CC1)C)C		
CHEBI:183615	Hippuristanacetal		C30H44O7	516.675	O1[C@@]2([C@]3([C@@]4([C@]([C@]5([C@@]([C@@]6([C@@](CC5)(C[C@H](OC(=O)C)CC6)[H])C)([C@@H](O)C4)[H])[H])(C2)[H])C(O[C@]3(C17OC([C@H](C7)C)(C)C)C)=O)[H])[H]		
CHEBI:184101	Qingyangshengenin		C28H36O8	500.588	O[C@]12[C@]([C@H](OC(=O)C3=CC=C(O)C=C3)C[C@]4([C@@]1(O)CC=C5[C@@]4(CC[C@H](O)C5)C)[H])([C@@](O)(CC2)C(=O)C)C		
CHEBI:185496	22-epi-Hippurin-1		C30H48O7	520.707	O1[C@@]2([C@@]([C@@]3([C@]([C@]4([C@@]([C@@]5([C@@](CC4)(C[C@H](O)[C@H](OC(=O)C)C5)[H])C)([C@@H](O)C3)[H])[H])(C2)[H])C)([C@@](O)([C@]16OC([C@H](C6)C)(C)C)C)[H])[H]		
CHEBI:185653	24-Nor-5beta-chol-22-ene-3alpha,7alpha,12alpha-triol		C23H38O3	362.554	O[C@@H]1[C@]2([C@]([C@]3([C@@]([C@@]4([C@](C[C@H]3O)(C[C@H](O)CC4)[H])C)(C1)[H])[H])(CC[C@@]2([C@H](C)C=C)[H])[H])C		
CHEBI:185904	Hippuristanolide		C30H44O6	500.676	O1[C@@]2([C@@]3([C@@]45[C@]([C@]6([C@]([C@@](O[C@]14[H])(C5)[H])([C@@]7([C@@](CC6)(C[C@H](OC(=O)C)CC7)[H])C)[H])[H])(C[C@@]3(OC82OC(C(C8)C)(C)C)[H])[H])[H])C		
CHEBI:186603	Pregnan-20-one, 17-(acetyloxy)-3-hydroxy-6-methyl-, (3b,5b,6a)-		C24H38O4	390.564	O([C@]1([C@@]2([C@]([C@]3([C@@]([C@@]4([C@]([C@H](C3)C)(C[C@@H](O)CC4)[H])C)(CC2)[H])[H])(CC1)[H])C)C(=O)C)C(=O)C		
CHEBI:186622	22,23-epoxy-5beta-campestan-3beta-ol		C28H48O2	416.690	O1C([C@H]([C@@]2([C@@]3([C@]([C@]4([C@@]([C@@]5([C@](CC4)(C[C@@H](O)CC5)[H])C)(CC3)[H])[H])(CC2)[H])C)[H])C)C1[C@H](C(C)C)C		
CHEBI:186912	18-hydroxypregna-1,4,20-trien-3-one		C21H28O2	312.453	OC[C@@]12[C@]([C@]3([C@](CC1)([C@@]4(C(CC3)=CC(=O)C=C4)C)[H])[H])(CC[C@@H]2C=C)[H]		
CHEBI:187101	12beta-hydroxy-24-norcholesta-1,4,22E-trien-3-one		C26H38O2	382.588	O[C@H]1[C@]2([C@]([C@]3([C@](C1)([C@@]4(C(CC3)=CC(=O)C=C4)C)[H])[H])(CC[C@@]2([C@H](C)/C=C/C(C)C)[H])[H])C		
CHEBI:187118	Physalin K		C28H30O12	558.536	O1C23C4C5(CC6OC(=O)C5COC1(C7C(C8(C9(OOC(C8=O)C=C9)C(O)C7)C)CCC2(O)C(OC36C)=O)C4=O)C		
CHEBI:187331	(25R)-1beta,3alpha,7alpha-trihydroxy-5beta-cholestan-27-oyl taurine		C29H51NO7S	557.790	S(O)(=O)(=O)CCNC(=O)[C@@H](CCC[C@H](C1[C@@]2(C(C3C([C@@]4([C@](CC3O)(C[C@H](O)C[C@H]4O)[H])C)CC2)CC1)C)C)C		
CHEBI:187675	(25R)-3alpha,7alpha-dihydroxy-5beta-cholestan-27-oyl taurine		C29H51NO6S	541.790	S(O)(=O)(=O)CCNC(=O)[C@@H](CCC[C@H](C1[C@@]2(C(C3C([C@@]4([C@](CC3O)(C[C@H](O)CC4)[H])C)CC2)CC1)C)C)C		
CHEBI:187805	(25R)-3alpha,7alpha,12alpha-trihydroxy-5beta-cholestan-27-oyl taurine		C29H51NO7S	557.790	S(O)(=O)(=O)CCNC(=O)[C@@H](CCC[C@H](C1[C@@]2(C(C3C([C@@]4([C@](CC3O)(C[C@H](O)CC4)[H])C)C[C@@H]2O)CC1)C)C)C		
CHEBI:188014	3a,20b-Pregnanediol		C21H36O2	320.517	O[C@H](C1[C@@]2([C@]([C@]3([C@@]([C@@]4([C@@](CC3)(C[C@H](O)CC4)[H])C)(CC2)[H])[H])(CC1)[H])C)C		
CHEBI:188511	Clometherone		C22H31ClO2	362.940	Cl[C@H]1C[C@]2([C@]3([C@@]([C@H]([C@@H](C3)C)C(=O)C)(CC[C@@]2([C@@]4(C1=CC(=O)CC4)C)[H])C)[H])[H]		
CHEBI:188569	Cormethasone acetate		C24H29F3O6	470.485	F[C@@]12[C@]([C@]3([C@@]([C@](O)([C@@H](C3)C)C(=O)COC(=O)C)(C[C@@H]1O)C)[H])(CC(F)(F)C=4[C@]2(C)C=CC(=O)C4)[H]		
CHEBI:188822	Corphos		C21H31O8P	442.445	P(OCC(=O)C1(O)C2(C(C3C(C4(C(CC3)=CC(=O)CC4)C)C(O)C2)CC1)C)(O)(O)=O		
CHEBI:189932	Lycopersiconol		C21H34O3	334.500	OC1C(C2(C(C3C(C4(C(CC3)CC(O)CC4)C)CC2)C1)C)C(=O)C		
CHEBI:190265	Condurangogenin C		C32H44O7	540.697	O[C@]12[C@]([C@H](OC(=O)/C=C/C3=CC=CC=C3)[C@@H](OC(=O)C)[C@]4([C@]1(CC[C@@]5([C@@]4(CC[C@H](O)C5)C)[H])[H])[H])([C@H](CC2)C(O)C)C		
CHEBI:190408	11a-Hydroxyprogesterone		C21H30O3	330.468	O[C@H]1[C@]2([C@]([C@]3([C@](C1)(C(CC3)C(=O)C)C)[H])(CCC=4[C@@]2(CCC(=O)C4)C)[H])[H]		
CHEBI:191688	Physalin M		C28H32O9	512.555	O1[C@]23[C@@]4([C@@]5(C[C@@](OC(=O)[C@H]5C)([C@@]3(OC(=O)[C@@]2(O)CC[C@]6([C@]([C@]1(O)C4=O)(CC=C7[C@]6(C)C(=O)CC=C7)[H])[H])C)[H])C)[H]		
CHEBI:191715	Physalin A		C28H30O10	526.538	O1[C@]23[C@@]4([C@@]5(C[C@@](OC(=O)C5=C)([C@@]3(OC(=O)[C@@]2(O)CC[C@]6([C@]([C@]1(O)C4=O)([C@H](O)C=C7[C@]6(C)C(=O)C=CC7)[H])[H])C)[H])C)[H]		
CHEBI:191745	Isophysalin B		C28H30O9	510.539	O1C23C4C5(CC6OC(=O)C5COC1(C4=O)C7C(CCC2(O)C(OC36C)=O)C8(C(=CC7)C=CCC8=O)C)C		
CHEBI:191779	Koetjapic acid		C30H46O4	470.694	OC(=O)[C@@]1(C[C@]2(C=3[C@]([C@]4([C@@]([C@]([C@@H](CC4)C(C)=C)(CCC(O)=O)C)(CC3)[H])C)(CC[C@]2(CC1)C)C)[H])C		
CHEBI:192028	Physalin P		C28H30O10	526.538	O1C23C4C5(CC6OC(=O)C5COC4(C7(O)C(CCC2C(OC36C)=O)C8(C(O)(C=C7)CC=CC8=O)C)C1=O)C		
CHEBI:192055	Isophysalin G		C28H30O10	526.538	O1[C@]23[C@]4([C@]5(C[C@@]6(OC(=O)[C@@]5(CO[C@]1(C4=O)[C@@]7([C@@](CC[C@]2(O)C(O[C@]36C)=O)([C@@]8(C(C=C7)=C[C@@H](O)CC8=O)C)[H])[H])[H])[H])C)[H]		
CHEBI:192102	16-a-Hydroxypregnenolone		C21H32O3	332.484	OC1C([C@@]2(C(C3C([C@@]4(C(=CC3)CC(O)CC4)C)CC2)C1)C)C(=O)C		
CHEBI:192971	3,17,20-trihydroxy-pregn-5-en-11-one		C21H32O4	348.483	O[C@]1([C@@]2([C@]([C@]3([C@@]([C@@]4(C(=CC3)CC(O)CC4)C)(C(=O)C2)[H])[H])(CC1)[H])C)C(O)C		
CHEBI:193387	HDOPA		C21H28O5	360.450	O[C@@H]1[C@]2([C@]([C@]3([C@](C1)([C@H](CC3)C(=O)C(O)=O)C)[H])(CCC=4[C@@]2(CCC(=O)C4)C)[H])[H]		
CHEBI:193455	16a-Hydroxyprednisolone		C21H28O6	376.449	O[C@]1([C@@]2([C@]([C@]3([C@]([C@H](O)C2)([C@@]4(C(CC3)=CC(=O)C=C4)C)[H])[H])(C[C@@H]1O)[H])C)CC(O)=O		
CHEBI:193901	25,27-Dihydro-4,7-didehydro-7-deoxyphysalin A		C28H30O9	510.539	O1C23C4C5(CC(OC(=O)C5C)C3(OC(=O)C2(O)CCC6C(C4(O)C1=O)C=CC=7C6(C)C(=O)C=CC7)C)C		
CHEBI:195460	3beta,14beta-dihydroxy-5beta-pregnane-20-one		C21H34O3	334.500	O[C@@]12[C@]3([C@@]([C@@]4([C@](CC3)(C[C@@H](O)CC4)[H])C)(CC[C@@]1([C@H](CC2)C(=O)C)C)[H])[H]		
CHEBI:197151	Halobetasol		C22H27ClF2O4	428.900	ClCC(=O)[C@]1(O)[C@@]2([C@]([C@]3([C@](F)([C@@H](O)C2)[C@@]4(C([C@@H](F)C3)=CC(=O)C=C4)C)[H])(C[C@@H]1C)[H])C		
CHEBI:197158	Hydroxyprogesterone acetate		C23H32O4	372.505	O([C@]1([C@@]2([C@]([C@]3([C@@]([C@@]4(C(CC3)=CC(=O)CC4)C)(CC2)[H])[H])(CC1)[H])C)C(=O)C)C(=O)C		
CHEBI:197172	Sebiferic acid		C30H48O2	440.712	OC(=O)CCC1(C2C(C3(C(C4(C(CC3)C(CC4)C(C)=C)C)CC2)C)(CCC1C(C)=C)C)C		
CHEBI:197197	15beta-hydroxycyproterone acetate		C24H29ClO5	432.940	ClC=1C=2[C@@]([C@@]3([C@]([C@]4([C@](CC3)([C@](OC(=O)C)(CC4O)C(=O)C)C)[H])(C1)[H])[H])(C5C(C5)C(=O)C2)C		
CHEBI:198281	Hawaiinolide G		C20H28O5	348.439	O=C1[C@@]2(O)[C@@](C(=O)O)([C@H](O)CC[C@@]2([C@H]3CCC([C@H]([C@@H]3C1)C=C)=C)C)C		
CHEBI:207421	Oridamycin B		C23H25NO4	379.456	O=C(O)[C@]1([C@@H](O)CC[C@]2([C@H]1CCC3=C2C=C4C5=C(C=CC=C5)NC4=C3)C)CO		
CHEBI:213178	Zythiostromic acid A		C20H30O5	350.455	O=C(O)[C@@]1([C@@]2(O)[C@@]([C@@H]3[C@H]([C@H](C(=C)CC3)C=C)C[C@H]2O)(CC[C@H]1O)C)C		
CHEBI:215353	3alpha,5alpha,8beta-trihydroxycleistanth-13(17),15-dien-18-oic acid		C20H30O5	350.455	O=C(O)[C@]1([C@@]2(O)[C@@]([C@@H]3[C@](O)([C@@H](C(=C)CC3)C=C)CC2)(CC[C@H]1O)C)C		
CHEBI:217674	Zythiostromic acid C		C20H30O6	366.454	O=C(O)[C@@]1([C@@]2(O)[C@@]([C@@H]3[C@](O)([C@H](C(=C)CC3)C=C)[C@H](C2)O)(CC[C@H]1O)C)C		
CHEBI:220458	Zythiostromic acid B		C20H30O4	334.456	O=C(O)[C@@]1([C@@]2(O)[C@@]([C@@H]3[C@H]([C@H](C(=C)CC3)C=C)CC2)(CC[C@H]1O)C)C		
CHEBI:223814	Xylabisboein B		C20H30O3	318.457	O=C(O)[C@@]1([C@H]2[C@@]([C@@H]3C([C@H]4OCC[C@@]4(C)CC3)=CC2)(CCC1)C)C		
CHEBI:224460	Talascortene A		C20H31ClO5	386.910	ClC[C@@]1(O)[C@@H](C=C)[C@H]2[C@@H]([C@@]3([C@](O)([C@@](C(=O)O)([C@H](O)CC3)C)CC2)C)CC1		
CHEBI:224480	Talascortene E		C21H32O4	348.483	O=C(O)[C@@]1([C@@]2(O)[C@@](C3=C([C@@H](OC)[C@@](C=C)(C)CC3)CC2)(CCC1)C)C		
CHEBI:224493	Talascortene G		C21H32O5	364.482	O=C(O)[C@@]1([C@@]2(O)[C@@](C3=C([C@H](OC)[C@@](C=C)(C)CC3)CC2)(CC[C@H]1O)C)C		
CHEBI:228856	Caudatin		C28H42O7	490.637	O[C@]12[C@]([C@H](OC(=O)/C=C(/C(C)C)\C)C[C@]3([C@@]1(O)CC=C4[C@@]3(CC[C@H](O)C4)C)[H])([C@](O)(CC2)C(=O)C)C		
CHEBI:229017	5alpha-Pregnane-3beta,20beta-diol		C21H36O2	320.517	OC(C1C2(C(C3C(C4(C(CC3)CC(O)CC4)C)CC2)CC1)C)C		
CHEBI:229107	Dresigenin B		C26H44O6	452.632	OC12C(C(O)(CC1)C(OC(=O)C(CC)C)C)(C(O)CC3C2CCC4C3(CCC(O)C4)C)C		
CHEBI:230109	Methyl 20-dihydroprednisolonate		C22H30O6	390.476	O[C@]1([C@@]2([C@H]([C@H]3[C@H]([C@@H](O)C2)[C@@]4(C(CC3)=CC(=O)C=C4)C)CC1)C)C(O)C(OC)=O		
CHEBI:230319	(2S,3S,5S,8S,9S,10S,13S,14S,17S)-17-Acetyl-2-(2,2-dimethylmorpholino)-3-hydroxy-10,13-dimethylhexadecahydro-11H-cyclopenta[a]phenanthren-11-one		C27H43NO4	445.644	O=C1[C@H]2[C@H]([C@H]3[C@@]([C@H](CC3)C(=O)C)(C1)C)CC[C@@H]4[C@@]2(C[C@H](N5CC(OCC5)(C)C)[C@@H](O)C4)C		
CHEBI:230630	Flugestone		C21H29FO4	364.457	F[C@@]12[C@H]([C@H]3[C@@]([C@](O)(CC3)C(=O)C)(C[C@@H]1O)C)CCC=4[C@@]2(CCC(=O)C4)C		
CHEBI:230865	11,17-Dihydroxy-3,20-dioxopregn-4-en-21-yl acetate		C23H32O6	404.503	OC1(C2(C(C3C(C4(C(CC3)=CC(=O)CC4)C)C(O)C2)CC1)C)C(=O)COC(=O)C		
CHEBI:231018	21-Fluoro-16-ethyl-19-norprogesterone		C22H31FO2	346.486	FCC(=O)[C@@H]1[C@@]2([C@H]([C@H]3[C@H](CC2)[C@@H]4C(CC3)=CC(=O)CC4)CC1CC)C		
CHEBI:231215	Minaxolone		C25H43NO3	405.623	O([C@H]1C[C@@]2([C@@H]3[C@H]([C@H]4[C@](C[C@H]3N(C)C)([C@H](CC4)C(=O)C)C)CC[C@H]2C[C@@H]1O)C)CC		
CHEBI:732	5beta-dihydrocortisol		C21H32O5	364.477	C1C(C[C@@]2([C@](C1)([C@@]3([C@@](CC2)([C@@]4([H])[C@@](C[C@@H]3O)(C)[C@](CC4)(C(CO)=O)O)[H])[H])C)[H])=O		
CHEBI:763	algestone		C21H30O4	346.46050	[H][C@@]12CCC3=CC(=O)CC[C@]3(C)[C@@]1([H])CC[C@@]1(C)[C@@]2([H])C[C@@H](O)[C@]1(O)C(C)=O		
CHEBI:766	estriol 16-O-(beta-D-glucuronide)		C24H32O9	464.506	C1[C@]2([C@]3([C@@](C4=C(C=C(O)C=C4)CC3)(CC[C@@]2([C@@H](O)[C@@H]1O[C@@H]5O[C@@H]([C@H]([C@@H]([C@H]5O)O)O)C(O)=O)C)[H])[H])[H]		
CHEBI:1189	2-methoxyestrone		C19H24O3	300.39206	[H][C@]12CC[C@]3(C)C(=O)CC[C@@]3([H])[C@]1([H])CCc1cc(O)c(OC)cc21		
CHEBI:2149	5beta-cyprinol sulfate		C27H48O8S	532.73122	[H][C@@]12C[C@H](O)CC[C@]1(C)[C@@]1([H])C[C@H](O)[C@]3(C)[C@]([H])(CC[C@@]3([H])[C@]1([H])[C@H](O)C2)[C@H](C)CCCC(CO)COS(O)(=O)=O		
CHEBI:2295	7alpha -hydroxytestosterone	CHEBI:83026	C19H28O3	304.42380	C[C@]12CC[C@H]3[C@H]([C@@H]1CC[C@@H]2O)[C@H](O)CC1=CC(=O)CC[C@]31C		
CHEBI:2937	avenacoside A		C51H82O23	1063.18300	[H][C@]12C[C@@]3([H])[C@]4([H])CC=C5C[C@H](CC[C@]5(C)[C@@]4([H])CC[C@]3(C)[C@@]1([H])[C@H](C)[C@@]1(CC[C@@](C)(CO[C@@H]3O[C@H](CO)[C@@H](O)[C@H](O)[C@H]3O)O1)O2)O[C@@H]1O[C@H](CO)[C@@H](O[C@@H]2O[C@H](CO)[C@@H](O)[C@H](O)[C@H]2O)[C@H](O)[C@H]1O[C@@H]1O[C@@H](C)[C@H](O)[C@@H](O)[C@H]1O		
CHEBI:2938	avenacoside B		C57H92O28	1225.32360	[H][C@]12C[C@@]3([H])[C@]4([H])CC=C5C[C@H](CC[C@]5(C)[C@@]4([H])CC[C@]3(C)[C@@]1([H])[C@H](C)[C@@]1(CC[C@@](C)(CO[C@@H]3O[C@H](CO)[C@@H](O)[C@H](O)[C@H]3O)O1)O2)O[C@@H]1O[C@H](CO)[C@@H](O[C@@H]2O[C@H](CO)[C@@H](O)[C@H](O[C@@H]3O[C@H](CO)[C@@H](O)[C@H](O)[C@H]3O)[C@H]2O)[C@H](O)[C@H]1O[C@@H]1O[C@@H](C)[C@H](O)[C@@H](O)[C@H]1O		
CHEBI:3001	beclomethasone		C22H29ClO5	408.91536	[H][C@@]12C[C@H](C)[C@](O)(C(=O)CO)[C@@]1(C)C[C@H](O)[C@@]1(Cl)[C@@]2([H])CCC2=CC(=O)C=C[C@]12C		
CHEBI:3002	beclomethasone dipropionate		C28H37ClO7	521.04188	[H][C@@]12C[C@H](C)[C@](OC(=O)CC)(C(=O)COC(=O)CC)[C@@]1(C)C[C@H](O)[C@@]1(Cl)[C@@]2([H])CCC2=CC(=O)C=C[C@]12C		
CHEBI:3077	betamethasone		C22H29FO5	392.46110	[H][C@@]12C[C@H](C)[C@](O)(C(=O)CO)[C@@]1(C)C[C@H](O)[C@@]1(F)[C@@]2([H])CCC2=CC(=O)C=C[C@]12C		
CHEBI:3201	bryotoxin A		C32H42O12	618.66870	C[C@@H]1C[C@@H](OC(C)=O)[C@H](O)[C@H](O[C@H]2CC[C@]3(C=O)[C@H]4[C@H](O)C(=O)[C@]5(C)[C@H](CC[C@]5(O)[C@@H]4CC[C@]3(O)C2)c2ccc(=O)oc2)O1		
CHEBI:3207	budesonide		C25H34O6	430.53386	[H][C@@]12CCC3=CC(=O)C=C[C@]3(C)[C@@]1([H])[C@@H](O)C[C@@]1(C)[C@@]2([H])C[C@H]2OC(CCC)O[C@@]12C(=O)CO		
CHEBI:4551	digoxin	CHEBI:41856; CHEBI:569365; CHEBI:616935	C41H64O14	780.93850	[H][C@]12CC[C@]3([H])[C@]([H])(C[C@@H](O)[C@]4(C)[C@H](CC[C@]34O)C3=CC(=O)OC3)[C@@]1(C)CC[C@@H](C2)O[C@H]1C[C@H](O)[C@H](O[C@H]2C[C@H](O)[C@H](O[C@H]3C[C@H](O)[C@H](O)[C@@H](C)O3)[C@@H](C)O2)[C@@H](C)O1	1IGJ	
CHEBI:4629	diosgenin	CHEBI:67838	C27H42O3	414.62060	[H][C@]12C[C@@]3([H])[C@]4([H])CC=C5C[C@@H](O)CC[C@]5(C)[C@@]4([H])CC[C@]3(C)[C@@]1([H])[C@H](C)[C@@]1(CC[C@@H](C)CO1)O2		
CHEBI:5102	fludrocortisone acetate		C23H31FO6	422.48700	CC(=O)OCC(=O)[C@@]1(O)CC[C@H]2[C@@H]3CCC4=CC(=O)CC[C@]4(C)[C@@]3(F)[C@@H](O)C[C@]12C		
CHEBI:5106	flunisolide		C24H31FO6	434.49770	CC1(C)O[C@@H]2C[C@H]3[C@@H]4C[C@H](F)C5=CC(=O)C=C[C@]5(C)[C@H]4[C@@H](O)C[C@]3(C)[C@@]2(O1)C(=O)CO		
CHEBI:5120	fluoxymesterone		C20H29FO3	336.44086	[H][C@]1(O)C[C@@]2(C)[C@@]([H])(CC[C@]2(C)O)[C@]2([H])CCC3=CC(=O)CC[C@]3(C)[C@@]12F		
CHEBI:5134	fluticasone		C22H27F3O4S	444.50800	[H][C@@]12C[C@@H](C)[C@](O)(C(=O)SCF)[C@@]1(C)C[C@H](O)[C@@]1(F)[C@@]2([H])C[C@H](F)C2=CC(=O)C=C[C@]12C		
CHEBI:5650	helveticoside		C29H42O9	534.646	[H][C@@]1(CC[C@]2(O)[C@]3([H])CC[C@]4(O)C[C@H](CC[C@]4(C=O)[C@@]3([H])CC[C@]12C)O[C@H]1C[C@H](O)[C@H](O)[C@@H](C)O1)C1=CC(=O)OC1		
CHEBI:6443	levonorgestrel	CHEBI:94795; CHEBI:44593	C21H28O2	312.453	[H][C@@]12CC[C@@](O)(C#C)[C@@]1(CC)CC[C@]1([H])[C@@]3([H])CCC(=O)C=C3CC[C@@]21[H]		
CHEBI:6715	medroxyprogesterone		C22H32O3	344.495	C1[C@]2([C@]3([C@@]([C@@]4(C(=CC(CC4)=O)[C@H](C3)C)C)(CC[C@@]2([C@@](C1)(O)C(=O)C)C)[H])[H])[H]		
CHEBI:6722	megestrol		C22H30O3	328.44522	[H][C@@]12CC[C@](O)(C(C)=O)[C@@]1(C)CC[C@@]1([H])[C@@]2([H])C=C(C)C2=CC(=O)CC[C@]12C		
CHEBI:6888	6alpha-methylprednisolone		C22H30O5	374.47060	C[C@H]1C[C@H]2[C@@H]3CC[C@](O)(C(=O)CO)[C@@]3(C)C[C@H](O)[C@@H]2[C@@]2(C)C=CC(=O)C=C12		
CHEBI:6889	methylprednisolone acetate		C24H32O6	416.50730	C[C@H]1C[C@H]2[C@@H]3CC[C@](O)(C(=O)COC(C)=O)[C@@]3(C)C[C@H](O)[C@@H]2[C@@]2(C)C=CC(=O)C=C12		
CHEBI:6970	mometasone		C22H28Cl2O4	427.36072	[H][C@@]12C[C@@H](C)[C@](O)(C(=O)CCl)[C@@]1(C)C[C@H](O)[C@@]1(Cl)[C@@]2([H])CCC2=CC(=O)C=C[C@]12C		
CHEBI:7522	neriifolin		C30H46O8	534.68144	[H][C@]12CC[C@]3([H])[C@]([H])(CC[C@]4(C)[C@]([H])(CC[C@]34O)C3=CC(=O)OC3)[C@@]1(C)CC[C@@H](C2)O[C@@H]1O[C@@H](C)[C@H](O)[C@@H](OC)[C@@H]1O		
CHEBI:7627	norethisterone	CHEBI:44349	C20H26O2	298.41920	C[C@]12CC[C@H]3[C@@H](CCC4=CC(=O)CC[C@H]34)[C@@H]1CC[C@@]2(O)C#C		
CHEBI:7864	oxymetholone		C21H32O3	332.47700	C[C@]1(O)CC[C@H]2[C@@H]3CC[C@H]4CC(=O)C(C[C@]4(C)[C@H]3CC[C@]12C)=CO		
CHEBI:8378	prednisolone		C21H28O5	360.44400	[H][C@@]12CCC3=CC(=O)C=C[C@]3(C)[C@@]1([H])[C@@H](O)C[C@@]1(C)[C@@]2([H])CC[C@]1(O)C(=O)CO		
CHEBI:8382	prednisone		C21H26O5	358.42810	[H][C@@]12CCC3=CC(=O)C=C[C@]3(C)[C@@]1([H])C(=O)C[C@@]1(C)[C@@]2([H])CC[C@]1(O)C(=O)CO		
CHEBI:8588	protodioscin		C51H84O22	1049.19950	[H][C@]12C[C@@]3([H])[C@]4([H])CC=C5C[C@H](CC[C@]5(C)[C@@]4([H])CC[C@]3(C)[C@@]1([H])[C@H](C)[C@@](O)(CC[C@@H](C)CO[C@@H]1O[C@H](CO)[C@@H](O)[C@H](O)[C@H]1O)O2)O[C@@H]1O[C@H](CO)[C@@H](O[C@@H]2O[C@@H](C)[C@H](O)[C@@H](O)[C@H]2O)[C@H](O)[C@H]1O[C@@H]1O[C@@H](C)[C@H](O)[C@@H](O)[C@H]1O		
CHEBI:8884	rocuronium	CHEBI:340257	C32H53N2O4	529.77420	[H][C@@]12CC[C@]3([H])[C@]([H])(CC[C@]4(C)[C@@H](OC(C)=O)[C@H](C[C@@]34[H])[N+]3(CCCC3)CC=C)[C@@]1(C)C[C@@H]([C@@H](O)C2)N1CCOCC1		
CHEBI:9241	spironolactone	CHEBI:45692	C24H32O4S	416.57448	[H][C@]12CC[C@@]3(C)[C@@]([H])(CC[C@@]33CCC(=O)O3)[C@]1([H])[C@@H](CC1=CC(=O)CC[C@]21C)SC(C)=O		
CHEBI:9667	triamcinolone		C21H27FO6	394.43390	[H][C@@]12C[C@@H](O)[C@](O)(C(=O)CO)[C@@]1(C)C[C@H](O)[C@@]1(F)[C@@]2([H])CCC2=CC(=O)C=C[C@]12C		
CHEBI:9907	ursodeoxycholic acid		C24H40O4	392.57200	[H][C@@]12C[C@H](O)CC[C@]1(C)[C@@]1([H])CC[C@]3(C)[C@]([H])(CC[C@@]3([H])[C@]1([H])[C@@H](O)C2)[C@H](C)CCC(O)=O		
CHEBI:9939	vecuronium		C34H57N2O4	557.82740	[H][C@@]12CC[C@]3([H])[C@]([H])(CC[C@]4(C)[C@@H](OC(C)=O)[C@H](C[C@@]34[H])[N+]3(C)CCCCC3)[C@@]1(C)C[C@@H]([C@H](C2)OC(C)=O)N1CCCCC1		
CHEBI:10041	withanolide D	CHEBI:66324	C28H38O6	470.59770	CC1=C(C)C(=O)O[C@H](C1)[C@](C)(O)[C@H]1CC[C@H]2[C@@H]3C[C@H]4O[C@]44[C@@H](O)C=CC(=O)[C@]4(C)[C@H]3CC[C@]12C		
CHEBI:15690	20-hydroxy-3-oxopregn-4-en-21-al	CHEBI:1290; CHEBI:11659; CHEBI:19797	C21H30O3	330.46110	[H]C(=O)C(O)[C@H]1CC[C@@]2([H])[C@]3([H])CCC4=CC(=O)CC[C@]4(C)[C@@]3([H])CC[C@]12C		
CHEBI:16325	lithocholic acid	CHEBI:1711; CHEBI:20238; CHEBI:20239	C24H40O3	376.57260	[H][C@]12CC[C@]3([H])[C@]([H])(CC[C@]4(C)[C@]([H])(CC[C@@]34[H])[C@H](C)CCC(O)=O)[C@@]1(C)CC[C@@H](O)C2		
CHEBI:16359	cholic acid	CHEBI:1694; CHEBI:20223; CHEBI:41494; CHEBI:23210; CHEBI:29077	C24H40O5	408.57140	[H][C@@]12C[C@H](O)CC[C@]1(C)[C@@]1([H])C[C@H](O)[C@]3(C)[C@]([H])(CC[C@@]3([H])[C@]1([H])[C@H](O)C2)[C@H](C)CCC(O)=O		
CHEBI:16372	4,5alpha-dihydrocortisone	CHEBI:20276; CHEBI:11926; CHEBI:1752	C21H30O5	362.45990	[H][C@@]12CC[C@@]3([H])[C@]4([H])CC[C@](O)(C(=O)CO)[C@@]4(C)CC(=O)[C@]3([H])[C@@]1(C)CCC(=O)C2		
CHEBI:16418	(20S)-17,20-dihydroxypregn-4-en-3-one	CHEBI:19169; CHEBI:784; CHEBI:11337	C21H32O3	332.47698	[H][C@@]12CCC3=CC(=O)CC[C@]3(C)[C@@]1([H])CC[C@@]1(C)[C@@]2([H])CC[C@]1(O)[C@H](C)O		
CHEBI:16466	3alpha,7alpha,12alpha-trihydroxy-5beta-cholestan-26-al	CHEBI:1696; CHEBI:20218; CHEBI:11896	C27H46O4	434.661	[H]C(=O)C(C)CCC[C@@H](C)[C@@]1([H])CC[C@@]2([H])[C@]3([H])[C@H](O)C[C@]4([H])C[C@H](O)CC[C@]4(C)[C@@]3([H])C[C@H](O)[C@]12C		
CHEBI:16473	cortisol 21-sulfate	CHEBI:3895; CHEBI:14025; CHEBI:23395	C21H30O8S	442.52410	[H][C@@]12CCC3=CC(=O)CC[C@]3(C)[C@@]1([H])[C@@H](O)C[C@@]1(C)[C@@]2([H])CC[C@]1(O)C(=O)COS(O)(=O)=O		
CHEBI:16485	18-hydroxycorticosterone	CHEBI:19177; CHEBI:11343; CHEBI:795; CHEBI:57789	C21H30O5	362.45990	[H][C@@]12CCC3=CC(=O)CC[C@]3(C)[C@@]1([H])[C@@H](O)C[C@]1(CO)[C@H](CC[C@@]21[H])C(=O)CO		
CHEBI:16577	3alpha,7alpha-dihydroxy-5beta-cholestan-26-oic acid	CHEBI:20232; CHEBI:11902; CHEBI:1707	C27H46O4	434.65174	[H][C@@]12C[C@H](O)CC[C@]1(C)[C@@]1([H])CC[C@]3(C)[C@]([H])(CC[C@@]3([H])[C@]1([H])[C@H](O)C2)[C@H](C)CCCC(C)C(O)=O		
CHEBI:16688	ecdysone	CHEBI:4741; CHEBI:14205; CHEBI:23889	C27H44O6	464.63466	[H][C@@]1(CC[C@@]2(O)C3=CC(=O)[C@]4([H])C[C@@H](O)[C@@H](O)C[C@]4(C)[C@@]3([H])CC[C@]12C)[C@H](C)[C@H](O)CCC(C)(C)O		
CHEBI:16755	chenodeoxycholic acid	CHEBI:3593; CHEBI:23094; CHEBI:3588	C24H40O4	392.57200	[H][C@@]12C[C@H](O)CC[C@]1(C)[C@@]1([H])CC[C@]3(C)[C@]([H])(CC[C@@]3([H])[C@]1([H])[C@H](O)C2)[C@H](C)CCC(O)=O		
CHEBI:16827	corticosterone	CHEBI:41361; CHEBI:3891; CHEBI:14022; CHEBI:19131; CHEBI:57911	C21H30O4	346.46050	[H][C@@]1(CC[C@@]2([H])[C@]3([H])CCC4=CC(=O)CC[C@]4(C)[C@@]3([H])[C@@H](O)C[C@]12C)C(=O)CO		
CHEBI:16962	cortisone	CHEBI:3896; CHEBI:23397; CHEBI:14026	C21H28O5	360.44402	[H][C@@]12CCC3=CC(=O)CC[C@]3(C)[C@@]1([H])C(=O)C[C@@]1(C)[C@@]2([H])CC[C@]1(O)C(=O)CO		
CHEBI:16973	11-deoxycorticosterone	CHEBI:713; CHEBI:39642; CHEBI:11314; CHEBI:19123; CHEBI:86536	C21H30O3	330.46110	[H][C@@]1(CC[C@@]2([H])[C@]3([H])CCC4=CC(=O)CC[C@]4(C)[C@@]3([H])CC[C@]12C)C(=O)CO		
CHEBI:17650	cortisol	CHEBI:3893; CHEBI:14023; CHEBI:24633; CHEBI:58221	C21H30O5	362.45990	[H][C@@]12CCC3=CC(=O)CC[C@]3(C)[C@@]1([H])[C@@H](O)C[C@@]1(C)[C@@]2([H])CC[C@]1(O)C(=O)CO		
CHEBI:18093	17,21-dihydroxy-5beta-pregnane-3,11,20-trione	CHEBI:785; CHEBI:11927; CHEBI:1753; CHEBI:20277	C21H30O5	362.45990	[H][C@]12CC[C@@]3([H])[C@]4([H])CC[C@](O)(C(=O)CO)[C@@]4(C)CC(=O)[C@]3([H])[C@@]1(C)CCC(=O)C2		
CHEBI:18402	3alpha,7alpha,12alpha-trihydroxy-5beta-cholestan-26-oic acid	CHEBI:20219; CHEBI:11897; CHEBI:11898; CHEBI:1698; CHEBI:20220; CHEBI:29092	C27H46O5	450.65110	C[C@H](CCCC(C)C(O)=O)[C@H]1CC[C@H]2[C@@H]3[C@H](O)C[C@@H]4C[C@H](O)CC[C@]4(C)[C@H]3C[C@H](O)[C@]12C		
CHEBI:19566	2-deoxyecdysone		C27H44O5	448.63526	[H][C@@]1(CC[C@@]2(O)C3=CC(=O)[C@]4([H])C[C@@H](O)CC[C@]4(C)[C@@]3([H])CC[C@]12C)[C@H](C)[C@H](O)CCC(C)(C)O		
CHEBI:19814	25-deoxyecdysone		C27H44O5	448.63526	[H][C@@]1(CC[C@@]2(O)C3=CC(=O)[C@]4([H])C[C@@H](O)[C@@H](O)C[C@]4(C)[C@@]3([H])CC[C@]12C)[C@H](C)[C@H](O)CCC(C)C		
CHEBI:23051	castasterone		C28H48O5	464.67772	[H][C@@]1(CC[C@@]2([H])[C@]3([H])CC(=O)[C@@]4([H])C[C@H](O)[C@H](O)C[C@]4(C)[C@@]3([H])CC[C@]12C)[C@H](C)[C@@H](O)[C@H](O)[C@@H](C)C(C)C		
CHEBI:23736	4,5-dihydrocortisone		C21H30O5	362.45990	[H][C@@]12CCC3CC(=O)CC[C@]3(C)[C@@]1([H])C(=O)C[C@@]1(C)[C@@]2([H])CC[C@]1(O)C(=O)CO		
CHEBI:26661	shidasterone		C27H42O6	462.61878	[H][C@]12CC[C@]3(C)[C@]([H])(CC[C@@]3(O)C1=CC(=O)[C@]1([H])C[C@@H](O)[C@@H](O)C[C@]21C)[C@@](C)(O)C1CCC(C)(C)O1		
CHEBI:27173	typhasterol		C28H48O4	448.67830	CC(C)[C@H](C)[C@@H](O)[C@H](O)[C@@H](C)[C@H]1CC[C@H]2[C@@H]3CC(=O)[C@H]4C[C@H](O)CC[C@]4(C)[C@H]3CC[C@]12C		
CHEBI:27495	inokosterone	CHEBI:5925; CHEBI:24831	C27H44O7	480.63406	[H][C@]12CC[C@]3(C)[C@]([H])(CC[C@@]3(O)C1=CC(=O)[C@]1([H])C[C@@H](O)[C@@H](O)C[C@]21C)[C@@](C)(O)[C@H](O)CC[C@@H](C)CO		
CHEBI:27584	aldosterone	CHEBI:40919; CHEBI:2563; CHEBI:22306	C21H28O5	360.44400	[H][C@@]1(CC[C@@]2([H])[C@]3([H])CCC4=CC(=O)CC[C@]4(C)[C@@]3([H])[C@@H](O)C[C@]12C=O)C(=O)CO		
CHEBI:27614	diginatin	CHEBI:4545; CHEBI:23724	C41H64O15	796.93786	[H][C@]12CC[C@]3([H])[C@]([H])(C[C@@H](O)[C@]4(C)[C@]([H])([C@@H](O)C[C@]34O)C3=CC(=O)OC3)[C@@]1(C)CC[C@@H](C2)O[C@H]1C[C@H](O)[C@H](O[C@H]2C[C@H](O)[C@H](O[C@H]3C[C@H](O)[C@H](O)[C@@H](C)O3)[C@@H](C)O2)[C@@H](C)O1		
CHEBI:27620	makisterone B	CHEBI:6648; CHEBI:25113	C28H46O7	494.66064	[H][C@]12CC[C@]3(C)[C@]([H])(CC[C@@]3(O)C1=CC(=O)[C@]1([H])C[C@@H](O)[C@@H](O)C[C@]21C)[C@@](C)(O)[C@H](O)C[C@@H](C)C(C)CO		
CHEBI:27663	convallatoxin	CHEBI:3866; CHEBI:23374	C29H42O10	550.63778	[H][C@@]1(CC[C@]2(O)[C@]3([H])CC[C@]4(O)C[C@H](CC[C@]4(C=O)[C@@]3([H])CC[C@]12C)O[C@@H]1O[C@@H](C)[C@H](O)[C@@H](O)[C@H]1O)C1=CC(=O)OC1		
CHEBI:27709	poststerone	CHEBI:26215; CHEBI:8344	C21H30O5	362.45990	[H][C@@]1(CC[C@@]2(O)C3=CC(=O)[C@]4([H])C[C@@H](O)[C@@H](O)C[C@]4(C)[C@@]3([H])CC[C@]12C)C(C)=O		
CHEBI:27771	16alpha-hydroxydehydroepiandrosterone	CHEBI:775; CHEBI:19163	C19H28O3	304.42382	[H][C@@]12CC=C3C[C@@H](O)CC[C@]3(C)[C@@]1([H])CC[C@]1(C)C(=O)[C@H](O)C[C@@]21[H]		
CHEBI:27783	11beta,17alpha,21-trihydroxypregnenolone	CHEBI:19130; CHEBI:733	C21H32O5	364.47578	[H][C@@]12CC=C3C[C@@H](O)CC[C@]3(C)[C@@]1([H])[C@@H](O)C[C@@]1(C)[C@@]2([H])CC[C@]1(O)C(=O)CO		
CHEBI:27832	17alpha,21-dihydroxypregnenolone	CHEBI:786; CHEBI:19170	C21H32O4	348.47638	[H][C@@]12CC=C3C[C@@H](O)CC[C@]3(C)[C@@]1([H])CC[C@@]1(C)[C@@]2([H])CC[C@]1(O)C(=O)CO		
CHEBI:27984	ajugalactone	CHEBI:2526; CHEBI:22276	C29H40O8	516.62310	[H][C@@]1(CC(CC)=C(C)C(=O)O1)[C@](C)(O)[C@@]1([H])CC[C@@]2(O)C3=CC(=O)[C@]4([H])C[C@@H](O)[C@@H](O)C[C@]4(C)[C@@]3([H])CC(=O)[C@]12C		
CHEBI:28043	21-hydroxypregnenolone	CHEBI:1299; CHEBI:19802	C21H32O3	332.47698	[H][C@@]12CC=C3C[C@@H](O)CC[C@]3(C)[C@@]1([H])CC[C@]1(C)[C@H](CC[C@@]21[H])C(=O)CO		
CHEBI:28135	ponasterone A	CHEBI:26210; CHEBI:8331	C27H44O6	464.63466	[H][C@]12CC[C@]3(C)[C@]([H])(CC[C@@]3(O)C1=CC(=O)[C@]1([H])C[C@@H](O)[C@@H](O)C[C@]21C)[C@@](C)(O)[C@H](O)CCC(C)C		
CHEBI:28143	digitalin	CHEBI:4546; CHEBI:23725	C36H56O14	712.82144	[H][C@]12CC[C@]3([H])[C@]([H])(CC[C@]4(C)[C@]([H])([C@@H](O)C[C@]34O)C3=CC(=O)OC3)[C@@]1(C)CC[C@@H](C2)O[C@@H]1O[C@H](C)[C@H](O[C@@H]2O[C@H](CO)[C@@H](O)[C@H](O)[C@H]2O)[C@H](OC)[C@H]1O		
CHEBI:28320	tetrahydrocortisol	CHEBI:9900; CHEBI:27249	C21H34O5	366.49166	[H][C@]12CC[C@@]3([H])[C@]4([H])CC[C@](O)(C(=O)CO)[C@@]4(C)C[C@H](O)[C@]3([H])[C@@]1(C)CC[C@@H](O)C2		
CHEBI:28324	11-deoxycortisol	CHEBI:19124; CHEBI:714	C21H30O4	346.46050	[H][C@@]12CCC3=CC(=O)CC[C@]3(C)[C@@]1([H])CC[C@@]1(C)[C@@]2([H])CC[C@]1(O)C(=O)CO		
CHEBI:28374	solanidine	CHEBI:9187; CHEBI:26720	C27H43NO	397.63646	[H][C@]12CC[C@H](C)CN1[C@@]1([H])C[C@@]3([H])[C@]4([H])CC=C5C[C@@H](O)CC[C@]5(C)[C@@]4([H])CC[C@]3(C)[C@@]1([H])[C@@H]2C		
CHEBI:28477	7alpha,12alpha-dihydroxycholest-4-en-3-one	CHEBI:2289; CHEBI:20797	C27H44O3	416.63646	[H][C@@]1(CC[C@@]2([H])[C@]3([H])[C@H](O)CC4=CC(=O)CC[C@]4(C)[C@@]3([H])C[C@H](O)[C@]12C)[C@H](C)CCCC(C)C		
CHEBI:28485	polypodine B	CHEBI:8316; CHEBI:26198	C27H44O8; C27H44O8	496.63350	CC(C)(O)CC[C@@H](O)[C@](C)(O)[C@H]1CC[C@@]2(O)C3=CC(=O)[C@]4(O)C[C@@H](O)[C@@H](O)C[C@]4(C)[C@H]3CC[C@]12C		
CHEBI:28503	gitoxin	CHEBI:5365; CHEBI:24251	C41H64O14	780.93850	[H][C@]12CC[C@]3([H])[C@]([H])(CC[C@]4(C)[C@]([H])([C@@H](O)C[C@]34O)C3=CC(=O)OC3)[C@@]1(C)CC[C@@H](C2)O[C@H]1C[C@H](O)[C@H](O[C@H]2C[C@H](O)[C@H](O[C@H]3C[C@H](O)[C@H](O)[C@@H](C)O3)[C@@H](C)O2)[C@@H](C)O1		
CHEBI:28544	digitoxin	CHEBI:4549; CHEBI:23728	C41H64O13	764.93910	[H][C@]12CC[C@]3([H])[C@]([H])(CC[C@]4(C)[C@]([H])(CC[C@]34O)C3=CC(=O)OC3)[C@@]1(C)CC[C@@H](C2)O[C@H]1C[C@H](O)[C@H](O[C@H]2C[C@H](O)[C@H](O[C@H]3C[C@H](O)[C@H](O)[C@@H](C)O3)[C@@H](C)O2)[C@@H](C)O1		
CHEBI:28688	podecdysone B	CHEBI:26165; CHEBI:8276	C27H42O6	462.61878	[H][C@@]12C[C@@H](O)[C@@H](O)C[C@]1(C)C1=C(CC2=O)C2=CC[C@]([H])([C@@](C)(O)[C@H](O)CCC(C)(C)O)[C@@]2(C)CC1		
CHEBI:28697	21-deoxycortisol	CHEBI:1297; CHEBI:19801	C21H30O4	346.467	C1C(C=C2[C@](C1)([C@@]3([C@@](CC2)([C@]4([C@](C[C@@H]3O)([C@](CC4)(C(C)=O)O)C)[H])[H])[H])C)=O		
CHEBI:28750	17alpha-hydroxypregnenolone	CHEBI:19172; CHEBI:789	C21H32O3; C21H32O3	332.47700	CC(=O)[C@@]1(O)CC[C@H]2[C@@H]3CC=C4C[C@@H](O)CC[C@]4(C)[C@H]3CC[C@]12C		
CHEBI:28834	deoxycholic acid	CHEBI:42317; CHEBI:1687; CHEBI:23616	C24H40O4	392.57200	[H][C@]12CC[C@@]3([H])[C@]4([H])CC[C@]([H])([C@H](C)CCC(O)=O)[C@@]4(C)[C@@H](O)C[C@]3([H])[C@@]1(C)CC[C@@H](O)C2		
CHEBI:29012	cyasterone	CHEBI:3984; CHEBI:23440	C29H44O8	520.65486	[H][C@@]1(C[C@@H](O)[C@](C)(O)[C@@]2([H])CC[C@@]3(O)C4=CC(=O)[C@]5([H])C[C@@H](O)[C@@H](O)C[C@]5(C)[C@@]4([H])CC[C@]23C)[C@@H](C)OC(=O)[C@H]1C		
CHEBI:29013	fusidic acid	CHEBI:42742; CHEBI:5201; CHEBI:24133	C31H48O6	516.70920	[H][C@@]12CC[C@@]3(C)[C@@]([H])([C@H](O)C[C@@]4([H])\C([C@H](C[C@]34C)OC(C)=O)=C(/CCC=C(C)C)C(O)=O)[C@@]1(C)CC[C@@H](O)[C@H]2C		
CHEBI:29086	3-hydroxy-5,9,17-trioxo-4,5:9,10-disecoandrosta-1(10),2-dien-4-oic acid	CHEBI:11819; CHEBI:20049; CHEBI:1512	C19H24O6	348.39030	[H]C(C([H])=C(O)C(O)=O)=C(C)C(=O)CC[C@]1([H])C(=O)CC[C@]2(C)C(=O)CC[C@@]12[H]		
CHEBI:30834	aldosterone hemiacetal		C21H28O5	360.450	[H][C@@]1(CC[C@@]2([H])[C@]3([H])CCC4=CC(=O)CC[C@]4(C)[C@@]3([H])[C@@H]3C[C@]12C(O)O3)C(=O)CO		
CHEBI:31184	alclometasone dipropionate		C28H37ClO7	521.04200	[H][C@@]12C[C@@H](C)[C@](OC(=O)CC)(C(=O)COC(=O)CC)[C@@]1(C)C[C@H](O)[C@@]1([H])[C@@]2([H])[C@H](Cl)CC2=CC(=O)C=C[C@]12C		
CHEBI:31199	amcinonide		C28H35FO7	502.57170	[H][C@@]12CCC3=CC(=O)C=C[C@]3(C)[C@@]1(F)[C@@H](O)C[C@@]1(C)[C@@]2([H])C[C@H]2OC3(CCCC3)O[C@@]12C(=O)COC(C)=O		
CHEBI:31275	betamethasone acetate		C24H31FO6	434.49774	[H][C@@]12C[C@H](C)[C@](O)(C(=O)COC(C)=O)[C@@]1(C)C[C@H](O)[C@@]1(F)[C@@]2([H])CCC2=CC(=O)C=C[C@]12C		
CHEBI:31276	betamethasone dipropionate		C28H37FO7	504.58758	[H][C@@]12C[C@H](C)[C@](OC(=O)CC)(C(=O)COC(=O)CC)[C@@]1(C)C[C@H](O)[C@@]1(F)[C@@]2([H])CCC2=CC(=O)C=C[C@]12C		
CHEBI:31277	betamethasone valerate		C27H37FO6	476.57748	[H][C@@]12C[C@H](C)[C@](OC(=O)CCCC)(C(=O)CO)[C@@]1(C)C[C@H](O)[C@@]1(F)[C@@]2([H])CCC2=CC(=O)C=C[C@]12C		
CHEBI:31414	clobetasol propionate	CHEBI:205078; CHEBI:282070	C25H32ClFO5	466.97000	[H][C@@]12C[C@H](C)[C@](OC(=O)CC)(C(=O)CCl)[C@@]1(C)C[C@H](O)[C@@]1(F)[C@@]2([H])CCC2=CC(=O)C=C[C@]12C		
CHEBI:31441	fluticasone propionate	CHEBI:63600	C25H31F3O5S	500.57185	[H][C@@]12C[C@@H](C)[C@](OC(=O)CC)(C(=O)SCF)[C@@]1(C)C[C@H](O)[C@@]1(F)[C@@]2([H])C[C@H](F)C2=CC(=O)C=C[C@]12C		
CHEBI:31468	deslanoside	CHEBI:565356	C47H74O19	943.07910	[H][C@@]1(C[C@H](O)[C@]([H])(O[C@H]2C[C@H](O)[C@]([H])(O[C@H]3C[C@H](O)[C@]([H])(O[C@@H]4O[C@H](CO)[C@@H](O)[C@H](O)[C@H]4O)[C@@H](C)O3)[C@@H](C)O2)[C@@H](C)O1)O[C@H]1CC[C@@]2(C)[C@]([H])(CC[C@]3([H])[C@]2([H])C[C@@H](O)[C@]2(C)[C@H](CC[C@]32O)C2=CC(=O)OC2)C1		
CHEBI:31483	diflorasone diacetate		C26H32F2O7	494.52490	[H][C@@]12C[C@H](C)[C@](OC(C)=O)(C(=O)COC(C)=O)[C@@]1(C)C[C@H](O)[C@@]1(F)[C@@]2([H])C[C@H](F)C2=CC(=O)C=C[C@]12C		
CHEBI:31547	eplerenone		C24H30O6	414.49140	COC(=O)[C@@H]1CC2=CC(=O)CC[C@]2(C)[C@@]23O[C@@H]2C[C@@]2(C)[C@@H](CC[C@@]22CCC(=O)O2)[C@H]13		
CHEBI:31620	flumethasone pivalate		C27H36F2O6	494.56795	[H][C@@]12C[C@@H](C)[C@](O)(C(=O)COC(=O)C(C)(C)C)[C@@]1(C)C[C@H](O)[C@@]1(F)[C@@]2([H])C[C@H](F)C2=CC(=O)C=C[C@]12C		
CHEBI:31625	fluorometholone		C22H29FO4	376.46170	C[C@H]1C[C@H]2[C@@H]3CC[C@](O)(C(C)=O)[C@@]3(C)C[C@H](O)[C@]2(F)[C@@]2(C)C=CC(=O)C=C12		
CHEBI:31676	hydrocortisone caproate		C27H40O6	460.60290	[H][C@@]12CCC3=CC(=O)CC[C@]3(C)[C@@]1([H])[C@@H](O)C[C@@]1(C)[C@@]2([H])CC[C@]1(O)C(=O)COC(=O)CCCCC		
CHEBI:31784	loteprednol etabonate		C24H31ClO7	466.95144	[H][C@@]12CCC3=CC(=O)C=C[C@]3(C)[C@@]1([H])[C@@H](O)C[C@@]1(C)[C@@]2([H])CC[C@]1(OC(=O)OCC)C(=O)OCCl		
CHEBI:32260	trilostane		C20H27NO3	329.43332	[H][C@@]12CC[C@@]34O[C@@H]3C(O)=C(C[C@]4(C)[C@@]1([H])CC[C@]1(C)[C@@H](O)CC[C@@]21[H])C#N		
CHEBI:34161	15alpha-hydroxytestosterone	CHEBI:83028	C19H28O3	304.42380	C[C@]12CC[C@H]3[C@@H](CCC4=CC(=O)CC[C@]34C)[C@@H]1[C@@H](O)C[C@@H]2O		
CHEBI:34172	16alpha-hydroxytestosterone		C19H28O3	304.425	C1C(C=C2[C@](C1)([C@@]3([C@@](CC2)([C@@]4([H])[C@@](CC3)(C)[C@H]([C@@H](C4)O)O)[H])[H])C)=O		
CHEBI:34353	3alpha,17alpha-dihydroxy-5beta-pregnan-20-one	CHEBI:180513	C21H34O3	334.500	[H][C@@]12CC[C@](O)(C(C)=O)[C@@]1(C)CC[C@@]1([H])[C@@]2([H])CC[C@]2([H])C[C@H](O)CC[C@]12C		
CHEBI:34477	6beta-hydroxytestosterone	CHEBI:63819	C19H28O3	304.42380	[H][C@@]12C[C@@H](O)C3=CC(=O)CC[C@]3(C)[C@@]1([H])CC[C@]1(C)[C@@H](O)CC[C@@]21[H]		
CHEBI:34584	boldenone		C19H26O2	286.40850	C[C@]12CC[C@H]3[C@@H](CCC4=CC(=O)C=C[C@]34C)[C@@H]1CC[C@@H]2O		
CHEBI:34655	cortancyl		C23H28O6	400.46480	CC(=O)OCC(=O)[C@@]1(O)CC[C@H]2[C@@H]3CCC4=CC(=O)C=C[C@]4(C)[C@H]3C(=O)C[C@]12C		
CHEBI:34749	ethisterone		C21H28O2	312.44580	C[C@]12CC[C@H]3[C@@H](CCC4=CC(=O)CC[C@]34C)[C@@H]1CC[C@@]2(O)C#C		
CHEBI:34764	flumethasone		C22H28F2O5	410.45153	[H][C@@]12C[C@@H](C)[C@](O)(C(=O)CO)[C@@]1(C)C[C@H](O)[C@@]1(F)[C@@]2([H])C[C@H](F)C2=CC(=O)C=C[C@]12C		
CHEBI:35018	trenbolone		C18H22O2	270.372	[H][C@@]12CC[C@H](O)[C@@]1(C)C=CC1=C3CCC(=O)C=C3CC[C@@]21[H]		
CHEBI:36491	2-methoxy-17beta-estradiol 3-O-(beta-D-glucuronide)	CHEBI:1186; CHEBI:19674	C25H34O9	478.533	C1[C@]2([C@]3([C@@](C4=C(C=C(O[C@H]5[C@@H]([C@H]([C@@H]([C@H](O5)C(=O)O)O)O)O)C(=C4)OC)CC3)(CC[C@@]2([C@@H](O)C1)C)[H])[H])[H]		
CHEBI:36723	(20R)-17,20-dihydroxypregn-4-en-3-one		C21H32O3	332.47698	[H][C@@]12CCC3=CC(=O)CC[C@]3(C)[C@@]1([H])CC[C@@]1(C)[C@@]2([H])CC[C@]1(O)[C@@H](C)O		
CHEBI:37665	sarmentogenin		C23H34O5	390.51310	C[C@]12C[C@@H](O)[C@H]3[C@@H](CC[C@@H]4C[C@@H](O)CC[C@]34C)[C@@]1(O)CC[C@@H]2C1=CC(=O)OC1		
CHEBI:37998	glycolithocholic acid		C26H43NO4	433.62390	[H][C@]12CC[C@@]3([H])[C@]4([H])CC[C@]([H])([C@H](C)CCC(=O)NCC(O)=O)[C@@]4(C)CC[C@]3([H])[C@@]1(C)CC[C@@H](O)C2		
CHEBI:38178	strophanthidin		C23H32O6	404.49658	[H][C@@]1(CC[C@]2(O)[C@]3([H])CC[C@]4(O)C[C@@H](O)CC[C@]4(C=O)[C@@]3([H])CC[C@]12C)C1=CC(=O)OC1		
CHEBI:38344	hellebrigenin		C24H32O6	416.514	[H][C@@]1(CC[C@]2(O)[C@]3([H])CC[C@]4(O)C[C@@H](O)CC[C@]4(C=O)[C@@]3([H])CC[C@]12C)C1=COC(=O)C=C1		
CHEBI:41879	dexamethasone	CHEBI:41873; CHEBI:4461	C22H29FO5	392.467	C1=CC(C=C2[C@]1([C@@]3([C@@](CC2)([C@]4([C@](C[C@@H]3O)([C@]([C@@H](C4)C)(C(CO)=O)O)C)[H])[H])F)C)=O		
CHEBI:45352	3beta-hydroxy-5beta-pregnan-20-one hemisuccinate		C25H38O5	418.56620	[H][C@]12CC[C@@]3([H])[C@]4([H])CC[C@H](C(C)=O)[C@@]4(C)CC[C@]3([H])[C@@]1(C)CC[C@@H](C2)OC(=O)CCC(O)=O		
CHEBI:45496	11alpha-hydroxyprogesterone hemisuccinate		C25H34O6	430.53390	[H][C@@]12CCC3=CC(=O)CC[C@]3(C)[C@@]1([H])[C@@H](C[C@]1(C)[C@H](CC[C@@]21[H])C(C)=O)OC(=O)CCC(O)=O		
CHEBI:46615	adonitoxigenin		C23H32O6	404.49658	[H][C@]12CC[C@]3([H])[C@]([H])(CC[C@]4(C)[C@]([H])([C@@H](O)C[C@]34O)C3=CC(=O)OC3)[C@]1(CC[C@H](O)C2)C=O		
CHEBI:47564	mometasone furoate	CHEBI:6971	C27H30Cl2O6	521.42890	[H][C@@]12C[C@@H](C)[C@](OC(=O)c3ccco3)(C(=O)CCl)[C@@]1(C)C[C@H](O)[C@@]1(Cl)[C@@]2([H])CCC2=CC(=O)C=C[C@]12C		
CHEBI:47813	(1S)-1,23,25-trihydroxy-24-oxocalciol		C27H42O5	446.61938	[H][C@@]1(CC[C@@]2([H])\C(CCC[C@]12C)=C\C=C1\C[C@@H](O)C[C@H](O)C1=C)[C@H](C)CC(O)C(=O)C(C)(C)O		
CHEBI:47886	methyl prednisolone-16-carboxylate		C23H30O7	418.48010	[H][C@@]12CCC3=CC(=O)C=C[C@]3(C)[C@@]1([H])[C@@H](O)C[C@@]1(C)[C@@]2([H])CC(C(=O)OC)[C@]1(O)C(=O)CO		
CHEBI:47888	prednisolone-16-carboxylic acid		C22H28O7	404.45352	[H][C@@]12CCC3=CC(=O)C=C[C@]3(C)[C@@]1([H])[C@@H](O)C[C@@]1(C)[C@@]2([H])CC(C(O)=O)[C@]1(O)C(=O)CO		
CHEBI:47889	prednisolone-16alpha-carboxylic acid		C22H28O7	404.45352	[H][C@@]12CCC3=CC(=O)C=C[C@]3(C)[C@@]1([H])[C@@H](O)C[C@@]1(C)[C@@]2([H])C[C@@H](C(O)=O)[C@]1(O)C(=O)CO		
CHEBI:47890	methyl prednisolone-16alpha-carboxylate		C23H30O7	418.48010	[H][C@@]12CCC3=CC(=O)C=C[C@]3(C)[C@@]1([H])[C@@H](O)C[C@@]1(C)[C@@]2([H])C[C@@H](C(=O)OC)[C@]1(O)C(=O)CO		
CHEBI:48043	(25R)-3alpha,7alpha,12alpha-trihydroxy-5beta-cholestan-26-oic acid		C27H46O5	450.65114	[H][C@@]12C[C@H](O)CC[C@]1(C)[C@@]1([H])C[C@H](O)[C@]3(C)[C@]([H])(CC[C@@]3([H])[C@]1([H])[C@H](O)C2)[C@H](C)CCC[C@@H](C)C(O)=O		
CHEBI:48044	(25S)-3alpha,7alpha,12alpha-trihydroxy-5beta-cholestan-26-oic acid		C27H46O5	450.65114	[H][C@@]12C[C@H](O)CC[C@]1(C)[C@@]1([H])C[C@H](O)[C@]3(C)[C@]([H])(CC[C@@]3([H])[C@]1([H])[C@H](O)C2)[C@H](C)CCC[C@H](C)C(O)=O		
CHEBI:48467	(25R)-3alpha,7alpha-dihydroxy-5beta-cholestan-26-oic acid		C27H46O4	434.65174	[H][C@@]12C[C@H](O)CC[C@]1(C)[C@@]1([H])CC[C@]3(C)[C@]([H])(CC[C@@]3([H])[C@]1([H])[C@H](O)C2)[C@H](C)CCC[C@@H](C)C(O)=O		
CHEBI:48714	7alpha,12alpha,24-trihydroxycholest-4-en-3-one		C27H44O4	432.63586	[H][C@@]1(CC[C@@]2([H])[C@]3([H])[C@H](O)CC4=CC(=O)CC[C@]4(C)[C@@]3([H])C[C@H](O)[C@]12C)[C@H](C)CCC(O)C(C)C		
CHEBI:48735	3alpha,7alpha,12alpha,24-tetrahydroxy-5beta-cholestan-26-al		C27H46O5	450.65114	[H][C@@]12C[C@H](O)CC[C@]1(C)[C@@]1([H])C[C@H](O)[C@]3(C)[C@]([H])(CC[C@@]3([H])[C@]1([H])[C@H](O)C2)[C@H](C)CCC(O)C(C)C=O		
CHEBI:48736	3alpha,7alpha,24-trihydroxy-5beta-cholestan-26-oic acid		C27H46O5	450.65114	[H][C@@]12C[C@H](O)CC[C@]1(C)[C@@]1([H])CC[C@]3(C)[C@]([H])(CC[C@@]3([H])[C@]1([H])[C@H](O)C2)[C@H](C)CCC(O)C(C)C(O)=O		
CHEBI:48742	3alpha,7alpha,12alpha,24-tetrahydroxy-5beta-cholestan-26-oic acid		C27H46O6	466.65054	[H][C@@]12C[C@H](O)CC[C@]1(C)[C@@]1([H])C[C@H](O)[C@]3(C)[C@]([H])(CC[C@@]3([H])[C@]1([H])[C@H](O)C2)[C@H](C)CCC(O)C(C)C(O)=O		
CHEBI:48940	(25R)-3alpha,7alpha,12alpha-trihydroxy-5beta-cholestan-26-al		C27H46O4	434.65174	[H]C(=O)[C@H](C)CCC[C@@H](C)[C@@]1([H])CC[C@@]2([H])[C@]3([H])[C@H](O)C[C@]4([H])C[C@H](O)CC[C@]4(C)[C@@]3([H])C[C@H](O)[C@]12C		
CHEBI:48941	(25S)-3alpha,7alpha,12alpha-trihydroxy-5beta-cholestan-26-al		C27H46O4	434.65174	[H]C(=O)[C@@H](C)CCC[C@@H](C)[C@@]1([H])CC[C@@]2([H])[C@]3([H])[C@H](O)C[C@]4([H])C[C@H](O)CC[C@]4(C)[C@@]3([H])C[C@H](O)[C@]12C		
CHEBI:50366	6-methylprednisolone		C22H30O5	374.47060	CC1C[C@H]2[C@@H]3CC[C@](O)(C(=O)CO)[C@@]3(C)C[C@H](O)[C@@H]2[C@@]2(C)C=CC(=O)C=C12		
CHEBI:50742	cyproterone		C22H27ClO3	374.90068	[H][C@@]12C[C@]1([H])[C@@]1(C)C(=CC2=O)C(Cl)=C[C@@]2([H])[C@]3([H])CC[C@](O)(C(C)=O)[C@@]3(C)CC[C@]12[H]		
CHEBI:50743	cyproterone acetate	CHEBI:336019; CHEBI:47297; CHEBI:31451	C24H29ClO4	416.940	[H][C@@]12C[C@]1([H])[C@@]1(C)C(=CC2=O)C(Cl)=C[C@@]2([H])[C@]3([H])CC[C@](OC(C)=O)(C(C)=O)[C@@]3(C)CC[C@]12[H]		
CHEBI:50848	loteprednol		C21H27ClO5	394.88878	[H][C@@]12CCC3=CC(=O)C=C[C@]3(C)[C@@]1([H])[C@@H](O)C[C@@]1(C)[C@@]2([H])CC[C@]1(O)C(=O)OCCl		
CHEBI:50851	hydrocortamate		C27H41NO6	475.61758	[H][C@@]12CCC3=CC(=O)CC[C@]3(C)[C@@]1([H])[C@@H](O)C[C@@]1(C)[C@@]2([H])CC[C@]1(O)C(=O)COC(=O)CN(CC)CC		
CHEBI:50885	fludrocortisone	CHEBI:46556; CHEBI:5101	C21H29FO5	380.45036	[H][C@@]12CC[C@](O)(C(=O)CO)[C@@]1(C)C[C@H](O)[C@@]1(F)[C@@]2([H])CCC2=CC(=O)CC[C@]12C		
CHEBI:50894	betamethasone acibutate		C28H37FO7	504.58758	[H][C@@]12C[C@H](C)[C@](OC(=O)C(C)C)(C(=O)COC(C)=O)[C@@]1(C)C[C@H](O)[C@@]1(F)[C@@]2([H])CCC2=CC(=O)C=C[C@]12C		
CHEBI:50900	dextronorgestrel		C21H28O2	312.44582	[H][C@@]12CCC(=O)C=C1CC[C@@]1([H])[C@@]2([H])CC[C@]2(CC)[C@]1([H])CC[C@]2(O)C#C		
CHEBI:52022	taurohyocholic acid		C26H45NO7S	515.70300	[H][C@@]1(CC[C@@]2([H])[C@]3([H])[C@H](O)[C@H](O)[C@]4([H])C[C@H](O)CC[C@]4(C)[C@@]3([H])CC[C@]12C)[C@H](C)CCC(=O)NCCS(O)(=O)=O		
CHEBI:52023	hyodeoxycholic acid		C24H40O4	392.57200	[H][C@@]1(CC[C@@]2([H])[C@]3([H])C[C@H](O)[C@]4([H])C[C@H](O)CC[C@]4(C)[C@@]3([H])CC[C@]12C)[C@H](C)CCC(O)=O		
CHEBI:53773	3'''-O-acetyldigitoxin		C43H66O14	806.97570	[H][C@]12CC[C@]3([H])[C@]([H])(CC[C@]4(C)[C@]([H])(CC[C@]34O)C3=CC(=O)OC3)[C@@]1(C)CC[C@@H](C2)O[C@H]1C[C@H](O)[C@H](O[C@H]2C[C@H](O)[C@H](O[C@H]3C[C@H](OC(C)=O)[C@H](O)[C@@H](C)O3)[C@@H](C)O2)[C@@H](C)O1		
CHEBI:53776	alclometasone		C22H29ClO5	408.91600	[H][C@@]12C[C@@H](C)[C@](O)(C(=O)CO)[C@@]1(C)C[C@H](O)[C@@]1([H])[C@@]2([H])[C@H](Cl)CC2=CC(=O)C=C[C@]12C		
CHEBI:59030	oleandrin		C32H48O9	576.71810	[H][C@]12CC[C@]3([H])[C@]([H])(CC[C@]4(C)[C@H]([C@H](C[C@]34O)OC(C)=O)C3=CC(=O)OC3)[C@@]1(C)CC[C@@H](C2)O[C@H]1C[C@H](OC)[C@@H](O)[C@H](C)O1		
CHEBI:59582	clocortolone		C22H28ClFO4	410.90700	[H][C@@]12C[C@@H](C)[C@H](C(=O)CO)[C@@]1(C)C[C@H](O)[C@@]1(Cl)[C@@]2([H])C[C@H](F)C2=CC(=O)C=C[C@]12C		
CHEBI:59583	clocortolone pivalate		C27H36ClFO5	495.02300	[H][C@@]12C[C@@H](C)[C@H](C(=O)COC(=O)C(C)(C)C)[C@@]1(C)C[C@H](O)[C@@]1(Cl)[C@@]2([H])C[C@H](F)C2=CC(=O)C=C[C@]12C		
CHEBI:59750	diflorasone		C22H28F2O5	410.45150	[H][C@@]12C[C@H](C)[C@](O)(C(=O)CO)[C@@]1(C)C[C@H](O)[C@@]1(F)[C@@]2([H])C[C@H](F)C2=CC(=O)C=C[C@]12C		
CHEBI:62022	3-(progesterone-4-yl)thiopropionic acid		C24H34O4S	418.58900	[H][C@@]12CCC3=C(SCCC(O)=O)C(=O)CC[C@]3(C)[C@@]1([H])CC[C@]1(C)[C@H](CC[C@@]21[H])C(C)=O		
CHEBI:62023	3-(progesterone-7alpha-yl)thiopropionic acid		C24H34O4S	418.58900	[H][C@@]12CC[C@H](C(C)=O)[C@@]1(C)CC[C@@]1([H])[C@@]2([H])[C@@H](CC2=CC(=O)CC[C@]12C)SCCC(O)=O		
CHEBI:62024	6-{3-[(progesterone-4-yl)thiopropionyl]amino}hexanoic acid		C30H45NO5S	531.74700	[H][C@@]12CCC3=C(SCCC(=O)NCCCCCC(O)=O)C(=O)CC[C@]3(C)[C@@]1([H])CC[C@]1(C)[C@H](CC[C@@]21[H])C(C)=O		
CHEBI:62025	6-(6-{3-[(progesterone-4-yl)thiopropionyl]aminohexanoyl}amino)hexanoic acid		C36H56N2O6S	644.90500	[H][C@@]12CCC3=C(SCCC(=O)NCCCCCC(=O)NCCCCCC(O)=O)C(=O)CC[C@]3(C)[C@@]1([H])CC[C@]1(C)[C@H](CC[C@@]21[H])C(C)=O		
CHEBI:62040	etiocholanolone hemisuccinate		C23H34O5	390.51310	[H][C@]12CC[C@@]3([H])[C@]4([H])CCC(=O)[C@@]4(C)CC[C@]3([H])[C@@]1(C)CC[C@@H](C2)OC(=O)CCC(O)=O		
CHEBI:62043	3beta-hydroxy-5alpha-pregnan-20-one hemisuccinate		C25H38O5	418.56620	[H][C@@]12CC[C@@]3([H])[C@]4([H])CC[C@H](C(C)=O)[C@@]4(C)CC[C@]3([H])[C@@]1(C)CC[C@@H](C2)OC(=O)CCC(O)=O		
CHEBI:62110	17-hydroxyprogesterone 3-O-(carboxymethyl)oxime		C23H33NO5	403.51180	[H][C@@]12CCC3=CC(CC[C@]3(C)[C@@]1([H])CC[C@@]1(C)[C@@]2([H])CC[C@]1(O)C(C)=O)=NOCC(O)=O		
CHEBI:62112	11-deoxycorticosterone-21-hemisuccinate		C25H34O6	430.53390	[H][C@@]12CCC3=CC(=O)CC[C@]3(C)[C@@]1([H])CC[C@]1(C)[C@H](CC[C@@]21[H])C(=O)COC(=O)CCC(O)=O		
CHEBI:62116	6beta-hydroxyprogesterone hemisuccinate		C25H34O6	430.53390	[H][C@@]12C[C@@H](OC(=O)CCC(O)=O)C3=CC(=O)CC[C@]3(C)[C@@]1([H])CC[C@]1(C)[C@H](CC[C@@]21[H])C(C)=O		
CHEBI:62460	helvolic acid		C33H44O8	568.707	C=1[C@@]2([C@@]3(CC[C@@]/4([C@@]([C@]3(C([C@H]([C@]2([C@@H](C(C1)=O)C)[H])OC(=O)C)=O)C)(C[C@@H](\C4=C(\CCC=C(C)C)/C(=O)O)OC(=O)C)C)[H])[H])C		
CHEBI:63496	digoxigenin monodigitoxoside		C29H44O8	520.65490	[H][C@]12CC[C@]3([H])[C@]([H])(C[C@@H](O)[C@]4(C)[C@H](CC[C@]34O)C3=CC(=O)OC3)[C@@]1(C)CC[C@@H](C2)O[C@H]1C[C@H](O)[C@H](O)[C@@H](C)O1		
CHEBI:63507	oleandrigenin monodigitoxoside		C31H46O9	562.69150	[H][C@]12CC[C@]3([H])[C@]([H])(CC[C@]4(C)[C@H]([C@H](C[C@]34O)OC(C)=O)C3=CC(=O)OC3)[C@@]1(C)CC[C@@H](C2)O[C@H]1C[C@H](O)[C@H](O)[C@@H](C)O1		
CHEBI:63514	erysimoside		C35H52O14	696.77900	[H][C@@]1(CC[C@]2(O)[C@]3([H])CC[C@]4(O)C[C@H](CC[C@]4(C=O)[C@@]3([H])CC[C@]12C)O[C@H]1C[C@H](O)[C@H](O[C@@H]2O[C@H](CO)[C@@H](O)[C@H](O)[C@H]2O)[C@@H](C)O1)C1=CC(=O)OC1		
CHEBI:63560	tixocortol		C21H30O4S	378.52500	[H][C@@]12CCC3=CC(=O)CC[C@]3(C)[C@@]1([H])[C@@H](O)C[C@@]1(C)[C@@]2([H])CC[C@]1(O)C(=O)CS		
CHEBI:63742	(1E,2Z)-3-hydroxy-5,9,17-trioxo-4,5:9,10-disecoandrosta-1(10),2-dien-4-oic acid		C19H24O6	348.39030	[H][C@@]1(CCC(=O)C(\C)=C\C=C(/O)C(O)=O)C(=O)CC[C@]2(C)C(=O)CC[C@@]12[H]		
CHEBI:63820	(24S)-3alpha,7alpha,12alpha,24-tetrahydroxy-5beta-cholestan-26-oic acid		C27H46O6	466.65050	[H][C@@]12C[C@H](O)CC[C@]1(C)[C@@]1([H])C[C@H](O)[C@]3(C)[C@]([H])(CC[C@@]3([H])[C@]1([H])[C@H](O)C2)[C@H](C)CC[C@H](O)C(C)C(O)=O		
CHEBI:63838	(24S)-7alpha,24-dihydroxycholest-4-en-3-one		C27H44O3	416.63650	[H][C@@]1(CC[C@@]2([H])[C@]3([H])[C@H](O)CC4=CC(=O)CC[C@]4(C)[C@@]3([H])CC[C@]12C)[C@H](C)CC[C@H](O)C(C)C		
CHEBI:63839	(24S)-7alpha,12alpha,24-trihydroxycholest-4-en-3-one		C27H44O4	432.63590	[H][C@@]1(CC[C@@]2([H])[C@]3([H])[C@H](O)CC4=CC(=O)CC[C@]4(C)[C@@]3([H])C[C@H](O)[C@]12C)[C@H](C)CC[C@H](O)C(C)C		
CHEBI:63843	17alpha-hydroxypregn-5-ene-3,20-dione		C21H30O3	330.46110	[H][C@@]12CC=C3CC(=O)CC[C@]3(C)[C@@]1([H])CC[C@@]1(C)[C@@]2([H])CC[C@]1(O)C(C)=O		
CHEBI:63848	(24S)-3alpha,7alpha,24-trihydroxy-5beta-cholestan-26-al		C27H46O4	434.65170	[H][C@@]12C[C@H](O)CC[C@]1(C)[C@@]1([H])CC[C@]3(C)[C@]([H])(CC[C@@]3([H])[C@]1([H])[C@H](O)C2)[C@H](C)CC[C@H](O)C(C)C=O		
CHEBI:63849	(24S)-3alpha,7alpha,12alpha,24-tetrahydroxy-5beta-cholestan-26-al		C27H46O5	450.65110	[H][C@@]12C[C@H](O)CC[C@]1(C)[C@@]1([H])C[C@H](O)[C@]3(C)[C@]([H])(CC[C@@]3([H])[C@]1([H])[C@H](O)C2)[C@H](C)CC[C@H](O)C(C)C=O		
CHEBI:65568	calotropone		C28H36O6	468.58180	[H][C@]12C[C@@H](OC(=O)c3ccccc3)[C@]3(C)[C@@](O)(CC[C@]3(O)[C@]1([H])CC=C1C[C@@H](O)CC[C@]21C)C(C)=O		
CHEBI:65603	caudatin-3-O-beta-cymaropyranoside		C35H54O10	634.79730	[H][C@@]1(C[C@H](OC)[C@H](O)[C@@H](C)O1)O[C@H]1CC[C@@]2(C)C(C1)=CC[C@]1(O)[C@]2([H])C[C@@H](OC(=O)\C=C(/C)C(C)C)[C@]2(C)[C@@](O)(CC[C@]12O)C(C)=O		
CHEBI:65620	3beta-[(beta-D-glucopyranosyl)oxy]-17alpha-hydroxy-16beta-[(O-(2-O-3,4,5-trimethoxybenzoyl-beta-D-xylopyranosyl)-(1->3)-2-O-acetyl-alpha-L-arabinopyranosyl)oxy]cholest-5-en-22-one		C55H82O22	1095.22640	[H][C@@]12CC=C3C[C@H](CC[C@]3(C)[C@@]1([H])CC[C@@]1(C)[C@@]2([H])C[C@H](O[C@@H]2OC[C@H](O)[C@H](O[C@@H]3OC[C@@H](O)[C@H](O)[C@H]3OC(=O)c3cc(OC)c(OC)c(OC)c3)[C@H]2OC(C)=O)[C@]1(O)[C@@H](C)C(=O)CCC(C)C)O[C@@H]1O[C@H](CO)[C@@H](O)[C@H](O)[C@H]1O		
CHEBI:65621	3beta-[(beta-D-glucopyranosyl)oxy]-17alpha-hydroxy-16beta-[(O-(2-O-3,4-dimethoxybenzoyl-beta-D-xylopyranosyl)-(1->3)-2-O-acetyl-alpha-L-arabinopyranosyl)oxy]cholest-5-en-22-one		C54H80O21	1065.20040	[H][C@@]12CC=C3C[C@H](CC[C@]3(C)[C@@]1([H])CC[C@@]1(C)[C@@]2([H])C[C@H](O[C@@H]2OC[C@H](O)[C@H](O[C@@H]3OC[C@@H](O)[C@H](O)[C@H]3OC(=O)c3ccc(OC)c(OC)c3)[C@H]2OC(C)=O)[C@]1(O)[C@@H](C)C(=O)CCC(C)C)O[C@@H]1O[C@H](CO)[C@@H](O)[C@H](O)[C@H]1O		
CHEBI:65622	3beta-[(beta-D-glucopyranosyl)oxy]-17alpha-hydroxy-16beta-[(O-beta-D-xylopyranosyl)-(1->3)-2-O-acetyl-alpha-L-arabinopyranosyloxy]cholest-5-en-22-one		C45H72O18	901.04240	[H][C@@]12CC=C3C[C@H](CC[C@]3(C)[C@@]1([H])CC[C@@]1(C)[C@@]2([H])C[C@H](O[C@@H]2OC[C@H](O)[C@H](O[C@@H]3OC[C@@H](O)[C@H](O)[C@H]3O)[C@H]2OC(C)=O)[C@]1(O)[C@@H](C)C(=O)CCC(C)C)O[C@@H]1O[C@H](CO)[C@@H](O)[C@H](O)[C@H]1O		
CHEBI:65623	3beta-[(O-beta-D-glucopyranosyl-(1->6)-beta-D-glucopyranosyl)oxy]-17alpha-hydroxy-16beta-[(O-(2-O-3,4-dimethoxybenzoyl-beta-D-xylopyranosyl)-(1->3)-2-O-acetyl-alpha-L-arabinopyranosyl)oxy]cholest-5-en-22-one		C60H90O26	1227.34100	[H][C@@]1(O[C@H]2CC[C@@]3(C)C(C2)=CC[C@]2([H])[C@]3([H])CC[C@@]3(C)[C@@]2([H])C[C@H](O[C@@H]2OC[C@H](O)[C@H](O[C@@H]4OC[C@@H](O)[C@H](O)[C@H]4OC(=O)c4ccc(OC)c(OC)c4)[C@H]2OC(C)=O)[C@]3(O)[C@@H](C)C(=O)CCC(C)C)O[C@H](CO[C@@H]2O[C@H](CO)[C@@H](O)[C@H](O)[C@H]2O)[C@@H](O)[C@H](O)[C@H]1O		
CHEBI:65624	3beta-[(O-beta-D-glucopyranosyl-(1->6)-beta-D-glucopyranosyl)oxy]-17alpha-hydroxy-16beta-[(O-(2-O-3,4,5-trimethoxybenzoyl-beta-D-xylopyranosyl)-(1->3)-2-O-acetyl-alpha-L-arabinopyranosyl)oxy]cholest-5-en-22-one		C61H92O27	1257.36700	[H][C@@]12CC=C3C[C@H](CC[C@]3(C)[C@@]1([H])CC[C@@]1(C)[C@@]2([H])C[C@H](O[C@@H]2OC[C@H](O)[C@H](O[C@@H]3OC[C@@H](O)[C@H](O)[C@H]3OC(=O)c3cc(OC)c(OC)c(OC)c3)[C@H]2OC(C)=O)[C@]1(O)[C@@H](C)C(=O)CCC(C)C)O[C@@H]1O[C@H](CO[C@@H]2O[C@H](CO)[C@@H](O)[C@H](O)[C@H]2O)[C@@H](O)[C@H](O)[C@H]1O		
CHEBI:65625	3beta-[(O-beta-D-glucopyranosyl-(1->4)-O-beta-D-glucopyranosyl-(1->6)-beta-D-glucopyranosyl)oxy]-17alpha-hydroxy-16beta-[(O-(2-O-3,4-dimethoxybenzoyl-beta-D-xylopyranosyl)-(1->3)-2-O-acetyl-alpha-L-arabinopyranosyl)oxy]cholest-5-en-22-one		C66H100O31	1389.48160	[H][C@]1(O[C@H](CO)[C@@H](O)[C@H](O)[C@H]1O)O[C@@H]1[C@@H](CO)O[C@@H](OC[C@H]2O[C@@H](O[C@H]3CC[C@@]4(C)C(C3)=CC[C@]3([H])[C@]4([H])CC[C@@]4(C)[C@@]3([H])C[C@H](O[C@@H]3OC[C@H](O)[C@H](O[C@@H]5OC[C@@H](O)[C@H](O)[C@H]5OC(=O)c5ccc(OC)c(OC)c5)[C@H]3OC(C)=O)[C@]4(O)[C@@H](C)C(=O)CCC(C)C)[C@H](O)[C@@H](O)[C@@H]2O)[C@H](O)[C@H]1O		
CHEBI:65626	3beta-[(O-beta-D-glucopyranosyl-(1->4)-O-beta-D-glucopyranosyl-(1->6)-beta-D-glucopyranosyl)oxy]-17alpha-hydroxy-16beta-[(O-(2-O-3,4,5-trimethoxybenzoyl-beta-D-xylopyranosyl)-(1->3)-2-O-acetyl-alpha-L-arabinopyranosyl)oxy]cholest-5-en-22-one		C67H102O32	1419.50760	[H][C@]1(O[C@H](CO)[C@@H](O)[C@H](O)[C@H]1O)O[C@@H]1[C@@H](CO)O[C@@H](OC[C@H]2O[C@@H](O[C@H]3CC[C@@]4(C)C(C3)=CC[C@]3([H])[C@]4([H])CC[C@@]4(C)[C@@]3([H])C[C@H](O[C@@H]3OC[C@H](O)[C@H](O[C@@H]5OC[C@@H](O)[C@H](O)[C@H]5OC(=O)c5cc(OC)c(OC)c(OC)c5)[C@H]3OC(C)=O)[C@]4(O)[C@@H](C)C(=O)CCC(C)C)[C@H](O)[C@@H](O)[C@@H]2O)[C@H](O)[C@H]1O		
CHEBI:65627	3beta-[(O-beta-D-glucopyranosyl-(1->4)-O-beta-D-glucopyranosyl-(1->6)-beta-D-glucopyranosyl)oxy]-17alphahydroxy-16beta-[(O-(3-O-3,4-dimethoxybenzoyl-beta-D-xylopyranosyl)-(1->3)-2-O-acetyl-alpha-L-arabinopyranosyl)oxy]cholest-5-en-22-one		C66H100O31	1389.48160	[H][C@@]12CC=C3C[C@H](CC[C@]3(C)[C@@]1([H])CC[C@@]1(C)[C@@]2([H])C[C@H](O[C@@H]2OC[C@H](O)[C@H](O[C@@H]3OC[C@@H](O)[C@H](OC(=O)c4ccc(OC)c(OC)c4)[C@H]3O)[C@H]2OC(C)=O)[C@]1(O)[C@@H](C)C(=O)CCC(C)C)O[C@@H]1O[C@H](CO[C@@H]2O[C@H](CO)[C@@H](O[C@@H]3O[C@H](CO)[C@@H](O)[C@H](O)[C@H]3O)[C@H](O)[C@H]2O)[C@@H](O)[C@H](O)[C@H]1O		
CHEBI:65629	16beta-[(O-(2-O-(E)-cinnamoyl-beta-D-xylopyranosyl)-(1->2)-2-O-acetyl-alpha-L-arabinopyranosyl)oxy]-3beta-[(beta-D-glucopyranosyl)oxy]-17alpha-hydroxycholest-5-en-22-one		C54H78O19	1031.18570	[H][C@@]12CC=C3C[C@H](CC[C@]3(C)[C@@]1([H])CC[C@@]1(C)[C@@]2([H])C[C@H](O[C@@H]2OC[C@H](O)[C@H](O[C@@H]3OC[C@@H](O)[C@H](O)[C@H]3OC(=O)\C=C\c3ccccc3)[C@H]2OC(C)=O)[C@]1(O)[C@@H](C)C(=O)CCC(C)C)O[C@@H]1O[C@H](CO)[C@@H](O)[C@H](O)[C@H]1O		
CHEBI:65657	convallasaponin A		C44H72O18	889.03170	[H][C@]1(OC[C@@H](O)[C@H](O)[C@H]1O)O[C@H]1[C@H](O)[C@@H](C)O[C@@]([H])(O[C@@H]2C[C@H](O)C[C@@]3([H])CC[C@]4([H])[C@]([H])(CC[C@@]5(C)[C@@]4([H])C[C@]4([H])O[C@]6(CC[C@H](C)CO6)[C@@H](C)[C@]54O)[C@@]23C)[C@@H]1O[C@]1([H])O[C@H](CO)[C@@H](O)[C@H](O)[C@H]1O		
CHEBI:65677	3beta-[(O-beta-D-glucopyranosyl-(1->3)-4,6-dideoxy-2-O-methyl-beta-D-gulopyranosyl)]-5beta,14beta-dihydroxy-19-oxocard-20(22)enolide		C36H54O14	710.80560	[H][C@@]1(CC[C@]2(O)[C@]3([H])CC[C@]4(O)C[C@H](CC[C@]4(C=O)[C@@]3([H])CC[C@]12C)O[C@@H]1O[C@H](C)C[C@H](O[C@@H]2O[C@H](CO)[C@@H](O)[C@H](O)[C@H]2O)[C@H]1OC)C1=CC(=O)OC1		
CHEBI:65734	7,8-dehydrocerberin		C32H46O9	574.70220	[H][C@]12CC=C3[C@]([H])(CC[C@]4(C)[C@]([H])(CC[C@]34O)C3=CC(=O)OC3)[C@@]1(C)CC[C@@H](C2)O[C@@H]1O[C@@H](C)[C@H](O)[C@@H](OC)[C@@H]1OC(C)=O		
CHEBI:65752	6beta,16beta-diacetoxy-25-hydroxy-3,7-dioxy-29-nordammara-1,17(20)-dien-21-oic acid		C33H46O9	586.71290	[H][C@@]12CC[C@@]3([H])[C@@]4(C)C=CC(=O)[C@@H](C)[C@]4([H])[C@H](OC(C)=O)C(=O)[C@]3(C)[C@@]1(C)C[C@H](OC(C)=O)\C2=C(\CCCC(C)(C)O)C(O)=O		
CHEBI:65825	elaeodendroside B		C29H40O8	516.62310	[H][C@@]12C[C@@]3(C)C(CC[C@]4([H])[C@]3([H])CC[C@]3(C)[C@H](CC[C@]43O)C3=CC(=O)OC3)=C[C@@]1([H])O[C@]1([H])OCC[C@H](OC)[C@]1(O)O2		
CHEBI:65826	elaeodendroside F		C31H42O10	574.65920	[H][C@@]12C[C@@]3(C)C(CC[C@]4([H])[C@]3([H])CC[C@]3(C)[C@H]([C@H](C[C@]43O)OC(C)=O)C3=CC(=O)OC3)=C[C@@]1([H])O[C@]1([H])OCC[C@H](OC)[C@]1(O)O2		
CHEBI:65827	elaeodendroside G		C31H42O10	574.65920	[H][C@@]12C[C@@]3(C)C(CC[C@]4([H])[C@]3([H])CC[C@]3(C)[C@H]([C@H](C[C@]43O)OC(C)=O)C3=CC(=O)OC3)=C[C@@]1([H])O[C@]1([H])OCC[C@@H](OC)[C@]1(O)O2		
CHEBI:65828	elaeodendroside T		C32H44O10	588.68580	[H][C@@]12C[C@@]3(C)C(CC[C@]4([H])[C@]3([H])CC[C@]3(C)[C@H]([C@H](C[C@]43O)OC(C)=O)C3=CC(=O)OC3)=C[C@@]1([H])O[C@]1([H])O[C@H](C)C[C@@H](OC)[C@]1(O)O2		
CHEBI:65829	elaeodendroside U		C29H40O9	532.62250	[H][C@]1(OCC[C@H](OC)[C@@H]1O)O[C@@H]1C=C2CC[C@]3([H])[C@]([H])(CC(=O)[C@]4(C)[C@H](CC[C@]34O)C3=CC(=O)OC3)[C@@]2(C)C[C@H]1O		
CHEBI:65830	elaeodendroside V		C35H54O16	730.79370	[H][C@@]1(O[C@H]2CC[C@]3(CO)[C@@]4([H])[C@H](O)C[C@]5(C)[C@]([H])(CC[C@]5(O)[C@]4([H])CC[C@]3(O)C2)C2=CC(=O)OC2)O[C@H](C)[C@@H](O[C@]2([H])O[C@H](CO)[C@@H](O)[C@@H](O)[C@H]2O)[C@@H](O)[C@H]1O		
CHEBI:65831	elaeodendroside W		C35H52O16	728.77780	[H][C@@]1(O[C@H]2CC[C@]3(C=O)[C@@]4([H])[C@H](O)C[C@]5(C)[C@H](CC[C@]5(O)[C@]4([H])CC[C@]3(O)C2)C2=CC(=O)OC2)O[C@H](C)[C@@H](O[C@]2([H])O[C@H](CO)[C@@H](O)[C@@H](O)[C@H]2O)[C@@H](O)[C@H]1O		
CHEBI:65855	16,23-epoxy-5beta-cholestane triglycoside		C45H74O17	887.05890	[H][C@]1(O[C@@H](C)[C@H](O)[C@@H](O)[C@H]1O)O[C@@H]1[C@@H](O)[C@H](O)[C@@H](CO)O[C@@]1([H])O[C@@H]1[C@@H](O)[C@H](O)[C@@H](CO)O[C@@]1([H])O[C@H]1CC[C@@]2(C)[C@]([H])(CC[C@]3([H])[C@]2([H])CC[C@@]2(C)[C@@]3([H])C[C@]3([H])O[C@@H](C=C(C)C)[C@H](O)[C@@H](C)[C@]23[H])C1		
CHEBI:65901	floribundasaponin A		C33H52O9	592.76060	[H][C@@]1(O[C@H]2CC[C@@]3(C)C(C2)=CC[C@]2([H])[C@]3([H])CC[C@@]3(C)[C@@]2([H])C[C@]2([H])O[C@]4(CC[C@@H](C)CO4)[C@@H](C)[C@]32O)O[C@H](CO)[C@@H](O)[C@H](O)[C@H]1O		
CHEBI:66144	kidjoranin-3-O-alpha-diginopyranosyl-(1->4)-beta-cymaropyranoside		C44H62O13	798.95530	[H][C@@]1(C[C@H](OC)[C@H](O[C@@]2([H])C[C@H](OC)[C@H](O)[C@H](C)O2)[C@@H](C)O1)O[C@H]1CC[C@@]2(C)C(C1)=CC[C@]1(O)[C@]2([H])C[C@@H](OC(=O)\C=C\c2ccccc2)[C@]2(C)[C@@](O)(CC[C@]12O)C(C)=O		
CHEBI:66145	kidjoranin-3-O-beta-digitoxopyranoside		C36H48O10	640.76030	[H][C@@]1(C[C@H](O)[C@H](O)[C@@H](C)O1)O[C@H]1CC[C@@]2(C)C(C1)=CC[C@]1(O)[C@]2([H])C[C@@H](OC(=O)\C=C\c2ccccc2)[C@]2(C)[C@@](O)(CC[C@]12O)C(C)=O		
CHEBI:66192	tanghinin		C32H46O10	590.710	C1[C@H](O[C@@]2(O[C@H]([C@@H]([C@H]([C@@H]2OC(C)=O)OC)O)C)[H])C[C@]3([H])[C@@](C1)(C)[C@]4(CC[C@@]5(C)[C@]([C@@]64[C@@H](O6)C3)(O)CC[C@@H]5C7=CC(=O)OC7)[H]		
CHEBI:66193	deacetyltanghinin		C30H44O9	548.673	C1[C@H](O[C@@H]2O[C@H]([C@@H]([C@H]([C@@H]2O)OC)O)C)C[C@]3([H])[C@@](C1)(C)[C@]4(CC[C@@]5(C)[C@]([C@@]64[C@@H](O6)C3)(O)CC[C@@H]5C=7COC(=O)C7)[H]		
CHEBI:66259	torvoside H		C45H74O18	903.05830	[H][C@]12C[C@@]3([H])[C@]4([H])C[C@H](O[C@@H]5O[C@H](C)[C@@H](O)[C@H](O[C@@H]6O[C@@H](C)[C@H](O)[C@@H](O)[C@H]6O)[C@H]5O)[C@@]5([H])CC(=O)CC[C@]5(C)[C@@]4([H])CC[C@]3(C)[C@@]1([H])[C@H](C)[C@@](O)(CC[C@H](C)CO[C@@H]1O[C@H](CO)[C@@H](O)[C@H](O)[C@H]1O)O2		
CHEBI:66325	tubocapsanolide A		C28H36O6	468.58180	[H][C@@]1(CC(C)=C(C)C(=O)O1)[C@@H](C)[C@@]12O[C@]1([H])C[C@@]1([H])[C@]3([H])C[C@@]4([H])O[C@]44[C@@H](O)C=CC(=O)[C@]4(C)[C@@]3([H])CC[C@]21C		
CHEBI:66326	20-hydroxytubocapsanolide A		C28H36O7	484.58120	CC1=C(C)C(=O)O[C@H](C1)[C@](C)(O)[C@@]12O[C@@H]1C[C@H]1[C@@H]3C[C@H]4O[C@]44[C@@H](O)C=CC(=O)[C@]4(C)[C@H]3CC[C@]21C		
CHEBI:66327	23-hydroxytubocapsanolide A		C28H36O7	484.58120	C[C@H]([C@@H]1OC(=O)C(C)=C(C)[C@@H]1O)[C@@]12O[C@@H]1C[C@H]1[C@@H]3C[C@H]4O[C@]44[C@@H](O)C=CC(=O)[C@]4(C)[C@H]3CC[C@]21C		
CHEBI:66328	tubocapsanolide F		C28H38O6	470.59770	[H][C@@]1(CC(C)=C(C)C(=O)O1)[C@@H](C)[C@@]1(O)CC[C@@]2([H])[C@]3([H])C[C@@]4([H])O[C@]44[C@@H](O)C=CC(=O)[C@]4(C)[C@@]3([H])CC[C@]12C		
CHEBI:66329	17alpha-hydroxywithanolide D		C28H38O7	486.59710	CC1=C(C)C(=O)O[C@H](C1)[C@](C)(O)[C@@]1(O)CC[C@H]2[C@@H]3C[C@H]4O[C@]44[C@@H](O)C=CC(=O)[C@]4(C)[C@H]3CC[C@]12C		
CHEBI:66487	sinularia glycoside		C36H58O8	618.84090	[H][C@]1(O[C@@H](C)[C@@H](OC(C)=O)[C@@H](O)[C@@H]1O)O[C@H]1CC[C@@]2(C)C(C1)=C[C@H](O)[C@]1([H])[C@]2([H])CC[C@@]2(C)[C@@]1([H])C[C@H](O)[C@]2([H])[C@H](C)CCC(=C)C(C)C		
CHEBI:66499	yuccalan		C39H64O15	772.91650	[H][C@@]1(OC[C@H]2O[C@@]([H])(O[C@H]3CC[C@@]4(C)[C@]([H])(C3)[C@@H](O)C[C@]3([H])[C@]4([H])CC[C@@]4(C)[C@@]3([H])C[C@]3([H])O[C@]5(CC[C@@H](CO)CO5)[C@@H](C)[C@]43[H])[C@H](O)[C@@H](O)[C@@H]2O)O[C@H](CO)[C@@H](O)[C@H](O)[C@H]1O		
CHEBI:66504	zhankuic acid B		C29H42O5	470.64080	[H][C@@]1(CC[C@@]2([H])C3=C(C(=O)C[C@]12C)[C@@]1(C)CC[C@@H](O)[C@@H](C)[C@]1([H])CC3=O)[C@H](C)CCC(=C)C(C)C(O)=O		
CHEBI:66505	zhankuic acid C		C29H42O6	486.64020	[H][C@@]1(CC[C@@]2([H])C3=C(C(=O)[C@H](O)[C@]12C)[C@@]1(C)CC[C@@H](O)[C@@H](C)[C@]1([H])CC3=O)[C@H](C)CCC(=C)C(C)C(O)=O		
CHEBI:66665	mannioside A		C39H62O13	738.90180	[H][C@@]1(CC[C@@]2(C)C(C1)=CC[C@]1([H])[C@]2([H])CC[C@@]2(C)[C@@]1([H])C[C@]1([H])O[C@]3(CC[C@@H](C)CO3)[C@@H](C)[C@]21O)O[C@@H]1O[C@H](CO)[C@@H](O)[C@]([H])(O[C@@H]2O[C@@H](C)[C@H](O)[C@@H](O)[C@H]2O)[C@H]1O		
CHEBI:67171	cortistatin A		C30H36N2O3	472.61840	[H][C@@]12CC[C@H](c3ccc4ccncc4c3)[C@@]1(C)CC=C1C=C3[C@@H](O)[C@H](O)[C@H](C[C@]33CC[C@]21O3)N(C)C		
CHEBI:67173	cortistatin B		C30H36N2O4	488.61780	[H][C@@]12C[C@H](O)[C@H](c3ccc4ccncc4c3)[C@@]1(C)CC=C1C=C3[C@@H](O)[C@H](O)[C@H](C[C@]33CC[C@]21O3)N(C)C		
CHEBI:67174	cortistatin C		C30H34N2O4	486.60200	[H][C@@]12CC(=O)[C@H](c3ccc4ccncc4c3)[C@@]1(C)CC=C1C=C3[C@@H](O)[C@H](O)[C@H](C[C@]33CC[C@]21O3)N(C)C		
CHEBI:67175	cortistatin D		C30H34N2O5	502.60140	[H][C@@]12CC(=O)[C@](O)(c3ccc4ccncc4c3)[C@@]1(C)CC=C1C=C3[C@@H](O)[C@H](O)[C@H](C[C@]33CC[C@]21O3)N(C)C		
CHEBI:67286	7-deacetyl-7-benzoylepoxyazadiradione		C33H36O6	528.645	[C@]123[C@](C(=O)[C@]([C@@]1(CC[C@@]4([C@]5(C=CC(C([C@@]5(C[C@H]([C@@]24C)OC(=O)C6=CC=CC=C6)[H])(C)C)=O)C)[H])C)(C7=COC=C7)[H])([H])O3		
CHEBI:67560	paraminabeolide A		C28H36O4	436.58300	C[C@@H]([C@H]1CC[C@H]2[C@@H]3CCC4=CC(=O)C=C[C@]4(C)[C@H]3CC[C@]12C=O)[C@H]1CC(C)=C(C)C(=O)O1		
CHEBI:67561	paraminabeolide B		C30H42O5	482.65150	C[C@@H]([C@H]1CC[C@H]2[C@@H]3CCC4=CC(=O)C=C[C@]4(C)[C@H]3CC[C@]12COC(C)=O)[C@H]1C[C@H](C)[C@H](C)C(=O)O1		
CHEBI:67562	paraminabeolide C		C30H42O6	498.65090	C[C@H]([C@H](O)[C@@H]1OC(=O)[C@H](C)[C@H]1C)[C@H]1CC[C@H]2[C@@H]3CCC4=CC(=O)C=C[C@]4(C)[C@H]3CC[C@]12COC(C)=O		
CHEBI:67563	paraminabeolide D		C28H40O4	440.61480	C[C@H]([C@H](O)[C@@H]1OC(=O)[C@H](C)[C@@H]1C)[C@H]1CC[C@H]2[C@@H]3CCC4=CC(=O)C=C[C@]4(C)[C@H]3CC[C@]12C		
CHEBI:67564	paraminabeolide E		C28H40O4	440.61480	C[C@H]([C@H](O)[C@@H]1OC(=O)[C@@H](C)[C@@H]1C)[C@H]1CC[C@H]2[C@@H]3CCC4=CC(=O)C=C[C@]4(C)[C@H]3CC[C@]12C		
CHEBI:67566	minabeolide 1		C28H38O3	422.59950	[H][C@@]1(CC[C@@]2([H])[C@]3([H])CCC4=CC(=O)C=C[C@]4(C)[C@@]3([H])CC[C@]12C)[C@H](C)[C@H]1CC(C)=C(C)C(=O)O1		
CHEBI:67567	minabeolide 2		C30H40O5	480.63560	[H][C@@]1(CC[C@@]2([H])[C@]3([H])CCC4=CC(=O)C=C[C@]4(C)[C@@]3([H])CC[C@]12COC(C)=O)[C@H](C)[C@H]1CC(C)=C(C)C(=O)O1		
CHEBI:67568	minabeolide 4		C27H38O3	410.58880	[H][C@@]1(CC[C@@]2([H])[C@]3([H])CCC4=CC(=O)C=C[C@]4(C)[C@@]3([H])CC[C@]12C)[C@H](C)[C@H]1CC[C@H](C)C(=O)O1		
CHEBI:67586	fruticoside C		C35H56O8	604.81430	CC(C)C(=C)CC[C@H]([C@H]1CC[C@H]2C3=CC[C@H]4[C@H](C)[C@@H](O[C@@H]5O[C@@H](C)[C@H](O)[C@@H](O)[C@@H]5O)[C@H](O)C[C@]4(C)[C@H]3CC[C@]12C)C(O)=O		
CHEBI:67587	fruticoside D		C37H58O9	646.85100	CC(C)C(=C)CC[C@H]([C@H]1CC[C@H]2C3=CC[C@H]4[C@H](C)[C@@H](O[C@@H]5O[C@@H](C)[C@H](O)[C@@H](O)[C@@H]5O)[C@@H](C[C@]4(C)[C@H]3CC[C@]12C)OC(C)=O)C(O)=O		
CHEBI:67588	fruticoside E		C37H58O9	646.85100	CC(C)C(=C)CC[C@H]([C@H]1CC[C@H]2C3=CC[C@H]4[C@H](C)[C@@H](O[C@@H]5O[C@@H](C)[C@H](O)[C@@H](O)[C@H]5O)[C@@H](C[C@]4(C)[C@H]3CC[C@]12C)OC(C)=O)C(O)=O		
CHEBI:67589	fruticoside F		C37H58O8S	662.91700	CC(C)C(=C)CC[C@H]([C@H]1CC[C@H]2C3=CC[C@H]4[C@H](C)[C@@H](O[C@@H]5O[C@@H](C)[C@H](O)[C@@H](O)[C@@H]5O)[C@@H](C[C@]4(C)[C@H]3CC[C@]12C)OC(C)=O)C(S)=O		
CHEBI:67591	zizyberanalic acid		C30H46O4	470.68380	CC(=C)[C@@H]1CC[C@@]2(CC[C@]3(C)[C@H](CC[C@@H]4[C@@]5(C)[C@H](C=O)[C@@H](O)C(C)(C)[C@@H]5CC[C@@]34C)[C@@H]12)C(O)=O		
CHEBI:67986	ginsenoside Rf	CHEBI:5360	C42H72O14	801.01270	CC(C)=CCC[C@](C)(O)[C@H]1CC[C@]2(C)[C@@H]1[C@H](O)C[C@@H]1[C@@]3(C)CC[C@H](O)C(C)(C)[C@@H]3[C@H](C[C@@]21C)O[C@@H]1O[C@H](CO)[C@@H](O)[C@H](O)[C@H]1O[C@@H]1O[C@H](CO)[C@@H](O)[C@H](O)[C@H]1O		
CHEBI:67987	ginsenoside Rg1	CHEBI:5361	C42H72O14	801.01270	[H][C@@]1(CC[C@]2(C)[C@]1([H])[C@H](O)C[C@]1([H])[C@@]3(C)CC[C@H](O)C(C)(C)[C@]3([H])[C@H](C[C@@]21C)O[C@@H]1O[C@H](CO)[C@@H](O)[C@H](O)[C@H]1O)[C@](C)(CCC=C(C)C)O[C@@H]1O[C@H](CO)[C@@H](O)[C@H](O)[C@H]1O		
CHEBI:68383	stigmasterol 3-O-beta-D-glucoside		C35H58O6	574.83140	[H][C@@]1(O[C@H]2CC[C@@]3(C)C(C2)=CC[C@]2([H])[C@]3([H])CC[C@]3(C)[C@]([H])(CC[C@@]23[H])[C@H](C)\C=C\[C@@H](CC)C(C)C)O[C@H](CO)[C@@H](O)[C@H](O)[C@H]1O		
CHEBI:68591	eurysterol A sulfonic acid		C27H46O7S	514.71500	[H][C@@]1(CC[C@]2([H])[C@]1(C)CC[C@]1([H])[C@@]34CC[C@@H](C[C@]3(O)[C@H](O)C[C@@]21OC4)OS(O)(=O)=O)[C@H](C)CCCC(C)C		
CHEBI:68594	eurysterol B sulfonic acid		C27H44O7S	512.69900	[H][C@@]1(CC[C@]2([H])[C@]1(C)CC[C@]1([H])[C@@]34CC[C@@H](C[C@]3(O)[C@H](O)C[C@@]21OC4)OS(O)(=O)=O)[C@H](C)\C=C\CC(C)C		
CHEBI:68598	clathsterol disulfonic acid		C39H66O15S2	839.06200	[H][C@@]12CCC3C[C@H](OS(O)(=O)=O)[C@H](C[C@]3(C)[C@@]1([H])CC[C@]1(C)[C@@]([H])([C@H](C)C(OC(=O)CCC)C(OC(=O)CCC)C(CC)C(C)C)[C@@H](O)[C@H](OC(C)=O)[C@@]21[H])OS(O)(=O)=O		
CHEBI:68634	cortisol phosphate		C21H31O8P	442.43980	[H][C@@]12CCC3=CC(=O)CC[C@]3(C)[C@@]1([H])[C@@H](O)C[C@@]1(C)[C@@]2([H])CC[C@]1(O)C(=O)COP(O)(O)=O		
CHEBI:68637	dexamethasone phosphate		C22H30FO8P	472.44100	[H][C@@]12C[C@@H](C)[C@](O)(C(=O)COP(O)(O)=O)[C@@]1(C)C[C@H](O)[C@@]1(F)[C@@]2([H])CCC2=CC(=O)C=C[C@]12C		
CHEBI:68642	abiraterone		C24H31NO	349.50900	[H][C@@]12CC=C3C[C@@H](O)CC[C@]3(C)[C@@]1([H])CC[C@]1(C)C(=CC[C@@]21[H])c1cccnc1		
CHEBI:69018	physalin D		C28H32O11	544.54710	C[C@@]12OC(=O)[C@]3(O)CC[C@H]4[C@@H](C[C@@H](O)[C@@]5(O)CC=CC(=O)[C@]45C)[C@@]45O[C@@]13[C@@H](C4=O)[C@]1(C)C[C@H]2OC(=O)[C@@H]1CO5		
CHEBI:69020	physalin G		C28H30O10	526.53180	C[C@@]12OC(=O)[C@]3(O)CC[C@H]4[C@@H](C[C@H](O)C5=CC=CC(=O)[C@]45C)[C@@]45O[C@@]13[C@@H](C4=O)[C@]1(C)C[C@H]2OC(=O)[C@@H]1CO5		
CHEBI:69106	withalongolide A		C28H38O7	486.59710	C[C@@H]([C@H]1CC[C@H]2[C@@H]3C[C@H]4O[C@]44[C@@H](O)C=CC(=O)[C@]4(CO)[C@H]3CC[C@]12C)[C@H]1CC(C)=C(CO)C(=O)O1		
CHEBI:69107	withalongolide B		C28H38O6	470.59770	C[C@@H]([C@H]1CC[C@H]2[C@@H]3C[C@H]4O[C@]44[C@@H](O)C=CC(=O)[C@]4(CO)[C@H]3CC[C@]12C)[C@H]1CC(C)=C(C)C(=O)O1		
CHEBI:69108	withalongolide C		C28H38O7	486.59710	C[C@@H]([C@H]1CC[C@H]2[C@@H]3C[C@H]4O[C@]44[C@@H](O)C=CC(=O)[C@]4(C)[C@H]3[C@@H](O)C[C@]12C)[C@H]1CC(C)=C(CO)C(=O)O1		
CHEBI:69109	withalongolide D		C29H42O8	518.63900	CO[C@H]1CC(=O)[C@]2(CO)[C@H]3CC[C@]4(C)[C@H](CC[C@H]4[C@@H]3C[C@H]3O[C@@]23[C@H]1O)[C@H](C)[C@H]1CC(C)=C(CO)C(=O)O1		
CHEBI:69110	withalongolide E		C29H42O8	518.63900	CO[C@H]1CC(=O)[C@]2(C)[C@H]3[C@@H](O)C[C@]4(C)[C@H](CC[C@H]4[C@@H]3C[C@H]3O[C@@]23[C@H]1O)[C@H](C)[C@H]1CC(C)=C(CO)C(=O)O1		
CHEBI:69112	withalongolide H		C40H58O15	778.87950	C[C@@H]([C@H]1CC[C@H]2[C@@H]3C[C@H]4O[C@]44[C@@H](O)C=CC(=O)[C@]4(C)[C@H]3CC[C@]12C)[C@H]1CC(C)=C(CO[C@@H]2O[C@H](CO)[C@@H](O[C@@H]3O[C@@H](C)[C@H](O)[C@@H](O)[C@H]3O)[C@H](O)[C@H]2O)C(=O)O1		
CHEBI:69113	withalongolide I		C34H50O11	634.75420	C[C@@H]([C@H]1CC[C@H]2[C@@H]3CC=C4C[C@H](CC(=O)[C@]4(CO)[C@H]3CC[C@]12C)O[C@@H]1O[C@H](CO)[C@@H](O)[C@H](O)[C@H]1O)[C@H]1CC(C)=C(CO)C(=O)O1		
CHEBI:69114	withalongolide J		C34H52O11	636.77010	C[C@@H]([C@H]1CC[C@H]2[C@@H]3CC=C4C[C@@H](O)C[C@H](O)[C@]4(CO)[C@H]3CC[C@]12C)[C@H]1CC(CO[C@@H]2O[C@H](CO)[C@@H](O)[C@H](O)[C@H]2O)=C(C)C(=O)O1		
CHEBI:69115	withalongolide K		C33H46O10	602.71230	C[C@@H]([C@H]1CC[C@H]2[C@@H]3C[C@H](O)c4cccc(O)c4[C@H]3CC[C@]12C)[C@H]1CC(CO[C@@H]2O[C@H](CO)[C@@H](O)[C@H](O)[C@H]2O)=C(C)C(=O)O1		
CHEBI:69116	withalongolide L		C33H48O11	620.72760	C[C@@H]([C@H]1CC[C@H]2[C@@H]3C[C@H](O)C4=C([C@H]3CC[C@]12C)C(=O)C[C@H](O)C4)[C@H]1CC(CO[C@@H]2O[C@H](CO)[C@@H](O)[C@H](O)[C@H]2O)=C(C)C(=O)O1		
CHEBI:69117	withalongolide M		C33H48O10	604.72820	C[C@@H]([C@H]1CC[C@H]2[C@@H]3CCC4=C([C@H]3CC[C@]12C)C(=O)C[C@H](O)C4)[C@H]1CC(CO[C@@H]2O[C@H](CO)[C@@H](O)[C@H](O)[C@H]2O)=C(C)C(=O)O1		
CHEBI:69118	withalongolide N		C33H48O10	604.72820	C[C@@H]([C@H]1CC[C@H]2[C@@H]3CC(=O)C4=C(CC[C@@H](O)C4)[C@H]3CC[C@]12C)[C@H]1CC(CO[C@@H]2O[C@H](CO)[C@@H](O)[C@H](O)[C@H]2O)=C(C)C(=O)O1		
CHEBI:69119	sitoindoside IX		C34H48O11	632.73830	C[C@@H]([C@H]1CC[C@H]2[C@@H]3C[C@H]4O[C@]44[C@@H](O)C=CC(=O)[C@]4(C)[C@H]3CC[C@]12C)[C@H]1CC(C)=C(CO[C@@H]2O[C@H](CO)[C@@H](O)[C@H](O)[C@H]2O)C(=O)O1		
CHEBI:69120	withaferin A	CHEBI:10040	C28H38O6	470.59770	C[C@@H]([C@H]1CC[C@H]2[C@@H]3C[C@H]4O[C@]44[C@@H](O)C=CC(=O)[C@]4(C)[C@H]3CC[C@]12C)[C@H]1CC(C)=C(CO)C(=O)O1		
CHEBI:69121	2,3-dihydro-3beta-methoxy withaferin A		C29H42O7	502.63960	CO[C@H]1CC(=O)[C@]2(C)[C@H]3CC[C@]4(C)[C@H](CC[C@H]4[C@@H]3C[C@H]3O[C@@]23[C@H]1O)[C@H](C)[C@H]1CC(C)=C(CO)C(=O)O1		
CHEBI:69122	viscosalactone B		C28H40O7	488.61300	C[C@@H]([C@H]1CC[C@H]2[C@@H]3C[C@H]4O[C@]44[C@@H](O)[C@@H](O)CC(=O)[C@]4(C)[C@H]3CC[C@]12C)[C@H]1CC(C)=C(CO)C(=O)O1		
CHEBI:69123	2,3-dihydro-3beta-O-sulfate withaferin A		C28H40O10S	568.67600	C[C@@H]([C@H]1CC[C@H]2[C@@H]3C[C@H]4O[C@]44[C@@H](O)[C@H](CC(=O)[C@]4(C)[C@H]3CC[C@]12C)OS(O)(=O)=O)[C@H]1CC(C)=C(CO)C(=O)O1		
CHEBI:69124	2,3-dihydrowithaferin A		C28H40O6	472.61360	C[C@@H]([C@H]1CC[C@H]2[C@@H]3C[C@H]4O[C@]44[C@@H](O)CCC(=O)[C@]4(C)[C@H]3CC[C@]12C)[C@H]1CC(C)=C(CO)C(=O)O1		
CHEBI:69125	3alpha,6alpha-epoxy-4beta,5beta,27-trihydroxy-1-oxowitha-24-enolide		C28H40O7	488.61300	C[C@@H]([C@H]1CC[C@H]2[C@@H]3C[C@@H]4O[C@@H]5CC(=O)[C@](C)([C@H]3CC[C@]12C)[C@@]4(O)[C@H]5O)[C@H]1CC(C)=C(CO)C(=O)O1		
CHEBI:69126	withalongolide G		C28H40O11S	584.67600	C[C@@H]([C@H]1CC[C@H]2[C@@H]3C[C@H]4O[C@]44[C@@H](O)[C@H](CC(=O)[C@]4(CO)[C@H]3CC[C@]12C)OS(O)(=O)=O)[C@H]1CC(C)=C(CO)C(=O)O1		
CHEBI:69995	combretanone A		C30H50O5	490.71500	C[C@H](C[C@@H](O)[C@@H](O)C(C)(C)O)[C@H]1CC[C@@]2(C)[C@@H]3[C@@H](O)C[C@@H]4[C@]5(C[C@@]35CC[C@]12C)CCC(=O)C4(C)C		
CHEBI:69996	combretanone B		C30H50O6	506.71440	C[C@H](C[C@@H](O)[C@H](O)C(C)(C)O)[C@H]1CC[C@@]2(C)[C@@H]3[C@@H](O)C[C@@H]4[C@]5(C[C@@]35CC[C@]12C)CCC(=O)[C@@]4(C)CO		
CHEBI:69997	combretanone C		C30H48O3	456.70030	C[C@H](C\C=C\C(C)(C)O)[C@H]1CC[C@@]2(C)[C@@H]3[C@@H](O)C[C@@H]4[C@]5(C[C@@]35CC[C@]12C)CCC(=O)C4(C)C		
CHEBI:69998	combretanone D		C30H48O3	456.70030	C[C@H](C[C@@H](O)C=C(C)C)[C@H]1CC[C@@]2(C)[C@@H]3[C@@H](O)C[C@@H]4[C@]5(C[C@@]35CC[C@]12C)CCC(=O)C4(C)C		
CHEBI:69999	combretanone E		C31H50O3	470.72690	C[C@H](CCC(C)(O)C(C)=C)[C@H]1CC[C@@]2(C)[C@@H]3[C@@H](O)C[C@@H]4[C@]5(C[C@@]35CC[C@]12C)CCC(=O)C4(C)C		
CHEBI:70000	combretanone F		C31H50O3	470.72690	C[C@H](CC(O)C(C)C(C)=C)[C@H]1CC[C@@]2(C)[C@@H]3[C@@H](O)C[C@@H]4[C@]5(C[C@@]35CC[C@]12C)CCC(=O)C4(C)C		
CHEBI:70001	combretanone G		C31H50O3	470.72690	COC(C)(C)\C=C\C[C@@H](C)[C@H]1CC[C@@]2(C)[C@@H]3[C@@H](O)C[C@@H]4[C@]5(C[C@@]35CC[C@]12C)CCC(=O)C4(C)C		
CHEBI:70119	cornusalterin K		C30H50O2	442.71680	CC(C)CCC[C@H](C)[C@@H]1CC[C@]2(C)[C@@H]3CC=C4C(C)(C)C(=O)C[C@@H](O)[C@]4(C)[C@H]3CC[C@@]12C		
CHEBI:70335	(22E,24R)-3beta,5alpha,9alpha-trihydroxyergosta-7,22-dien-6-one		C28H44O4	444.64660	CC(C)[C@@H](C)\C=C\[C@@H](C)[C@H]1CC[C@H]2C3=CC(=O)[C@@]4(O)C[C@@H](O)CC[C@]4(C)[C@@]3(O)CC[C@]12C		
CHEBI:70336	(22E,24R)-3beta,5alpha-dihydroxyergosta-7,22-dien-6-one		C28H44O3	428.64720	CC(C)[C@@H](C)\C=C\[C@@H](C)[C@H]1CC[C@H]2C3=CC(=O)[C@@]4(O)C[C@@H](O)CC[C@]4(C)[C@H]3CC[C@]12C		
CHEBI:70708	dienogest		C20H25NO2	311.41800	[H][C@@]12CCC3=CC(=O)CCC3=C1CC[C@@]1(C)[C@@]2([H])CC[C@@]1(O)CC#N		
CHEBI:70992	strospeside		C30H46O9	550.68080	[H][C@]12CC[C@]3([H])[C@]([H])(CC[C@]4(C)[C@]([H])([C@@H](O)C[C@]34O)C3=CC(=O)OC3)[C@@]1(C)CC[C@@H](C2)O[C@@H]1O[C@H](C)[C@H](O)[C@H](OC)[C@H]1O		
CHEBI:70996	gitaloxin		C42H64O15	808.94860	[H]C(=O)O[C@H]1C[C@]2(O)[C@]3([H])CC[C@]4([H])C[C@H](CC[C@]4(C)[C@@]3([H])CC[C@]2(C)[C@@]1([H])C1=CC(=O)OC1)O[C@H]1C[C@H](O)[C@H](O[C@H]2C[C@H](O)[C@H](O[C@H]3C[C@H](O)[C@H](O)[C@@H](C)O3)[C@@H](C)O2)[C@@H](C)O1		
CHEBI:71000	evomonoside		C29H44O8	520.65490	[H][C@]12CC[C@]3([H])[C@]([H])(CC[C@]4(C)[C@]([H])(CC[C@]34O)C3=CC(=O)OC3)[C@@]1(C)CC[C@@H](C2)O[C@@H]1O[C@@H](C)[C@H](O)[C@@H](O)[C@H]1O		
CHEBI:71006	12-O-acetyldigoxin		C43H66O15	822.97510	[H][C@]12CC[C@]3([H])[C@]([H])(C[C@@H](OC(C)=O)[C@]4(C)[C@H](CC[C@]34O)C3=CC(=O)OC3)[C@@]1(C)CC[C@@H](C2)O[C@H]1C[C@H](O)[C@H](O[C@H]2C[C@H](O)[C@H](O[C@H]3C[C@H](O)[C@H](O)[C@@H](C)O3)[C@@H](C)O2)[C@@H](C)O1		
CHEBI:71020	16-O-acetylgitoxin		C43H66O15	822.97510	[H][C@]12CC[C@]3([H])[C@]([H])(CC[C@]4(C)[C@]([H])([C@H](C[C@]34O)OC(C)=O)C3=CC(=O)OC3)[C@@]1(C)CC[C@@H](C2)O[C@H]1C[C@H](O)[C@H](O[C@H]2C[C@H](O)[C@H](O[C@H]3C[C@H](O)[C@H](O)[C@@H](C)O3)[C@@H](C)O2)[C@@H](C)O1		
CHEBI:71022	acovenoside A		C30H46O9	550.68080	[H][C@]12CC[C@]3([H])[C@]([H])(CC[C@]4(C)[C@]([H])(CC[C@]34O)C3=CC(=O)OC3)[C@@]1(C)[C@H](O)C[C@@H](C2)O[C@@H]1O[C@@H](C)[C@@H](O)[C@@H](OC)[C@H]1O		
CHEBI:71418	triamcinolone acetonide	CHEBI:9668	C24H31FO6	434.49770	[H][C@@]12C[C@H]3OC(C)(C)O[C@@]3(C(=O)CO)[C@@]1(C)C[C@H](O)[C@@]1(F)[C@@]2([H])CCC2=CC(=O)C=C[C@]12C		
CHEBI:71556	(25S)-Delta(7)-dafachronic acid		C27H42O3	414.62060	[H][C@@]12CC=C3[C@]([H])(CC[C@]4(C)[C@]([H])(CC[C@@]34[H])[C@H](C)CCC[C@H](C)C(O)=O)[C@@]1(C)CCC(=O)C2		
CHEBI:71560	(25S)-Delta(4)-dafachronic acid		C27H42O3	414.62060	[H][C@@]1(CC[C@@]2([H])[C@]3([H])CCC4=CC(=O)CC[C@]4(C)[C@@]3([H])CC[C@]12C)[C@H](C)CCC[C@H](C)C(O)=O		
CHEBI:71607	(5alpha,25S)-3-oxocholestan-26-oic acid		C27H44O3	416.63650	[H][C@@]12CC[C@@]3([H])[C@]4([H])CC[C@]([H])([C@H](C)CCC[C@H](C)C(O)=O)[C@@]4(C)CC[C@]3([H])[C@@]1(C)CCC(=O)C2		
CHEBI:71613	(25R)-Delta(4)-dafachronic acid		C27H42O3	414.62060	[H][C@@]1(CC[C@@]2([H])[C@]3([H])CCC4=CC(=O)CC[C@]4(C)[C@@]3([H])CC[C@]12C)[C@H](C)CCC[C@@H](C)C(O)=O		
CHEBI:71616	(25S)-cholestenoic acid		C27H44O3	416.63650	[H][C@@]1(CC[C@@]2([H])[C@]3([H])CC=C4C[C@@H](O)CC[C@]4(C)[C@@]3([H])CC[C@]12C)[C@H](C)CCC[C@H](C)C(O)=O		
CHEBI:71620	cardenolide		C23H34O2	342.51490	[H][C@@]12CCC3CCCC[C@]3(C)[C@@]1([H])CC[C@]1(C)[C@]([H])(CC[C@]21[H])C1=CC(=O)OC1		
CHEBI:71625	sarmentologenin		C23H34O7	422.51190	[H][C@@]1(CC[C@]2(O)[C@]3([H])CC[C@]4(O)C[C@@H](O)CC[C@]4(CO)[C@@]3([H])[C@H](O)C[C@]12C)C1=CC(=O)OC1		
CHEBI:72330	(22S)-22-hydroxycampest-4-en-3-one		C28H46O2	414.66360	[H][C@@]1(CC[C@@]2([H])[C@]3([H])CCC4=CC(=O)CC[C@]4(C)[C@@]3([H])CC[C@]12C)[C@H](C)[C@@H](O)C[C@@H](C)C(C)C		
CHEBI:72724	3beta,6beta-dihydroxy-5beta-cholan-24-oic acid		C24H40O4	392.57200	[H][C@@]1(CC[C@@]2([H])[C@]3([H])C[C@@H](O)[C@]4([H])C[C@@H](O)CC[C@]4(C)[C@@]3([H])CC[C@]12C)[C@H](C)CCC(O)=O		
CHEBI:72727	3alpha,7beta-dihydroxy-5beta-cholest-24-en-26-oic acid		C27H44O4	432.63590	[H][C@@]12C[C@H](O)CC[C@]1(C)[C@@]1([H])CC[C@]3(C)[C@]([H])(CC[C@@]3([H])[C@]1([H])[C@@H](O)C2)[C@H](C)CC\C=C(/C)C(O)=O		
CHEBI:72733	sulfoglycochenodeoxycholic acid		C26H43NO8S	529.68700	[H][C@@]12C[C@@H](CC[C@]1(C)[C@@]1([H])CC[C@]3(C)[C@]([H])(CC[C@@]3([H])[C@]1([H])[C@H](O)C2)[C@H](C)CCC(=O)NCC(O)=O)OS(O)(=O)=O		
CHEBI:73676	3-deoxychenodeoxycholic acid		C24H40O3	376.57260	[H][C@@]12CCCC[C@]1(C)[C@@]1([H])CC[C@]3(C)[C@]([H])(CC[C@@]3([H])[C@]1([H])[C@H](O)C2)[C@H](C)CCC(O)=O		
CHEBI:73926	3alpha,12alpha-dihydroxy-5beta-chol-6-en-24-oic acid		C24H38O4	390.55610	[H][C@@]12C[C@H](O)CC[C@]1(C)[C@@]1([H])C[C@H](O)[C@]3(C)[C@]([H])(CC[C@@]3([H])[C@]1([H])C=C2)[C@H](C)CCC(O)=O		
CHEBI:74020	diosgenin 3-O-beta-D-glucoside		C33H52O8	576.76120	[H][C@]12C[C@@]3([H])[C@]4([H])CC=C5C[C@H](CC[C@]5(C)[C@@]4([H])CC[C@]3(C)[C@@]1([H])[C@H](C)[C@@]1(CC[C@@H](C)CO1)O2)O[C@@H]1O[C@H](CO)[C@@H](O)[C@H](O)[C@H]1O		
CHEBI:74023	dioscin	CHEBI:4627	C45H72O16	869.04360	[H][C@]12C[C@@]3([H])[C@]4([H])CC=C5C[C@H](CC[C@]5(C)[C@@]4([H])CC[C@]3(C)[C@@]1([H])[C@H](C)[C@@]1(CC[C@@H](C)CO1)O2)O[C@@H]1O[C@H](CO)[C@@H](O[C@@H]2O[C@@H](C)[C@H](O)[C@@H](O)[C@H]2O)[C@H](O)[C@H]1O[C@@H]1O[C@@H](C)[C@H](O)[C@@H](O)[C@H]1O		
CHEBI:74026	26-desglucoprotodioscin		C45H74O17	887.05890	[H][C@]12C[C@@]3([H])[C@]4([H])CC=C5C[C@H](CC[C@]5(C)[C@@]4([H])CC[C@]3(C)[C@@]1([H])[C@H](C)[C@@](O)(CC[C@@H](C)CO)O2)O[C@@H]1O[C@H](CO)[C@@H](O[C@@H]2O[C@@H](C)[C@H](O)[C@@H](O)[C@H]2O)[C@H](O)[C@H]1O[C@@H]1O[C@@H](C)[C@H](O)[C@@H](O)[C@H]1O		
CHEBI:74633	tanghinigenin		C23H32O5	388.504	C1[C@H](O)C[C@@]2([C@@](C1)(C)[C@]3(CC[C@@]4(C)[C@@]([C@]35[C@H](C2)O5)(CC[C@@H]4C6=CC(=O)OC6)O)[H])[H]		
CHEBI:74899	fluticasone furoate		C27H29F3O6S	538.57600	[H][C@@]12C[C@@H](C)[C@](OC(=O)c3ccco3)(C(=O)SCF)[C@@]1(C)C[C@H](O)[C@@]1(F)[C@@]2([H])C[C@H](F)C2=CC(=O)C=C[C@]12C		
CHEBI:75049	cerberin		C32H48O9	576.71810	[H][C@]12CC[C@]3([H])[C@]([H])(CC[C@]4(C)[C@]([H])(CC[C@]34O)C3=CC(=O)OC3)[C@@]1(C)CC[C@@H](C2)O[C@@H]1O[C@@H](C)[C@H](O)[C@@H](OC)[C@@H]1OC(C)=O		
CHEBI:75931	26-desglucoavenacoside B		C51H82O23	1063.18300	C[C@H]1[C@H]2[C@H](C[C@H]3[C@@H]4CC=C5C[C@H](CC[C@]5(C)[C@H]4CC[C@]23C)O[C@@H]2O[C@H](CO)[C@@H](O[C@@H]3O[C@H](CO)[C@@H](O)[C@H](O[C@@H]4O[C@H](CO)[C@@H](O)[C@H](O)[C@H]4O)[C@H]3O)[C@H](O)[C@H]2O[C@@H]2O[C@@H](C)[C@H](O)[C@@H](O)[C@H]2O)O[C@]11CC[C@@](C)(CO)O1		
CHEBI:75932	26-desglucoavenacoside A		C45H72O18	901.04240	C[C@H]1[C@H]2[C@H](C[C@H]3[C@@H]4CC=C5C[C@H](CC[C@]5(C)[C@H]4CC[C@]23C)O[C@@H]2O[C@H](CO)[C@@H](O[C@@H]3O[C@H](CO)[C@@H](O)[C@H](O)[C@H]3O)[C@H](O)[C@H]2O[C@@H]2O[C@@H](C)[C@H](O)[C@@H](O)[C@H]2O)O[C@]11CC[C@@](C)(CO)O1		
CHEBI:77145	ginsenoside F2		C42H72O13	785.01330	CC(C)=CCC[C@](C)(O[C@@H]1O[C@H](CO)[C@@H](O)[C@H](O)[C@H]1O)[C@H]1CC[C@]2(C)[C@@H]1[C@H](O)C[C@@H]1[C@@]3(C)CC[C@H](O[C@@H]4O[C@H](CO)[C@@H](O)[C@H](O)[C@H]4O)C(C)(C)[C@@H]3CC[C@@]21C		
CHEBI:77146	ginsenoside C-K		C36H62O8	622.87270	CC(C)=CCC[C@](C)(O[C@@H]1O[C@H](CO)[C@@H](O)[C@H](O)[C@H]1O)[C@H]1CC[C@]2(C)[C@@H]1[C@H](O)C[C@@H]1[C@@]3(C)CC[C@H](O)C(C)(C)[C@@H]3CC[C@@]21C		
CHEBI:77147	(20S)-ginsenoside Rh2		C36H62O8	622.87270	CC(C)=CCC[C@](C)(O)[C@H]1CC[C@]2(C)[C@@H]1[C@H](O)C[C@@H]1[C@@]3(C)CC[C@H](O[C@@H]4O[C@H](CO)[C@@H](O)[C@H](O)[C@H]4O)C(C)(C)[C@@H]3CC[C@@]21C		
CHEBI:77148	ginsenoside Re	CHEBI:5359	C48H82O18	947.15390	C[C@@H]1O[C@@H](O[C@@H]2[C@@H](O)[C@H](O)[C@@H](CO)O[C@H]2O[C@H]2C[C@]3(C)[C@H](C[C@@H](O)[C@@H]4[C@H](CC[C@@]34C)[C@](C)(CCC=C(C)C)O[C@@H]3O[C@H](CO)[C@@H](O)[C@H](O)[C@H]3O)[C@@]3(C)CC[C@H](O)C(C)(C)[C@H]23)[C@H](O)[C@H](O)[C@H]1O		
CHEBI:77149	notoginsenoside R1	CHEBI:7643	C47H80O18	933.12730	CC(C)=CCC[C@](C)(O[C@@H]1O[C@H](CO)[C@@H](O)[C@H](O)[C@H]1O)[C@H]1CC[C@]2(C)[C@@H]1[C@H](O)C[C@@H]1[C@@]3(C)CC[C@H](O)C(C)(C)[C@@H]3[C@H](C[C@@]21C)O[C@@H]1O[C@H](CO)[C@@H](O)[C@H](O)[C@H]1O[C@@H]1OC[C@@H](O)[C@H](O)[C@H]1O		
CHEBI:77150	ginsenoside F1		C36H62O9	638.87210	CC(C)=CCC[C@](C)(O[C@@H]1O[C@H](CO)[C@@H](O)[C@H](O)[C@H]1O)[C@H]1CC[C@]2(C)[C@@H]1[C@H](O)C[C@@H]1[C@@]3(C)CC[C@H](O)C(C)(C)[C@@H]3[C@@H](O)C[C@@]21C		
CHEBI:77151	ginsenoside Rg2		C42H72O13	785.01330	C[C@@H]1O[C@@H](O[C@@H]2[C@@H](O)[C@H](O)[C@@H](CO)O[C@H]2O[C@H]2C[C@]3(C)[C@H](C[C@@H](O)[C@@H]4[C@H](CC[C@@]34C)[C@@](C)(O)CCC=C(C)C)[C@@]3(C)CC[C@H](O)C(C)(C)[C@H]23)[C@H](O)[C@H](O)[C@H]1O		
CHEBI:77152	ginsenoside Rb2		C53H90O22	1079.26850	CC(C)=CCC[C@](C)(O[C@@H]1O[C@H](CO[C@@H]2OC[C@H](O)[C@H](O)[C@H]2O)[C@@H](O)[C@H](O)[C@H]1O)[C@H]1CC[C@]2(C)[C@@H]1[C@H](O)C[C@@H]1[C@@]3(C)CC[C@H](O[C@@H]4O[C@H](CO)[C@@H](O)[C@H](O)[C@H]4O[C@@H]4O[C@H](CO)[C@@H](O)[C@H](O)[C@H]4O)C(C)(C)[C@@H]3CC[C@@]21C		
CHEBI:77153	ginsenoside Rb3		C53H90O22	1079.26850	CC(C)=CCC[C@](C)(O[C@@H]1O[C@H](CO[C@@H]2OC[C@@H](O)[C@H](O)[C@H]2O)[C@@H](O)[C@H](O)[C@H]1O)[C@H]1CC[C@]2(C)[C@@H]1[C@H](O)C[C@@H]1[C@@]3(C)CC[C@H](O[C@@H]4O[C@H](CO)[C@@H](O)[C@H](O)[C@H]4O[C@@H]4O[C@H](CO)[C@@H](O)[C@H](O)[C@H]4O)C(C)(C)[C@@H]3CC[C@@]21C		
CHEBI:77154	ginsenoside Rc		C53H90O22	1079.26850	CC(C)=CCC[C@](C)(O[C@@H]1O[C@H](CO[C@@H]2O[C@@H](CO)[C@H](O)[C@H]2O)[C@@H](O)[C@H](O)[C@H]1O)[C@H]1CC[C@]2(C)[C@@H]1[C@H](O)C[C@@H]1[C@@]3(C)CC[C@H](O[C@@H]4O[C@H](CO)[C@@H](O)[C@H](O)[C@H]4O[C@@H]4O[C@H](CO)[C@@H](O)[C@H](O)[C@H]4O)C(C)(C)[C@@H]3CC[C@@]21C		
CHEBI:77155	gypenoside XVII		C48H82O18	947.15390	CC(C)=CCC[C@](C)(O[C@@H]1O[C@H](CO[C@@H]2O[C@H](CO)[C@@H](O)[C@H](O)[C@H]2O)[C@@H](O)[C@H](O)[C@H]1O)[C@H]1CC[C@]2(C)[C@@H]1[C@H](O)C[C@@H]1[C@@]3(C)CC[C@H](O[C@@H]4O[C@H](CO)[C@@H](O)[C@H](O)[C@H]4O)C(C)(C)[C@@H]3CC[C@@]21C		
CHEBI:77156	gypenoside LXXV		C42H72O13	785.01330	CC(C)=CCC[C@](C)(O[C@@H]1O[C@H](CO[C@@H]2O[C@H](CO)[C@@H](O)[C@H](O)[C@H]2O)[C@@H](O)[C@H](O)[C@H]1O)[C@H]1CC[C@]2(C)[C@@H]1[C@H](O)C[C@@H]1[C@@]3(C)CC[C@H](O)C(C)(C)[C@@H]3CC[C@@]21C		
CHEBI:77157	ginsenoside C-Y		C41H70O12	754.98730	CC(C)=CCC[C@](C)(O[C@@H]1O[C@H](CO[C@@H]2OC[C@H](O)[C@H](O)[C@H]2O)[C@@H](O)[C@H](O)[C@H]1O)[C@H]1CC[C@]2(C)[C@@H]1[C@H](O)C[C@@H]1[C@@]3(C)CC[C@H](O)C(C)(C)[C@@H]3CC[C@@]21C		
CHEBI:77490	ginsenoside Mx		C41H70O12	754.98730	CC(C)=CCC[C@](C)(O[C@@H]1O[C@H](CO[C@@H]2OC[C@@H](O)[C@H](O)[C@H]2O)[C@@H](O)[C@H](O)[C@H]1O)[C@H]1CC[C@]2(C)[C@@H]1[C@H](O)C[C@@H]1[C@@]3(C)CC[C@H](O)C(C)(C)[C@@H]3CC[C@@]21C		
CHEBI:77491	ginsenoside Mc		C41H70O12	754.98730	CC(C)=CCC[C@](C)(O[C@@H]1O[C@H](CO[C@@H]2O[C@@H](CO)[C@H](O)[C@H]2O)[C@@H](O)[C@H](O)[C@H]1O)[C@H]1CC[C@]2(C)[C@@H]1[C@H](O)C[C@@H]1[C@@]3(C)CC[C@H](O)C(C)(C)[C@@H]3CC[C@@]21C		
CHEBI:78354	fluorometholone acetate	CHEBI:34765	C24H31FO5	418.49830	C[C@H]1C[C@H]2[C@@H]3CC[C@](OC(C)=O)(C(C)=O)[C@@]3(C)C[C@H](O)[C@]2(F)[C@@]2(C)C=CC(=O)C=C12		
CHEBI:78595	21-dehydrocortisol		C21H28O5	360.44400	C[C@]12C[C@H](O)[C@H]3[C@@H](CCC4=CC(=O)CC[C@]34C)[C@@H]1CC[C@]2(O)C(=O)C=O		
CHEBI:78596	21-dehydrocortisone		C21H26O5	358.42810	C[C@]12CC(=O)[C@H]3[C@@H](CCC4=CC(=O)CC[C@]34C)[C@@H]1CC[C@]2(O)C(=O)C=O		
CHEBI:78600	11-dehydrocorticosterone	CHEBI:711	C21H28O4	344.44460	C[C@]12CC(=O)[C@H]3[C@@H](CCC4=CC(=O)CC[C@]34C)[C@@H]1CC[C@@H]2C(=O)CO		
CHEBI:78686	Delta(4)-dafachronic acid		C27H42O3	414.62060	C[C@H](CCCC(C)C(O)=O)[C@H]1CC[C@H]2[C@@H]3CCC4=CC(=O)CC[C@]4(C)[C@H]3CC[C@]12C		
CHEBI:79500	3alpha,21-dihydroxy-D-homo-5beta-pregn-17a(20)-en-11-one		C22H34O3	346.511	[H][C@]12CC[C@@]3([H])[C@]4([H])CCC\C(=C/CO)[C@@]4(C)CC(=O)[C@]3([H])[C@@]1(C)CC[C@@H](O)C2		
CHEBI:79677	3beta,13-dihydroxy-16-(hydroxymethylene)-13,17-seco-5alpha-androstan-17-oic acid, delta-lactone		C20H30O4	334.451	C/1(\C(=O)O[C@@]2([C@@]([C@]3([C@@]([C@@]4([C@](C[C@H](CC4)O)(CC3)[H])C)(CC2)[H])[H])([H])C1)C)=C\O		
CHEBI:79758	6alpha-fluoro-17-hydroxycorticosterone 21-acetate		C23H31FO6	422.48700	CC(=O)OCC(=O)[C@@]1(O)CC[C@H]2[C@@H]3C[C@H](F)C4=CC(=O)CC[C@]4(C)[C@H]3[C@@H](O)C[C@]12C		
CHEBI:79771	9-fluoro-11beta,17,21-trihydroxy-2alpha-methylpregn-4-ene-3,20-dione 21-acetate		C24H33FO6	436.51360	C[C@@H]1C[C@@]2(C)C(CC[C@H]3[C@@H]4CC[C@](O)(C(=O)COC(C)=O)[C@@]4(C)C[C@H](O)[C@]23F)=CC1=O		
CHEBI:79777	21-acetoxy-11beta,17-dihydroxy-6alpha-methylpregn-4-ene-3,20-dione		C24H34O6	418.52320	C[C@H]1C[C@H]2[C@@H]3CC[C@](O)(C(=O)COC(C)=O)[C@@]3(C)C[C@H](O)[C@@H]2[C@@]2(C)CCC(=O)C=C12		
CHEBI:79778	2alpha-fluoro-17beta-hydroxyandrost-4-en-3-one		C19H27FO2	306.41490	C[C@]12CC[C@H]3[C@@H](CCC4=CC(=O)[C@H](F)C[C@]34C)[C@@H]1CC[C@@H]2O		
CHEBI:80402	(22R,23R)-22,23-dihydroxycampest-4-en-3-one		C28H46O3	430.673	[H][C@@]1(CC[C@@]2([H])[C@]3([H])CCC4=CC(=O)CC[C@]4(C)[C@@]3([H])CC[C@]12C)[C@H](C)[C@@H](O)[C@H](O)[C@@H](C)C(C)C		
CHEBI:80530	2,22-dideoxyecdysone		C27H44O4	432.645	[H][C@@]1(CC[C@@]2(O)C3=CC(=O)[C@]4([H])C[C@@H](O)CC[C@]4(C)[C@@]3([H])CC[C@]12C)[C@H](C)CCCC(C)(C)O		
CHEBI:81014	3beta-hydroxycholest-5-en-26-oic acid		C27H44O3	416.63650	C[C@H](CCCC(C)C(O)=O)[C@H]1CC[C@H]2[C@@H]3CC=C4C[C@@H](O)CC[C@]4(C)[C@H]3CC[C@]12C		
CHEBI:81240	ursocholic acid		C24H40O5	408.572	C1[C@@]2([C@]3(C[C@@H]([C@]4([C@]([C@@]3([C@H](C[C@@]2(C[C@@H](C1)O)[H])O)[H])(CC[C@@]4([C@@H](CCC(O)=O)C)[H])[H])C)O)[H])C		
CHEBI:81243	alpha-muricholic acid		C24H40O5	408.572	C1[C@H](C[C@@]2([C@](C1)([C@@]3([C@@]([C@@H]([C@H]2O)O)([C@@]4([H])[C@@](CC3)(C)[C@](CC4)([C@@H](CCC(O)=O)C)[H])[H])[H])C)[H])O		
CHEBI:81244	hyocholic acid		C24H40O5	408.572	C1[C@@]2([C@]3(CC[C@]4([C@]([C@@]3([C@@H]([C@@H]([C@@]2(C[C@@H](C1)O)[H])O)O)[H])(CC[C@]4([H])[C@@H](CCC(O)=O)C)[H])C)[H])C		
CHEBI:81253	isolithocholic acid	CHEBI:88092	C24H40O3	376.574	C1[C@@]2([C@]3(CC[C@]4([C@]([C@@]3(CC[C@@]2(C[C@H](C1)O)[H])[H])(CC[C@@]4([C@@H](CCC(O)=O)C)[H])[H])C)[H])C		
CHEBI:81261	avicholic acid		C24H40O5	408.579	[H][C@]1([C@H](C)CCC(O)=O)[C@H](O)C[C@@]2([H])[C@]3([H])[C@H](O)C[C@]4([H])C[C@H](O)CC[C@]4(C)[C@@]3([H])CC[C@]12C		
CHEBI:81276	allodeoxycholic acid		C24H40O4	392.573	C1[C@@]2([C@]3(C[C@@H]([C@]4([C@]([C@@]3(CC[C@]2(C[C@@H](C1)O)[H])[H])(CC[C@]4([H])[C@@H](CCC(O)=O)C)[H])C)O)[H])C		
CHEBI:81298	beta-muricholic acid		C24H40O5	408.572	C1[C@H](C[C@@]2([C@](C1)([C@@]3([C@@]([C@H]([C@H]2O)O)([C@@]4([H])[C@@](CC3)(C)[C@](CC4)([C@@H](CCC(O)=O)C)[H])[H])[H])C)[H])O		
CHEBI:81299	omega-muricholic acid		C24H40O5	408.572	C1[C@H](C[C@@]2([C@](C1)([C@@]3([C@@]([C@H]([C@@H]2O)O)([C@@]4([H])[C@@](CC3)(C)[C@](CC4)([C@@H](CCC(O)=O)C)[H])[H])[H])C)[H])O		
CHEBI:81308	allocholic acid		C24H40O5	408.572	C1[C@@]2([C@]3(C[C@@H]([C@]4([C@]([C@@]3([C@@H](C[C@]2(C[C@@H](C1)O)[H])O)[H])(CC[C@]4([H])[C@@H](CCC(O)=O)C)[H])C)O)[H])C		
CHEBI:81468	5alpha-dihydrodeoxycorticosterone		C21H32O3	332.484	[H][C@@]1(CC[C@@]2([H])[C@]3([H])CC[C@@]4([H])CC(=O)CC[C@]4(C)[C@@]3([H])CC[C@]12C)C(=O)CO		
CHEBI:81481	11beta-hydroxytestosterone		C19H28O3	304.425	C1C2=CC(CC[C@@]2([C@]3([C@H](C[C@]4([C@]([C@@]3(C1)[H])(CC[C@@H]4O)[H])C)O)[H])C)=O		
CHEBI:82654	nolinospiroside F		C39H62O12	722.90240	C[C@H]1[C@H]2[C@H](C[C@H]3[C@@H]4CC=C5C[C@H](C[C@@H](O[C@@H]6O[C@@H](C)[C@H](O)[C@@H](O)[C@H]6O)[C@]5(C)[C@H]4CC[C@]23C)O[C@@H]2O[C@H](C)[C@H](O)[C@H](O)[C@H]2O)O[C@]11CC[C@H](C)CO1		
CHEBI:82679	7-oxolithocholic acid		C24H38O4	390.55610	C[C@H](CCC(O)=O)[C@H]1CC[C@H]2[C@H]3[C@H](CC[C@]12C)[C@@]1(C)CC[C@@H](O)C[C@H]1CC3=O		
CHEBI:83022	glucosyltestosterone		C25H38O7	450.56500	C[C@]12CC[C@H]3[C@@H](CCC4=CC(=O)CC[C@]34C)[C@@H]1CC[C@@H]2O[C@H]1O[C@H](CO)[C@@H](O)C(O)C1O		
CHEBI:83023	5alpha-androstane-3alpha-glcosyl-17beta-diol		C25H42O7	454.59680	C[C@]12CC[C@H]3[C@@H](CC[C@H]4C[C@@H](CC[C@]34C)O[C@H]3O[C@H](CO)[C@@H](O)[C@H](O)[C@H]3O)[C@@H]1CC[C@@H]2O		
CHEBI:83024	glucosyl-6beta-hydroxytestosterone		C25H38O8	466.56440	C[C@]12CC[C@H]3[C@@H](C[C@@H](O[C@H]4O[C@H](CO)[C@@H](O)[C@H](O)[C@H]4O)C4=CC(=O)CC[C@]34C)[C@@H]1CC[C@@H]2O		
CHEBI:83025	2alpha-hydroxytestosterone		C19H28O3	304.42380	C[C@]12CC[C@H]3[C@@H](CCC4=CC(=O)[C@H](O)C[C@]34C)[C@@H]1CC[C@@H]2O		
CHEBI:83027	16beta-hydroxytestosterone		C19H28O3	304.42380	C[C@]12CC[C@H]3[C@@H](CCC4=CC(=O)CC[C@]34C)[C@@H]1C[C@H](O)[C@@H]2O		
CHEBI:83036	7alpha-hydroxy-3-oxo-4-cholestenoic acid	CHEBI:81016	C27H42O4	430.621	C1[C@@]2([C@]3(CC[C@]4([C@]([C@@]3([C@@H](CC2=CC(C1)=O)O)[H])(CC[C@@]4([C@H](C)CCCC(C)C(O)=O)[H])[H])C)[H])C		
CHEBI:83137	Delta(1),Delta(7)-dafachronic acid		C27H40O3	412.60470	C[C@H](CCC[C@H](C)C(O)=O)[C@H]1CC[C@H]2C3=CC[C@H]4CC(=O)C=C[C@]4(C)[C@H]3CC[C@]12C		
CHEBI:83796	3-hydroxy-9-oxo-9,10-seco-23,24-bisnorchola-1,3,5(10)-trien-22-oic acid		C22H30O4	358.47120	C[C@@H]([C@H]1CC[C@H]2[C@H](CCc3cc(O)ccc3C)C(=O)CC[C@]12C)C(O)=O		
CHEBI:84094	testosterone sulfate		C19H28O5S	368.48800	C[C@]12CC[C@H]3[C@@H](CCC4=CC(=O)CC[C@]34C)[C@@H]1CC[C@@H]2OS(O)(=O)=O		
CHEBI:84145	3beta-hydroxycholest-5-en-26-al		C27H44O2	400.63710	CC(CCC[C@@H](C)[C@H]1CC[C@H]2[C@@H]3CC=C4C[C@@H](O)CC[C@]4(C)[C@H]3CC[C@]12C)C=O		
CHEBI:85912	9alpha-hydroxy-3-oxo-23,24-bisnorchola-1,4-dien-22-oic acid		C22H30O4	358.47120	C[C@@H]([C@H]1CC[C@H]2[C@@H]3CCC4=CC(=O)C=C[C@]4(C)[C@@]3(O)CC[C@]12C)C(O)=O		
CHEBI:86013	2-hydroxytestosterone		C19H28O3	304.42380	C[C@]12CC[C@H]3[C@@H](CCC4=CC(=O)C(O)C[C@]34C)[C@@H]1CC[C@@H]2O		
CHEBI:86096	(25R)-3beta-hydroxycholest-5-en-26-al		C27H44O2	400.63710	C[C@H](CCC[C@@H](C)[C@H]1CC[C@H]2[C@@H]3CC=C4C[C@@H](O)CC[C@]4(C)[C@H]3CC[C@]12C)C=O		
CHEBI:86115	(25R)-3beta,4beta-dihydroxycholest-5-en-26-al		C27H44O3	416.63650	C[C@H](CCC[C@@H](C)[C@H]1CC[C@H]2[C@@H]3CC=C4[C@@H](O)[C@@H](O)CC[C@]4(C)[C@H]3CC[C@]12C)C=O		
CHEBI:86146	(24S,25)-epoxy-7alpha-hydroxycholesterol		C27H44O3	416.63650	C[C@H](CC[C@@H]1OC1(C)C)[C@H]1CC[C@H]2[C@@H]3[C@H](O)C=C4C[C@@H](O)CC[C@]4(C)[C@H]3CC[C@]12C		
CHEBI:86378	(25R)-3beta-hydroxycholest-5-en-26-oic acid		C27H44O3	416.63650	C[C@H](CCC[C@@H](C)C(O)=O)[C@H]1CC[C@H]2[C@@H]3CC=C4C[C@@H](O)CC[C@]4(C)[C@H]3CC[C@]12C		
CHEBI:86381	5beta-dihydrocorticosterone	CHEBI:735	C21H32O4	348.47640	C[C@]12C[C@H](O)[C@H]3[C@@H](CC[C@@H]4CC(=O)CC[C@]34C)[C@@H]1CC[C@@H]2C(=O)CO		
CHEBI:86389	5beta-dihydroaldosterone	CHEBI:734	C21H30O5	362.45990	C[C@]12CCC(=O)C[C@H]1CC[C@H]1[C@@H]3CC[C@H](C(=O)CO)[C@]3(C[C@H](O)[C@H]21)C=O		
CHEBI:86434	(25R)-3beta,4beta-dihydroxycholest-5-en-26-oic acid		C27H44O4	432.63590	C[C@H](CCC[C@@H](C)C(O)=O)[C@H]1CC[C@H]2[C@@H]3CC=C4[C@@H](O)[C@@H](O)CC[C@]4(C)[C@H]3CC[C@]12C		
CHEBI:87060	3beta-hydroxylanost-8-en-32-al		C30H50O2	442.71680	CC(C)CCC[C@@H](C)[C@H]1CC[C@@]2(C=O)C3=C(CC[C@]12C)[C@@]1(C)CC[C@H](O)C(C)(C)[C@@H]1CC3		
CHEBI:87602	4-hydroxyestrone		C18H22O3	286.36550	C[C@]12CC[C@H]3[C@@H](CCc4c(O)c(O)ccc34)[C@@H]1CCC2=O		
CHEBI:87618	15alpha-hydroxyestrone		C18H22O3	286.366	[C@H]1([C@]2([C@]3([C@@](C4=C(C=C(O)C=C4)CC3)(CC[C@@]2(C(=O)C1)C)[H])[H])[H])O		
CHEBI:87628	16beta-hydroxyestrone		C18H22O3	286.366	C1[C@]2([C@]3([C@@](C4=C(C=C(O)C=C4)CC3)(CC[C@@]2(C(=O)[C@H]1O)C)[H])[H])[H]		
CHEBI:87653	(25R)-3beta,26-dihydroxycholest-5-en-7-one		C27H44O3	416.637	C1[C@@]2([C@]3(CC[C@]4([C@]([C@@]3(C(C=C2C[C@H](C1)O)=O)[H])(CC[C@@]4([C@H](C)CCC[C@@H](C)CO)[H])[H])C)[H])C		
CHEBI:87677	(25R)-3beta-hydroxycholest-5-en-7-one-26-al		C27H42O3	414.622	C1[C@@]2([C@]3(CC[C@]4([C@]([C@@]3(C(C=C2C[C@H](C1)O)=O)[H])(CC[C@@]4([C@H](C)CCC[C@@H](C)C([H])=O)[H])[H])C)[H])C		
CHEBI:87774	16alpha-hydroxydehydroepiandrosterone 3-sulfate		C19H28O6S	384.489	C1[C@@]2([C@@]([C@@]3(C(C[C@@H](OS(O)(=O)=O)CC3)=C1)C)(CC[C@]4([C@]2(C[C@H](C4=O)O)[H])C)[H])[H]		
CHEBI:87783	(25R)-3beta-hydroxycholest-5-en-7-one-26-oic acid		C27H42O4	430.621	C1[C@@]2([C@]3(CC[C@]4([C@]([C@@]3(C(C=C2C[C@H](C1)O)=O)[H])(CC[C@@]4([C@H](C)CCC[C@@H](C)C(O)=O)[H])[H])C)[H])C		
CHEBI:88097	7alpha-hydroxy-3-oxo-5beta-cholan-24-oic acid		C24H38O4	390.557	C1[C@@]2([C@]3(CC[C@]4([C@]([C@@]3([C@@H](C[C@@]2(CC(C1)=O)[H])O)[H])(CC[C@@]4([C@@H](CCC(O)=O)C)[H])[H])C)[H])C		
CHEBI:88098	3beta,12alpha-dihydroxy-5beta-cholan-24-oic acid		C24H40O4	392.573	C1[C@@]2([C@]3(C[C@@H]([C@]4([C@]([C@@]3(CC[C@@]2(C[C@H](C1)O)[H])[H])(CC[C@@]4([C@@H](CCC(O)=O)C)[H])[H])C)O)[H])C		
CHEBI:88102	3beta,7alpha-dihydroxy-5beta-cholan-24-oic acid	CHEBI:81255	C24H40O4	392.573	C1[C@@]2([C@]3(CC[C@]4([C@]([C@@]3([C@@H](C[C@@]2(C[C@H](C1)O)[H])O)[H])(CC[C@@]4([C@@H](CCC(O)=O)C)[H])[H])C)[H])C		
CHEBI:88104	12alpha-hydroxy-3-oxo-5beta-cholan-24-oic acid		C24H38O4	390.557	C1[C@@]2([C@]3(C[C@@H]([C@]4([C@]([C@@]3(CC[C@@]2(CC(C1)=O)[H])[H])(CC[C@@]4([C@@H](CCC(O)=O)C)[H])[H])C)O)[H])C		
CHEBI:88105	3beta,7alpha,12alpha-trihydroxy-5beta-cholan-24-oic acid		C24H40O5	408.572	C1[C@@]2([C@]3(C[C@@H]([C@]4([C@]([C@@]3([C@@H](C[C@@]2(C[C@H](C1)O)[H])O)[H])(CC[C@@]4([C@@H](CCC(O)=O)C)[H])[H])C)O)[H])C		
CHEBI:88108	7alpha,12alpha-dihydroxy-3-oxo-5beta-cholan-24-oic acid		C24H38O5	406.556	C1[C@@]2([C@]3(C[C@@H]([C@]4([C@]([C@@]3([C@@H](C[C@@]2(CC(C1)=O)[H])O)[H])(CC[C@@]4([C@@H](CCC(O)=O)C)[H])[H])C)O)[H])C		
CHEBI:88109	7alpha-hydroxy-3-oxochol-4-en-24-oic acid		C24H36O4	388.541	C1[C@@]2([C@]3(CC[C@]4([C@]([C@@]3([C@@H](CC2=CC(C1)=O)O)[H])(CC[C@@]4([C@@H](CCC(=O)O)C)[H])[H])C)[H])C		
CHEBI:88112	3-oxochola-4,6-dien-24-oic acid		C24H34O3	370.526	C1[C@@]2([C@]3(CC[C@]4([C@]([C@@]3(C=CC2=CC(C1)=O)[H])(CC[C@@]4([C@@H](CCC(=O)O)C)[H])[H])C)[H])C		
CHEBI:88298	FR171456		C30H44O7	516.667	[C@]123C(C[C@@H]([C@@]([C@@]1(C(C[C@]4([C@]2([C@@H](C[C@]5([C@]4(CC[C@@]5([C@@H](CCC(C(C)C)=C)C)[H])[H])C)O)C3)O)=O)[H])(C)C(O)=O)O)=O		
CHEBI:89213	18-oxocortisol		C21H28O6	376.449	[H][C@@]12CC[C@](O)(C(=O)CO)[C@]1(C[C@H](O)[C@@]1([H])[C@@]2([H])CCC2=CC(=O)CC[C@]12C)C=O		
CHEBI:89454	17alpha-hydroxypregnenolone 3-sulfate		C21H32O6S	412.542	C1[C@@]2([C@]3(CC[C@]4(C)[C@](CC[C@]4([C@@]3(CC=C2C[C@H](C1)OS(O)(=O)=O)[H])[H])(C(C)=O)O)[H])C		
CHEBI:89455	18-hydroxycortisol		C21H30O6	378.465	[H][C@@]12CC[C@](O)(C(=O)CO)[C@@]1(CO)C[C@H](O)[C@@]1([H])[C@@]2([H])CCC2=CC(=O)CC[C@]12C		
CHEBI:89929	glycoursodeoxycholic acid		C26H43NO5	449.624	C1[C@@]2([C@]3(CC[C@]4([C@]([C@@]3([C@H](C[C@@]2(C[C@@H](C1)O)[H])O)[H])(CC[C@]4([H])[C@@H](CCC(NCC(O)=O)=O)C)[H])C)[H])C		
CHEBI:90223	RU 58668		C34H43F5O5S	658.762	[C@]12(CCC3=C([C@]1([C@H](C[C@@]4(C)[C@@]2([H])CC[C@@H]4O)C5=CC=C(C=C5)OCCCCCS(CCCC(C(F)(F)F)(F)F)(=O)=O)[H])C=CC(=C3)O)[H]		
CHEBI:90980	23(S),25-dihydroxy-24-oxovitamin D3		C27H42O4	430.621	C1[C@]2([C@](/C(=C/C=C/3\C(CC[C@@H](C3)O)=C)/CC1)(CC[C@@]2([C@H](C)C[C@@H](C(C(C)(C)O)=O)O)[H])[H])C		
CHEBI:131146	dihydroouabain		C29H46O12	586.675	[H][C@@]1(CC[C@]2(O)[C@]3([H])CC[C@]4(O)C[C@H](C[C@@H](O)[C@]4(CO)[C@@]3([H])[C@H](O)C[C@]12C)O[C@@H]1O[C@@H](C)[C@H](O)[C@@H](O)[C@H]1O)C1COC(=O)C1		
CHEBI:133057	tauro-beta-muricholic acid		C26H45NO7S	515.705	C1[C@@]2([C@]3(CC[C@]4([C@]([C@@]3([C@H]([C@H]([C@@]2(C[C@@H](C1)O)[H])O)O)[H])(CC[C@@]4([C@@H](CCC(NCCS(O)(=O)=O)=O)C)[H])[H])C)[H])C		
CHEBI:133103	(3alpha,5alpha,17beta)-3-hydroxyandrostan-17-yl sulfate		C19H32O5S	372.521	C1[C@@]2([C@@]([C@@]3([C@](C[C@H](O)CC3)(C1)[H])C)(CC[C@@]4([C@H](CC[C@@]24[H])OS(O)(=O)=O)C)[H])[H]		
CHEBI:133109	(3alpha,5alpha,17beta)-17-hydroxyandrostan-3-yl sulfate		C19H32O5S	372.521	C1[C@@]2([C@@]([C@@]3([C@](C[C@H](OS(O)(=O)=O)CC3)(C1)[H])C)(CC[C@@]4([C@H](CC[C@@]24[H])O)C)[H])[H]		
CHEBI:133216	26-hydroxycastasterone		C28H48O6	480.678	C1[C@]2([C@]3([C@@]([C@@]4([C@](C[C@@H]([C@@H](C4)O)O)(C(C3)=O)[H])C)(CC[C@@]2([C@](C1)([C@@H]([C@H]([C@@H]([C@H](C(CO)C)C)O)O)C)[H])C)[H])[H])[H]		
CHEBI:133468	brassinolide 23-O-alpha-D-glucoside		C34H58O11	642.819	C1[C@]2([C@]3([H])COC([C@@]4([C@@]([C@]3(CC[C@@]2([C@](C1)([C@@H]([C@H]([C@@H]([C@H](C(C)C)C)O[C@H]5O[C@@H]([C@H]([C@@H]([C@H]5O)O)O)CO)O)C)[H])C)[H])(C[C@H]([C@H](C4)O)O)C)[H])=O)[H]		
CHEBI:133472	castasterone 23-O-alpha-D-glucoside		C34H58O10	626.820	C1[C@]2([C@]3([C@@]([C@@]4([C@](C[C@@H]([C@@H](C4)O)O)(C(C3)=O)[H])C)(CC[C@@]2([C@](C1)([C@@H]([C@H]([C@@H]([C@H](C(C)C)C)O[C@H]5O[C@@H]([C@H]([C@@H]([C@H]5O)O)O)CO)O)C)[H])C)[H])[H])[H]		
CHEBI:133678	glycodeoxycholic acid 3-sulfate		C26H43NO8S	529.689	C1[C@@]2([C@]3(C[C@@H]([C@]4([C@]([C@@]3(CC[C@@]2(C[C@@H](C1)OS(O)(=O)=O)[H])[H])(CC[C@@]4([C@@H](CCC(NCC(O)=O)=O)C)[H])[H])C)O)[H])C		
CHEBI:134216	muricholic acids		C24H40O5	408.572	C1[C@H](C[C@@]2([C@](C1)([C@@]3([C@@](C(C2O)O)([C@@]4([H])[C@@](CC3)(C)[C@](CC4)([C@@H](CCC(O)=O)C)[H])[H])[H])C)[H])O		
CHEBI:134224	lucibufagin C		C28H36O10	532.581	C=1(C=CC(OC1)=O)[C@@H]2[C@]3(C([C@H]([C@@]4([C@]5(C[C@@H]([C@@H](C[C@]5(CC[C@]4([C@]3(CC2)O)[H])O)OC(=O)C)OC(=O)C)C)[H])O)=O)C		
CHEBI:134426	23-acetoxysoladulcidine		C29H47NO4	473.689	[C@]12(O[C@]3(C[C@]4([C@@]5(CC[C@]6(C[C@@H](O)CC[C@]6(C)[C@]5(CC[C@@]4(C)[C@]3([C@@H]1C)[H])[H])[H])[H])[H])[H])C(C[C@H](CN2)C)OC(=O)C		
CHEBI:135745	prednisolone succinate		C25H32O8	460.523	[H][C@@]12CC[C@](O)(C(=O)COC(=O)CCC(O)=O)[C@@]1(C)C[C@H](O)[C@@]1([H])[C@@]2([H])CCC2=CC(=O)C=C[C@]12C		
CHEBI:136361	(25R)-3alpha,7alpha-dihydroxy-5beta-cholestan-26-oyl taurine		C29H51NO6S	541.786	C1[C@@]2([C@]3(CC[C@]4([C@]([C@@]3([C@@H](C[C@@]2(C[C@@H](C1)O)[H])O)[H])(CC[C@@]4([C@@H](CCC[C@H](C(NCCS(O)(=O)=O)=O)C)C)[H])[H])C)[H])C		
CHEBI:136768	24-epi-cathasterone-22-O-sulfate		C28H48O6S	512.744	C1[C@@]2([C@]3(CC[C@]4([C@]([C@@]3(CC([C@]2(C[C@H](C1)O)[H])=O)[H])(CC[C@@]4([C@@H]([C@H](C[C@@H](C(C)C)C)OS(O)(=O)=O)C)[H])[H])C)[H])C		
CHEBI:137046	6beta,16alpha,17alpha-trihydroxyprogesterone		C21H30O5	362.461	C1[C@@]2([C@@]([C@]3(CCC(C=C3[C@@H]1O)=O)C)(CC[C@]4([C@]2(C[C@H]([C@]4(O)C(C)=O)O)[H])C)[H])[H]		
CHEBI:137049	16alpha,17alpha-dihydroxypregnenolone		C21H32O4	348.477	C1[C@@]2([C@]3(CC[C@]4(C)[C@]([C@@H](C[C@]4([C@@]3(CC=C2C[C@H](C1)O)[H])[H])O)(C(=O)C)O)[H])C		
CHEBI:137077	2beta-hydroxytestosterone		C19H28O3	304.425	[C@H]1(C(C=C2[C@](C1)([C@@]3([C@@](CC2)([C@]4([C@](CC3)([C@H](CC4)O)C)[H])[H])[H])C)=O)O		
CHEBI:137385	(24S)-hydroxycholesterol 24-sulfate		C27H46O5S	482.718	[C@@]12([C@]3([C@](CC[C@@]1([C@@]4(C(C[C@H](CC4)O)=CC2)C)[H])([C@](CC3)([C@H](C)CC[C@@H](C(C)C)OS(O)(=O)=O)[H])C)[H])[H]		
CHEBI:137488	16alpha-hydroxyestrone 3-O-(beta-D-glucuronide)		C24H30O9	462.491	C1[C@]2([C@]3([C@@](C4=C(CC3)C=C(C=C4)O[C@@H]5O[C@@H]([C@H]([C@@H]([C@H]5O)O)O)C(O)=O)(CC[C@@]2(C(=O)[C@@H]1O)C)[H])[H])[H]		
CHEBI:137489	16alpha-hydroxyestrone 16-O-(beta-D-glucuronide)		C24H30O9	462.491	C1[C@]2([C@]3([C@@](C4=C(C=C(O)C=C4)CC3)(CC[C@@]2(C(=O)[C@@H]1O[C@@H]5O[C@@H]([C@H]([C@@H]([C@H]5O)O)O)C(O)=O)C)[H])[H])[H]		
CHEBI:137725	chenodeoxycholic acid 3-O-(beta-D-glucuronide)		C30H48O10	568.697	C1[C@@]2([C@]3(CC[C@]4([C@]([C@@]3([C@@H](C[C@@]2(C[C@@H](C1)O[C@@H]5O[C@@H]([C@H]([C@@H]([C@H]5O)O)O)C(O)=O)[H])O)[H])(CC[C@@]4([C@@H](CCC(O)=O)C)[H])[H])C)[H])C		
CHEBI:137822	hyodeoxycholic acid 6-O-(beta-D-glucuronide)	CHEBI:2241	C30H48O10	568.697	C1[C@@]2([C@]3(CC[C@]4([C@]([C@@]3(C[C@@H]([C@@]2(C[C@@H](C1)O)[H])O[C@@H]5O[C@@H]([C@H]([C@@H]([C@H]5O)O)O)C(O)=O)[H])(CC[C@@]4([C@@H](CCC(=O)O)C)[H])[H])C)[H])C		
CHEBI:137829	hyocholic acid 6-O-(beta-D-glucuronide)		C30H48O11	584.697	C1[C@@]2([C@]3(CC[C@]4([C@]([C@@]3([C@@H]([C@@H]([C@@]2(C[C@@H](C1)O)[H])O[C@@H]5O[C@@H]([C@H]([C@@H]([C@H]5O)O)O)C(O)=O)O)[H])(CC[C@@]4([C@@H](CCC(=O)O)C)[H])[H])C)[H])C		
CHEBI:137921	lithocholic acid 3-O-(beta-D-glucuronide)		C30H48O9	552.698	C1[C@@]2([C@]3(CC[C@]4([C@]([C@@]3(CC[C@@]2(C[C@@H](C1)O[C@@H]5O[C@@H]([C@H]([C@@H]([C@H]5O)O)O)C(O)=O)[H])[H])(CC[C@@]4([C@@H](CCC(O)=O)C)[H])[H])C)[H])C		
CHEBI:137924	2-hydroxyestrone 3-O-(beta-D-glucuronide)		C24H30O9	462.491	C1[C@]2([C@]3([C@@](C4=C(C=C(O[C@H]5[C@@H]([C@H]([C@@H]([C@H](O5)C(=O)O)O)O)O)C(=C4)O)CC3)(CC[C@@]2(C(=O)C1)C)[H])[H])[H]		
CHEBI:137957	2-hydroxyestrone 2-O-(beta-D-glucuronide)		C24H30O9	462.491	C1[C@]2([C@]3([C@@](C4=C(C=C(O)C(=C4)O[C@H]5[C@@H]([C@H]([C@@H]([C@H](O5)C(=O)O)O)O)O)CC3)(CC[C@@]2(C(=O)C1)C)[H])[H])[H]		
CHEBI:137960	4-hydroxyestrone 3-O-(beta-D-glucuronide)		C24H30O9	462.491	C1[C@]2([C@]3([C@@](C4=C(C(=C(O[C@H]5[C@@H]([C@H]([C@@H]([C@H](O5)C(=O)O)O)O)O)C=C4)O)CC3)(CC[C@@]2(C(=O)C1)C)[H])[H])[H]		
CHEBI:137961	4-hydroxyestrone 4-O-(beta-D-glucuronide)		C24H30O9	462.491	[C@H]1([C@H]([C@@H]([C@H]([C@@H](O1)OC=2C3=C([C@@]4([C@]([C@]5([C@@](C(=O)CC5)(CC4)C)[H])(CC3)[H])[H])C=CC2O)O)O)O)C(=O)O		
CHEBI:137966	4-methoxy-17beta-estradiol 3-O-(beta-D-glucuronide)		C25H34O9	478.533	C1[C@]2([C@]3([C@@](C4=C(C(=C(O[C@H]5[C@@H]([C@H]([C@@H]([C@H](O5)C(=O)O)O)O)O)C=C4)OC)CC3)(CC[C@@]2([C@@H](O)C1)C)[H])[H])[H]		
CHEBI:138032	(3beta,5alpha,17beta)-3-hydroxyandrostan-17-yl sulfate		C19H32O5S	372.521	[C@@H]1(OS(O)(=O)=O)[C@]2(CC[C@]3([C@]([C@@]2(CC1)[H])(CC[C@@]4([C@@]3(CC[C@@H](C4)O)C)[H])[H])[H])C		
CHEBI:138384	7-oxotaurolithocholic acid		C26H43NO6S	497.690	C1[C@@]2([C@]3(CC[C@]4([C@]([C@@]3(C(C[C@@]2(C[C@@H](C1)O)[H])=O)[H])(CC[C@@]4([C@@H](CCC(NCCS(O)(=O)=O)=O)C)[H])[H])C)[H])C		
CHEBI:138389	7,12-dioxolithocholic acid		C24H36O5	404.541	C1[C@@]2([C@]3(CC([C@]4([C@]([C@@]3(C(C[C@@]2(C[C@@H](C1)O)[H])=O)[H])(CC[C@@]4([C@@H](CCC(O)=O)C)[H])[H])C)=O)[H])C		
CHEBI:138391	7-oxoglycolithocholic acid		C26H41NO5	447.608	C1[C@@]2([C@]3(CC[C@]4([C@]([C@@]3(C(C[C@@]2(C[C@@H](C1)O)[H])=O)[H])(CC[C@@]4([C@@H](CCC(NCC(O)=O)=O)C)[H])[H])C)[H])C		
CHEBI:138393	7-oxotaurodeoxycholic acid		C26H43NO7S	513.689	C1[C@@]2([C@]3(C[C@@H]([C@]4([C@]([C@@]3(C(C[C@@]2(C[C@@H](C1)O)[H])=O)[H])(CC[C@@]4([C@@H](CCC(NCCS(O)(=O)=O)=O)C)[H])[H])C)O)[H])C		
CHEBI:138394	7-oxoglycodeoxycholic acid		C26H41NO6	463.608	C1[C@@]2([C@]3(C[C@@H]([C@]4([C@]([C@@]3(C(C[C@@]2(C[C@@H](C1)O)[H])=O)[H])(CC[C@]4([H])[C@@H](CCC(NCC(O)=O)=O)C)[H])C)O)[H])C		
CHEBI:138399	7beta-hydroxy-3,12-dioxo-5beta-cholanic acid		C24H36O5	404.541	C1[C@@]2([C@]3(CC([C@]4([C@]([C@@]3([C@H](C[C@@]2(CC(C1)=O)[H])O)[H])(CC[C@]4([H])[C@@H](CCC(O)=O)C)[H])C)=O)[H])C		
CHEBI:138401	3alpha,7beta-dihydroxy-12-oxo-5beta-cholanic acid		C24H38O5	406.556	C1[C@@]2([C@]3(CC([C@]4([C@]([C@@]3([C@H](C[C@@]2(C[C@@H](C1)O)[H])O)[H])(CC[C@]4([H])[C@@H](CCC(O)=O)C)[H])C)=O)[H])C		
CHEBI:139269	6beta-hydroxycortisone		C21H28O6	376.444	C1[C@@]2([C@@]([C@@]3(C([C@@H]1O)=CC(CC3)=O)C)(C(C[C@@]4([C@@](CC[C@@]24[H])(O)C(CO)=O)C)=O)[H])[H]		
CHEBI:139271	6beta-hydroxycortisol		C21H30O6	378.460	C1[C@@]2([C@@]([C@@]3(C([C@@H]1O)=CC(CC3)=O)C)([C@H](C[C@@]4([C@@](CC[C@@]24[H])(O)C(CO)=O)C)O)[H])[H]		
CHEBI:139305	otophylloside B		C49H78O16	923.136	[C@]12(CC=C3[C@@]([C@]1(C[C@H]([C@]4([C@@]2(CC[C@]4(C(=O)C)O)O)C)OC(=O)/C=C(\C)/C(C)C)[H])(CC[C@@H](C3)O[C@@H]5O[C@@H]([C@@H](O[C@H]6C[C@H](OC)[C@@H]([C@H](O6)C)O[C@@H]7O[C@@H]([C@H]([C@@H](C7)OC)O)C)[C@H](C5)OC)C)C)O		
CHEBI:139311	20beta-dihydrocortisol		C21H32O5	364.482	C1[C@@]2([C@@]([C@@]3(C(C1)=CC(CC3)=O)C)([C@H](C[C@@]4([C@@](CC[C@@]24[H])(O)[C@@H](CO)O)C)O)[H])[H]		
CHEBI:141516	CholEsteryl BODIPY 542/563 C11		C54H77BF2N2O3	851.011	C(CCCCCCCCCC(O[C@@H]1CC=2[C@]([C@]3(CC[C@]4([C@]([C@@]3(CC2)[H])(CC[C@@]4([C@H](C)CCCC(C)C)[H])[H])C)[H])(C)CC1)=O)C=5N6[B-]([N+]7=C(C=CC7=CC6=CC5)C=8C=CC(=CC8)OC)(F)F		
CHEBI:142484	(20S)-20-O-(beta-D-glucosyl)-3-hydroxydammarene		C36H62O7	606.875	[C@@]12(CC[C@@]([C@]2(CC[C@]3([H])[C@]4(CC[C@H](O)C([C@]4([H])CC[C@@]13C)(C)C)C)[H])([C@@](O[C@@H]5O[C@@H]([C@@H](O)[C@@H]([C@H]5O)O)CO)(CCC=C(C)C)C)[H])C		
CHEBI:142487	(20S)-ginsenoside Rh1		C36H62O9	638.873	[C@]12([C@]3([C@]([H])([C@@H](C[C@]2([H])[C@@]4([C@@]([H])([C@H](C1)O[C@@H]5O[C@@H]([C@H]([C@@H]([C@H]5O)O)O)CO)C([C@H](CC4)O)(C)C)C)O)[C@]([H])(CC3)[C@](CCC=C(C)C)(O)C)C)C		
CHEBI:142842	andrastin A		C28H38O7	486.598	C1C[C@@H](C([C@@]2([C@@]1([C@]3([C@](CC2)([C@]4([C@@](C(=C3)C)(C(C(=C4O)C)=O)C)C(OC)=O)C)[H])C=O)[H])(C)C)OC(C)=O		
CHEBI:142845	4alpha-formyl-4beta,14alpha-dimethyl-9beta,19-cyclo-5alpha-cholest-24-en-3beta-ol		C30H48O2	440.712	[C@]123[C@]([C@]4([C@]([C@](CC4)([C@@H](CCC=C(C)C)C)[H])(C)CC1)C)(CC[C@@]5([C@@]2(CC[C@@H]([C@]5(C=O)C)O)C3)[H])[H]		
CHEBI:142862	andrastin B		C28H40O7	488.614	C1C[C@@H](C([C@@]2([C@@]1([C@]3([C@](CC2)([C@]4([C@@](C(=C3)C)(C(C(=C4O)C)=O)C)C(OC)=O)C)[H])CO)[H])(C)C)OC(C)=O		
CHEBI:142867	andrastin C		C28H40O6	472.615	C1C[C@@H](C([C@@]2([C@@]1([C@]3([C@](CC2)([C@]4([C@@](C(=C3)C)(C(C(=C4O)C)=O)C)C(OC)=O)C)[H])C)[H])(C)C)OC(C)=O		
CHEBI:142874	andrastin D		C26H36O5	428.562	C1CC(C([C@@]2([C@@]1([C@]3([C@](CC2)([C@]4([C@@](C(=C3)C)(C(C(=C4O)C)=O)C)C(OC)=O)C)[H])C)[H])(C)C)=O		
CHEBI:142875	andrastin E		C26H38O5	430.578	C1C[C@H](C([C@@]2([C@@]1([C@]3([C@](CC2)([C@]4([C@@](C(=C3)C)(C(C(=C4O)C)=O)C)C(OC)=O)C)[H])C)[H])(C)C)O		
CHEBI:142878	andrastin F		C26H38O5	430.578	C1C[C@@H](C([C@@]2([C@@]1([C@]3([C@](CC2)([C@]4([C@@](C(=C3)C)(C(C(=C4O)C)=O)C)C(OC)=O)C)[H])C)[H])(C)C)O		
CHEBI:142917	24-methylene-9beta-9,19-cyclolanostane-3beta,28-diol		C31H52O2	456.755	[C@]123[C@@]4([C@]([C@@]([C@@H](O)CC4)(CO)C)(CC[C@]1([C@]5(C)CC[C@@]([C@@]5(C)CC2)([C@@H](CCC(C(C)C)=C)C)[H])[H])[H])C3		
CHEBI:142918	3beta-hydroxy-24-methylene-9beta-9,19-cyclolanostan-28-al		C31H50O2	454.739	[C@]123[C@@]4([C@]([C@@]([C@@H](O)CC4)(C=O)C)(CC[C@]1([C@]5(C)CC[C@@]([C@@]5(C)CC2)([C@@H](CCC(C(C)C)=C)C)[H])[H])[H])C3		
CHEBI:142929	(24Z)-4alpha-formyl-stigmasta-7,24(24(1))-dien-3beta-ol		C30H48O2	440.702	C1[C@@]([C@@]2([C@@](C1)(C3=CC[C@@]4([H])[C@H](C=O)[C@@H](O)CC[C@]4(C)[C@]3(CC2)[H])[H])C)([C@H](C)CC/C(=C/C)/C(C)C)[H]		
CHEBI:145045	3beta-hydroxy-16alpha,17alpha-epoxypregnenolone		C21H30O3	330.468	C1[C@@]2([C@]3(CC[C@]4(C)[C@@]5(C(C)=O)[C@@H](C[C@]4([C@@]3(CC=C2C[C@H](C1)O)[H])[H])O5)[H])C		
CHEBI:145046	3beta-hydroxy-16alpha,17alpha-epoxypregnenolone 3-beta-D-glucoside		C27H40O8	492.609	C1[C@@]2([C@]3(CC[C@]4(C)[C@@]5(C(C)=O)[C@@H](C[C@]4([C@@]3(CC=C2C[C@H](C1)O[C@H]6[C@@H]([C@H]([C@@H]([C@H](O6)CO)O)O)O)[H])[H])O5)[H])C		
CHEBI:145219	bisnorcholic acid		C22H36O5	380.525	[C@]12(CC[C@H](C[C@]2(C[C@H]([C@]3([C@]4([C@]([C@H](C[C@]13[H])O)([C@](CC4)([C@@H](C(=O)O)C)[H])C)[H])[H])O)[H])O)C		
CHEBI:145705	prednisolone phosphate		C21H29O8P	440.429	C[C@@]12C[C@@H]([C@]3([C@]([C@]2([H])CC[C@@]1(C(COP(=O)(O)O)=O)O)(CCC=4[C@]3(C)C=CC(C4)=O)[H])[H])O		
CHEBI:145728	3beta-hydroxy-9beta-9,19-cyclolanost-24-en-28-oic acid		C30H48O3	456.711	[C@]123[C@@]4([C@]([C@]([C@@H](O)CC4)(C)C(=O)O)(CC[C@]1([C@]5(C)CC[C@@]([C@]5(CC2)C)([C@@H](CCC=C(C)C)C)[H])[H])[H])C3		
CHEBI:145760	7beta-hydroxy-3-oxo-5alpha-cholan-24-oic acid		C24H38O4	390.564	O[C@@H]1[C@]2([C@]3([C@@]([C@](CC3)([C@@H](CCC(O)=O)C)[H])(CC[C@@]2([C@@]4([C@@](C1)(CC(=O)CC4)[H])C)[H])C)[H])[H]		
CHEBI:156195	ganolucidic acid D		C30H44O6	500.676	O[C@@H]1[C@@]2([C@@]([C@@](C1)([H])[C@@H](C[C@@H](/C=C(/C(=O)O)\C)O)C)(CC(=O)C3=C2CC[C@@]4([C@@]3(CCC(=O)C4(C)C)C)[H])C)C		
CHEBI:156480	methylprednisolone 21-suleptanic acid ester		C33H49NO10S	651.810	[H][C@@]12CC[C@](O)(C(=O)COC(=O)CCCCCCC(=O)N(C)CCS(O)(=O)=O)[C@@]1(C)C[C@H](O)[C@@]1([H])[C@@]2([H])C[C@H](C)C2=CC(=O)C=C[C@]12C		
CHEBI:166776	20alpha-dihydroprednisolone		C21H30O5	362.466	[H][C@@]12CC[C@](O)([C@H](O)CO)[C@@]1(C)C[C@H](O)[C@@]1([H])[C@@]2([H])CCC2=CC(=O)C=C[C@]12C		
CHEBI:173261	16alpha-hydroxyprednisolone		C21H28O6	376.449	[H][C@@]12C[C@@H](O)[C@](O)(C(=O)CO)[C@@]1(C)C[C@H](O)[C@@]1([H])[C@@]2([H])CCC2=CC(=O)C=C[C@]12C		
CHEBI:178024	26-oxolanosterol		C30H48O2	440.712	[H]C(=O)C(\C)=C\CC[C@@H](C)[C@@]1([H])CC[C@@]2(C)C3=C(CC[C@]12C)[C@@]1(C)CC[C@H](O)C(C)(C)[C@]1([H])CC3		
CHEBI:178084	20beta-hydroxycortisone		C21H30O5	362.466	[H][C@@]12CC[C@](O)([C@H](O)CO)[C@@]1(C)CC(=O)[C@@]1([H])[C@@]2([H])CCC2=CC(=O)CC[C@]12C		
CHEBI:180457	hainanic acid A		C30H44O5	484.677	[H][C@@]1(CC[C@@]2(C)C3=C(CC[C@]12C)[C@@]1(C)CCC(=O)C(C)(C)C1CC3=O)[C@H](C)C[C@H](O)\C=C(/C)C(O)=O		
CHEBI:180696	20beta-dihydroprednisolone		C21H30O5	362.466	[H][C@@]12CC[C@](O)([C@@H](O)CO)[C@@]1(C)C[C@H](O)[C@@]1([H])[C@@]2([H])CCC2=CC(=O)C=C[C@]12C		
CHEBI:180697	6beta-hydroxyprednisolone		C21H28O6	376.449	[H][C@@]12CC[C@](O)(C(=O)CO)[C@@]1(C)C[C@H](O)[C@@]1([H])[C@@]2([H])C[C@@H](O)C2=CC(=O)C=C[C@]12C		
CHEBI:180920	Delta(6)-prednisolone		C21H26O5	358.434	[H][C@@]12CC[C@](O)(C(=O)CO)[C@@]1(C)C[C@H](O)[C@@]1([H])[C@@]2([H])C=CC2=CC(=O)C=C[C@]12C		
CHEBI:180921	6alpha-hydroxyprednisolone		C21H28O6	376.449	[H][C@@]12CC[C@](O)(C(=O)CO)[C@@]1(C)C[C@H](O)[C@@]1([H])[C@@]2([H])C[C@H](O)C2=CC(=O)C=C[C@]12C		
CHEBI:180928	Delta(6)-prednisone		C21H24O5	356.418	[H][C@@]12CC[C@](O)(C(=O)CO)[C@@]1(C)CC(=O)[C@@]1([H])[C@@]2([H])C=CC2=CC(=O)C=C[C@]12C		
CHEBI:180929	6alpha-hydroxyprednisone		C21H26O6	374.433	[H][C@@]12CC[C@](O)(C(=O)CO)[C@@]1(C)CC(=O)[C@@]1([H])[C@@]2([H])C[C@H](O)C2=CC(=O)C=C[C@]12C		
CHEBI:180930	6beta-hydroxyprednisone		C21H26O6	374.433	[H][C@@]12CC[C@](O)(C(=O)CO)[C@@]1(C)CC(=O)[C@@]1([H])[C@@]2([H])C[C@@H](O)C2=CC(=O)C=C[C@]12C		
CHEBI:182969	20alpha-dihydroprednisone		C21H28O5	360.450	[H][C@@]12CC[C@](O)([C@H](O)CO)[C@@]1(C)CC(=O)[C@@]1([H])[C@@]2([H])CCC2=CC(=O)C=C[C@]12C		
CHEBI:182970	20beta-dihydroprednisone		C21H28O5	360.450	[H][C@@]12CC[C@](O)([C@@H](O)CO)[C@@]1(C)CC(=O)[C@@]1([H])[C@@]2([H])CCC2=CC(=O)C=C[C@]12C		
CHEBI:188988	28-norteasterone		C27H46O4	434.661	[H][C@@]1(CC[C@@]2([H])[C@]3([H])CC(=O)[C@@]4([H])C[C@@H](O)CC[C@]4(C)[C@@]3([H])CC[C@]12C)[C@H](C)[C@@H](O)[C@H](O)CC(C)C		
CHEBI:191192	17beta-estradiol 17-sulfate		C18H24O5S	352.450	[H][C@@]12CC[C@H](OS(O)(=O)=O)[C@@]1(C)CC[C@]1([H])C3=CC=C(O)C=C3CC[C@@]21[H]		
CHEBI:196948	16-hydroxyprednisolone		C21H28O6	376.449	[H][C@@]12CC(O)[C@](O)(C(=O)CO)[C@@]1(C)C[C@H](O)[C@@]1([H])[C@@]2([H])CCC2=CC(=O)C=C[C@]12C		
CHEBI:204734	desonide		C24H32O6	416.50730	[H][C@@]12CCC3=CC(=O)C=C[C@]3(C)[C@@]1([H])[C@@H](O)C[C@@]1(C)[C@@]2([H])C[C@H]2OC(C)(C)O[C@@]12C(=O)CO		
CHEBI:205919	clobetasol	CHEBI:282071	C22H28ClFO4	410.90700	[H][C@@]12C[C@H](C)[C@](O)(C(=O)CCl)[C@@]1(C)C[C@H](O)[C@@]1(F)[C@@]2([H])CCC2=CC(=O)C=C[C@]12C		
CHEBI:228292	astropectenol C		C27H42O3	414.630	[H]C1(CC=C2C34OC3(CCC12C)C1(C)CCC(O)CC1CC4=O)C(C)CCCC(C)C		
CHEBI:228299	asterasterol A		C28H44O7S	524.710	[H][C@@]1(CCC2C3=CC(=O)O[C@@]4([H])C[C@H](O)CC[C@]4(C)C3CC[C@]12C)[C@H](C)CCC(=C)C(C)COS(O)(=O)=O		
CHEBI:228302	zuranolone		C25H35N3O2	409.574	[H][C@@]1(CC[C@@]2([H])[C@]3([H])CC[C@]4([H])C[C@](C)(O)CC[C@]4([H])[C@@]3([H])CC[C@]12C)C(=O)CN1C=C(C=N1)C#N		
CHEBI:228303	YXG-158		C30H36FN3O	473.636	CC1=CN(C=N1)C1=CCC2C3CC=C4C[C@H](CC[C@]4(C)C3CC[C@]12C)NC(=O)C1=CC=C(F)C=C1		
CHEBI:228304	vamorolone		C22H28O4	356.462	[H][C@@]12C[C@@H](C)[C@](O)(C(=O)CO)[C@@]1(C)CC=C1[C@@]2([H])CCC2=CC(=O)C=C[C@]12C		
CHEBI:472805	ouabain	CHEBI:44461; CHEBI:7805	C29H44O12	584.65250	[H][C@@]12CC[C@]3(O)C[C@H](C[C@@H](O)[C@]3(CO)[C@@]1([H])[C@H](O)C[C@]1(C)[C@H](CC[C@]21O)C1=CC(=O)OC1)O[C@@H]1O[C@@H](C)[C@H](O)[C@@H](O)[C@H]1O		
CHEBI:521033	dutasteride		C27H30F6N2O2	528.531	C=1C(N[C@]2([C@@](C1)(C)[C@]3(CC[C@@]4([C@](CC[C@]4([C@]3([H])CC2)[H])(C(=O)NC5=CC(=CC=C5C(F)(F)F)C(F)(F)F)[H])C)[H])[H])=O		
CHEBI:521226	digitoxigenin 3-O-[beta-D-glucosyl-(1->4)-alpha-L-acofrioside]		C36H56O13	696.82200	[H][C@]12CC[C@]3([H])[C@]([H])(CC[C@]4(C)[C@]([H])(CC[C@]34O)C3=CC(=O)OC3)[C@@]1(C)CC[C@@H](C2)O[C@@H]1O[C@@H](C)[C@H](O[C@@H]2O[C@H](CO)[C@@H](O)[C@H](O)[C@H]2O)[C@@H](OC)[C@H]1O		
CHEBI:691037	desoximetasone		C22H29FO4	376.46170	[H][C@@]12C[C@@H](C)[C@H](C(=O)CO)[C@@]1(C)C[C@H](O)[C@@]1(F)[C@@]2([H])CCC2=CC(=O)C=C[C@]12C		
CHEBI:772	16alpha,17beta-Estriol 17-(beta-D-glucuronide)		C24H31O9	464.506	C[C@]12CC[C@H]3[C@@H](CCc4cc(O)ccc34)[C@@H]1C[C@@H](O)[C@@H]2O[C@@H]1O[C@@H]([C@@H](O)[C@H](O)[C@H]1O)C(O)=O		
CHEBI:1298	21-Hydroxy-5beta-pregnane-3,11,20-trione		C21H30O4	346.461	C[C@]12CC(=O)[C@H]3[C@@H](CCC4CC(=O)CC[C@]34C)[C@@H]1CCC2C(=O)CO		
CHEBI:1309	25-Hydroxy-24-epi-brassinolide		C28H48O7	496.678	C[C@H]([C@@H](O)[C@H](O)[C@H](C)C(C)(C)O)[C@H]1CC[C@H]2[C@@H]3COC(=O)[C@H]4C[C@H](O)[C@H](O)C[C@]4(C)[C@H]3CC[C@]12C		
CHEBI:1310	26-Hydroxy-24-epi-brassinolide		C28H48O7	496.678	CC(CO)[C@@H](C)[C@@H](O)[C@H](O)[C@@H](C)[C@H]1CC[C@H]2[C@@H]3COC(=O)[C@H]4C[C@H](O)[C@H](O)C[C@]4(C)[C@H]3CC[C@]12C		
CHEBI:1689	3alpha,20alpha,21-Trihydroxy-5beta-pregnane-11-one		C21H34O4	350.493	CC12CC(=O)C3C(CCC4C[C@H](O)CCC34C)C1CCC2C(O)CO		
CHEBI:1690	3alpha,21-Dihydroxy-5beta-pregnane-11,20-dione		C21H32O4	348.477	CC12CC(=O)C3C(CCC4C[C@H](O)CCC34C)C1CCC2C(=O)CO		
CHEBI:2287	7alpha,12alpha-Dihydroxy-5alpha-cholestan-3-one		C27H46O3	418.653	CC(C)CCCC(C)C1CCC2C3[C@H](O)C[C@H]4CC(=O)CCC4(C)C3C[C@H](O)C12C		
CHEBI:3249	Buxamine E		C26H44N2	384.642	C[C@H](N)[C@H]1CC[C@@]2(C)[C@@H]3CC[C@@H]4C(CC[C@H](N(C)C)C4(C)C)=CC3=CC[C@]12C		
CHEBI:3376	Capsicoside A		C63H106O35	1423.497	C[C@H](CC[C@@]1(O)O[C@H]2C[C@H]3[C@@H]4CC[C@H]5C[C@@H](O[C@@H]6O[C@H](CO)[C@@H](O)[C@H](O[C@@H]7O[C@H](CO)[C@H](O[C@@H]8O[C@H](CO)[C@@H](O)[C@H](O[C@@H]9O[C@H](CO)[C@@H](O)[C@H](O)[C@H]9O)[C@H]8O[C@@H]8O[C@H](CO)[C@@H](O)[C@H](O)[C@H]8O)[C@H](O)[C@H]7O)[C@H]6O)[C@H](O)C[C@]5(C)[C@H]4CC[C@]3(C)[C@H]2[C@@H]1C)CO[C@@H]1O[C@H](CO)[C@@H](O)[C@H](O)[C@H]1O		
CHEBI:3864	Convallamaroside		C57H94O27	1211.342	C[C@H]1[C@H]2[C@H](C[C@H]3[C@@H]4CC[C@@H]5C[C@H](C[C@@H](O[C@@H]6O[C@H](C)[C@@H](O)[C@H](O)[C@H]6O[C@@H]6O[C@@H](C)[C@H](O)[C@@H](O)[C@H]6O)[C@]5(C)[C@H]4CC[C@]23C)O[C@@H]2O[C@@H](C)[C@H](O[C@@H]3O[C@H](CO)[C@@H](O)[C@H](O)[C@H]3O)[C@@H](O)[C@H]2O)O[C@]1(O)CCC(=C)CO[C@@H]1O[C@H](CO)[C@@H](O)[C@H](O)[C@H]1O		
CHEBI:3898	Cortol		C21H36O5; C21H36O5	368.508	C[C@]12C[C@H](O)[C@H]3[C@@H](CC[C@@H]4C[C@H](O)CC[C@]34C)[C@@H]1CC[C@]2(O)[C@@H](O)CO		
CHEBI:3899	Cortolone		C21H34O5; C21H34O5	366.492	C[C@]12CC(=O)[C@H]3[C@@H](CC[C@@H]4C[C@H](O)CC[C@]34C)[C@@H]1CC[C@]2(O)[C@@H](O)CO		
CHEBI:3953	Cucurbitacin S		C30H42O6	498.652	C[C@H]1[C@H]2[C@@H](C[C@@]3(C)[C@@H]4CC=C5[C@@H](C=C(O)C(=O)C5(C)C)[C@]4(C)C(=O)C[C@]23C)O[C@@H](CC1=O)C(C)(C)O		
CHEBI:3999	Cyclobuxine D		C25H42N2O	386.615	CN[C@@H](C)[C@H]1[C@H](O)C[C@@]2(C)[C@@H]3CC[C@H]4C(=C)[C@H](CC[C@@]44C[C@@]34CC[C@]12C)NC		
CHEBI:4029	Cycloprotobuxine C		C27H48N2	400.684	CN[C@H]1CC[C@]23C[C@]22CC[C@]4(C)[C@H](CC[C@@]4(C)[C@@H]2CC[C@H]3C1(C)C)[C@H](C)N(C)C		
CHEBI:4032	Cyclovirobuxine C		C27H48N2O	416.684	CN[C@H]1CC[C@]23C[C@]22CC[C@]4(C)[C@@H]([C@H](C)N(C)C)[C@H](O)C[C@@]4(C)[C@@H]2CC[C@H]3C1(C)C		
CHEBI:4351	Decoside		C30H42O9	546.650	CO[C@H]1C[C@H](O[C@H]2CC[C@@]3(C)[C@H](CC[C@@H]4C3=C(O)C(=O)[C@]3(C)[C@H](CC[C@]43O)C3=CC(=O)OC3)C2)O[C@@H](C)[C@@H]1O		
CHEBI:4390	Deltoside		C51H84O23	1065.201	C[C@H](CC[C@@]1(O)O[C@H]2C[C@H]3[C@@H]4CC=C5C[C@H](CC[C@]5(C)[C@H]4CC[C@]3(C)[C@H]2[C@@H]1C)O[C@@H]1O[C@H](CO)[C@@H](O[C@@H]2O[C@H](CO)[C@@H](O)[C@H](O)[C@H]2O)[C@H](O)[C@H]1O[C@@H]1O[C@@H](C)[C@H](O)[C@@H](O)[C@H]1O)CO[C@@H]1O[C@H](CO)[C@@H](O)[C@H](O)[C@H]1O		
CHEBI:4399	Demissine		C50H83NO20	1018.191	C[C@@H]1[C@@H]2CC[C@H](C)CN2[C@H]2C[C@H]3[C@@H]4CC[C@H]5C[C@H](CC[C@]5(C)[C@H]4CC[C@]3(C)[C@@H]12)O[C@@H]1O[C@H](CO)[C@H](O[C@@H]2O[C@H](CO)[C@@H](O)[C@H](O[C@@H]3OC[C@@H](O)[C@H](O)[C@H]3O)[C@H]2O[C@@H]2O[C@H](CO)[C@@H](O)[C@H](O)[C@H]2O)[C@H](O)[C@H]1O		
CHEBI:4606	Dimethisterone		C23H32O2	340.500	CC#C[C@]1(O)CC[C@H]2[C@@H]3C[C@H](C)C4=CC(=O)CC[C@]4(C)[C@H]3CC[C@]12C		
CHEBI:5108	Fluocinolone		C21H26F2O6	412.425	C[C@]12C[C@H](O)[C@@]3(F)[C@@H](C[C@H](F)C4=CC(=O)C=C[C@]34C)[C@@H]1C[C@@H](O)[C@]2(O)C(=O)CO		
CHEBI:5127	Flurandrenolide	CHEBI:92020	C24H33FO6; C24H33FO6	436.515	C[C@]12CCC(=O)C=C1[C@H](C[C@@H]3[C@@H]2[C@H](C[C@]4([C@H]3C[C@@H]5[C@]4(OC(O5)(C)C)C(=O)CO)C)O)F		
CHEBI:6783	Messagenin		C30H50O2	444.691	CC(=O)[C@@H]1CC[C@]2(CO)CC[C@]3(C)[C@H](CC[C@@H]4[C@@]5(C)CC[C@H](O)C(C)(C)[C@@H]5CC[C@@]34C)[C@@H]12		
CHEBI:7467	Nandrolone decanoate		C28H44O3	428.648	CCCCCCCCCC(=O)O[C@H]1CC[C@H]2[C@@H]3CCC4=CC(=O)CC[C@@H]4[C@H]3CC[C@]12C		
CHEBI:7730	Officinalisnin I		C45H76O19	921.075	C[C@H](CC[C@@]1(O)O[C@H]2C[C@H]3[C@@H]4CC[C@@H]5C[C@H](CC[C@]5(C)[C@H]4CC[C@]3(C)[C@H]2[C@@H]1C)O[C@@H]1O[C@H](CO)[C@@H](O)[C@H](O)[C@H]1O[C@@H]1O[C@H](CO)[C@@H](O)[C@H](O)[C@H]1O)CO[C@@H]1O[C@H](CO)[C@@H](O)[C@H](O)[C@H]1O		
CHEBI:7800	Osladin		C45H74O17	887.061	C[C@@H](C1CC[C@H]2[C@@H]3CC(=O)[C@H]4C[C@H](CC[C@]4(C)[C@H]3CC[C@]12C)O[C@@H]1O[C@H](CO)[C@@H](O)[C@H](O)[C@H]1O[C@@H]1O[C@@H](C)[C@H](O)[C@@H](O)[C@H]1O)C1CC[C@@H](C)[C@@H](O[C@@H]2O[C@@H](C)[C@H](O)[C@@H](O)[C@H]2O)O1		
CHEBI:7922	Paramethasone		C22H29FO5	392.462	C[C@@H]1C[C@H]2[C@@H]3C[C@H](F)C4=CC(=O)C=C[C@]4(C)[C@H]3[C@@H](O)C[C@]2(C)[C@@]1(O)C(=O)CO		
CHEBI:8230	Pipecuronium		C35H62N4O4	602.893	CC(=O)O[C@H]1[C@H](C[C@H]2[C@@H]3CC[C@H]4C[C@H](OC(C)=O)[C@H](C[C@]4(C)[C@H]3CC[C@]12C)N1CC[N+](C)(C)CC1)N1CC[N+](C)(C)CC1		
CHEBI:8231	Pipecuronium bromide		C35H62N4O4.2Br; C35H62Br2N4O4	762.700	[C@@]12([C@]3([C@@]([C@@]4([C@](C[C@H](OC(C)=O)[C@H](C4)N5CC[N+](CC5)(C)C)(CC3)[H])C)(CC[C@@]1([C@@H](OC(C)=O)[C@H](C2)N6CC[N+](CC6)(C)C)C)[H])[H])[H].[Br-].[Br-]		
CHEBI:8286	Pollinastanol		C28H48O	400.681	CC(C)CCC[C@@H](C)[C@H]1CC[C@@]2(C)[C@@H]3CC[C@H]4C[C@@H](O)CC[C@@]44C[C@@]34CC[C@]12C		
CHEBI:8590	Protogracillin		C51H84O23	1065.201	C[C@H](CC[C@@]1(O)O[C@H]2C[C@H]3[C@@H]4CC=C5C[C@H](CC[C@]5(C)[C@H]4CC[C@]3(C)[C@H]2[C@@H]1C)O[C@@H]1O[C@H](CO)[C@@H](O)[C@H](O[C@@H]2O[C@H](CO)[C@@H](O)[C@H](O)[C@H]2O)[C@H]1O[C@@H]1O[C@@H](C)[C@H](O)[C@@H](O)[C@H]1O)CO[C@@H]1O[C@H](CO)[C@@H](O)[C@H](O)[C@H]1O		
CHEBI:8915	Ruscoside		C50H80O23	1049.158	C[C@H]1[C@H]2[C@H](C[C@H]3[C@@H]4CC=C5C[C@H](C[C@@H](O)[C@]5(C)[C@H]4CC[C@]23C)O[C@@H]2OC[C@H](O)[C@H](O)[C@H]2O[C@@H]2O[C@@H](C)[C@H](O)[C@@H](O[C@@H]3O[C@H](CO)[C@@H](O)[C@H](O)[C@H]3O)[C@H]2O)O[C@]1(O)CCC(=C)CO[C@@H]1O[C@H](CO)[C@@H](O)[C@H](O)[C@H]1O		
CHEBI:9038	Sarsaparilloside		C57H96O28	1229.358	C[C@@H](CC[C@@]1(O)O[C@H]2C[C@H]3[C@@H]4CC[C@@H]5C[C@H](CC[C@]5(C)[C@H]4CC[C@]3(C)[C@H]2[C@@H]1C)O[C@@H]1O[C@H](CO[C@@H]2O[C@H](CO)[C@@H](O)[C@H](O)[C@H]2O)[C@@H](O[C@@H]2O[C@@H](C)[C@H](O)[C@@H](O)[C@H]2O)[C@H](O)[C@H]1O[C@@H]1O[C@H](CO)[C@@H](O)[C@H](O)[C@H]1O)CO[C@@H]1O[C@H](CO)[C@@H](O)[C@H](O)[C@H]1O		
CHEBI:9184	Solacapine		C27H48N2O2	432.683	C[C@@H]([C@H]1[C@H](O)C[C@H]2[C@@H]3CC[C@H]4C[C@@H](N)CC[C@]4(C)[C@H]3CC[C@]12C)[C@H]1NC[C@H](C)C[C@@H]1O		
CHEBI:9185	Solamargine		C45H73NO15	868.061	C[C@H]1[C@H]2[C@H](C[C@H]3[C@@H]4CC=C5C[C@H](CC[C@]5(C)[C@H]4CC[C@]23C)O[C@@H]2O[C@H](CO)[C@@H](O[C@@H]3O[C@@H](C)[C@H](O)[C@@H](O)[C@H]3O)[C@H](O)[C@H]2O[C@@H]2O[C@@H](C)[C@H](O)[C@@H](O)[C@H]2O)O[C@]11CC[C@@H](C)CN1		
CHEBI:9189	Solanocapsine		C27H46N2O2	430.667	C[C@H]1CN[C@@H]2[C@@H](C)[C@H]3[C@@H](C[C@H]4[C@@H]5CC[C@H]6C[C@@H](N)CC[C@]6(C)[C@H]5CC[C@]34C)O[C@@]2(O)C1		
CHEBI:9191	Solasonine		C45H73NO16	884.060	C[C@H]1[C@H]2[C@H](C[C@H]3[C@@H]4CC=C5C[C@H](CC[C@]5(C)[C@H]4CC[C@]23C)O[C@@H]2O[C@H](CO)[C@H](O)[C@H](O[C@@H]3O[C@H](CO)[C@@H](O)[C@H](O)[C@H]3O)[C@H]2O[C@@H]2O[C@@H](C)[C@H](O)[C@@H](O)[C@H]2O)O[C@]11CC[C@@H](C)CN1		
CHEBI:9466	Testosterone propionate		C22H32O3	344.489	CCC(=O)O[C@H]1CC[C@H]2[C@@H]3CCC4=CC(=O)CC[C@]4(C)[C@H]3CC[C@]12C		
CHEBI:9481	Tetrahydrocorticosterone		C21H34O4; C21H34O4	350.493	C[C@]12C[C@H](O)[C@H]3[C@@H](CC[C@@H]4C[C@H](O)CC[C@]34C)[C@@H]1CC[C@@H]2C(=O)CO		
CHEBI:9718	Trigonelloside C		C51H84O22	1049.201	C[C@@H](CC[C@@]1(O)O[C@H]2C[C@H]3[C@@H]4CC=C5C[C@H](CC[C@]5(C)[C@H]4CC[C@]3(C)[C@H]2[C@@H]1C)O[C@@H]1O[C@H](CO)[C@@H](O[C@@H]2O[C@@H](C)[C@H](O)[C@@H](O)[C@H]2O)[C@H](O)[C@H]1O[C@@H]1O[C@@H](C)[C@H](O)[C@@H](O)[C@H]1O)CO[C@@H]1O[C@H](CO)[C@@H](O)[C@H](O)[C@H]1O		
CHEBI:9901	Urocortisone		C21H32O5; C21H32O5	364.477	C[C@]12CC(=O)[C@H]3[C@@H](CC[C@@H]4C[C@H](O)CC[C@]34C)[C@@H]1CC[C@]2(O)C(=O)CO		
CHEBI:31301	Bothermon		C37H52O4; C19H28O2.C18H24O2	560.808	[C@]12([H])[C@@]3([H])[C@@]([H])(C4=C(CC3)C=C(O)C=C4)CC[C@@]1([C@H](CC2)O)C.[C@@]12([C@@]([C@@]3(C(=CC(=O)CC3)CC1)C)(CC[C@]4([C@]2(CC[C@@H]4O)[H])C)[H])[H]		
CHEBI:31560	Estradiol dipropionate		C24H32O4	384.509	CCC(=O)O[C@H]1CC[C@H]2[C@@H]3CCc4cc(OC(=O)CC)ccc4[C@H]3CC[C@]12C		
CHEBI:31561	Estradiol valerate		C23H32O3; C23H32O3	356.499	CCCCC(=O)O[C@H]1CC[C@H]2[C@@H]3CCc4cc(O)ccc4[C@H]3CC[C@]12C		
CHEBI:31825	Mestanolone		C20H32O2; C20H32O2	304.468	C[C@@]12[C@@]3([C@]([C@]4([C@@](CC3)(C)[C@@](CC4)(C)O)[H])(CC[C@]1(CC(CC2)=O)[H])[H])[H]		
CHEBI:31826	Metenolone enanthate		C27H42O3; C27H42O3	414.622	C1=C([C@]2(C)[C@]3([H])[C@](CC[C@@]2([H])CC1=O)([H])[C@@]4(CC[C@@H]([C@@]4(C)CC3)OC(=O)CCCCCC)[H])C		
CHEBI:31828	Methenolone acetate		C22H32O3; C22H32O3	344.489	C1=C([C@]2([C@](CC1=O)(CC[C@]3([H])[C@]2([H])CC[C@]4([C@]3(CC[C@@H]4OC(=O)C)[H])C)[H])C)C		
CHEBI:31893	Nandrolone cyclohexanepropionate		C27H40O3; C27H40O3	412.606	[C@@]12([C@]3([C@@]([C@@]4(C(=CC(=O)CC4)CC3)[H])(CC[C@@]1([C@@H](OC(CCC5CCCCC5)=O)CC2)C)[H])[H])[H]		
CHEBI:31894	Nandrolone furylpropionate		C25H32O4; C25H32O4	396.520	C=1C=C(CCC(O[C@H]2CC[C@]3([C@@]4(CCC5=CC(=O)CC[C@@]5([C@]4(CC[C@@]32C)[H])[H])[H])[H])=O)OC1		
CHEBI:34134	11-Ketoandrosterone		C19H28O3	304.425	C[C@]12CC(=O)[C@H]3[C@@H](CC[C@H]4C[C@H](O)CC[C@]34C)[C@@H]1CCC2=O		
CHEBI:34135	11-Ketoetiocholanolone		C19H28O3; C19H28O3	304.425	C[C@]12CC(=O)[C@H]3[C@@H](CC[C@@H]4C[C@H](O)CC[C@]34C)[C@@H]1CCC2=O		
CHEBI:34138	11alpha,17beta-Dihydroxy-17-methylandrost-4-en-3-one		C20H30O3	318.451	C[C@]1(O)CC[C@H]2[C@@H]3CCC4=CC(=O)CC[C@]4(C)[C@H]3[C@H](O)C[C@]12C		
CHEBI:34139	11alpha-Hydroxyandrosta-1,4-diene-3,17-dione		C19H24O3	300.393	C[C@]12C[C@@H](O)[C@H]3[C@@H](CCC4=CC(=O)C=C[C@]34C)[C@@H]1CCC2=O		
CHEBI:34140	11beta,17beta-Dihydroxy-17-methylandrost-4-en-3-one		C20H30O3	318.451	C[C@]1(O)CC[C@H]2[C@@H]3CCC4=CC(=O)CC[C@]4(C)[C@H]3[C@@H](O)C[C@]12C		
CHEBI:34142	11beta-Chloromethylestradiol		C19H25ClO2	320.854	C[C@]12C[C@H](CCl)[C@H]3[C@@H](CCc4cc(O)ccc34)[C@@H]1CC[C@@H]2O		
CHEBI:34158	14alpha,17beta-Dihydroxyandrost-4-en-3-one		C19H28O3	304.425	C[C@]12CC[C@H]3[C@@H](CCC4=CC(=O)CC[C@]34C)[C@]1(O)CC[C@@H]2O		
CHEBI:34163	16-Dehydropregnenolone acetate		C23H32O3	356.499	CC(=O)O[C@H]1CC[C@]2(C)[C@H]3CC[C@@]4(C)[C@@H](CC=C4C(C)=O)[C@@H]3CC=C2C1		
CHEBI:34165	16-Ketoestradiol		C18H22O3	286.366	C[C@]12CC[C@H]3[C@@H](CCc4cc(O)ccc34)[C@@H]1CC(=O)[C@@H]2O		
CHEBI:34166	16-Ketoestrone		C18H20O3	284.350	C[C@]12CC[C@H]3[C@@H](CCc4cc(O)ccc34)[C@@H]1CC(=O)C2=O		
CHEBI:34169	16alpha,17alpha-Epoxy-20-oxopregn-5-en-3beta-yl acetate		C23H32O4	372.499	CC(=O)O[C@H]1CC[C@]2(C)[C@H]3CC[C@@]4(C)[C@@H](C[C@H]5O[C@@]45C(C)=O)[C@@H]3CC=C2C1		
CHEBI:34171	16alpha-Bromo-17beta-estradiol		C18H23BrO2	351.278	C[C@]12CC[C@H]3[C@@H](CCc4cc(O)ccc34)[C@@H]1C[C@@H](Br)[C@@H]2O		
CHEBI:34173	16beta-Hydroxy-3,11-dioxopregna-4,17(20)-dien-21-oic acid, gamma-lactone		C21H24O4	340.414	C[C@]12CC(=O)[C@H]3[C@@H](CCC4=CC(=O)CC[C@]34C)[C@@H]1C[C@@H]1OC(=O)C=C21		
CHEBI:34174	17,17-Dimethyl-18-norandrosta-4,13-dien-3-one		C20H28O	284.436	CC1(C)CCC2=C1CC[C@H]1[C@H]2CCC2=CC(=O)CC[C@]12C		
CHEBI:34175	17-Ethynyl-10-hydroxy-19-nortestosterone		C20H26O3	314.419	C[C@]12CC[C@H]3[C@@H](CCC4=CC(=O)CC[C@]34O)[C@@H]1CC[C@@]2(O)C#C		
CHEBI:34178	17alpha-Dihydroequilenin		C18H20O2	268.351	C[C@]12CCc3c(ccc4cc(O)ccc34)[C@@H]1CC[C@H]2O		
CHEBI:34179	17alpha-Methylestradiol		C19H26O2	286.409	C[C@]1(O)CC[C@H]2[C@@H]3CCc4cc(O)ccc4[C@H]3CC[C@]12C		
CHEBI:34181	17beta-Hydroxy-17-methylandrost-4-ene-3,11-dione		C20H28O3	316.435	C[C@]1(O)CC[C@H]2[C@@H]3CCC4=CC(=O)CC[C@]4(C)[C@H]3C(=O)C[C@]12C		
CHEBI:34182	17beta-Hydroxy-17-methylandrosta-4,9(11)-dien-3-one		C20H28O2	300.436	C[C@]1(O)CC[C@H]2[C@@H]3CCC4=CC(=O)CC[C@]4(C)C3=CC[C@]12C		
CHEBI:34183	17beta-Hydroxy-7alpha-methylandrost-4-en-3-one		C20H30O2	302.452	C[C@@H]1CC2=CC(=O)CC[C@]2(C)[C@H]2CC[C@]3(C)[C@@H](O)CC[C@H]3[C@H]12		
CHEBI:34184	17beta-Hydroxyestr-4-en-3-one cyclopentanepropionate		C26H38O3	398.579	C[C@]12CC[C@H]3[C@@H](CCC4=CC(=O)CC[C@H]34)[C@@H]1CC[C@@H]2OC(=O)CCC1CCCC1		
CHEBI:34186	19-Nor-17alpha-pregn-5(10)-en-20-yne-3alpha,17beta-diol		C20H28O2	300.436	C[C@]12CC[C@H]3[C@@H](CCC4=C3CC[C@@H](O)C4)[C@@H]1CC[C@@]2(O)C#C		
CHEBI:34187	19-Norandrostenedione		C18H24O2	272.383	C[C@]12CC[C@H]3[C@@H](CCC4=CC(=O)CC[C@H]34)[C@@H]1CCC2=O		
CHEBI:34322	3,3-Difluoro-5alpha-androstan-17beta-yl acetate		C21H32F2O2	354.475	CC(=O)O[C@H]1CC[C@H]2[C@@H]3CC[C@H]4CC(F)(F)CC[C@]4(C)[C@H]3CC[C@]12C		
CHEBI:34339	3-Hydroxyestra-1,3,5(10),6-tetraen-17-one		C18H20O2	268.351	C[C@]12CC[C@H]3[C@@H](C=Cc4cc(O)ccc34)[C@@H]1CCC2=O		
CHEBI:34341	3-Methoxyestra-2,5(10)-dien-17beta-ol		C19H28O2	288.425	COC1=CCC2=C(CC[C@H]3[C@@H]4CC[C@H](O)[C@@]4(C)CC[C@H]23)C1		
CHEBI:34350	3alpha,11beta-Dihydroxy-5alpha-androstane-17-one		C19H30O3; C19H30O3	306.440	C[C@]12C[C@H](O)[C@H]3[C@@H](CC[C@H]4C[C@H](O)CC[C@]34C)[C@@H]1CCC2=O		
CHEBI:34351	3alpha,11beta-Dihydroxy-5beta-androstane-17-one		C19H30O3	306.440	C[C@]12C[C@H](O)[C@H]3[C@@H](CC[C@@H]4C[C@H](O)CC[C@]34C)[C@@H]1CCC2=O		
CHEBI:34352	3alpha,17alpha,21-Trihydroxy-5beta-pregnan-20-one		C21H34O4; C21H34O4	350.493	C[C@]12CC[C@H]3[C@@H](CC[C@@H]4C[C@H](O)CC[C@]34C)[C@@H]1CC[C@]2(O)C(=O)CO		
CHEBI:34375	4,5alpha-Dihydro-2-(hydroxymethylene)testosterone		C20H30O3	318.451	C[C@]12CC[C@H]3[C@@H](CC[C@H]4CC(=O)\C(C[C@]34C)=C/O)[C@@H]1CC[C@@H]2O		
CHEBI:34386	4-Androstenediol		C19H30O2	290.441	C[C@]12CC[C@H]3[C@@H](CCC4=C[C@@H](O)CC[C@]34C)[C@@H]1CC[C@@H]2O		
CHEBI:34452	5-Androstene-3beta,16alpha-diol		C19H30O2	290.441	C[C@@]12C[C@H](O)C[C@H]1[C@@H]1CC=C3C[C@@H](O)CC[C@]3(C)[C@H]1CC2		
CHEBI:34461	5-alpha-THDOC		C21H34O3; C21H34O3	334.494	C[C@]12CC[C@H]3[C@@H](CC[C@H]4C[C@H](O)CC[C@]34C)[C@@H]1CC[C@@H]2C(=O)CO		
CHEBI:34463	5alpha-Androstane-3,11,17-trione		C19H26O3	302.409	C[C@]12CC(=O)[C@H]3[C@@H](CC[C@H]4CC(=O)CC[C@]34C)[C@@H]1CCC2=O		
CHEBI:34474	6alpha-Fluoroprednisolone		C21H27FO5	378.435	C[C@]12C[C@H](O)[C@H]3[C@@H](C[C@H](F)C4=CC(=O)C=C[C@]34C)[C@@H]1CC[C@]2(O)C(=O)CO		
CHEBI:34509	9-Fluoro-11beta,21-dihydroxy-16alpha,17-(isopropylidenedioxy)pregn-4-ene-3,20-dione		C24H33FO6	436.515	CC1(C)O[C@@H]2C[C@H]3[C@@H]4CCC5=CC(=O)CC[C@]5(C)[C@@]4(F)[C@@H](O)C[C@]3(C)[C@@]2(O1)C(=O)CO		
CHEBI:34510	9-Fluoro-17-methyl-11-oxotestosterone		C20H27FO3	334.426	C[C@]1(O)CC[C@H]2[C@@H]3CCC4=CC(=O)CC[C@]4(C)[C@@]3(F)C(=O)C[C@]12C		
CHEBI:34511	9-Fluoroprednisolone		C21H27FO5	378.435	C[C@]12C[C@H](O)[C@@]3(F)[C@@H](CCC4=CC(=O)C=C[C@]34C)[C@@H]1CC[C@]2(O)C(=O)CO		
CHEBI:34516	9alpha-Fluoro-11beta,16alpha,17alpha,21-tetrahydroxypregn-4-ene-3,20-dione		C21H29FO6	396.451	C[C@]12C[C@H](O)[C@@]3(F)[C@@H](CCC4=CC(=O)CC[C@]34C)[C@@H]1C[C@@H](O)[C@]2(O)C(=O)CO		
CHEBI:34537	Androstane-3,17-diol dipropionate		C25H40O4	404.584	CCC(=O)O[C@H]1CC[C@H]2[C@@H]3CC[C@H]4C[C@@H](CC[C@]4(C)[C@H]3CC[C@]12C)OC(=O)CC		
CHEBI:34583	Bolasterone		C21H32O2	316.478	C[C@@H]1CC2=CC(=O)CC[C@]2(C)[C@H]2CC[C@@]3(C)[C@@H](CC[C@]3(C)O)[C@H]12		
CHEBI:34654	Correolide		C40H52O15	788.833	COC(=O)[C@@]12O[C@@H]1C(=C)C[C@@]1(O)[C@@H]3CC[C@@]4(C)[C@@H]5C=CC(=O)OC[C@]5(C(C)OC(C)=O)[C@@H](OC(C)=O)[C@@H](OC(C)=O)[C@@H]4[C@@]3(C)[C@H](OC(C)=O)[C@H](OC(C)=O)[C@@]21C		
CHEBI:34745	Estradiol 17beta-cyclopentylpropionate		C26H36O3	396.563	C[C@]12CC[C@H]3[C@@H](CCc4cc(O)ccc34)[C@@H]1CC[C@@H]2OC(=O)CCC1CCCC1		
CHEBI:34746	Estradiol-17-phenylpropionate		C27H32O3	404.542	C[C@]12CC[C@H]3[C@@H](CCc4cc(O)ccc34)[C@@H]1CC[C@@H]2OC(=O)CCc1ccccc1		
CHEBI:34834	Methandriol		C20H32O2	304.468	C[C@]1(O)CC[C@H]2[C@@H]3CC=C4C[C@@H](O)CC[C@]4(C)[C@H]3CC[C@]12C		
CHEBI:34835	Methandriol dipropionate		C26H40O4	416.594	CCC(=O)O[C@H]1CC[C@]2(C)[C@H]3CC[C@@]4(C)[C@@H](CC[C@]4(C)OC(=O)CC)[C@@H]3CC=C2C1		
CHEBI:34857	Moxestrol		C21H26O3	326.430	CO[C@H]1C[C@@]2(C)[C@@H](CC[C@@]2(O)C#C)[C@@H]2CCc3cc(O)ccc3[C@@H]12		
CHEBI:34894	Norethindrone enanthate		C27H38O3	410.590	CCCCCCC(=O)O[C@]1(CC[C@H]2[C@@H]3CCC4=CC(=O)CC[C@@H]4[C@H]3CC[C@]12C)C#C		
CHEBI:34895	Norethynodrel		C20H26O2; C20H26O2	298.420	C[C@]12CC[C@H]3[C@@H](CCC4=C3CCC(=O)C4)[C@@H]1CC[C@@]2(O)C#C		
CHEBI:34903	Oranabol		C20H30O3	318.451	C[C@]1(O)CC[C@H]2[C@@H]3CCC4=C(O)C(=O)CC[C@]4(C)[C@H]3CC[C@]12C		
CHEBI:34929	Pregna-4,11-diene-3,20-dione		C21H28O2	312.447	CC(=O)[C@H]1CC[C@H]2[C@@H]3CCC4=CC(=O)CC[C@]4(C)[C@H]3C=C[C@]12C		
CHEBI:34930	Pregnenolone acetate		C23H34O3	358.515	CC(=O)O[C@H]1CC[C@]2(C)[C@H]3CC[C@@]4(C)[C@@H](CC[C@@H]4C(C)=O)[C@@H]3CC=C2C1		
CHEBI:34944	RU 5135		C18H28N2O2	304.428	C[C@]12CC(=O)[C@H]3[C@@H](CC[C@@H]4C[C@@H](O)CC[C@]34C)[C@@H]1CC(N)=N2		
CHEBI:34980	Stenbolone		C20H30O2	302.452	CC1=C[C@@]2(C)[C@@H](CC[C@H]3[C@@H]4CC[C@H](O)[C@@]4(C)CC[C@H]23)CC1=O		
CHEBI:35000	Testosterone decanoate		C29H46O3	442.675	CCCCCCCCCC(=O)O[C@H]1CC[C@H]2[C@@H]3CCC4=CC(=O)CC[C@]4(C)[C@H]3CC[C@]12C		
CHEBI:35001	Testosterone isocaproate		C25H38O3	386.568	CC(C)CCC(=O)O[C@H]1CC[C@H]2[C@@H]3CCC4=CC(=O)CC[C@]4(C)[C@H]3CC[C@]12C		
CHEBI:35002	Testosterone phenylpropionate		C28H36O3	420.585	C[C@]12CC[C@H]3[C@@H](CCC4=CC(=O)CC[C@]34C)[C@@H]1CC[C@@H]2OC(=O)CCc1ccccc1		
CHEBI:66356	Verrucoside		C30H48O7	520.69790	[H][C@]1(O[C@@H](C)[C@@H](O)[C@@H](OC)[C@@H]1OC(C)=O)O[C@H]1[C@@H](O)CC[C@@]2(C)[C@]1([H])CC[C@@]1([H])[C@]3([H])CC[C@H](C=C)[C@@]3(C)CC[C@]21[H]		
CHEBI:68097	Chisomicine C		C32H40O10	584.65400	[H][C@]12CC[C@@]3(C)[C@@H](OC(=O)C[C@@]3(O)C1=CC1[C@@H](OC(=O)C(\C)=C\C)[C@]3(C)CO[C@]1(O)[C@]2(C)[C@H]3CC(=O)OC)c1ccoc1		
CHEBI:69376	Cephalostatin 1		C54H74N2O10	911.17280	[H][C@@]12CC[C@@]3([H])C4=C[C@]5([H])O[C@]6(O[C@](C)(CO)C[C@H]6O)[C@@H](C)[C@]5(O)[C@@]4(C)[C@H](O)C[C@]3([H])[C@@]1(C)Cc1nc3C[C@]4([H])CC[C@@]5([H])C6=CC[C@]7([H])[C@H](C)[C@@]8(OC[C@]67C(=O)C[C@]5([H])[C@@]4(C)Cc3nc1C2)OC(C)(C)C[C@H]8O		
CHEBI:69481	Solacongestidine		C27H45NO	399.65230	[H][C@@]12CC[C@@]3([H])[C@]4([H])CC[C@]([H])([C@H](C)C5=NC[C@H](C)CC5)[C@@]4(C)CC[C@]3([H])[C@@]1(C)CC[C@H](O)C2		
CHEBI:69578	3beta,4beta,23-trihydroxy-24-nor-olean-12-en-28-oic acid		C29H46O5	474.67250	[H][C@@]12CC(C)(C)CC[C@@]1(CC[C@]1(C)C2=CC[C@]2([H])[C@@]3(C)CC[C@H](O)[C@@](O)(CO)[C@]3([H])CC[C@@]12C)C(O)=O		
CHEBI:69584	Palbinone		C22H30O4	358.47120	[H][C@@]12CC[C@]3(C)[C@]([H])(C=CC4=C(O)C(=O)C(=O)[C@@]34C)[C@@]1(C)CC[C@H](O)C2(C)C		
CHEBI:69585	3beta,4beta,23-trihydroxy-24,30-dinor-olean-12,20(29)-dien-28-oic acid		C28H42O5	458.63010	[H][C@@]12CC(=C)CC[C@@]1(CC[C@]1(C)C2=CC[C@]2([H])[C@@]3(C)CC[C@H](O)[C@@](O)(CO)[C@]3([H])CC[C@@]12C)C(O)=O		
CHEBI:69586	Paeonenoide A		C28H40O6	472.61360	[H][C@@]12O[C@]1([H])[C@]13OC(=O)[C@@]4(CCC(=C)C[C@@]14[H])CC[C@@]3(C)[C@]1(C)CC[C@@]3([H])[C@](O)(CO)[C@@H](O)CC[C@]3(C)[C@@]21[H]		
CHEBI:69653	22alpha,23alpha-epoxy-solanida-1,4,9-trien-3-one		C27H35NO2	405.57230	[H][C@@]12C[C@H](C)CN3[C@@]4([H])C[C@@]5([H])[C@]6([H])CCC7=CC(=O)C=C[C@]7(C)C6=CC[C@]5(C)[C@@]4([H])[C@H](C)[C@@]13O2		
CHEBI:69654	22alpha,23alpha-epoxy-solanida-1,4-dien-3-one, (rel)-		C27H37NO2	407.58820	[H][C@@]12C[C@H](C)CN3[C@@]4([H])C[C@@]5([H])[C@]6([H])CCC7=CC(=O)C=C[C@]7(C)[C@@]6([H])CC[C@]5(C)[C@@]4([H])[C@H](C)[C@@]13O2		
CHEBI:69852	Heloside A, (rel)-		C39H66O15	774.93230	[H][C@@]1(O[C@H]2CC[C@@]3(C)C(C2)=CC[C@@]2([H])[C@]4([H])C[C@H](O)[C@]([H])([C@H](C)[C@H](O)CC[C@@H](C)CO[C@@H]5O[C@H](CO)[C@@H](O)[C@H](O)[C@H]5O)[C@@]4(C)C[C@@H](O)[C@]32[H])O[C@H](CO)[C@@H](O)[C@H](O)[C@H]1O		
CHEBI:69853	Heloside B		C33H56O10	612.79170	[H][C@@]1(O[C@H]2CC[C@@]3(C)C(C2)=CC[C@@]2([H])[C@]4([H])C[C@H](O)[C@]([H])([C@H](C)[C@H](O)CC[C@@H](C)CO)[C@@]4(C)C[C@@H](O)[C@]32[H])O[C@H](CO)[C@@H](O)[C@H](O)[C@H]1O		
CHEBI:70357	Eriocasin C		C22H32O6	392.48590	[H][C@@]12C[C@@H](CC[C@@]1([H])[C@]1(C)CC[C@H](O)[C@@](C)(COC(C)=O)[C@@]1([H])[C@H](O)C2=O)C(=C)C=O		
CHEBI:70359	3-acetyleriocasin C, (rel)-		C24H34O7	434.52260	[H][C@@]12C[C@@H](CC[C@@]1([H])[C@]1(C)CC[C@H](OC(C)=O)[C@@](C)(COC(C)=O)[C@@]1([H])[C@H](O)C2=O)C(=C)C=O		
CHEBI:70360	3beta-Acetoxyeriocasin D		C24H34O8	450.52200	[H][C@@]12C[C@@H](CC[C@@]1([H])[C@]1(C)[C@@H](O)C[C@H](OC(C)=O)[C@@](C)(COC(C)=O)[C@@]1([H])[C@H](O)C2=O)C(=C)C=O		
CHEBI:70423	cyclonataminol		C28H48N2O2	444.69290	[H][C@@]1([C@H](O)C[C@@]2(C)[C@]3([H])C=C[C@@]4([H])C(C)(C)[C@H]([C@H](O)C[C@@]44C[C@@]34CC[C@]12C)N(C)C)[C@H](C)N(C)C		
CHEBI:70424	31-demethylbuxaminol		C27H46N2O	414.66690	[H][C@@]12CC[C@]3([H])C(=CC[C@]4(C)[C@]([H])([C@H](O)C[C@@]34C)[C@H](C)N(C)C)C=C1CC[C@@H]([C@@H]2C)N(C)C		
CHEBI:70425	buxaminol A		C28H48N2O	428.69350	[H][C@@]12CC[C@]3([H])C(=CC[C@]4(C)[C@]([H])([C@H](O)C[C@@]34C)[C@H](C)N(C)C)C=C1CC[C@H](N(C)C)C2(C)C		
CHEBI:70427	Buxalongifolamidine		C35H50N2O5	578.78190	[H][C@@]12CC[C@@]3([H])[C@](C)(CO)[C@@H](NC(=O)c4ccccc4)C=C[C@]3(O)CC1=CC[C@]1(C)[C@@]([H])([C@H](C)N(C)C)[C@@H](C[C@@]21C)OC(C)=O		
CHEBI:70428	Buxamine A		C28H48N2	412.69410	[H][C@@]1(CC[C@@]2(C)[C@]3([H])CC[C@]4([H])C(CC[C@H](N(C)C)C4(C)C)=CC3=CC[C@]12C)[C@H](C)N(C)C		
CHEBI:70429	Cyclobuxophylline K		C26H41NO	383.60980	[H][C@@]12CC[C@@]3([H])[C@]4(C)CC(=O)\C(=C\C)[C@@]4(C)CC[C@]33C[C@]13CC[C@H](N(C)C)C2(C)C		
CHEBI:70430	(+)-buxaminol C		C27H46N2O	414.66690	[H][C@@]12CC[C@]3([H])C(=CC[C@]4(C)[C@]([H])([C@H](O)C[C@@]34C)[C@H](C)N(C)C)C=C1CC[C@H](NC)C2(C)C		
CHEBI:79405	6alpha,17-Dimethyl-5alpha-androstane-3beta,17beta-diol		C21H36O2	320.50930	C[C@H]1C[C@H]2[C@@H]3CC[C@](C)(O)[C@@]3(C)CC[C@@H]2[C@@]2(C)CC[C@H](O)C[C@H]12		
CHEBI:79409	2alpha-Methyl-5alpha-androstane-3alpha,17beta-diol		C20H34O2	306.48280	C[C@@H]1C[C@@]2(C)[C@@H](CC[C@H]3[C@@H]4CC[C@H](O)[C@@]4(C)CC[C@H]23)C[C@@H]1O		
CHEBI:79410	(3beta,5alpha,11beta,17beta)-9-Fluoro-17-methylandrostane-3,11,17-triol		C20H33FO3	340.47260	C[C@]1(O)CC[C@H]2[C@@H]3CC[C@H]4C[C@@H](O)CC[C@]4(C)[C@@]3(F)[C@@H](O)C[C@]12C		
CHEBI:79412	9-Fluoro-11beta-hydroxy-16beta-methylandrosta-1,4-diene-3,17-dione		C20H25FO3	332.40910	C[C@H]1C[C@H]2[C@@H]3CCC4=CC(=O)C=C[C@]4(C)[C@@]3(F)[C@@H](O)C[C@]2(C)C1=O		
CHEBI:79413	16beta-Fluoroandrost-4-ene-3,17-dione		C19H25FO2	304.39900	C[C@]12CC[C@H]3[C@@H](CCC4=CC(=O)CC[C@]34C)[C@@H]1C[C@H](F)C2=O		
CHEBI:79414	11alpha,17beta-Dihydroxy-17alpha-methylandrosta-1,4-dien-3-one		C20H28O3	316.43450	C[C@]1(O)CC[C@H]2[C@@H]3CCC4=CC(=O)C=C[C@]4(C)[C@H]3[C@H](O)C[C@]12C		
CHEBI:79417	17beta-Hydroxy-6beta-methylandrost-4-en-3-one		C20H30O2	302.45100	C[C@@H]1C[C@H]2[C@@H]3CC[C@H](O)[C@@]3(C)CC[C@@H]2[C@@]2(C)CCC(=O)C=C12		
CHEBI:79418	7alpha,17beta-Dihydroxy-17alpha-methylandrost-4-en-3-one		C20H30O3	318.45040	C[C@]1(O)CC[C@H]2[C@@H]3[C@H](O)CC4=CC(=O)CC[C@]4(C)[C@H]3CC[C@]12C		
CHEBI:79419	17-Allylestra-1,3,5(10)-triene-3,17beta-diol		C21H28O2	312.44580	C[C@]12CC[C@H]3[C@@H](CCc4cc(O)ccc34)[C@@H]1CC[C@@]2(O)CC=C		
CHEBI:79433	7alpha,17beta-Dihydroxyandrosta-1,4-dien-3-one		C19H26O3	302.40790	C[C@]12CC[C@H]3[C@H]([C@@H]1CC[C@@H]2O)[C@H](O)CC1=CC(=O)C=C[C@]31C		
CHEBI:79435	4,4-Difluoro-17beta-hydroxy-17alpha-methyl-androst-5-en-3-one		C20H28F2O2	338.43190	C[C@]1(O)CC[C@H]2[C@@H]3CC=C4C(F)(F)C(=O)CC[C@]4(C)[C@H]3CC[C@]12C		
CHEBI:79442	9-Thiocyanato-androst-4-ene-3,11,17-trione		C20H23NO3S	357.46700	C[C@]12CC(=O)[C@@]3(SC#N)[C@@H](CCC4=CC(=O)CC[C@]34C)[C@@H]1CCC2=O		
CHEBI:79444	17beta-Hydroxy-2alpha-(methoxymethyl)-17-methyl-5alpha-androstan-3-one		C22H36O3	348.51940	COC[C@@H]1C[C@@]2(C)[C@@H](CC[C@H]3[C@@H]4CC[C@](C)(O)[C@@]4(C)CC[C@H]23)CC1=O		
CHEBI:79449	3beta,21-Dihydroxy-pregna-5,7,9(11)-trien-20-one diacetate		C25H32O5	412.51860	CC(=O)OCC(=O)[C@H]1CC[C@H]2C3=CC=C4C[C@H](CC[C@]4(C)C3=CC[C@]12C)OC(C)=O		
CHEBI:79450	17beta-Hydroxy-2-methylandrost-1,4-dien-3-one		C20H28O2	300.43510	CC1=C[C@]2(C)[C@H]3CC[C@]4(C)[C@@H](O)CC[C@H]4[C@@H]3CCC2=CC1=O		
CHEBI:79451	3-Hydroxy-2-(4-morpholinylmethyl)estra-1,3,5(10)-trien-17-one		C23H31NO3	369.49710	C[C@]12CC[C@H]3[C@@H](CCc4cc(O)c(CN5CCOCC5)cc34)[C@@H]1CCC2=O		
CHEBI:79453	17-[[3-(1-Pyrrolidinyl)propyl]imino]androst-5-en-3beta-ol acetate		C28H44N2O2	440.66120	CC(=O)O[C@H]1CC[C@]2(C)[C@H]3CC[C@@]4(C)[C@@H](CC\C4=N/CCCN4CCCC4)[C@@H]3CC=C2C1		
CHEBI:79454	17beta-Hydroxy-16alpha-methoxy-androst-4-en-3-one		C20H30O3	318.45040	CO[C@@H]1C[C@H]2[C@@H]3CCC4=CC(=O)CC[C@]4(C)[C@H]3CC[C@]2(C)[C@H]1O		
CHEBI:79469	3-Methoxy-16-methyl-estra-2,5(10)-diene-16beta,17beta-diol		C20H30O3	318.45040	COC1=CCC2=C(CC[C@H]3[C@@H]4C[C@](C)(O)[C@H](O)[C@@]4(C)CC[C@H]23)C1		
CHEBI:79471	17-Propylestra-1,3,5(10)-triene-3,17beta-diol diacetate		C25H34O4	398.53510	CCC[C@@]1(CC[C@H]2[C@@H]3CCc4cc(OC(C)=O)ccc4[C@H]3CC[C@]12C)OC(C)=O		
CHEBI:79478	17-Methylandrosta-4,6-diene-3beta,17beta-diol 3-acetate		C22H32O3	344.48770	CC(=O)O[C@H]1CC[C@]2(C)[C@H]3CC[C@@]4(C)[C@@H](CC[C@]4(C)O)[C@@H]3C=CC2=C1		
CHEBI:79479	17beta-(Acetylthio)estra-1,3,5(10)-trien-3-ol acetate		C22H28O3S	372.52100	CC(=O)Oc1ccc2[C@H]3CC[C@]4(C)[C@H](CC[C@H]4[C@@H]3CCc2c1)SC(C)=O		
CHEBI:79480	3alpha-Hydroxy-2alpha-methyl-5alpha-androstan-17-one		C20H32O2	304.46690	C[C@@H]1C[C@@]2(C)[C@@H](CC[C@H]3[C@@H]4CCC(=O)[C@@]4(C)CC[C@H]23)C[C@@H]1O		
CHEBI:79481	3beta-(Acetyloxy)-5beta-methyl-6beta-chloroestr-9-en-17-one		C21H29ClO3	364.90600	CC(=O)O[C@H]1CCC2=C3CC[C@@]4(C)[C@@H](CCC4=O)[C@@H]3C[C@@H](Cl)[C@]2(C)C1		
CHEBI:79484	1alpha,5alpha-Dimercaptoandrostane-3alpha,17beta-diol		C19H32O2S2	356.58600	C[C@]12CC[C@H]3[C@@H](CC[C@@]4(S)C[C@H](O)C[C@H](S)[C@]34C)[C@@H]1CC[C@@H]2O		
CHEBI:79485	3beta-Hydroxy-16beta-(hydroxymethyl)-5alpha-androstan-17-one		C20H32O3	320.46630	C[C@]12CC[C@H]3[C@@H](CC[C@H]4C[C@@H](O)CC[C@]34C)[C@@H]1C[C@H](CO)C2=O		
CHEBI:79490	17beta-[Bis(2-hydroxyethyl)amino]androst-5-en-3beta-ol		C23H39NO3	377.56070	C[C@]12CC[C@H]3[C@@H](CC=C4C[C@@H](O)CC[C@]34C)[C@@H]1CC[C@@H]2N(CCO)CCO		
CHEBI:79494	2alpha-(Hydroxymethyl)-5alpha-androstane-3beta,17beta-diol		C20H34O3	322.48220	C[C@]12CC[C@H]3[C@@H](CC[C@H]4C[C@@H](O)[C@H](CO)C[C@]34C)[C@@H]1CC[C@@H]2O		
CHEBI:79497	17beta-Hydroxy-7alpha-mercaptoandrost-4-en-3-one 7-propionate		C22H32O3S	376.55300	CCC(=O)S[C@@H]1CC2=CC(=O)CC[C@]2(C)[C@H]2CC[C@]3(C)[C@@H](O)CC[C@H]3[C@H]12		
CHEBI:79498	3-Methoxy-16-methylestra-1,3,5(10)-triene-16beta,17beta-diol 17-acetate		C22H30O4	358.47120	COc1ccc2[C@H]3CC[C@@]4(C)[C@@H](C[C@](C)(O)[C@@H]4OC(C)=O)[C@@H]3CCc2c1		
CHEBI:79501	2alpha-(Hydroxymethyl)-17-methyl-5alpha-androstane-3beta,17beta-diol		C21H36O3	336.50870	C[C@]1(O)CC[C@H]2[C@@H]3CC[C@H]4C[C@@H](O)[C@H](CO)C[C@]4(C)[C@H]3CC[C@]12C		
CHEBI:79502	17beta-Hydroxy-2alpha-(methoxymethyl)-5alpha-androstan-3-one		C21H34O3	334.49290	COC[C@@H]1C[C@@]2(C)[C@@H](CC[C@H]3[C@@H]4CC[C@H](O)[C@@]4(C)CC[C@H]23)CC1=O		
CHEBI:79506	6beta,17-Dimethyl-5alpha-androstane-3beta,17beta-diol		C21H36O2	320.50930	C[C@@H]1C[C@H]2[C@@H]3CC[C@](C)(O)[C@@]3(C)CC[C@@H]2[C@@]2(C)CC[C@H](O)C[C@H]12		
CHEBI:79512	4-Nitroestra-1,3,5(10)-triene-3,17beta-diol		C18H23NO4	317.37950	C[C@]12CC[C@H]3[C@@H](CCc4c3ccc(O)c4[N+]([O-])=O)[C@@H]1CC[C@@H]2O		
CHEBI:79513	Cyclic-3,20-bis(1,2-ethanediyl acetal)-11alpha-(acetyloxy)-5alpha,6alpha-epoxypregnane-3,20-dione		C27H40O7	476.60230	CC(=O)O[C@@H]1C[C@@]2(C)[C@@H](CC[C@@H]2C2(C)OCCO2)[C@@H]2C[C@@H]3O[C@@]33CC4(CC[C@]3(C)[C@@H]12)OCCO4		
CHEBI:79514	3beta,21-Dihydroxy-4,4,14-trimethyl-5alpha-pregn-8-en-20-one		C24H38O3	374.55670	C[C@]12CCC3=C(CC[C@H]4C(C)(C)[C@@H](O)CC[C@]34C)[C@]1(C)CC[C@@H]2C(=O)CO		
CHEBI:79515	3-(Acetyloxy)-9-mercaptoandrosta-3,5-diene-11,17-dione		C21H26O4S	374.49400	CC(=O)OC1=CC2=CC[C@H]3[C@@H]4CCC(=O)[C@@]4(C)CC(=O)[C@]3(S)[C@@]2(C)CC1		
CHEBI:79521	17beta-(1H-Imidazol-4-yl)androst-5-en-3beta-ol		C22H32N2O	340.50230	C[C@]12CC[C@H]3[C@@H](CC=C4C[C@@H](O)CC[C@]34C)[C@@H]1CC[C@@H]2c1c[nH]cn1		
CHEBI:79522	10-Hydroxyestra-1,4-dien-3-one acetate		C20H26O3	314.41860	CC(=O)O[C@]12C=CC(=O)C=C1CC[C@H]1[C@@H]3CCC[C@@]3(C)CC[C@H]21		
CHEBI:79524	3beta-(Acetyloxy)-5alpha-androst-16-ene-16-carboxaldehyde		C22H32O3	344.48770	CC(=O)O[C@H]1CC[C@@]2(C)[C@@H](CC[C@H]3[C@@H]4CC(C=O)=C[C@@]4(C)CC[C@H]23)C1		
CHEBI:79527	16beta-Chloro-17beta-hydroxyandrost-4-en-3-one		C19H27ClO2	322.86900	C[C@]12CC[C@H]3[C@@H](CCC4=CC(=O)CC[C@]34C)[C@@H]1C[C@H](Cl)[C@@H]2O		
CHEBI:79528	4-Aminoestra-1,3,5(10)-triene-3,17beta-diol		C18H25NO2	287.39660	C[C@]12CC[C@H]3[C@@H](CCc4c(N)c(O)ccc34)[C@@H]1CC[C@@H]2O		
CHEBI:79529	2-Aminoestra-1,3,5(10)-triene-3,17beta-diol		C18H25NO2	287.39660	C[C@]12CC[C@H]3[C@@H](CCc4cc(O)c(N)cc34)[C@@H]1CC[C@@H]2O		
CHEBI:79530	2-Nitroestra-1,3,5(10)-triene-3,17beta-diol		C18H23NO4	317.37950	C[C@]12CC[C@H]3[C@@H](CCc4cc(O)c(cc34)[N+]([O-])=O)[C@@H]1CC[C@@H]2O		
CHEBI:79532	17beta-Hydroxyandrost-4-ene-3,11-dione propionate		C22H30O4	358.47120	CCC(=O)O[C@H]1CC[C@H]2[C@@H]3CCC4=CC(=O)CC[C@]4(C)[C@H]3C(=O)C[C@]12C		
CHEBI:79533	16beta-Chloroandrost-4-ene-3,17-dione		C19H25ClO2	320.85400	C[C@]12CC[C@H]3[C@@H](CCC4=CC(=O)CC[C@]34C)[C@@H]1C[C@H](Cl)C2=O		
CHEBI:79534	11beta,17beta-Dihydroxy-6alpha,17-dimethylandrost-4-en-3-one		C21H32O3	332.47700	C[C@H]1C[C@H]2[C@@H]3CC[C@](C)(O)[C@@]3(C)C[C@H](O)[C@@H]2[C@@]2(C)CCC(=O)C=C12		
CHEBI:79535	17beta-Hydroxy-2,17-dimethyl-5alpha-androst-1-en-3-one		C21H32O2	316.47760	CC1=C[C@@]2(C)[C@@H](CC[C@H]3[C@@H]4CC[C@](C)(O)[C@@]4(C)CC[C@H]23)CC1=O		
CHEBI:79538	2beta,21-Dihydroxypregn-4-ene-3,20-dione		C21H30O4	346.46050	C[C@]12CC[C@H]3[C@@H](CCC4=CC(=O)[C@@H](O)C[C@]34C)[C@@H]1CC[C@@H]2C(=O)CO		
CHEBI:79539	19-Norpregna-4,17(20)-dien-3-one		C20H28O	284.43570	C\C=C1/CC[C@H]2[C@@H]3CCC4=CC(=O)CC[C@@H]4[C@H]3CC[C@]12C		
CHEBI:79540	17beta-Hydroxy-5alpha-androst-2-ene-2-carboxaldehyde		C20H30O2	302.45100	C[C@]12CC[C@H]3[C@@H](CC[C@H]4CC=C(C[C@]34C)C=O)[C@@H]1CC[C@@H]2O		
CHEBI:79541	3-Hydroxy-2-nitroestra-1,3,5(10)-trien-17-one		C18H21NO4	315.36360	C[C@]12CC[C@H]3[C@@H](CCc4cc(O)c(cc34)[N+]([O-])=O)[C@@H]1CCC2=O		
CHEBI:79543	17beta-Methylestra-1,3,5(10)-trien-3-ol		C19H26O	270.40910	C[C@H]1CC[C@H]2[C@@H]3CCc4cc(O)ccc4[C@H]3CC[C@]12C		
CHEBI:79545	11alpha,17beta-Dihydroxy-2alpha,17-dimethylandrost-4-en-3-one		C21H32O3	332.47700	C[C@@H]1C[C@]2(C)[C@H]3[C@H](O)C[C@@]4(C)[C@@H](CC[C@]4(C)O)[C@@H]3CCC2=CC1=O		
CHEBI:79546	19-Chloro-3beta-hydroxyandrost-5-en-17-one acetate		C21H29ClO3	364.90600	CC(=O)O[C@H]1CC[C@]2(CCl)[C@H]3CC[C@@]4(C)[C@@H](CCC4=O)[C@@H]3CC=C2C1		
CHEBI:79547	19-Chloro-17beta-hydroxyandrost-4-en-3-one		C19H27ClO2	322.86900	C[C@]12CC[C@H]3[C@@H](CCC4=CC(=O)CC[C@]34CCl)[C@@H]1CC[C@@H]2O		
CHEBI:79551	3,6-Dimethoxy-19-norpregna-1,3,5,7,9-pentaen-20-one		C22H26O3	338.44000	COc1ccc2c3CC[C@]4(C)[C@H](CC[C@H]4c3cc(OC)c2c1)C(C)=O		
CHEBI:79556	16alpha-Hydroxycorticosterone		C21H30O5	362.45990	C[C@]12C[C@H](O)[C@H]3[C@@H](CCC4=CC(=O)CC[C@]34C)[C@@H]1C[C@@H](O)[C@@H]2C(=O)CO		
CHEBI:79557	17beta-Hydroxy-2alpha-(hydroxymethyl)-5alpha-androstan-3-one		C20H32O3	320.46630	C[C@]12CC[C@H]3[C@@H](CC[C@H]4CC(=O)[C@H](CO)C[C@]34C)[C@@H]1CC[C@@H]2O		
CHEBI:79558	2alpha-Methyl-5alpha-androstane-3,17-dione		C20H30O2	302.45100	C[C@@H]1C[C@@]2(C)[C@@H](CC[C@H]3[C@@H]4CCC(=O)[C@@]4(C)CC[C@H]23)CC1=O		
CHEBI:79561	17-Methylandrost-5-ene-3beta,11beta,17beta-triol		C20H32O3	320.46630	C[C@]1(O)CC[C@H]2[C@@H]3CC=C4C[C@@H](O)CC[C@]4(C)[C@H]3[C@@H](O)C[C@]12C		
CHEBI:79566	Pregna-5,16,20-triene-3beta,20-diol diacetate		C25H34O4	398.53510	CC(=O)O[C@H]1CC[C@]2(C)[C@H]3CC[C@@]4(C)[C@@H](CC=C4C(=C)OC(C)=O)[C@@H]3CC=C2C1		
CHEBI:79577	3-Ethoxyandrosta-3,5-dien-17beta-ol propanoate		C24H36O3	372.54080	CCOC1=CC2=CC[C@H]3[C@@H]4CC[C@H](OC(=O)CC)[C@@]4(C)CC[C@@H]3[C@@]2(C)CC1		
CHEBI:79578	2alpha-Methyl-5alpha-androstane-3beta,17beta-diol		C20H34O2	306.48280	C[C@@H]1C[C@@]2(C)[C@@H](CC[C@H]3[C@@H]4CC[C@H](O)[C@@]4(C)CC[C@H]23)C[C@H]1O		
CHEBI:79584	17beta-(Hydroxymethyl)androst-4-en-3-one acetate		C22H32O3	344.48770	CC(=O)OC[C@H]1CC[C@H]2[C@@H]3CCC4=CC(=O)CC[C@]4(C)[C@H]3CC[C@]12C		
CHEBI:79588	17beta-Hydroxy-4-oxa-5alpha-androst-1-en-3-one acetate		C20H28O4	332.43390	CC(=O)O[C@H]1CC[C@H]2[C@@H]3CC[C@H]4OC(=O)C=C[C@]4(C)[C@H]3CC[C@]12C		
CHEBI:79590	17beta-Hydroxy-1,17-dimethylestr-5(10)-en-3-one		C20H30O2	302.45100	CC1CC(=O)CC2=C1[C@H]1CC[C@@]3(C)[C@@H](CC[C@]3(C)O)[C@@H]1CC2		
CHEBI:79593	17alpha-Chloroethynylestradiol		C20H23ClO2	330.84800	C[C@]12CC[C@H]3[C@@H](CCc4cc(O)ccc34)[C@@H]1CC[C@@]2(O)C#CCl		
CHEBI:79594	16alpha-Fluoro-17alpha-hydroxyandrost-4-en-3-one		C19H27FO2	306.41490	C[C@]12CC[C@H]3[C@@H](CCC4=CC(=O)CC[C@]34C)[C@@H]1C[C@@H](F)[C@H]2O		
CHEBI:79598	9-Fluoro-11beta-hydroxypregna-4,16-diene-3,20-dione		C21H27FO3	346.43570	CC(=O)C1=CC[C@H]2[C@@H]3CCC4=CC(=O)CC[C@]4(C)[C@@]3(F)[C@@H](O)C[C@]12C		
CHEBI:79604	17-Methyl-18-norandrosta-4,13(17)-dien-3-one		C19H26O	270.40910	CC1=C2CC[C@H]3[C@@H](CCC4=CC(=O)CC[C@]34C)[C@@H]2CC1		
CHEBI:79606	3-Hydroxyestra-1,3,5(10),7-tetraene-16,17-dione 16-oxime		C18H19NO3	297.34840	C[C@]12CC[C@H]3C(=CCc4cc(O)ccc34)[C@@H]1C\C(=N/O)C2=O		
CHEBI:79607	4-Fluoro-17beta-hydroxyandrost-4-en-3-one propionate		C22H31FO3	362.47810	CCC(=O)O[C@H]1CC[C@H]2[C@@H]3CCC4=C(F)C(=O)CC[C@]4(C)[C@H]3CC[C@]12C		
CHEBI:79610	9-Fluoro-17beta-hydroxy-6alpha,17-dimethylandrost-4-ene-3,11-dione		C21H29FO3	348.45160	C[C@H]1C[C@H]2[C@@H]3CC[C@](C)(O)[C@@]3(C)CC(=O)[C@]2(F)[C@@]2(C)CCC(=O)C=C12		
CHEBI:79611	9-Fluoro-11beta,17beta-dihydroxy-16alpha-methylandrosta-1,4-dien-3-one		C20H27FO3	334.42500	C[C@@H]1C[C@H]2[C@@H]3CCC4=CC(=O)C=C[C@]4(C)[C@@]3(F)[C@@H](O)C[C@]2(C)[C@H]1O		
CHEBI:79616	Androst-5-ene-3beta,17beta,19-triol		C19H30O3	306.43970	C[C@]12CC[C@H]3[C@@H](CC=C4C[C@@H](O)CC[C@]34CO)[C@@H]1CC[C@@H]2O		
CHEBI:79618	17beta-Hydroxy-2alpha,17-dimethyl-5alpha-androstan-3-one		C21H34O2	318.49350	C[C@@H]1C[C@@]2(C)[C@@H](CC[C@H]3[C@@H]4CC[C@](C)(O)[C@@]4(C)CC[C@H]23)CC1=O		
CHEBI:79622	11alpha,17beta-Dihydroxy-1,4-androstadien-3-one		C19H26O3	302.40790	C[C@]12C[C@@H](O)[C@H]3[C@@H](CCC4=CC(=O)C=C[C@]34C)[C@@H]1CC[C@@H]2O		
CHEBI:79624	9-Fluoro-16alpha-hydroxyandrost-4-ene-3,11,17-trione		C19H23FO4	334.38190	C[C@]12CC(=O)[C@@]3(F)[C@@H](CCC4=CC(=O)CC[C@]34C)[C@@H]1C[C@@H](O)C2=O		
CHEBI:79627	17beta-Hydroxy-6alpha,17-dimethylandrost-4-en-3-one		C21H32O2	316.47760	C[C@H]1C[C@H]2[C@@H]3CC[C@](C)(O)[C@@]3(C)CC[C@@H]2[C@@]2(C)CCC(=O)C=C12		
CHEBI:79632	9-Fluoro-11beta,17beta-dihydroxy-2,17-dimethylandrost-4-en-3-one		C21H31FO3	350.46740	CC1C[C@@]2(C)C(CC[C@H]3[C@@H]4CC[C@](C)(O)[C@@]4(C)C[C@H](O)[C@]23F)=CC1=O		
CHEBI:79644	2,17beta-Dihydroxy-17-methylandrosta-1,4-dien-3-one		C20H28O3	316.43450	C[C@]1(O)CC[C@H]2[C@@H]3CCC4=CC(=O)C(O)=C[C@]4(C)[C@H]3CC[C@]12C		
CHEBI:79650	11alpha,12alpha-Epoxy-5beta-pregnane-3,20-dione		C21H30O3	330.46110	CC(=O)[C@H]1CC[C@H]2[C@@H]3CC[C@@H]4CC(=O)CC[C@]4(C)[C@H]3[C@@H]3O[C@@H]3[C@]12C		
CHEBI:79651	4-Methyl-4-aza-5-pregnene-3,20-dione		C21H31NO2	329.47630	CN1C(=O)CC[C@]2(C)[C@H]3CC[C@@]4(C)[C@@H](CC[C@@H]4C(C)=O)[C@@H]3CC=C12		
CHEBI:79653	3beta-Hydroxy-17-oxoandrost-5-en-19-al acetate		C21H28O4	344.44460	CC(=O)O[C@H]1CC[C@]2(C=O)[C@H]3CC[C@@]4(C)[C@@H](CCC4=O)[C@@H]3CC=C2C1		
CHEBI:79655	17beta-Hydroxy-2alpha-(hydroxymethyl)-17-methyl-5alpha-androstan-3-one		C21H34O3	334.49290	C[C@]1(O)CC[C@H]2[C@@H]3CC[C@H]4CC(=O)[C@H](CO)C[C@]4(C)[C@H]3CC[C@]12C		
CHEBI:79656	17beta-Methoxyandrost-5-ene-3beta,16beta-diol		C20H32O3	320.46630	CO[C@H]1[C@@H](O)C[C@H]2[C@@H]3CC=C4C[C@@H](O)CC[C@]4(C)[C@H]3CC[C@]12C		
CHEBI:79662	16beta,17beta-Dihydroxy-16-methylestr-4-en-3-one		C19H28O3	304.42380	C[C@]1(O)C[C@H]2[C@@H]3CCC4=CC(=O)CC[C@@H]4[C@H]3CC[C@]2(C)[C@H]1O		
CHEBI:79664	Pregna-4,16-diene-3,11,20-trione		C21H26O3	326.42930	CC(=O)C1=CC[C@H]2[C@@H]3CCC4=CC(=O)CC[C@]4(C)[C@H]3C(=O)C[C@]12C		
CHEBI:79665	9-Fluoro-11beta-hydroxy-16alpha-methylandrosta-1,4-diene-3,17-dione		C20H25FO3	332.40910	C[C@@H]1C[C@H]2[C@@H]3CCC4=CC(=O)C=C[C@]4(C)[C@@]3(F)[C@@H](O)C[C@]2(C)C1=O		
CHEBI:79667	17beta-Acetamidoandrost-4-en-3-one		C21H31NO2	329.47630	CC(=O)N[C@H]1CC[C@H]2[C@@H]3CCC4=CC(=O)CC[C@]4(C)[C@H]3CC[C@]12C		
CHEBI:79668	14-Hydroxyandrosta-1,4-diene-3,17-dione		C19H24O3	300.39210	C[C@]12CC[C@H]3[C@@H](CCC4=CC(=O)C=C[C@]34C)[C@]1(O)CCC2=O		
CHEBI:79669	17beta-Hydroxy-4-oxa-5alpha-estr-1-en-3-one acetate		C19H26O4	318.40730	CC(=O)O[C@H]1CC[C@H]2[C@@H]3CC[C@H]4OC(=O)C=C[C@@H]4[C@H]3CC[C@]12C		
CHEBI:79670	4,4-Difluoropregn-5-ene-3,20-dione		C21H28F2O2	350.44260	CC(=O)[C@H]1CC[C@H]2[C@@H]3CC=C4C(F)(F)C(=O)CC[C@]4(C)[C@H]3CC[C@]12C		
CHEBI:79675	3-Acetyl-5alpha-androstane-3beta,17beta-diol 3-acetate		C23H36O4	376.52950	CC(=O)O[C@]1(CC[C@@]2(C)[C@@H](CC[C@H]3[C@@H]4CC[C@H](O)[C@@]4(C)CC[C@H]23)C1)C(C)=O		
CHEBI:79676	3alpha-Ethynyl-3-hydroxy-5alpha-androstan-17-one		C21H30O2	314.46170	C[C@]12CC[C@H]3[C@@H](CC[C@H]4C[C@@](O)(CC[C@]34C)C#C)[C@@H]1CCC2=O		
CHEBI:79681	17-[(Benzylamino)methyl]estra-1,3,5(10)-triene-3,17beta-diol		C26H33NO2	391.54570	C[C@]12CC[C@H]3[C@@H](CCc4cc(O)ccc34)[C@@H]1CC[C@@]2(O)CNCc1ccccc1		
CHEBI:79682	12alpha-Fluoro-11beta,17beta-dihydroxyandrost-4-en-3-one		C19H27FO3	322.41430	C[C@@]12[C@@H](O)CC[C@H]1[C@@H]1CCC3=CC(=O)CC[C@]3(C)[C@H]1[C@@H](O)[C@@H]2F		
CHEBI:79683	12alpha-Fluoro-11beta,17beta-dihydroxyandrosta-1,4-dien-3-one		C19H25FO3	320.39840	C[C@@]12[C@@H](O)CC[C@H]1[C@@H]1CCC3=CC(=O)C=C[C@]3(C)[C@H]1[C@@H](O)[C@@H]2F		
CHEBI:79687	16alpha-Fluoroandrost-4-ene-3,17-dione		C19H25FO2	304.39900	C[C@]12CC[C@H]3[C@@H](CCC4=CC(=O)CC[C@]34C)[C@@H]1C[C@@H](F)C2=O		
CHEBI:79688	17-Methyl-18,19-dinor-17alpha-pregna-4,13-dien-3-one		C20H28O	284.43570	CC[C@]1(C)CCC2=C1CC[C@H]1[C@H]2CCC2=CC(=O)CC[C@H]12		
CHEBI:79689	17beta-Hydroxyestr-4-en-3-one benzoate		C25H30O3	378.50390	C[C@]12CC[C@H]3[C@@H](CCC4=CC(=O)CC[C@H]34)[C@@H]1CC[C@@H]2OC(=O)c1ccccc1		
CHEBI:79693	17beta-Hydroxy-4,17-dimethyl-4-azaandrost-5-en-3-one		C20H31NO2	317.46560	CN1C(=O)CC[C@]2(C)[C@H]3CC[C@@]4(C)[C@@H](CC[C@]4(C)O)[C@@H]3CC=C12		
CHEBI:79698	17beta-Hydroxy-4-mercaptoandrost-4-en-3-one 4-acetate 17-propionate		C24H34O4S	418.58900	CCC(=O)O[C@H]1CC[C@H]2[C@@H]3CCC4=C(SC(C)=O)C(=O)CC[C@]4(C)[C@H]3CC[C@]12C		
CHEBI:79701	17beta-Hydroxy-6alpha-methylandrost-4-en-3-one		C20H30O2	302.45100	C[C@H]1C[C@H]2[C@@H]3CC[C@H](O)[C@@]3(C)CC[C@@H]2[C@@]2(C)CCC(=O)C=C12		
CHEBI:79703	5alpha,17alpha-Pregn-2-en-20-yn-17-ol acetate		C23H32O2	340.49900	CC(=O)O[C@]1(CC[C@H]2[C@@H]3CC[C@H]4CC=CC[C@]4(C)[C@H]3CC[C@]12C)C#C		
CHEBI:79707	12alpha-Methylpregna-4,9(11)-diene-3,20-dione		C22H30O2	326.47240	C[C@H]1C=C2[C@@H](CCC3=CC(=O)CC[C@]23C)[C@@H]2CC[C@H](C(C)=O)[C@@]12C		
CHEBI:79710	Androsta-4,9(11)-diene-3,17-dione		C19H24O2	284.39270	C[C@]12CC=C3[C@@H](CCC4=CC(=O)CC[C@]34C)[C@@H]1CCC2=O		
CHEBI:79712	17beta-Pyrazol-3-ylandrost-5-en-3beta-ol		C22H32N2O	340.50230	C[C@]12CC[C@H]3[C@@H](CC=C4C[C@@H](O)CC[C@]34C)[C@@H]1CC[C@@H]2c1cc[nH]n1		
CHEBI:79713	3-Ethyl-5alpha-androstane-3alpha,17beta-diol		C21H36O2	320.50930	CC[C@@]1(O)CC[C@@]2(C)[C@@H](CC[C@H]3[C@@H]4CC[C@H](O)[C@@]4(C)CC[C@H]23)C1		
CHEBI:79714	3-Ethynyl-5alpha-androstane-3beta,17beta-diol		C21H32O2	316.47760	C[C@]12CC[C@H]3[C@@H](CC[C@H]4C[C@@](O)(CC[C@]34C)C#C)[C@@H]1CC[C@@H]2O		
CHEBI:79716	5beta-Estrane-3alpha,17beta-diol		C18H30O2	278.42960	C[C@]12CC[C@H]3[C@@H](CC[C@@H]4C[C@H](O)CC[C@H]34)[C@@H]1CC[C@@H]2O		
CHEBI:79720	17beta-Estradiol-3-(beta-D-glucuronide) 17-sulfate		C24H32O11S	528.56900	C[C@]12CC[C@H]3[C@@H](CCc4cc(O[C@@H]5O[C@@H]([C@@H](O)[C@H](O)[C@H]5O)C(O)=O)ccc34)[C@@H]1CC[C@@H]2OS(O)(=O)=O		
CHEBI:79727	3-Hydroxyestra-1,3,5(10)-trien-16-one		C18H22O2	270.36610	C[C@@]12CC(=O)C[C@H]1[C@@H]1CCc3cc(O)ccc3[C@H]1CC2		
CHEBI:79735	beta-Estradiol 17-acetate		C20H26O3	314.41860	CC(=O)O[C@H]1CC[C@H]2[C@@H]3CCc4cc(O)ccc4[C@H]3CC[C@]12C		
CHEBI:79757	1-methylestra-1,3,5(10),6-tetraene-3,17beta-diol		C19H24O2	284.39270	Cc1cc(O)cc2C=C[C@H]3[C@@H]4CC[C@H](O)[C@@]4(C)CC[C@@H]3c12		
CHEBI:79784	17beta-Hydroxyestr-5(10)-en-3-one acetate		C20H28O3	316.43450	CC(=O)O[C@H]1CC[C@H]2[C@@H]3CCC4=C(CCC(=O)C4)[C@H]3CC[C@]12C		
CHEBI:79786	6beta,17beta-Dihydroxyandrost-4-en-3-one diacetate		C23H32O5	388.49720	CC(=O)O[C@H]1CC[C@H]2[C@@H]3C[C@@H](OC(C)=O)C4=CC(=O)CC[C@]4(C)[C@H]3CC[C@]12C		
CHEBI:79787	17alpha-Methyl-5alpha-androstane-3beta,11beta,17beta-triol		C20H34O3	322.48220	C[C@]1(O)CC[C@H]2[C@@H]3CC[C@H]4C[C@@H](O)CC[C@]4(C)[C@H]3[C@@H](O)C[C@]12C		
CHEBI:79789	11beta,17beta-Dihydroxy-17alpha-methylandrosta-1,4-dien-3-one		C20H28O3	316.43450	C[C@]1(O)CC[C@H]2[C@@H]3CCC4=CC(=O)C=C[C@]4(C)[C@H]3[C@@H](O)C[C@]12C		
CHEBI:79791	16alpha,17beta-Dihydroxyandrost-4-en-3-one dipropionate		C25H36O5	416.55030	CCC(=O)O[C@@H]1C[C@H]2[C@@H]3CCC4=CC(=O)CC[C@]4(C)[C@H]3CC[C@]2(C)[C@H]1OC(=O)CC		
CHEBI:79792	2alpha,17beta-Dihydroxyandrost-4-en-3-one dipropionate		C25H36O5	416.55030	CCC(=O)O[C@H]1CC[C@H]2[C@@H]3CCC4=CC(=O)[C@@H](C[C@]4(C)[C@H]3CC[C@]12C)OC(=O)CC		
CHEBI:79793	6alpha-Hydroxycortisol		C21H30O6	378.45930	C[C@]12C[C@H](O)[C@H]3[C@@H](C[C@H](O)C4=CC(=O)CC[C@]34C)[C@@H]1CC[C@]2(O)C(=O)CO		
CHEBI:79795	17beta-Hydroxyandrosta-4,9(11)-dien-3-one		C19H26O2	286.40850	C[C@]12CC=C3[C@@H](CCC4=CC(=O)CC[C@]34C)[C@@H]1CC[C@@H]2O		
CHEBI:79805	(Z)-11beta,21-Dihydroxypregna-1,4,17(20)-trien-3-one		C21H28O3	328.44520	C[C@]12C[C@H](O)[C@H]3[C@@H](CCC4=CC(=O)C=C[C@]34C)[C@@H]1CC\C2=C\CO		
CHEBI:79806	3beta,19-Dihydroxyandrost-5-en-17-one 3-acetate		C21H30O4	346.46050	CC(=O)O[C@H]1CC[C@]2(CO)[C@H]3CC[C@@]4(C)[C@@H](CCC4=O)[C@@H]3CC=C2C1		
CHEBI:79808	11alpha,17beta-Dihydroxyandrost-4-en-3-one		C19H28O3	304.42380	C[C@]12C[C@@H](O)[C@H]3[C@@H](CCC4=CC(=O)CC[C@]34C)[C@@H]1CC[C@@H]2O		
CHEBI:79809	17beta-Hydroxy-7alpha-methylandrost-1,4-diene-3-one		C20H28O2	300.43510	C[C@@H]1CC2=CC(=O)C=C[C@]2(C)[C@H]2CC[C@]3(C)[C@@H](O)CC[C@H]3[C@H]12		
CHEBI:79810	3-Hydroxy-1-methylestra-1,3,5(10),6-tetraen-17-one		C19H22O2	282.37680	Cc1cc(O)cc2C=C[C@H]3[C@@H]4CCC(=O)[C@@]4(C)CC[C@@H]3c12		
CHEBI:79811	17,21-Epoxy-9-fluoro-11beta-hydroxypregn-4-ene-3,20-dione		C21H27FO4	362.43510	C[C@]12C[C@H](O)[C@@]3(F)[C@@H](CCC4=CC(=O)CC[C@]34C)[C@@H]1CC[C@@]21OCC1=O		
CHEBI:79815	3,17beta-Diacetoxyestra-1,3,5(10)-trien-6-one		C22H26O5	370.43880	CC(=O)O[C@H]1CC[C@H]2[C@@H]3CC(=O)c4cc(OC(C)=O)ccc4[C@H]3CC[C@]12C		
CHEBI:79816	11beta,17beta-Dihydroxyandrost-4-en-3-one 17-propionate		C22H32O4	360.48710	CCC(=O)O[C@H]1CC[C@H]2[C@@H]3CCC4=CC(=O)CC[C@]4(C)[C@H]3[C@@H](O)C[C@]12C		
CHEBI:79817	1-Methylestra-1,3,5(10)-triene-3,17beta-diol		C19H26O2	286.40850	Cc1cc(O)cc2CC[C@H]3[C@@H]4CC[C@H](O)[C@@]4(C)CC[C@@H]3c12		
CHEBI:79821	9alpha-Fluoro-11beta,17alpha,21-trihydroxy-6alpha-methylpregna-1,4-diene-3,20-dione		C22H29FO5	392.46110	C[C@H]1C[C@H]2[C@@H]3CC[C@](O)(C(=O)CO)[C@@]3(C)C[C@H](O)[C@]2(F)[C@@]2(C)C=CC(=O)C=C12		
CHEBI:79823	6alpha-Fluoro-17beta-hydroxyandrost-4-en-3-one propionate		C22H31FO3	362.47810	CCC(=O)O[C@H]1CC[C@H]2[C@@H]3C[C@H](F)C4=CC(=O)CC[C@]4(C)[C@H]3CC[C@]12C		
CHEBI:79824	2alpha,3alpha-(Difluoromethylene)-5alpha-androstan-17beta-ol acetate		C22H32F2O2	366.48510	CC(=O)O[C@H]1CC[C@H]2[C@@H]3CC[C@H]4C[C@H]5[C@@H](C[C@]4(C)[C@H]3CC[C@]12C)C5(F)F		
CHEBI:79825	3-Hydroxy-1-methylestra-1,3,5(10)-trien-17-one		C19H24O2	284.39270	Cc1cc(O)cc2CC[C@H]3[C@@H]4CCC(=O)[C@@]4(C)CC[C@@H]3c12		
CHEBI:79826	Androst-4-ene-3beta,17beta-diol diacetate		C23H34O4	374.51370	CC(=O)O[C@H]1CC[C@H]2[C@@H]3CCC4=C[C@H](CC[C@]4(C)[C@H]3CC[C@]12C)OC(C)=O		
CHEBI:79827	6-Azaequilenin		C17H17NO2	267.32240	C[C@]12CCc3c(cnc4cc(O)ccc34)[C@@H]1CCC2=O		
CHEBI:79828	17beta-Hydroxy-2alpha-methyl-5alpha-estran-3-one		C19H30O2	290.44030	C[C@@H]1C[C@H]2[C@@H](CC[C@H]3[C@@H]4CC[C@H](O)[C@@]4(C)CC[C@H]23)CC1=O		
CHEBI:79835	3alpha-Hydroxy-5beta-pregn-16-ene-11,20-dione 3-acetate		C23H32O4	372.49780	CC(=O)O[C@@H]1CC[C@@]2(C)[C@H](CC[C@H]3[C@@H]4CC=C(C(C)=O)[C@@]4(C)CC(=O)[C@H]23)C1		
CHEBI:79836	17beta-Hydroxy-4,4-dimethylandrost-5-en-3-one		C21H32O2	316.47760	C[C@]12CC[C@H]3[C@@H](CC=C4C(C)(C)C(=O)CC[C@]34C)[C@@H]1CC[C@@H]2O		
CHEBI:79837	3beta-Hydroxy-5-androsten-16-one		C19H28O2	288.42440	C[C@@]12CC(=O)C[C@H]1[C@@H]1CC=C3C[C@@H](O)CC[C@]3(C)[C@H]1CC2		
CHEBI:79840	11beta,17beta-Dihydroxy-9alpha-fluoro-17alpha-methyl-5alpha-androstan-3-one		C20H31FO3	338.45670	C[C@]1(O)CC[C@H]2[C@@H]3CC[C@H]4CC(=O)CC[C@]4(C)[C@@]3(F)[C@@H](O)C[C@]12C		
CHEBI:79841	17alpha,2alpha-Dimethyl-17beta-hydroxy-4-androsten-3-one		C21H32O2	316.47760	C[C@@H]1C[C@]2(C)[C@H]3CC[C@@]4(C)[C@@H](CC[C@]4(C)O)[C@@H]3CCC2=CC1=O		
CHEBI:79844	17beta-Hydroxy-2alpha,17-dimethyl-4,9(11)-androstadien-3-one		C21H30O2	314.46170	C[C@@H]1C[C@@]2(C)C(CC[C@H]3[C@@H]4CC[C@](C)(O)[C@@]4(C)CC=C23)=CC1=O		
CHEBI:79848	5alpha-Androstane-3beta,17beta-diol diacetate		C23H36O4	376.52950	CC(=O)O[C@H]1CC[C@H]2[C@@H]3CC[C@H]4C[C@H](CC[C@]4(C)[C@H]3CC[C@]12C)OC(C)=O		
CHEBI:79851	11beta,17beta-Dihydroxy-17-methyl-5alpha-androstan-3-one		C20H32O3	320.46630	C[C@]1(O)CC[C@H]2[C@@H]3CC[C@H]4CC(=O)CC[C@]4(C)[C@H]3[C@@H](O)C[C@]12C		
CHEBI:79852	Estra-1,3,5(10)-triene-3,16alpha-diol dipropionate		C24H32O4	384.50850	CCC(=O)O[C@@H]1C[C@H]2[C@@H]3CCc4cc(OC(=O)CC)ccc4[C@H]3CC[C@]2(C)C1		
CHEBI:79854	6-(Dibromomethylene)-17beta-hydroxyandrost-4-en-3-one		C20H26Br2O2	458.22700	C[C@]12CC[C@H]3[C@@H](CC(=C(Br)Br)C4=CC(=O)CC[C@]34C)[C@@H]1CC[C@@H]2O		
CHEBI:79855	17alpha-Methyl-17beta-hydroxyandrosta-4,6-dien-3-one		C20H28O2	300.43510	C[C@]1(O)CC[C@H]2[C@@H]3C=CC4=CC(=O)CC[C@]4(C)[C@H]3CC[C@]12C		
CHEBI:79856	17beta-Hydroxy-17-methyl-5alpha-androstane-3,11-dione		C20H30O3	318.45040	C[C@]1(O)CC[C@H]2[C@@H]3CC[C@H]4CC(=O)CC[C@]4(C)[C@H]3C(=O)C[C@]12C		
CHEBI:79860	4-Chloro-17alpha-methyl-17beta-hydroxy-4-androsten-3-one		C20H29ClO2	336.89600	C[C@]1(O)CC[C@H]2[C@@H]3CCC4=C(Cl)C(=O)CC[C@]4(C)[C@H]3CC[C@]12C		
CHEBI:79861	6-(Dibromomethylene)-17beta-hydroxy-androst-4-en-3-one propionate		C23H30Br2O3	514.29100	CCC(=O)O[C@H]1CC[C@H]2[C@@H]3CC(=C(Br)Br)C4=CC(=O)CC[C@]4(C)[C@H]3CC[C@]12C		
CHEBI:79864	4-Nitroestrone		C18H21NO4	315.36360	C[C@]12CC[C@H]3[C@@H](CCc4c3ccc(O)c4[N+]([O-])=O)[C@@H]1CCC2=O		
CHEBI:79867	4-Pregnene-16alpha,21-diol-3,20-dione		C21H30O4	346.46050	C[C@]12CC[C@H]3[C@@H](CCC4=CC(=O)CC[C@]34C)[C@@H]1C[C@@H](O)[C@@H]2C(=O)CO		
CHEBI:79868	Estrone 16-oxime		C18H21NO3	299.36420	C[C@]12CC[C@H]3[C@@H](CCc4cc(O)ccc34)[C@@H]1C\C(=N/O)C2=O		
CHEBI:79873	9-Bromo-17beta-hydroxy-17-methylandrost-4-ene-3,11-dione		C20H27BrO3	395.33100	C[C@]1(O)CC[C@H]2[C@@H]3CCC4=CC(=O)CC[C@]4(C)[C@@]3(Br)C(=O)C[C@]12C		
CHEBI:79874	11alpha,17beta-Dihydroxyandrost-4-en-3-one diacetate		C23H32O5	388.49720	CC(=O)O[C@H]1CC[C@H]2[C@@H]3CCC4=CC(=O)CC[C@]4(C)[C@H]3[C@@H](C[C@]12C)OC(C)=O		
CHEBI:79875	5alpha-Androstan-17beta-ol propionate		C22H36O2	332.52000	CCC(=O)O[C@H]1CC[C@H]2[C@@H]3CC[C@H]4CCCC[C@]4(C)[C@H]3CC[C@]12C		
CHEBI:79876	17beta-Hydroxy-7alpha-methylandrost-4-en-3-one propionate		C23H34O3	358.51430	CCC(=O)O[C@H]1CC[C@H]2[C@@H]3[C@H](C)CC4=CC(=O)CC[C@]4(C)[C@H]3CC[C@]12C		
CHEBI:79878	17alpha-Methyl-5alpha-androstane-3alpha,17beta-diol		C20H34O2	306.48280	C[C@]1(O)CC[C@H]2[C@@H]3CC[C@H]4C[C@H](O)CC[C@]4(C)[C@H]3CC[C@]12C		
CHEBI:79883	Estra-1,3,5(10)-triene-3,6alpha,17beta-triol triacetate		C24H30O6	414.49140	CC(=O)O[C@H]1CC[C@H]2[C@@H]3C[C@H](OC(C)=O)c4cc(OC(C)=O)ccc4[C@H]3CC[C@]12C		
CHEBI:79885	12alpha-Hydroxy-5beta-pregnane-3,20-dione		C21H32O3	332.47700	CC(=O)[C@H]1CC[C@H]2[C@@H]3CC[C@@H]4CC(=O)CC[C@]4(C)[C@H]3C[C@H](O)[C@]12C		
CHEBI:79896	17beta-Hydroxy-4-methylestr-4-en-3-one		C19H28O2	288.42440	CC1=C2CC[C@H]3[C@@H]4CC[C@H](O)[C@@]4(C)CC[C@@H]3[C@H]2CCC1=O		
CHEBI:79901	9-Chloro-11beta,17beta-dihydroxy-17-methylandrost-4-en-3-one		C20H29ClO3	352.89500	C[C@]1(O)CC[C@H]2[C@@H]3CCC4=CC(=O)CC[C@]4(C)[C@@]3(Cl)[C@@H](O)C[C@]12C		
CHEBI:79902	11beta,17beta-Dihydroxy-4,17-dimethylandrost-4-en-3-one		C21H32O3	332.47700	CC1=C2CC[C@H]3[C@@H]4CC[C@](C)(O)[C@@]4(C)C[C@H](O)[C@@H]3[C@@]2(C)CCC1=O		
CHEBI:79903	17beta-Hydroxy-7alpha,17-dimethylandrosta-1,4-dien-3-one		C21H30O2	314.46170	C[C@@H]1CC2=CC(=O)C=C[C@]2(C)[C@H]2CC[C@@]3(C)[C@@H](CC[C@]3(C)O)[C@H]12		
CHEBI:79905	3beta,17-Dihydroxy-5alpha-pregnane-11,20-dione 3-acetate		C23H34O5	390.51310	CC(=O)O[C@H]1CC[C@@]2(C)[C@@H](CC[C@H]3[C@@H]4CC[C@](O)(C(C)=O)[C@@]4(C)CC(=O)[C@H]23)C1		
CHEBI:79906	17beta-Carbomethoxyandrost-5-en-3beta-ol		C21H32O3	332.47700	COC(=O)[C@H]1CC[C@H]2[C@@H]3CC=C4C[C@@H](O)CC[C@]4(C)[C@H]3CC[C@]12C		
CHEBI:79907	5alpha-Androst-1-ene-3,11,17-trione		C19H24O3	300.39210	C[C@]12CC(=O)[C@H]3[C@@H](CC[C@H]4CC(=O)C=C[C@]34C)[C@@H]1CCC2=O		
CHEBI:79908	9-Chloro-17beta-hydroxy-17-methylandrost-4-ene-3,11-dione		C20H27ClO3	350.88000	C[C@]1(O)CC[C@H]2[C@@H]3CCC4=CC(=O)CC[C@]4(C)[C@@]3(Cl)C(=O)C[C@]12C		
CHEBI:79909	2alpha-Fluoro-17beta-hydroxyandrost-4-en-3-one propionate		C22H31FO3	362.47810	CCC(=O)O[C@H]1CC[C@H]2[C@@H]3CCC4=CC(=O)[C@H](F)C[C@]4(C)[C@H]3CC[C@]12C		
CHEBI:79913	17beta-Hydroxy-4-methylandrost-4-en-3-one		C20H30O2	302.45100	CC1=C2CC[C@H]3[C@@H]4CC[C@H](O)[C@@]4(C)CC[C@@H]3[C@@]2(C)CCC1=O		
CHEBI:79914	17beta-Hydroxy-4,4,17-trimethylandrost-5-en-3-one		C22H34O2	330.50420	C[C@]1(O)CC[C@H]2[C@@H]3CC=C4C(C)(C)C(=O)CC[C@]4(C)[C@H]3CC[C@]12C		
CHEBI:79915	6alpha-Fluoro-17beta-hydroxyandrost-4-en-3-one acetate		C21H29FO3	348.45160	CC(=O)O[C@H]1CC[C@H]2[C@@H]3C[C@H](F)C4=CC(=O)CC[C@]4(C)[C@H]3CC[C@]12C		
CHEBI:79917	17beta-Hydroxy-5alpha-androstan-3,6-dione		C19H28O3	304.42380	C[C@]12CC[C@H]3[C@@H](CC(=O)[C@H]4CC(=O)CC[C@]34C)[C@@H]1CC[C@@H]2O		
CHEBI:79918	3beta-Hydroxy-5alpha-pregnan-20-one acetate		C23H36O3	360.53010	CC(=O)O[C@H]1CC[C@@]2(C)[C@@H](CC[C@H]3[C@@H]4CC[C@H](C(C)=O)[C@@]4(C)CC[C@H]23)C1		
CHEBI:79922	2-Methyl-5alpha-androst-2-en-17beta-ol acetate		C22H34O2	330.50420	CC(=O)O[C@H]1CC[C@H]2[C@@H]3CC[C@H]4CC=C(C)C[C@]4(C)[C@H]3CC[C@]12C		
CHEBI:79923	2alpha-Methyl-17beta-[(tetrahydro-2H-pyran-2-yl)oxy]-5alpha-androstan-3-one		C25H40O3	388.58330	C[C@@H]1C[C@@]2(C)[C@@H](CC[C@H]3[C@@H]4CC[C@H](OC5CCCCO5)[C@@]4(C)CC[C@H]23)CC1=O		
CHEBI:79924	Androst-4-ene-3alpha,17beta-diol diacetate		C23H34O4	374.51370	CC(=O)O[C@H]1CC[C@H]2[C@@H]3CCC4=C[C@@H](CC[C@]4(C)[C@H]3CC[C@]12C)OC(C)=O		
CHEBI:79930	3-Hydroxyestra-1,3,5(10)-trien-17-one O-(carboxymethyl)oxime		C20H25NO4	343.41680	C[C@]12CC[C@H]3[C@@H](CCc4cc(O)ccc34)[C@@H]1CC\C2=N/OCC(O)=O		
CHEBI:79934	11beta,17beta-Dihydroxy-12alpha-methylandrost-4-en-3-one		C20H30O3	318.45040	C[C@H]1[C@H](O)[C@H]2[C@@H](CCC3=CC(=O)CC[C@]23C)[C@@H]2CC[C@H](O)[C@@]12C		
CHEBI:79939	Estra-1,3,5(10)-triene-3,6beta,17beta-triol triacetate		C24H30O6	414.49140	CC(=O)O[C@H]1CC[C@H]2[C@@H]3C[C@@H](OC(C)=O)c4cc(OC(C)=O)ccc4[C@H]3CC[C@]12C		
CHEBI:79940	5-Androstene-3beta,16beta-diol		C19H30O2	290.44030	C[C@@]12C[C@@H](O)C[C@H]1[C@@H]1CC=C3C[C@@H](O)CC[C@]3(C)[C@H]1CC2		
CHEBI:79942	11beta,17beta-Dihydroxy-9alpha-fluoro-17alpha-methyl-5beta-androstan-3-one		C20H31FO3	338.45670	C[C@]1(O)CC[C@H]2[C@@H]3CC[C@@H]4CC(=O)CC[C@]4(C)[C@@]3(F)[C@@H](O)C[C@]12C		
CHEBI:79944	6beta-Fluoro-17beta-hydroxyandrost-4-en-3-one propionate		C22H31FO3	362.47810	CCC(=O)O[C@H]1CC[C@H]2[C@@H]3C[C@@H](F)C4=CC(=O)CC[C@]4(C)[C@H]3CC[C@]12C		
CHEBI:79945	16alpha-Fluoro-17beta-hydroxyandrost-4-en-3-one propionate		C22H31FO3	362.47810	CCC(=O)O[C@H]1[C@H](F)C[C@H]2[C@@H]3CCC4=CC(=O)CC[C@]4(C)[C@H]3CC[C@]12C		
CHEBI:79957	17beta-Hydroxy-17-methyl-5alpha-androst-9(11)-en-3-one		C20H30O2	302.45100	C[C@]1(O)CC[C@H]2[C@@H]3CC[C@H]4CC(=O)CC[C@]4(C)C3=CC[C@]12C		
CHEBI:79998	5alpha-Androstan-3alpha-ol		C19H32O	276.457	C1[C@H](C[C@]2([C@](C1)([C@@]3([C@@](CC2)([C@]4([C@](CC3)(CCC4)C)[H])[H])[H])C)[H])O		
CHEBI:80851	Pavoninin 1		C37H59NO9	661.86570	C[C@H](CCC[C@@H](C)[C@H]1CC[C@@H]2[C@H]3[C@@H](CC4=CC(=O)CC[C@]4(C)[C@@H]3CC[C@]12C)O[C@@H]1O[C@H](CO)[C@@H](O)[C@H](O)[C@H]1NC(C)=O)COC(C)=O		
CHEBI:80868	Mosesin 4		C35H60O10	640.84490	C[C@H](CCC[C@@H](C)[C@H]1CCC2C3[C@@H](C[C@@H]4C[C@H](O)CC[C@]4(C)C3C[C@H](O)[C@]12C)O[C@@H]1O[C@H](CO)[C@H](O)[C@H](O)[C@H]1O)COC(C)=O		
CHEBI:80879	Ophiopogonin B		C39H62O12	722.90240	C[C@H]1[C@H]2[C@H](C[C@H]3[C@@H]4CC=C5C[C@@H](O)C[C@@H](O[C@@H]6O[C@H](C)[C@H](O)[C@H](O)[C@H]6O[C@@H]6O[C@@H](C)[C@H](O)[C@@H](O)[C@H]6O)[C@]5(C)[C@H]4CC[C@]23C)O[C@]11CC[C@@H](C)CO1		
CHEBI:80882	Ophiopogonin A		C41H64O13	764.93910	C[C@H]1[C@H]2[C@H](C[C@H]3[C@@H]4CC=C5C[C@@H](O)C[C@@H](O[C@@H]6O[C@H](C)[C@H](O)[C@H](O)[C@H]6O[C@@H]6O[C@@H](C)[C@H](O)[C@@H](OC(C)=O)[C@H]6O)[C@]5(C)[C@H]4CC[C@]23C)O[C@]11CC[C@@H](C)CO1		
CHEBI:80883	Ophiopogonin D		C44H70O16	855.01700	C[C@H]1[C@H]2[C@H](C[C@H]3[C@@H]4CC=C5C[C@@H](O)C[C@@H](O[C@@H]6O[C@H](C)[C@H](O)[C@H](O[C@@H]7OC[C@@H](O)[C@H](O)[C@H]7O)[C@H]6O[C@@H]6O[C@@H](C)[C@H](O)[C@@H](O)[C@H]6O)[C@]5(C)[C@H]4CC[C@]23C)O[C@]11CC[C@@H](C)CO1		
CHEBI:81110	Methylprotodioscin		C52H86O22	1063.22600	CO[C@]1(CC[C@@H](C)CO[C@@H]2O[C@H](CO)[C@@H](O)[C@H](O)[C@H]2O)O[C@H]2C[C@H]3[C@@H]4CC=C5C[C@H](CC[C@]5(C)[C@H]4CC[C@]3(C)[C@H]2[C@@H]1C)O[C@@H]1O[C@H](CO)[C@@H](O[C@@H]2O[C@@H](C)[C@H](O)[C@@H](O)[C@H]2O)[C@H](O)[C@H]1O[C@@H]1O[C@@H](C)[C@H](O)[C@@H](O)[C@H]1O		
CHEBI:81111	Pseudoprotodioscin		C51H82O21	1031.18420	C[C@H](CCC1=C(C)[C@H]2[C@H](C[C@H]3[C@@H]4CC=C5C[C@H](CC[C@]5(C)[C@H]4CC[C@]23C)O[C@@H]2O[C@H](CO)[C@@H](O[C@@H]3O[C@@H](C)[C@H](O)[C@@H](O)[C@H]3O)[C@H](O)[C@H]2O[C@@H]2O[C@@H](C)[C@H](O)[C@@H](O)[C@H]2O)O1)CO[C@@H]1O[C@H](CO)[C@@H](O)[C@H](O)[C@H]1O		
CHEBI:81112	Asparasaponin II		C45H74O18	903.05830	C[C@@H](CC[C@@]1(O)O[C@H]2C[C@H]3[C@@H]4CC=C5C[C@H](CC[C@]5(C)[C@H]4CC[C@]3(C)[C@H]2[C@@H]1C)O[C@@H]1O[C@H](CO)[C@@H](O[C@@H]2O[C@@H](C)[C@H](O)[C@@H](O)[C@H]2O)[C@H](O)[C@H]1O)CO[C@@H]1O[C@H](CO)[C@@H](O)[C@H](O)[C@H]1O		
CHEBI:81148	4-o-Galloylbergenin		C21H20O13	480.37570	COc1c(O)cc2C(=O)OC3C(OC(=O)c4cc(O)c(O)c(O)c4)C(O)C(CO)OC3c2c1O		
CHEBI:81168	Sibiricoside A		C57H94O28	1227.33950	COC1(CCC(C)COC2OC(CO)C(O)C(O)C2O)OC2CC3C4CC=C5CC(CCC5(C)C4CCC3(C)C2C1C)OC1OC(CO)C(OC2OC(CO)C(O)C(OC3OCC(O)C(O)C3O)C2OC2OC(CO)C(O)C(O)C2O)C(O)C1O		
CHEBI:81169	Sibiricoside B		C50H80O24	1065.15580	CC1C2C(CC3(O)C4CC=C5CC(CCC5(C)C4CCC23C)OC2OC(CO)C(OC3OC(CO)C(O)C(OC4OCC(O)C(O)C4O)C3OC3OC(CO)C(O)C(O)C3O)C(O)C2O)OC11OCC(C)CC1O		
CHEBI:81171	Chikusetsusaponin Ia		C41H70O12	754.98730	CC(C)=CCCC(C)(O)C1CCC2(C)C1C(O)CC1C3(C)CCC(OC4OC(COC5OCC(O)C(O)C5O)C(O)C(O)C4O)C(C)(C)C3CCC21C		
CHEBI:81180	Condurango glycoside A		C53H78O17	987.17620	CO[C@H]1C[C@H](O[C@H]2CC[C@@]3(C)C(CCC4C3[C@H](OC(C)=O)[C@@H](OC(=O)\C=C\c3ccccc3)[C@]3(C)[C@H](CC[C@]43O)C(C)=O)C2)O[C@H](C)[C@H]1O[C@H]1C[C@H](OC)[C@H](O[C@@H]2O[C@H](C)[C@@H](O)[C@@H](OC)[C@H]2O)[C@@H](C)O1		
CHEBI:81305	7-Oxateasterone		C28H48O5	464.67770	CC(C)[C@H](C)[C@@H](O)[C@H](O)[C@@H](C)C1CCC2C3COC(=O)C4C[C@@H](O)CC[C@]4(C)C3CC[C@]12C		
CHEBI:81712	Clostebol acetate		C21H29ClO3	364.90600	CC(=O)O[C@H]1CC[C@H]2[C@@H]3CCC4=C(Cl)C(=O)CC[C@]4(C)[C@H]3CC[C@]12C		
CHEBI:81713	Osaterone acetate		C22H27ClO5	406.90000	CC(=O)O[C@@]1(CC[C@H]2[C@@H]3C=C(Cl)C4=CC(=O)OC[C@]4(C)[C@H]3CC[C@]12C)C(C)=O		
CHEBI:82520	Estradiol mustard		C42H50Cl4N2O4	788.66900	C[C@]12CC[C@H]3[C@@H](CCc4cc(OC(=O)Cc5ccc(cc5)N(CCCl)CCCl)ccc34)[C@@H]1CC[C@@H]2OC(=O)Cc1ccc(cc1)N(CCCl)CCCl		
CHEBI:88727	Estriol 3-sulfate 16-glucuronide		C24H32O12S	544.571	S(OC1=CC2=C([C@@]3([C@]([C@]4([C@@]([C@@H](O)[C@H](OC5O[C@@H]([C@@H](O)[C@H](O)[C@H]5O)C(O)=O)C4)(CC3)C)[H])(CC2)[H])[H])C=C1)(O)(=O)=O		
CHEBI:88728	Tetrahydroaldosterone-3-glucuronide		C27H40O11	540.601	O1[C@@]2(C3C(C4C(C2)([C@H](CC4)C(=O)CO)C1O)CCC5[C@@]3(CCC(O[C@@H]6O[C@@H]([C@@H](O)[C@@H](O)[C@H]6O)C(O)=O)C5)C)[H]		
CHEBI:88733	11-beta-Hydroxyandrosterone-3-glucuronide		C25H38O9	482.565	O[C@@H]1[C@@]2([C@@]3([C@@](CC[C@]2([C@]4([C@](C1)(C(=O)CC4)C)[H])[H])(C[C@H](O[C@@H]5O[C@@H]([C@@H](O)[C@H](O)[C@H]5O)C(O)=O)CC3)[H])C)[H]		
CHEBI:88734	Aldosterone 18-glucuronide		C27H36O11	536.569	O1[C@]2(C3C(C4C(C2)([C@H](CC4)C(=O)CO)C1O[C@@H]5O[C@@H]([C@@H](O)[C@H](O)[C@H]5O)C(O)=O)CCC=6[C@@]3(CCC(=O)C6)C)[H]		
CHEBI:88740	CE(24:0)		C51H92O2	737.277	O([C@@H]1CC=2[C@@](C3C(C4[C@@](C(CC4)[C@@H](CCCC(C)C)C)(CC3)C)CC2)(CC1)C)C(=O)CCCCCCCCCCCCCCCCCCCCCCC		
CHEBI:88753	CE(22:1(13Z))		C49H86O2	707.208	O([C@@H]1CC=2[C@@](C3C(C4[C@@](C(CC4)[C@@H](CCCC(C)C)C)(CC3)C)CC2)(CC1)C)C(CCCCCCCCCCC/C=C\CCCCCCCC)=O		
CHEBI:88754	CE(22:5(4Z,7Z,10Z,13Z,16Z))		C49H78O2; C49H78O2	699.144	O([C@@H]1CC=2[C@@](C3C(C4[C@@](C(CC4)[C@@H](CCCC(C)C)C)(CC3)C)CC2)(CC1)C)C(CC/C=C\C/C=C\C/C=C\C/C=C\C/C=C\CCCCC)=O		
CHEBI:88758	CE(14:1(9Z))		C41H70O2	594.995	O([C@@H]1CC=2[C@@](C3C(C4[C@@](C(CC4)[C@@H](CCCC(C)C)C)(CC3)C)CC2)(CC1)C)C(CCCCCCC/C=C\CCCC)=O		
CHEBI:88765	Pregnanediol-3-glucuronide		C27H44O8	496.635	O([C@H]1C[C@@]2([C@@]([C@@]3([C@]([C@]4([C@@]([C@](CC4)([C@@H](O)C)[H])(CC3)C)[H])(CC2)[H])[H])(CC1)C)[H])[C@@H]5O[C@@H]([C@@H](O)[C@H](O)[C@H]5O)C(O)=O		
CHEBI:88771	11-Oxo-androsterone glucuronide		C25H36O9	480.549	O(C1CC2C(C3C(C4C(CC3=O)(C(=O)CC4)C)CC2)(CC1)C)C5OC(C(O)C(O)C5O)C(O)=O		
CHEBI:88773	Cortolone-3-glucuronide		C27H42O11	542.617	[C@@H]1([C@@H]([C@H]([C@@H]([C@H](O1)C(=O)O)O)O)O)OC2CC3(C4C(C5C(CC4=O)(C(CC5)(C(CO)O)O)C)CCC3CC2)C		
CHEBI:88775	CE(20:2(6Z,9Z))		C47H80O2	677.139	O([C@@H]1CC=2[C@@](C3C(C4[C@@](C(CC4)[C@@H](CCCC(C)C)C)(CC3)C)CC2)(CC1)C)C(CCCCCCCCC/C=C\C/C=C\CCCCC)=O		
CHEBI:89029	CE(10:0)		C37H64O2	540.904	O(C1CC=2C(C3C(C4C(C(CC4)C(CCCC(C)C)C)(CC3)C)CC2)(CC1)C)C(=O)CCCCCCCCC		
CHEBI:89129	N-[(3a,5b,7b)-7-hydroxy-24-oxo-3-(sulfooxy)cholan-24-yl]-Glycine		C26H43NO8S	529.689	C1[C@H](C[C@@]2([C@](C1)([C@@]3([C@@]([C@H](C2)O)([C@]4([C@](CC3)([C@](CC4)([C@@H](CCC(NCC(O)=O)=O)C)[H])C)[H])[H])[H])C)[H])OS(O)(=O)=O		
CHEBI:89282	(3a,5b,7a,12a)-24-[(carboxymethyl)amino]-1,12-dihydroxy-24-oxocholan-3-yl-b-D-Glucopyranosiduronic acid		C32H51NO12	641.748	C1[C@H](C[C@@]2([C@](C1)([C@@]3([C@@]([C@@H](C2)O)([C@]4([C@]([C@H](C3)O)(C(CC4)[C@@H](CCC(NCC(O)=O)=O)C)C)[H])[H])[H])C)[H])O[C@H]5[C@@H]([C@H]([C@@H]([C@H](O5)C(O)=O)O)O)O		
CHEBI:89531	5-Androstenetriol		C19H30O3	306.440	[C@@H]1(CC[C@@]2([C@]3(CC[C@@]4([C@H]([C@@H](C[C@]4([C@@]3(CC=C2C1)[H])[H])O)O)C)[H])C)O		
CHEBI:89566	CE(16:2)		C43H72O2	621.032	C1[C@@H](CC=2[C@](C1)([C@@]3([C@@](CC2)([C@]4([C@@](CC3)(C)C(CC4)[C@@H](CCCC(C)C)C)[H])[H])[H])C)OC(=O)CCCCCCC/C=C/C/C=C/CCC		
CHEBI:89567	CE(15:1)		C42H72O2	609.021	C1[C@@H](CC=2[C@](C1)([C@@]3([C@@](CC2)([C@]4([C@@](CC3)(C)C(CC4)[C@@H](CCCC(C)C)C)[H])[H])[H])C)OC(=O)CCCCCCC/C=C/CCCCC		
CHEBI:89642	Gestrinone		C21H24O2	308.415	O[C@@]1([C@@]2([C@]([C@]3(C(C=C2)=C4C(CC3)=CC(=O)CC4)[H])(CC1)[H])CC)C#C		
CHEBI:91476	(13S,17R)-17-ethynyl-17-hydroxy-13-methyl-1,2,4,6,7,8,9,11,12,14,15,16-dodecahydrocyclopenta[a]phenanthren-3-one		C20H26O2	298.420	C[C@]12CCC3C(C1CC[C@]2(C#C)O)CCC4=C3CCC(=O)C4		
CHEBI:91592	acetic acid (3-hydroxy-13-methyl-6,7,8,9,11,12,14,15,16,17-decahydrocyclopenta[a]phenanthren-17-yl) ester		C20H26O3	314.419	CC(=O)OC1CCC2C1(CCC3C2CCC4=C3C=CC(=C4)O)C		
CHEBI:91629	10,13-dimethyl-1,2,5,6,7,8,9,11,12,14,15,16-dodecahydrocyclopenta[a]phenanthrene-3,4,17-trione		C19H26O3	302.409	CC12CCC(=O)C(=O)C1CCC3C2CCC4(C3CCC4=O)C		
CHEBI:91682	pentanoic acid [(13S,17S)-3-hydroxy-13-methyl-6,7,8,9,11,12,14,15,16,17-decahydrocyclopenta[a]phenanthren-17-yl] ester		C23H32O3	356.499	CCCCC(=O)O[C@H]1CCC2[C@@]1(CCC3C2CCC4=C3C=CC(=C4)O)C		
CHEBI:91715	11-[4-(dimethylamino)phenyl]-17-hydroxy-13-methyl-17-prop-1-ynyl-1,2,6,7,8,11,12,14,15,16-decahydrocyclopenta[a]phenanthren-3-one		C29H35NO2	429.595	CC#CC1(CCC2C1(CC(C3=C4CCC(=O)C=C4CCC23)C5=CC=C(C=C5)N(C)C)C)O		
CHEBI:91778	6,9-difluoro-11-hydroxy-17-(3-hydroxy-2-oxopropyl)-10,13,16-trimethyl-3-oxo-6,7,8,11,12,14,15,16-octahydrocyclopenta[a]phenanthrene-17-carbothioic acid S-(fluoromethyl) ester		C25H31F3O5S	500.573	CC1CC2C3CC(C4=CC(=O)C=CC4(C3(C(CC2(C1(CC(=O)CO)C(=O)SCF)C)O)F)C)F		
CHEBI:91809	2-[[2-[[17-[2-[[6-[[3,4-dihydroxy-5-(hydroxymethyl)-2-oxolanyl]oxymethyl]-3,4,5-trihydroxy-2-oxanyl]oxy]-6-methylhept-5-en-2-yl]-12-hydroxy-4,4,8,10,14-pentamethyl-2,3,5,6,7,9,11,12,13,15,16,17-dodecahydro-1H-cyclopenta[a]phenanthren-3-yl]oxy]-4,5-dihydroxy-6-(hydroxymethyl)-3-oxanyl]oxy]-6-(hydroxymethyl)oxane-3,4,5-triol		C53H90O22	1079.271	CC(=CCCC(C)(C1CCC2(C1C(CC3C2(CCC4C3(CCC(C4(C)C)OC5C(C(C(C(O5)CO)O)O)OC6C(C(C(C(O6)CO)O)O)O)C)C)O)C)OC7C(C(C(C(O7)COC8C(C(C(O8)CO)O)O)O)O)O)C		
CHEBI:91852	2-[[4-(3,12-dihydroxy-10,13-dimethyl-2,3,4,5,6,7,8,9,11,12,14,15,16,17-tetradecahydro-1H-cyclopenta[a]phenanthren-17-yl)-1-oxopentyl]amino]acetic acid		C26H43NO5	449.624	CC(CCC(=O)NCC(=O)O)C1CCC2C1(C(CC3C2CCC4C3(CCC(C4)O)C)O)C		
CHEBI:91899	LSM-1835		C25H34O6	430.535	CCCC1OC2CC3C4CCC5=CC(=O)C=CC5(C4C(CC3(C2(O1)C(=O)CO)C)O)C		
CHEBI:91906	(1S,9aR,11aS)-N-tert-butyl-9a,11a-dimethyl-7-oxo-1,2,3,3a,3b,4,5,5a,6,9b,10,11-dodecahydroindeno[5,4-f]quinoline-1-carboxamide		C23H36N2O2	372.545	C[C@]12CCC3C(C1CC[C@@H]2C(=O)NC(C)(C)C)CCC4[C@@]3(C=CC(=O)N4)C		
CHEBI:91934	17-ethylidene-10,13-dimethyl-1,2,6,7,8,9,11,12,14,15-decahydrocyclopenta[a]phenanthrene-3,16-dione		C21H28O2	312.447	CC=C1C(=O)CC2C1(CCC3C2CCC4=CC(=O)CCC34C)C		
CHEBI:91940	3-hydroxy-13-methyl-9,11,12,14,15,16-hexahydro-6H-cyclopenta[a]phenanthren-17-one		C18H20O2	268.351	CC12CCC3C(=CCC4=C3C=CC(=C4)O)C1CCC2=O		
CHEBI:91954	3-cyclopentylpropanoic acid [(13S,17S)-3-hydroxy-13-methyl-6,7,8,9,11,12,14,15,16,17-decahydrocyclopenta[a]phenanthren-17-yl] ester		C26H36O3	396.563	C[C@]12CCC3C(C1CC[C@@H]2OC(=O)CCC4CCCC4)CCC5=C3C=CC(=C5)O		
CHEBI:91958	3-(17-hydroxy-10,13-dimethyl-3-oxo-7-propyl-2,6,7,8,9,11,12,14,15,16-decahydro-1H-cyclopenta[a]phenanthren-17-yl)propanoic acid		C25H38O4	402.568	CCCC1CC2=CC(=O)CCC2(C3C1C4CCC(C4(CC3)C)(CCC(=O)O)O)C		
CHEBI:92989	(1R,3S)-5-[2-[(1R,3aS,7aR)-1-[(2R,5S)-5-cyclopropyl-5-hydroxypent-3-en-2-yl]-7a-methyl-2,3,3a,5,6,7-hexahydro-1H-inden-4-ylidene]ethylidene]-4-methylenecyclohexane-1,3-diol		C27H40O3	412.606	C[C@H](C=C[C@H](C1CC1)O)[C@H]2CC[C@@H]3[C@@]2(CCCC3=CC=C4C[C@H](C[C@@H](C4=C)O)O)C		
CHEBI:93823	(3S,10R,13S)-3-hydroxy-10,13-dimethyl-1,2,3,4,7,8,9,11,12,14,15,16-dodecahydrocyclopenta[a]phenanthren-17-one		C19H28O2	288.425	C[C@]12CCC3C(C1CCC2=O)CC=C4[C@@]3(CC[C@@H](C4)O)C		
CHEBI:93831	benzoic acid [3-hydroxy-10-(hydroxymethyl)-13-methyl-2,3,4,7,8,9,11,12,14,15,16,17-dodecahydro-1H-cyclopenta[a]phenanthren-17-yl] ester		C26H34O4	410.547	CC12CCC3C(C1CCC2OC(=O)C4=CC=CC=C4)CC=C5C3(CCC(C5)O)CO		
CHEBI:93851	9-fluoro-11,17-dihydroxy-17-(2-hydroxy-1-oxoethyl)-10,13,16-trimethyl-6,7,8,11,12,14,15,16-octahydrocyclopenta[a]phenanthren-3-one		C22H29FO5	392.462	CC1CC2C3CCC4=CC(=O)C=CC4(C3(C(CC2(C1(C(=O)CO)O)C)O)F)C		
CHEBI:93988	(1R,3S)-5-[2-[(1R,3aS,7aR)-1-[(2R)-6-hydroxy-6-methylheptan-2-yl]-7a-methyl-2,3,3a,5,6,7-hexahydro-1H-inden-4-ylidene]ethylidene]-4-methylenecyclohexane-1,3-diol		C27H44O3	416.637	C[C@H](CCCC(C)(C)O)[C@H]1CC[C@@H]2[C@@]1(CCCC2=CC=C3C[C@H](C[C@@H](C3=C)O)O)C		
CHEBI:94337	(9R)-9-chloro-11,17-dihydroxy-17-(2-hydroxy-1-oxoethyl)-10,13,16-trimethyl-6,7,8,11,12,14,15,16-octahydrocyclopenta[a]phenanthren-3-one		C22H29ClO5	408.916	CC1CC2C3CCC4=CC(=O)C=CC4([C@]3(C(CC2(C1(C(=O)CO)O)C)O)Cl)C		
CHEBI:94344	pentanoic acid [11-hydroxy-17-(2-hydroxy-1-oxoethyl)-10,13-dimethyl-3-oxo-2,6,7,8,9,11,12,14,15,16-decahydro-1H-cyclopenta[a]phenanthren-17-yl] ester		C26H38O6	446.577	CCCCC(=O)OC1(CCC2C1(CC(C3C2CCC4=CC(=O)CCC34C)O)C)C(=O)CO		
CHEBI:94406	LSM-5093		C21H28O2	312.447	CC=C1C(=O)CC2[C@]1(CCC3C2CCC4=CC(=O)CC[C@@]34C)C		
CHEBI:94444	17-hydroxy-10,13-dimethyl-1,2,6,7,8,9,11,12,14,15,16,17-dodecahydrocyclopenta[a]phenanthren-3-one		C19H28O2	288.425	CC12CCC3C(C1CCC2O)CCC4=CC(=O)CCC34C		
CHEBI:94453	acetic acid [(3S,5S,9S,14S)-17-acetyloxy-10,13-dimethyl-2,16-bis(1-methyl-1-piperidin-1-iumyl)-2,3,4,5,6,7,8,9,11,12,14,15,16,17-tetradecahydro-1H-cyclopenta[a]phenanthren-3-yl] ester		C35H60N2O4	572.863	CC(=O)O[C@H]1C[C@@H]2CCC3[C@@H](C2(CC1[N+]4(CCCCC4)C)C)CCC5([C@H]3CC(C5OC(=O)C)[N+]6(CCCCC6)C)C		
CHEBI:94566	(8S,9S,10R,11S,13S,14R,17S)-11-hydroxy-17-(2-hydroxy-1-oxoethyl)-10,13-dimethyl-1,2,6,7,8,9,11,12,14,15,16,17-dodecahydrocyclopenta[a]phenanthren-3-one		C21H30O4	346.461	C[C@]12CCC(=O)C=C1CC[C@@H]3[C@@H]2[C@H](C[C@]4([C@@H]3CC[C@@H]4C(=O)CO)C)O		
CHEBI:94616	(8S,11R,13S,14R,17S)-11-[4-(dimethylamino)phenyl]-17-hydroxy-13-methyl-17-prop-1-ynyl-1,2,6,7,8,11,12,14,15,16-decahydrocyclopenta[a]phenanthren-3-one		C29H35NO2	429.595	CC#C[C@@]1(CC[C@H]2[C@@]1(C[C@@H](C3=C4CCC(=O)C=C4CC[C@@H]23)C5=CC=C(C=C5)N(C)C)C)O		
CHEBI:94669	(9R,13S,14R)-3-hydroxy-13-methyl-9,11,12,14,15,16-hexahydro-6H-cyclopenta[a]phenanthren-17-one		C18H20O2	268.351	C[C@]12CC[C@@H]3C(=CCC4=C3C=CC(=C4)O)[C@H]1CCC2=O		
CHEBI:94673	LSM-5687		C24H33FO6	436.515	C[C@]12CCC(=O)C=C1[C@H](C[C@H]3[C@@H]2[C@H](C[C@]4([C@H]3C[C@@H]5[C@]4(OC(O5)(C)C)C(=O)CO)C)O)F		
CHEBI:94674	(1S,3aS,3bR,5aR,9aR,9bR,11aS)-N-tert-butyl-9a,11a-dimethyl-7-oxo-1,2,3,3a,3b,4,5,5a,6,9b,10,11-dodecahydroindeno[5,4-f]quinoline-1-carboxamide		C23H36N2O2	372.545	C[C@]12CC[C@@H]3[C@@H]([C@@H]1CC[C@@H]2C(=O)NC(C)(C)C)CC[C@@H]4[C@@]3(C=CC(=O)N4)C		
CHEBI:94681	acetic acid [(2S,3S,5R,8S,9R,10R,13R,14R,16S,17R)-17-acetyloxy-10,13-dimethyl-16-(1-methyl-1-piperidin-1-iumyl)-2-(1-piperidinyl)-2,3,4,5,6,7,8,9,11,12,14,15,16,17-tetradecahydro-1H-cyclopenta[a]phenanthren-3-yl] ester		C34H57N2O4	557.829	CC(=O)O[C@H]1C[C@H]2CC[C@H]3[C@H]([C@@]2(C[C@@H]1N4CCCCC4)C)CC[C@@]5([C@@H]3C[C@@H]([C@@H]5OC(=O)C)[N+]6(CCCCC6)C)C		
CHEBI:94743	(1S)-3-[2-[(1R,3aS,7aR)-1-[(2R)-6-hydroxy-6-methylheptan-2-yl]-7a-methyl-2,3,3a,5,6,7-hexahydro-1H-inden-4-ylidene]ethylidene]-4-methylene-1-cyclohexanol		C27H44O2	400.638	C[C@H](CCCC(C)(C)O)[C@H]1CC[C@@H]2[C@@]1(CCCC2=CC=C3C[C@H](CCC3=C)O)C		
CHEBI:94766	(8R,9R,13S,14R,17R)-17-ethynyl-17-hydroxy-13-methyl-1,2,4,6,7,8,9,11,12,14,15,16-dodecahydrocyclopenta[a]phenanthren-3-one		C20H26O2	298.420	C[C@]12CC[C@@H]3[C@H]([C@H]1CC[C@]2(C#C)O)CCC4=C3CCC(=O)C4		
CHEBI:94779	(1R,3S)-5-[2-[(1R,3aS,7aR)-7a-methyl-1-[(2R)-6-methylheptan-2-yl]-2,3,3a,5,6,7-hexahydro-1H-inden-4-ylidene]ethylidene]-4-methylenecyclohexane-1,3-diol		C27H44O2	400.638	C[C@H](CCCC(C)C)[C@H]1CC[C@@H]2[C@@]1(CCCC2=CC=C3C[C@H](C[C@@H](C3=C)O)O)C		
CHEBI:95110	acetic acid [2-[(3R,5R,10S,13S,17R)-3-acetyloxy-17-hydroxy-10,13-dimethyl-11-oxo-2,3,4,5,6,7,8,9,12,14,15,16-dodecahydro-1H-cyclopenta[a]phenanthren-17-yl]-2-oxoethyl] ester		C25H36O7	448.550	CC(=O)OCC(=O)[C@]1(CCC2[C@@]1(CC(=O)C3C2CC[C@H]4[C@@]3(CC[C@H](C4)OC(=O)C)C)C)O		
CHEBI:95157	2-[[(4R)-1-oxo-4-[(3R,7R,10S,12S,13R,17R)-3,7,12-trihydroxy-10,13-dimethyl-2,3,4,5,6,7,8,9,11,12,14,15,16,17-tetradecahydro-1H-cyclopenta[a]phenanthren-17-yl]pentyl]amino]acetic acid		C26H43NO6	465.624	C[C@H](CCC(=O)NCC(=O)O)[C@H]1CCC2[C@@]1([C@H](CC3C2[C@@H](CC4[C@@]3(CC[C@H](C4)O)C)O)O)C		
CHEBI:95174	LSM-6454		C24H40N2	356.589	C[C@H]1[C@H]2CCC3[C@@]2(CCC4C3CC=C5[C@@]4(CC[C@@H](C5)N(C)C)C)CN1C		
CHEBI:95189	LSM-6471		C27H45NO2	415.653	C[C@H]1[C@H]2[C@H](C[C@@H]3[C@@]2(CC[C@H]4[C@H]3CC[C@@H]5[C@@]4(CC[C@@H](C5)O)C)C)O[C@@]16CCC(CN6)C		
CHEBI:95202	11,17-dihydroxy-17-(2-hydroxy-1-oxoethyl)-10,13-dimethyl-2,6,7,8,9,11,12,14,15,16-decahydro-1H-cyclopenta[a]phenanthren-3-one		C21H30O5	362.461	CC12CCC(=O)C=C1CCC3C2C(CC4(C3CCC4(C(=O)CO)O)C)O		
CHEBI:95212	3-hydroxy-10,13-dimethyl-1,2,3,4,7,8,9,11,12,14,15,16-dodecahydrocyclopenta[a]phenanthren-17-one		C19H28O2	288.425	CC12CCC3C(C1CCC2=O)CC=C4C3(CCC(C4)O)C		
CHEBI:95213	(1S)-3-[2-[(3aS,7aR)-1-[(2R,5R)-5,6-dimethylhept-3-en-2-yl]-7a-methyl-2,3,3a,5,6,7-hexahydro-1H-inden-4-ylidene]ethylidene]-4-methylene-1-cyclohexanol		C28H44O	396.649	C[C@H](C=C[C@H](C)C(C)C)C1CC[C@@H]2[C@@]1(CCCC2=CC=C3C[C@H](CCC3=C)O)C		
CHEBI:95300	(8S,9S,10R,11S,13S,14R,17R)-11,17-dihydroxy-17-(2-hydroxy-1-oxoethyl)-10,13-dimethyl-2,6,7,8,9,11,12,14,15,16-decahydro-1H-cyclopenta[a]phenanthren-3-one		C21H30O5	362.461	C[C@]12CCC(=O)C=C1CC[C@@H]3[C@@H]2[C@H](C[C@]4([C@@H]3CC[C@@]4(C(=O)CO)O)C)O		
CHEBI:95317	LSM-6672		C23H32O3	356.499	CCCCC(=O)O[C@H]1CC[C@H]2[C@@]1(CC[C@H]3[C@H]2CCC4=C3C=CC(=C4)O)C		
CHEBI:108603	(3R,6R)-6-[(1R,3aS,7aR)-4-[2-[(5S)-5-hydroxy-2-methylenecyclohexylidene]ethylidene]-7a-methyl-2,3,3a,5,6,7-hexahydro-1H-inden-1-yl]-2-methylheptane-2,3-diol		C27H44O3	416.637	C[C@H](CC[C@H](C(C)(C)O)O)[C@H]1CC[C@@H]2[C@@]1(CCCC2=CC=C3C[C@H](CCC3=C)O)C		
CHEBI:110197	10,13-dimethyl-17-phenyl-2,3,4,5,6,7,8,9,11,12,14,15-dodecahydro-1H-cyclopenta[a]phenanthren-3-ol		C25H34O	350.538	CC12CCC(CC1CCC3C2CCC4(C3CC=C4C5=CC=CC=C5)C)O		
CHEBI:111164	acetic acid [(3S,5S,10S,13S)-17-acetyl-10,13-dimethyl-12-oxo-1,2,3,4,5,6,7,8,9,11,14,15-dodecahydrocyclopenta[a]phenanthren-3-yl] ester		C23H32O4	372.499	CC(=O)C1=CCC2[C@@]1(C(=O)CC3C2CC[C@@H]4[C@@]3(CC[C@@H](C4)OC(=O)C)C)C		
CHEBI:114185	(3bR,9bS)-6-hydroxy-9b-methyl-7-propan-2-yl-3,3b,4,5,10,11-hexahydronaphtho[2,1-e]isobenzofuran-1-one		C20H24O3	312.404	CC(C)C1=C(C2=C(C=C1)[C@]3(CCC4=C([C@@H]3CC2)COC4=O)C)O		
CHEBI:125362	17-hydroxy-10,13,17-trimethyl-2,6,7,8,9,11,12,14,15,16-decahydro-1H-cyclopenta[a]phenanthren-3-one		C20H30O2	302.452	CC12CCC(=O)C=C1CCC3C2CCC4(C3CCC4(C)O)C		
CHEBI:125377	9-fluoro-11,17-dihydroxy-10,13,17-trimethyl-1,2,6,7,8,11,12,14,15,16-decahydrocyclopenta[a]phenanthren-3-one		C20H29FO3	336.442	CC12CCC(=O)C=C1CCC3C2(C(CC4(C3CCC4(C)O)C)O)F		
CHEBI:125387	5-[2-[1-(5-cyclopropyl-5-hydroxypent-3-en-2-yl)-7a-methyl-2,3,3a,5,6,7-hexahydro-1H-inden-4-ylidene]ethylidene]-4-methylenecyclohexane-1,3-diol		C27H40O3	412.606	CC(C=CC(C1CC1)O)C2CCC3C2(CCCC3=CC=C4CC(CC(C4=C)O)O)C		
CHEBI:125417	17-hydroxy-17-(2-hydroxy-1-oxoethyl)-10,13-dimethyl-2,6,7,8,9,11,12,14,15,16-decahydro-1H-cyclopenta[a]phenanthren-3-one		C21H30O4	346.461	CC12CCC(=O)C=C1CCC3C2CCC4(C3CCC4(C(=O)CO)O)C		
CHEBI:125427	5-[2-[1-(6-hydroxy-6-methylheptan-2-yl)-7a-methyl-2,3,3a,5,6,7-hexahydro-1H-inden-4-ylidene]ethylidene]-4-methylenecyclohexane-1,3-diol		C27H44O3	416.637	CC(CCCC(C)(C)O)C1CCC2C1(CCCC2=CC=C3CC(CC(C3=C)O)O)C		
CHEBI:125436	LSM-36927		C39H64O13	740.919	C[C@H]1[C@H]2[C@H](C[C@@H]3[C@@]2(CC[C@H]4[C@H]3CC[C@H]5[C@@]4(CC[C@@H](C5)O[C@H]6[C@@H]([C@H]([C@H]([C@H](O6)CO)O)O)O[C@H]7[C@@H]([C@H]([C@@H]([C@H](O7)CO)O)O)O)C)C)O[C@]18CCC(OC8)C		
CHEBI:125445	3-[2-[1-(6-hydroxy-6-methylheptan-2-yl)-7a-methyl-2,3,3a,5,6,7-hexahydro-1H-inden-4-ylidene]ethylidene]-4-methylene-1-cyclohexanol		C27H44O2	400.638	CC(CCCC(C)(C)O)C1CCC2C1(CCCC2=CC=C3CC(CCC3=C)O)C		
CHEBI:134706	trenbolone hexahydrobenzylcarbonate		C26H34O4	410.547	C1CC(C=C2C1=C3[C@@](CC2)([C@]4([C@](C=C3)([C@H](CC4)OC(=O)OCC5CCCCC5)C)[H])[H])=O		
CHEBI:135283	methenolone		C20H30O2	302.452	C[C@@]12[C@@]3([C@]([C@]4([C@@](CC3)(C)[C@H](CC4)O)[H])(CC[C@]1(CC(C=C2C)=O)[H])[H])[H]		
CHEBI:135293	mesterolone		C20H32O2	304.468	[C@]12([C@@]3([C@]([C@]4([C@@](CC3)(C)[C@H](CC4)O)[H])(CC[C@]1(CC(C[C@@H]2C)=O)[H])[H])[H])C		
CHEBI:135338	guggulsterone		C21H28O2	312.447	C[C@@]12[C@]([C@]3([C@](CC1)([C@]4(C)C(CC3)=CC(CC4)=O)[H])[H])(CC(C2=CC)=O)[H]		
CHEBI:135339	demegestone		C21H28O2	312.447	C[C@@]12[C@]([C@]3(C(CC1)=C4C(CC3)=CC(CC4)=O)[H])(CC[C@@]2(C(C)=O)C)[H]		
CHEBI:135356	calusterone		C21H32O2	316.478	C[C@@H]1[C@@]2([C@@]([C@@]3(C(C1)=CC(CC3)=O)C)(CC[C@]4([C@]2(CC[C@]4(C)O)[H])C)[H])[H]		
CHEBI:135372	clostebol		C19H27ClO2	322.870	C[C@@]12[C@@]3([C@]([C@]4([C@@](CC3)(C)[C@H](CC4)O)[H])(CCC1=C(Cl)C(CC2)=O)[H])[H]		
CHEBI:135410	prasterone acetate		C21H30O3	330.462	C[C@@]12[C@@]3([C@]([C@]4([C@@](CC3)(C)C(CC4)=O)[H])(CC=C1C[C@H](CC2)OC(C)=O)[H])[H]		
CHEBI:135488	quinbolone		C24H32O2	352.511	C[C@@]12[C@@]3([C@]([C@]4([C@@](CC3)(C)[C@H](CC4)OC=5CCCC5)[H])(CCC1=CC(C=C2)=O)[H])[H]		
CHEBI:135562	hydroxyestrone diacetate		C22H26O5	370.440	C[C@@]12[C@]([C@]3([C@](CC1)(C4=C(CC3)C=C(C=C4)OC(C)=O)[H])[H])(C[C@H](C2=O)OC(C)=O)[H]		
CHEBI:135566	rimexolone		C24H34O3	370.526	C[C@@]12[C@]([C@]3([C@]([C@H](C1)O)([C@]4(C)C(CC3)=CC(C=C4)=O)[H])[H])(C[C@H]([C@@]2(C(CC)=O)C)C)[H]		
CHEBI:135572	prednylidene		C22H28O5	372.456	C[C@@]12[C@]([C@]3([C@]([C@H](C1)O)([C@]4(C)C(CC3)=CC(C=C4)=O)[H])[H])(CC([C@@]2(C(CO)=O)O)=C)[H]		
CHEBI:135573	meprednisone		C22H28O5	372.456	C[C@@]12[C@]([C@]3([C@](C(C1)=O)([C@]4(C)C(CC3)=CC(C=C4)=O)[H])[H])(C[C@@H]([C@@]2(C(CO)=O)O)C)[H]		
CHEBI:135575	anagestone acetate		C24H36O3	372.542	O(C(C)=O)[C@@]1(C(C)=O)[C@]2(C)[C@@](CC1)([C@]3([C@](CC2)([C@]4(C)C([C@H](C3)C)=CCCC4)[H])[H])[H]		
CHEBI:135581	fluocortolone		C22H29FO4	376.462	C[C@@]12[C@]([C@]3([C@]([C@H](C1)O)([C@]4(C)C([C@H](C3)F)=CC(C=C4)=O)[H])[H])(C[C@H]([C@@H]2C(CO)=O)C)[H]		
CHEBI:135604	estradiol enanthate		C25H36O3	384.552	C[C@@]12[C@]([C@]3([C@](CC1)(C4=C(CC3)C=C(C=C4)O)[H])[H])(CC[C@@H]2OC(CCCCCC)=O)[H]		
CHEBI:135618	chloroprednisone		C21H25ClO5	392.874	C[C@@]12[C@]([C@]3([C@](C(C1)=O)([C@]4(C)C([C@H](C3)Cl)=CC(C=C4)=O)[H])[H])(CC[C@@]2(C(CO)=O)O)[H]		
CHEBI:135619	cloprednol		C21H25ClO5	392.874	C[C@@]12[C@]([C@]3([C@]([C@H](C1)O)([C@]4(C)C(C(=C3)Cl)=CC(C=C4)=O)[H])[H])(CC[C@@]2(C(CO)=O)O)[H]		
CHEBI:135624	diflucortolone		C22H28F2O4	394.453	F[C@@]12[C@]([C@]3([C@@](C[C@@H]1O)(C)[C@H]([C@@H](C3)C)C(CO)=O)[H])(C[C@@H](C=4[C@]2(C)C=CC(C4)=O)F)[H]		
CHEBI:135661	quingestanol acetate		C27H36O3	408.574	O(C(C)=O)[C@]1(C#C)[C@]2(C)[C@@](CC1)([C@]3([C@](CC2)([C@@]4(C(=CC3)C=C(CC4)OC5CCCC5)[H])[H])[H])[H]		
CHEBI:135684	nandrolone cyclotate		C28H38O3	422.601	C[C@@]12[C@]([C@]3([C@](CC1)([C@@]4(C(CC3)=CC(CC4)=O)[H])[H])[H])(CC[C@@H]2OC(=O)C56CCC(CC5)(C=C6)C)[H]		
CHEBI:135705	fluperolone		C24H31FO6	434.499	F[C@@]12[C@]([C@]3([C@@](C[C@@H]1O)(C)[C@](CC3)(C([C@H](C)OC(=O)C)=O)O)[H])(CCC=4[C@]2(C)C=CC(C4)=O)[H]		
CHEBI:135711	cloxotestosterone		C21H29Cl3O3	435.813	C[C@@]12[C@@]3([C@]([C@]4([C@@](CC3)(C)[C@H](CC4)OC(C(Cl)(Cl)Cl)O)[H])(CCC1=CC(CC2)=O)[H])[H]		
CHEBI:135718	pentagestrone acetate		C28H40O4	440.616	C[C@@]12[C@]([C@]3([C@](CC1)([C@]4(C)C(=CC3)C=C(CC4)OC5CCCC5)[H])[H])(CC[C@]2(OC(C)=O)C(C)=O)[H]		
CHEBI:135719	estradiol undecylate		C29H44O3	440.659	C[C@@]12[C@]([C@]3([C@](CC1)(C4=C(CC3)C=C(C=C4)O)[H])[H])(CC[C@@H]2OC(CCCCCCCCCC)=O)[H]		
CHEBI:135723	prednival		C26H36O6	444.561	O(C(CCCC)=O)[C@@]1(C(CO)=O)[C@]2(C)[C@@](CC1)([C@]3([C@]([C@H](C2)O)([C@]4(C)C(CC3)=CC(C=C4)=O)[H])[H])[H]		
CHEBI:135724	halometasone		C22H27ClF2O5	444.897	F[C@@]12[C@]([C@]3([C@@](C[C@@H]1O)(C)[C@]([C@@H](C3)C)(C(CO)=O)O)[H])(C[C@@H](C=4[C@]2(C)C=C(C(C4)=O)Cl)F)[H]		
CHEBI:135733	tiomesterone		C24H34O4S2	450.657	S(C(C)=O)[C@H]1[C@@]2([C@@]([C@@]3(C(C1)=CC(C[C@@H]3SC(C)=O)=O)C)(CC[C@]4([C@]2(CC[C@]4(C)O)[H])C)[H])[H]		
CHEBI:135741	testosterone undecanoate		C30H48O3	456.701	C[C@@]12[C@@]3([C@]([C@]4([C@@](CC3)(C)[C@H](CC4)OC(CCCCCCCCCC)=O)[H])(CCC1=CC(CC2)=O)[H])[H]		
CHEBI:135770	dexamethasone valerate		C27H37FO6	476.579	C[C@@]12[C@@](OC(CCCC)=O)(C(CO)=O)[C@@H](C[C@]1([C@]3([C@@]([C@H](C2)O)(F)[C@]4(C)C(CC3)=CC(C=C4)=O)[H])[H])C		
CHEBI:135783	etiprednol dicloacetate		C24H30Cl2O6	485.398	O(C(C(Cl)Cl)=O)[C@@]1(C(OCC)=O)[C@]2(C)[C@@](CC1)([C@]3([C@]([C@H](C2)O)([C@]4(C)C(CC3)=CC(C=C4)=O)[H])[H])[H]		
CHEBI:135787	fluclorolone acetonide		C24H29Cl2FO5	487.389	C(CO)(=O)[C@]12[C@]3(C)[C@@](C[C@]1(OC(O2)(C)C)[H])([C@]4([C@@]([C@H](C3)Cl)(Cl)[C@]5(C)C([C@H](C4)F)=CC(C=C5)=O)[H])[H]		
CHEBI:135798	betamethasone benzoate		C29H33FO6	496.568	O(C(=O)C1=CC=CC=C1)[C@@]2(C(CO)=O)[C@]3(C)[C@@](C[C@@H]2C)([C@]4([C@@]([C@H](C3)O)(F)[C@]5(C)C(CC4)=CC(C=C5)=O)[H])[H]		
CHEBI:135845	rapacuronium		C37H61N2O4	597.893	C(C=C)[N+]1(CCCCC1)[C@@H]2[C@H](OC(CC)=O)[C@@]3([C@@](C2)([C@]4([C@](CC3)([C@]5(C)[C@@](CC4)(C[C@@H]([C@H](C5)N6CCCCC6)OC(C)=O)[H])[H])[H])[H])C		
CHEBI:135981	estradiol acetate		C20H26O3	314.419	C[C@@]12[C@]([C@]3([C@](CC1)(C4=C(CC3)C=C(C=C4)OC(C)=O)[H])[H])(CC[C@@H]2O)[H]		
CHEBI:135986	fluclorolone		C21H25Cl2FO5	447.325	Cl[C@@]12[C@]([C@]3([C@@](C[C@@H]1Cl)(C)[C@]([C@@H](C3)O)(C(CO)=O)O)[H])(C[C@@H](C=4[C@]2(C)C=CC(C4)=O)F)[H]		
CHEBI:135989	fluprednidene		C22H27FO5	390.446	F[C@@]12[C@]([C@]3([C@@](C[C@@H]1O)(C)[C@](C(C3)=C)(C(CO)=O)O)[H])(CCC=4[C@]2(C)C=CC(C4)=O)[H]		
CHEBI:136027	trimegestone		C22H30O3	342.473	C[C@@]12[C@]([C@]3(C(CC1)=C4C(CC3)=CC(CC4)=O)[H])(CC[C@@]2(C([C@H](C)O)=O)C)[H]		
CHEBI:137056	cholic acid glucuronide		C30H48O11	584.697	[C@]12([C@]([C@]3([C@](C[C@@H]1O)([C@@]4([C@](C[C@@H](CC4)O[C@H]5[C@@H]([C@H]([C@@H]([C@H](O5)C(O)=O)O)O)O)([H])C[C@H]3O)C)[H])[H])(CC[C@@]2([C@@H](CCC(=O)O)C)[H])[H])C		
CHEBI:137133	(5Z,7E)-(1R,2R,3R)-3-(hydroxy-propyl)-19-nor-9,10-seco-5,7-cholestadien-1,3,25-triol		C29H50O4	462.706	C1[C@]2([C@](/C(=C/C=C/3\C[C@H]([C@H]([C@@H](C3)O)CCCO)O)/CC1)(CC[C@@]2([C@H](C)CCCC(C)(C)O)[H])[H])C		
CHEBI:137134	(5Z,7E)-(1S,3R)-1,3-dihydroxy-9,10-seco-5,7,10(19)-cholestatrien-22-one		C27H42O3	414.622	[C@@H]1(C[C@@H](C/C(=C/C=C/2\CCC[C@]3([C@]2(CC[C@@]3([C@@](C(CCC(C)C)=O)(C)[H])[H])[H])C)/C1=C)O)O		
CHEBI:137136	Ecalcidene		C29H45NO3	455.674	C/1[C@H](C[C@@H](C(\C1=C/C=C\2/[C@]3([C@](CCC2)([C@](CC3)([C@@](C)(CCC(=O)N4CCCCC4)[H])[H])C)[H])=C)O)O		
CHEBI:137137	(5Z,7E)-(3S)-26,26,26-trifluoro-27-nor-9,10-seco-5,7,10(19)-cholestatriene-3,25-diol		C26H39F3O2	440.583	C1C[C@@H](C/C(=C/C=C/2\CCC[C@]3([C@]2(CC[C@]3([H])[C@](CCCC(C(F)(F)F)O)([H])C)[H])C)/C1=C)O		
CHEBI:137138	(5Z,7E)-(3S)-3-hydroxy-9,10-seco-5,7,10(19)-cholatrien-24-oic acid		C24H36O3	372.542	C1C[C@@H](C/C(=C/C=C/2\CCC[C@]3([C@]2(CC[C@]3([H])[C@](CCC(O)=O)([H])C)[H])C)/C1=C)O		
CHEBI:137139	(5Z,7E)-9,10-seco-5,7,10(19)-cholestatriene		C27H44	368.639	C/1(\[C@]2([C@](CCC1)([C@](CC2)([C@@](CCCC(C)C)(C)[H])[H])C)[H])=C/C=C\3/CCCCC3=C		
CHEBI:137140	(5Z,7E,22E)-(1S,3R)-9,10-seco-5,7,10(19),22-cholestatetraene-1,3-diol		C27H42O2	398.622	[C@@H]1(C[C@@H](C/C(=C/C=C/2\CCC[C@]3([C@]2(CC[C@@]3([C@@](/C=C/CC(C)C)(C)[H])[H])[H])C)/C1=C)O)O		
CHEBI:137141	(7E)-(1S,3R,6R)-6,19-epidioxy-9,10-seco-5(10),7-cholestadiene-1,3-diol		C27H44O4	432.637	[C@@H]1(C[C@@H](C2=C(C1)[C@](OOC2)(/C=C/3\CCC[C@]4([C@]3(CC[C@]4([H])[C@](CCCC(C)C)([H])C)[H])C)[H])O)O		
CHEBI:137247	cholesteryl 11-hydroperoxy-eicosatetraenoate		C47H76O4	705.106	C(\CCCC(=O)O[C@H]1CC[C@]2(C(C1)=CC[C@@]3([C@@]2(CC[C@]4([C@]3(CC[C@@]4([C@@](CCCC(C)C)(C)[H])[H])[H])C)[H])[H])C)=C\C/C=C\CC(/C=C/C=C\CCCCC)OO		
CHEBI:137551	CE(22:5)		C49H78O2	413.657	C1[C@@]2([C@]3(CC[C@]4([C@]([C@@]3(CC=C2C[C@H](C1)OC(=O)*)[H])(CC[C@@]4([C@H](C)CCCC(C)C)[H])[H])C)[H])C		
CHEBI:137552	CE(16:1)		C43H74O2	413.657	C1[C@@]2([C@]3(CC[C@]4([C@]([C@@]3(CC=C2C[C@H](C1)OC(=O)*)[H])(CC[C@@]4([C@H](C)CCCC(C)C)[H])[H])C)[H])C		
CHEBI:137554	CE(17:1)		C44H76O2	413.657	C1[C@@]2([C@]3(CC[C@]4([C@]([C@@]3(CC=C2C[C@H](C1)OC(=O)*)[H])(CC[C@@]4([C@H](C)CCCC(C)C)[H])[H])C)[H])C		
CHEBI:137555	CE(17:2)		C44H74O2	413.657	C1[C@@]2([C@]3(CC[C@]4([C@]([C@@]3(CC=C2C[C@H](C1)OC(=O)*)[H])(CC[C@@]4([C@H](C)CCCC(C)C)[H])[H])C)[H])C		
CHEBI:137556	CE(19:2)		C46H78O2	413.657	C1[C@@]2([C@]3(CC[C@]4([C@]([C@@]3(CC=C2C[C@H](C1)OC(=O)*)[H])(CC[C@@]4([C@H](C)CCCC(C)C)[H])[H])C)[H])C		
CHEBI:137557	CE(19:3)		C46H76O2	413.657	C1[C@@]2([C@]3(CC[C@]4([C@]([C@@]3(CC=C2C[C@H](C1)OC(=O)*)[H])(CC[C@@]4([C@H](C)CCCC(C)C)[H])[H])C)[H])C		
CHEBI:137730	3-fluoro-9,10-secocholesta-5,7,10(19)-triene		C27H43F	386.630	C/1(\[C@]2([C@](CCC1)([C@](CC2)([C@@](CCCC(C)C)(C)[H])[H])C)[H])=C/C=C\3/C[C@H](CCC3=C)F		
CHEBI:137764	4,4-difluoro-1alpha-hydroxyvitamin D3		C27H42F2O2	436.619	[C@@H]1(C[C@H](C(/C(=C/C=C/2\CCC[C@]3([C@]2(CC[C@]3([H])[C@](CCCC(C)C)([H])C)[H])C)/C1=C)(F)F)O)O		
CHEBI:137786	(22E)-3beta-hydroxy-5alpha-chola-7,22-dien-24-oic acid		C24H36O3	372.542	C1C[C@@H](C[C@@]2(CC=C3[C@](CC[C@]4([C@]3(CC[C@@]4([C@@](/C=C/C(=O)O)(C)[H])[H])[H])C)([C@@]12C)[H])[H])O		
CHEBI:137823	9,14,19,19,19-pentadeuterio-1alpha,25-dihydroxyprevitamin D3		C27H39D5O3	416.637	C(=C\C1=C(CC[C@]2([C@]1(CC[C@]2([H])[C@](CCCC(C)(C)O)([H])C)[2H])C)[2H])\C3=C([C@H](C[C@@H](C3)O)O)C([2H])([2H])[2H]		
CHEBI:138331	cholesteryl icosatrienoate		C47H78O2	413.657	C1[C@@]2([C@]3(CC[C@]4([C@]([C@@]3(CC=C2C[C@H](C1)OC(=O)*)[H])(CC[C@@]4([C@H](C)CCCC(C)C)[H])[H])C)[H])C		
CHEBI:138778	19-nor-5-androstenediol		C18H28O2	276.414	[C@]12(CC=C3[C@@]([C@]1(CC[C@]4([C@]2(CCC4O)[H])C)[H])(CCC(C3)O)[H])[H]		
CHEBI:138875	Condurango glycoside A0		C59H88O22	1149.319	C1[C@@H](C[C@]2([C@](C1)([C@@]3([C@@](CC2)([C@@]4([C@]([C@@H]([C@H]3OC(C)=O)OC(=O)/C=C/C5=CC=CC=C5)([C@H](CC4)C(C)=O)C)O)[H])[H])C)[H])O[C@@H]6O[C@@H]([C@H]([C@H](C6)OC)O[C@@H]7O[C@@H]([C@H]([C@@H](C7)OC)O[C@@H]8O[C@@H]([C@H]([C@H]([C@H]8O)OC)O[C@@H]9O[C@@H]([C@H]([C@@H]([C@H]9O)O)O)CO)C)C)C		
CHEBI:139135	6,7-diketolithocholic acid		C24H36O5	404.541	[C@]12(C)[C@](CC[C@@]1([C@@H](CCC(=O)O)C)[H])([H])[C@]3([C@]([H])(CC2)[C@@]4([C@@](C[C@@H](CC4)O)(C(C3=O)=O)[H])C)[H]		
CHEBI:141204	cholestane-3,7,12,25-tetrol-3-glucuronide		C33H56O10	612.793	O[C@H]1[C@]2(C(C3C([C@@]4(C(C[C@@H]3O)CC(O[C@@H]5O[C@@H]([C@@H](O)[C@@H](O)[C@H]5O)C(O)=O)CC4)C)C1)CC[C@@]2([C@@H](CCCC(O)(C)C)C)[H])C		
CHEBI:141505	Polypodoside C		C40H64O13	752.930	O1C(C(C2C3(C(C=4C(C5(C(CC(OC6OC(C(O)C(O)C6O)CO)CC5)C(=O)C4)C)CC3)CC2)C)C)CCC(C1OC7OC(C(O)C(OC)C7O)C)C		
CHEBI:143066	Tuberoside J		C39H64O14	756.919	O1C2C(C3(C(C4C(C5(C(CC4)CC(OC6OC(C(O)C(O)C6OC7OC(C(O)C(O)C7O)C)CO)C(O)C5)C)CC3)C2)C)C(C18OCC(CC8)CO)C		
CHEBI:143312	(1S,7R,9bR)-9b-fluoro-1,9a,11a-trimethyl-2H,3H,3aH,3bH,4H,5H,7H,8H,9H,10H,11H-cyclopenta[a]phenanthrene-1,5,7,10-tetrol		C20H31FO4	354.457	F[C@@]12C3(C(=C[C@H](O)CC3)C(O)CC1C4CC[C@@](C4(CC2O)C)(O)C)C		
CHEBI:143313	(1S,9bR)-9b-fluoro-1,5,10-trihydroxy-1,9a-dimethyl-2H,3H,3bH,4H,5H,5aH,6H,8H,9H,10H,11H-cyclopenta[a]phenanthren-7-one		C19H27FO4	338.414	F[C@@]12C3(C(C(O)CC1C=4CC[C@@](C4CC2O)(O)C)CC(=O)CC3)C		
CHEBI:143314	(1S,9bR)-9b-fluoro-1,5,10-trihydroxy-1,9a,11a-trimethyl-2H,3H,3aH,3bH,4H,5H,8H,9H,10H,11H-cyclopenta[a]phenanthren-7-one		C20H29FO4	352.441	F[C@@]12C3(C(=CC(=O)CC3)C(O)CC1C4CC[C@@](C4(CC2O)C)(O)C)C		
CHEBI:143315	(1S,9bR)-9b-fluoro-1,10-dihydroxy-1,9a-dimethyl-2H,3H,3bH,4H,5H,8H,9H,10H,11H-cyclopenta[a]phenanthren-7-one		C19H25FO3	320.399	F[C@@]12C3(C(=CC(=O)CC3)CCC1C=4CC[C@@](C4CC2O)(O)C)C		
CHEBI:143316	1S,7R,9bR)-9b-fluoro-1,9a,11a-trimethyl-2H,3H,3aH,3bH,4H,5H,7H,8H,9H,10H,11H-cyclopenta[a]phenanthrene-1,7,10-triol		C20H31FO3	338.457	F[C@@]12C3(C(=C[C@H](O)CC3)CCC1C4CC[C@@](C4(CC2O)C)(O)C)C		
CHEBI:143317	(7R,9bR)-9b-fluoro-1,1,9a-trimethyl-2H,3H,3bH,4H,5H,7H,8H,9H,10H,11H-cyclopenta[a]phenanthrene-7,10-diol		C20H29FO2	320.442	F[C@@]12C3(C(=C[C@H](O)CC3)CCC1C=4CCC(C4CC2O)(C)C)C		
CHEBI:143318	(1S,5aR,9bR)-9b-fluoro-1-hydroxy-1,9a,11a-trimethyl-2H,3H,3aH,3bH,4H,5H,5aH,6H,8H,9H-cyclopenta[a]phenanthren-7-one		C20H29FO2	320.442	F[C@@]12C=CC3([C@@](O)(C)CCC3C1CC[C@@H]4C2(CCC(C4)=O)C)C		
CHEBI:143319	(9bR)-9b-fluoro-5,10-dihydroxy-1,1,9a-trimethyl-2H,3H,3bH,4H,5H,8H,9H,10H,11H-cyclopenta[a]phenanthren-7-one		C20H27FO3	334.426	F[C@@]12C3(C(=CC(=O)CC3)C(O)CC1C=4CCC(C4CC2O)(C)C)C		
CHEBI:143320	(9R,17S)-9-fluoro-17-hydroxy-10,13,17-trimethyl-2,6,7,8,12,14,15,16-octahydro-1H-cyclopenta[a]phenanthrene-3,11-dione		C20H27FO3	334.426	F[C@@]12C(=O)CC3([C@@](O)(C)CCC3C1CCC=4C2(CCC(C4)=O)C)C		
CHEBI:143321	(1S,9bR)-9b-fluoro-1,5-dihydroxy-1,9a,11a-trimethyl-2H,3H,3aH,3bH,4H,5H,8H,9H,11H-cyclopenta[a]phenanthrene-7,10-dione		C20H27FO4	350.425	F[C@@]12C(=O)CC3([C@@](O)(C)CCC3C1CC(C=4C2(CCC(C4)=O)C)O)C		
CHEBI:143322	(1S,9bR)-9b-fluoro-1,5,10-trihydroxy-1,9a,11a-trimethyl-dodecahydrocyclopenta[a]phenanthren-7-one		C20H31FO4	354.457	F[C@@]12C3(C(C(O)CC1C4CC[C@@](C4(CC2O)C)(O)C)CC(=O)CC3)C		
CHEBI:143323	(1S,9bR)-9b-fluoro-1-hydroxy-1,9a,11a-trimethyl-decahydrocyclopenta[a]phenanthrene-5,7,10-trione		C20H27FO4	350.425	F[C@@]12C(=O)CC3([C@@](O)(C)CCC3C1CC(C4C2(CCC(C4)=O)C)=O)C		
CHEBI:143324	(1R,9bR)-9b-fluoro-1,2,5,10-tetrahydroxy-1,9a,11a-trimethyl-2H,3H,3aH,3bH,4H,5H,8H,9H,10H,11H-cyclopenta[a]phenanthren-7-one		C20H29FO5	368.440	F[C@@]12C3(C(=CC(=O)CC3)C(O)CC1C4CC(O)[C@@](C4(CC2O)C)(O)C)C		
CHEBI:143325	(1S,5aS,9bR)-9b-fluoro-1-hydroxy-1,9a,11a-trimethyl-2H,3H,3aH,3bH,4H,5H,5aH,6H,8H,9H-cyclopenta[a]phenanthren-7-one		C20H29FO2	320.442	F[C@@]12C=CC3([C@@](O)(C)CCC3C1CC[C@H]4C2(CCC(C4)=O)C)C		
CHEBI:143326	(1S,9aS,9bR,11aS)-9b-fluoro-1-hydroxy-1,9a,11a-trimethyl-2H,3H,3aH,3bH,4H,5H,8H,9H,11H-cyclopenta[a]phenanthrene-7,10-dione		C20H27FO3	334.426	F[C@@]12C(=O)C[C@]3([C@@](O)(C)CCC3C1CCC=4[C@]2(CCC(C4)=O)C)C		
CHEBI:143357	(1R)-1-ethynyl-1-hydroxy-8-(hydroxymethyl)-9a,11a-dimethyl-2H,3H,3aH,3bH,4H,5H,8H,9H,9bH,10H,11H-cyclopenta[a]phenanthren-7-one		C22H30O3	342.473	O=C1C=C2C(C3C(C4C([C@](O)(C#C)CC4)(C)CC3)CC2)(C)CC1CO		
CHEBI:143451	3-(17-hydroxy-10,13-dimethyl-3-oxo-2,6,7,8,9,11,12,14,15,16-decahydro-1H-cyclopenta[a]phenanthren-17-yl)propanoic acid		C22H32O4	360.488	O=C1C=C2C(C3C(C4C(C(O)(CCC(=O)O)CC4)(C)CC3)CC2)(C)CC1		
CHEBI:143459	17-Hydroxy-3-oxo-17alpha-pregna-4,6-diene-21-carboxylic acid		C22H30O4	358.472	O=C1C=C2C=CC3C4C(C(O)(CCC(=O)O)CC4)(C)CCC3C2(C)CC1		
CHEBI:143500	(2S,3S,4R,5S,6R)-6-({3-[(1R,3aS,3bR,9aR,9bS,11aS)-1-hydroxy-9a,11a-dimethyl-7-oxo-2H,3H,3aH,3bH,8H,9H,9bH,10H,11H-cyclopenta[a]phenanthren-1-yl]propanoyl}oxy)-3,4,5-trihydroxyoxane-2-carboxylic acid		C28H38O10	534.596	O=C1C=C2C=C[C@@H]3[C@@H]4[C@@]([C@@](O)(CCC(=O)O[C@@H]5O[C@@H](C(=O)O)[C@H](O)[C@@H]([C@H]5O)O)CC4)(C)CC[C@H]3[C@]2(C)CC1		
CHEBI:143502	(9bR)-9b-fluoro-5,10-dihydroxy-1,1,9a-trimethyl-2H,3H,3bH,4H,5H,5aH,6H,8H,9H,10H,11H-cyclopenta[a]phenanthren-7-one		C20H29FO3	336.442	F[C@@]12C3(C(C(O)CC1C=4CCC(C4CC2O)(C)C)CC(=O)CC3)C		
CHEBI:143503	(9bR)-9b-fluoro-10-hydroxy-1,1,9a-trimethyl-2H,3H,3bH,4H,5H,8H,9H,10H,11H-cyclopenta[a]phenanthren-7-one		C20H27FO2	318.426	F[C@@]12C3(C(=CC(=O)CC3)CCC1C=4CCC(C4CC2O)(C)C)C		
CHEBI:143504	(1S,9bR)-9b-fluoro-1-hydroxy-1,9a,11a-trimethyl-2H,3H,3aH,3bH,4H,5H,5aH,6H,8H,9H-cyclopenta[a]phenanthren-7-one		C20H29FO2	320.442	F[C@@]12C=CC3([C@@](O)(C)CCC3C1CCC4C2(CCC(C4)=O)C)C		
CHEBI:143505	(1S,9aS,9bR)-9b-fluoro-1-hydroxy-1,9a,11a-trimethyl-2H,3H,3aH,3bH,4H,5H,8H,9H,11H-cyclopenta[a]phenanthrene-7,10-dione		C20H27FO3	334.426	F[C@@]12C(=O)CC3([C@@](O)(C)CCC3C1CCC=4[C@]2(CCC(C4)=O)C)C		
CHEBI:143738	(3R,5R,17S)-10,13-dimethyl-2,3,4,5,6,7,8,9,11,12,14,15,16,17-tetradecahydro-1H-cyclopenta[a]phenanthrene-3,17-diol		C19H32O2	292.457	O[C@H]1C[C@@H]2C(C3C(C4C([C@@H](O)CC4)(C)CC3)CC2)(C)CC1		
CHEBI:144052	cholestan-3-ol		C27H48O	388.680	OC1CC2[C@@](C3C(C4[C@@](C(CC4)[C@@H](CCCC(C)C)C)(CC3)C)CC2)(CC1)C		
CHEBI:144128	22a-Acetoxy-3-stictanone		C32H52O3	484.755	O=C1C(C2C(C3[C@](C4(C(C5(C(C(OC(=O)C)C(C)(C)CC5)CC4)C)CC3)C)(C)CC2)(C)CC1)(C)C		
CHEBI:144390	Lolicine B		C38H51NO6	617.816	O=C1C2=C(C3=C(NC4=C3C[C@@H]5CC[C@@H]6[C@@]([C@@]45C)(CC[C@H]7[C@@]6(C=O)[C@H](O)C[C@H](O7)C(O)(C)C)C)C=C2)C[C@@H]8[C@@H]1C(OC8(C)C)(C)C		
CHEBI:144401	Terpendole G		C28H37NO4	451.599	O=C[C@]12[C@@H](O[C@H](C(O)(C)C)C[C@H]1O)CC[C@]3([C@H]2CC[C@@H]4[C@@]3(C=5NC=6C=CC=CC6C5C4)C)C		
CHEBI:144411	Samandenone		C22H33NO2	343.504	O=C1C=C2[C@H]3[C@@H]([C@@]4([C@@H](C[C@@H]5O[C@H]4CN5)CC3)C)CC[C@@]2([C@H]1C(C)C)C		
CHEBI:145212	5,6-trans-25-hydroxyvitamin D3		C27H44O2	400.647	OC(CCC[C@H]([C@@H]1[C@@]2([C@@](CC1)(/C(/CCC2)=C\C=C\3/C[C@H](O)CCC3=C)[H])C)C)(C)C		
CHEBI:145762	19-hydroxydeoxycorticosterone		C21H30O4	346.467	OC[C@@]12C3C(C4[C@@]([C@H](CC4)C(=O)CO)(CC3)C)CCC1=CC(=O)CC2		
CHEBI:146140	4alpha-hydroxymethyl-4beta-methyl-5alpha-cholest-7-en-3beta-ol		C29H50O2	430.717	C1[C@@]2([C@]3(CC[C@]4([C@](C3=CC[C@]2([C@@]([C@H](C1)O)(CO)C)[H])(CC[C@@]4([C@@H](CCCC(C)C)C)[H])[H])C)[H])C		
CHEBI:146201	omega-hydroxyfinasteride		C22H34N2O3	374.525	O=C(NC(O)(C)C)C1C2(C(C3C(C4(C(N=C(O)C=C4)CC3)C)CC2)CC1)C		
CHEBI:152049	CE 18:1(7Z)		C45H78O2	651.117	O([C@@H]1CC=2[C@@](C3C(C4[C@@](C(CC4)[C@@H](CCCC(C)C)C)(CC3)C)CC2)(CC1)C)C(CCCCC/C=C\CCCCCCCCCC)=O		
CHEBI:156005	5alpha-24E-ethylidene-cholestan-3beta-ol		C29H50O	414.718	C12[C@](CC[C@]3([C@]1(CC[C@@]3([C@](CC/C(/C(C)C)=C\C)([H])C)[H])[H])C)([C@@]4([C@@](CC2)(C[C@H](CC4)O)[H])C)[H]		
CHEBI:156130	1alpha,25-dihydroxy-26,27-ethanocholecalciferol		C29H46O3	442.684	[C@@H]1(C[C@@H](C/C(=C/C=C/2\CCC[C@]3([C@]2(CC[C@]3([H])[C@](CCCC4(O)CCCC4)([H])C)[H])C)/C1=C)O)O		
CHEBI:156153	1,25-Dihydroxyvitamin D3-26,23-lactone		C27H40O5	444.612	O1[C@@H](C[C@H]([C@@]2([C@@]3([C@@](CC2)(/C(/CCC3)=C/C=C\4/C[C@@H](O)C[C@H](O)C4=C)[H])C)[H])C)C[C@@](O)(C1=O)C		
CHEBI:156157	(24R)-24,26-dihydroxyvitamin D2		C28H44O3	428.657	O[C@](\C=C\[C@H]([C@@]1([C@@]2([C@@](CC1)(/C(/CCC2)=C/C=C\3/C[C@@H](O)CCC3=C)[H])C)[H])C)(C(CO)C)C		
CHEBI:156159	16-Dehydroepicalcitriol		C27H42O3	414.630	OC(CCC[C@@H](C=1[C@@]2([C@@](CC1)(/C(/CCC2)=C/C=C\3/C[C@@H](O)C[C@H](O)C3=C)[H])C)C)(C)C		
CHEBI:156177	(23S)-1-hydroxy-25,27-didehydrovitamin D3 26,23-lactone		C27H38O4	426.597	O1[C@@H](C[C@H]([C@@]2([C@@]3([C@@](CC2)(/C(/CCC3)=C/C=C\4/C[C@@H](O)C[C@H](O)C4=C)[H])C)[H])C)CC(C1=O)=C		
CHEBI:156181	22-Hydroxyvitamin D3		C27H44O2	400.647	O[C@@H]([C@H]([C@@]1([C@@]2([C@@](CC1)(/C(/CCC2)=C/C=C\3/C[C@@H](O)CCC3=C)[H])C)[H])C)CCC(C)C		
CHEBI:156182	22-Hydroxy Vitamin D4		C28H46O2	414.674	O[C@@H]([C@H]([C@@]1([C@@]2([C@@](CC1)(/C(/CCC2)=C/C=C\3/C[C@@H](O)CCC3=C)[H])C)[H])C)C[C@@H](C(C)C)C		
CHEBI:156186	1,25-Dihydroxy-24-oxo-16-ene-vitamin D3		C27H40O4	428.613	O=C(CC[C@H](C=1[C@@]2([C@@](CC1)(/C(/CCC2)=C/C=C\3/C[C@@H](O)C[C@H](O)C3=C)[H])C)C)C(O)(C)C		
CHEBI:157751	steroid 1,3-dione		C19H27O2R	287.417	C1C2CC(CC(C2(C3CCC4(C(C3C1)CCC4*)C)C)=O)=O		
CHEBI:157752	1-hydroxy-3-oxo steroid		C19H29O2R	289.433	C1C2CC(CC(C2(C3CCC4(C(C3C1)CCC4*)C)C)O)=O		
CHEBI:157753	1,17beta-dihydroxyandrostan-3-one		C19H30O3	306.446	C1[C@]2(CC(CC([C@@]2([C@]3(CC[C@]4([C@]([C@@]3(C1)[H])(CC[C@@H]4O)[H])C)[H])C)O)=O)[H]		
CHEBI:157754	1-hydroxy-5alpha-androstan-3,17-dione		C19H28O3	304.430	[C@@]12(CC[C@@]3(C)[C@@]([C@@]1(CC[C@@]4([C@]2(C)C(CC(C4)=O)O)[H])[H])([H])CCC3=O)[H]		
CHEBI:166729	Glycochenodeoxycholic acid 3-glucuronide		C32H51NO11	625.756	O[C@H]1[C@]2([C@]3([C@@]([C@](CC3)([C@@H](CCC(=O)NCC(O)=O)C)[H])(CC[C@@]2([C@@]4([C@](C1)(C[C@H](O[C@@H]5O[C@@H]([C@@H](O)[C@H](O)[C@H]5O)C(O)=O)CC4)[H])C)[H])C)[H])[H]		
CHEBI:166730	Glycocholenate sulfate		C26H41NO9S	543.670	S(O[C@H]1C[C@@]2([C@@]([C@@]3([C@]([C@]4([C@@]([C@](CC4)([C@H](C)/C=C/C(=O)NCC(O)=O)[H])([C@@H](O)C3)C)[H])([C@H](O)C2)[H])[H])(CC1)C)[H])(O)(=O)=O		
CHEBI:166731	Glycodehydrocholic acid		C26H37NO6	459.583	O=C1[C@]2([C@]([C@]3([C@@]([C@@]4([C@](CC3=O)(CC(=O)CC4)[H])C)(C1)[H])[H])(CC[C@@]2([C@@H](CCC(=O)NCC(O)=O)C)[H])[H])C		
CHEBI:166732	Glycohyodeoxycholic acid		C26H43NO5	449.632	O[C@@H]1[C@]2([C@@]([C@@]3([C@]([C@]4([C@@]([C@](CC4)([C@@H](CCC(=O)NCC(O)=O)C)[H])(CC3)C)[H])(C1)[H])[H])(CC[C@@H](O)C2)C)[H]		
CHEBI:166733	Glycoursocholanic acid		C26H43NO3	417.634	O=C(NCC(O)=O)CC[C@H]([C@@]1([C@@]2([C@]([C@]3([C@@]([C@@]4([C@](CC3)(CCCC4)[H])C)(CC2)[H])[H])(CC1)[H])C)[H])C		
CHEBI:166748	(24R)-1alpha,24,25-Trihydroxyvitamin D2		C28H44O4	444.656	O[C@](\C=C\[C@H]([C@@]1([C@@]2([C@@](CC1)(/C(/CCC2)=C/C=C\3/C[C@@H](O)C[C@H](O)C3=C)[H])C)[H])C)(C(O)(C)C)C		
CHEBI:166749	1-Hydroxyvitamin D3 3-D-glucopyranoside		C33H52O8	576.771	O([C@@H]1C\C(=C\C=C/2\[C@]3([C@@]([C@](CC3)([C@@H](CCCC(C)C)C)[H])(CCC2)C)[H])\C([C@@H](O)C1)=C)[C@H]4O[C@@H]([C@@H](O)[C@H](O)[C@H]4O)C(O)=O		
CHEBI:166750	(20S)-1alpha,20,25-Trihydroxyvitamin D3		C27H44O4	432.645	O[C@]([C@@]1([C@@]2([C@@](CC1)(/C(/CCC2)=C/C=C\3/C[C@@H](O)C[C@H](O)C3=C)[H])C)[H])(CCCC(O)(C)C)C		
CHEBI:166751	25-Hydroxy-26,27-dimethylvitamin D3		C29H48O2	428.701	OC(CCC[C@H]([C@@]1([C@@]2([C@@](CC1)(/C(/CCC2)=C/C=C\3/C[C@@H](O)CCC3=C)[H])C)[H])C)(CC)CC		
CHEBI:166752	25-Hydroxy[26,27-methyl]vitamin D3 3beta-(1,2-epoxypropyl)ether		C29H46O3	442.684	OC(CCC[C@H]([C@@]1([C@@]2([C@@](CC1)(/C(/CCC2)=C/C=C\3/C[C@@H](OC4OC4)CCC3=C)[H])C)[H])C)(C)C		
CHEBI:166753	25-Hydroxyvitamin D2 25-(beta-glucuronide)		C34H52O8	588.782	O(C([C@H](\C=C\[C@H]([C@@]1([C@@]2([C@@](CC1)(/C(/CCC2)=C/C=C\3/C[C@@H](O)CCC3=C)[H])C)[H])C)C)(C)C)C4O[C@@H]([C@@H](O)[C@H](O)[C@H]4O)C(O)=O		
CHEBI:166754	Vitamin D2 3-glucuronide		C34H52O7	572.783	O([C@@H]1C\C(=C\C=C/2\[C@]3([C@@]([C@](CC3)([C@H](C)/C=C/[C@@H](C(C)C)C)[H])(CCC2)C)[H])\C(CC1)=C)[C@@H]4O[C@@H]([C@@H](O)[C@H](O)[C@H]4O)C(O)=O		
CHEBI:166755	Vitamin D3 glucosiduronate		C33H52O7	560.772	O([C@@H]1C\C(=C\C=C/2\[C@]3([C@@]([C@](CC3)([C@@H](CCCC(C)C)C)[H])(CCC2)C)[H])\C(CC1)=C)[C@@H]4O[C@@H]([C@@H](O)[C@H](O)[C@H]4O)C(O)=O		
CHEBI:166756	ZK 168281		C32H46O5	510.715	O[C@@H](C1(CC1)/C=C/C(OCC)=O)\C=C\[C@H]([C@@]2([C@@]3([C@@](CC2)(/C(/CCC3)=C/C=C\4/C[C@@H](O)C[C@H](O)C4=C)[H])C)[H])C		
CHEBI:166757	3-epi-25-Hydroxyvitamin D3		C27H44O2	400.647	OC(CCC[C@H]([C@@]1([C@@]2([C@@](CC1)(/C(/CCC2)=C\C=C\3/C[C@H](O)CCC3=C)[H])C)[H])C)(C)C		
CHEBI:166759	15-Hydroxynorandrostene-3,17-dione glucuronide		C24H32O9	464.511	O([C@@H]1[C@]2([C@]3([C@](CC[C@@]2(C(=O)C1)C)([C@@]4(C(CC3)=CC(=O)CC4)[H])[H])[H])[H])[C@@H]5O[C@@H]([C@@H](O)[C@H](O)[C@H]5O)C(O)=O		
CHEBI:166760	4-Hydroxyandrostenedione glucuronide		C25H34O9	478.538	O=C1[C@@]2([C@]([C@]3([C@@]([C@@]4(C(CC3)=C(O[C@@H]5O[C@@H]([C@@H](O)[C@H](O)[C@H]5O)C(O)=O)C(=O)CC4)C)(CC2)[H])[H])(CC1)[H])C		
CHEBI:166761	Cholestanyl glucoside		C33H58O6	550.821	O([C@@H]1C[C@]2([C@@]([C@@]3([C@]([C@]4([C@@]([C@](CC4)([C@@H](CCCC(C)C)C)[H])(CC3)C)[H])(CC2)[H])[H])(CC1)C)[H])[C@@H]5OC([C@@H](O)C(O)C5O)CO		
CHEBI:166762	Cholesterol glucuronide		C33H54O7	562.788	O([C@@H]1CC=2[C@@]([C@@]3([C@]([C@]4([C@@]([C@](CC4)([C@@H](CCCC(C)C)C)[H])(CC3)C)[H])(CC2)[H])[H])(CC1)C)[C@@H]5O[C@@H]([C@@H](O)[C@H](O)[C@H]5O)C(O)=O		
CHEBI:166763	Evasterioside E		C37H64O13	716.906	O[C@]12[C@]3([C@@]([C@](C[C@@H]3O)([C@@H](CC[C@H](O[C@@H]4OC[C@@H](O)C(O)[C@@H]4O)C(C)C)C)[H])(CC[C@@]1([C@@]5([C@@]([C@H](O)C2)(C[C@@H](O[C@@H]6OC[C@@H](O)C(O)[C@@H]6O)CC5)[H])C)[H])C)[H]		
CHEBI:166765	2-Hydroxyethinylestradiol		C20H24O3	312.409	O[C@@]1([C@@]2([C@]([C@]3([C@](CC2)(C=4C(CC3)=CC(O)=C(O)C4)[H])[H])(CC1)[H])C)C#C		
CHEBI:166766	11-Hydroxyandrostenedione		C19H26O3	302.414	OC1[C@]2([C@]([C@]3([C@](C1)(C(=O)CC3)C)[H])(CCC=4[C@@]2(CCC(=O)C4)C)[H])[H]		
CHEBI:166768	4-Chloromethandienone		C20H27ClO2	334.880	ClC1=C2[C@]([C@@]3([C@]([C@]4([C@@]([C@@](O)(CC4)C)(CC3)C)[H])(CC2)[H])[H])(C)C=CC1=O		
CHEBI:166769	5-Androstene-3beta,16beta,17alpha-triol		C19H30O3	306.446	O[C@H]1[C@@]2([C@]([C@]3([C@@]([C@@]4(C(=CC3)C[C@@H](O)CC4)C)(CC2)[H])[H])(C[C@@H]1O)[H])C		
CHEBI:166771	11beta,20-Dihydroxy-3-oxopregn-4-en-21-oic acid		C21H28O5	360.450	O[C@@H]1[C@]2([C@]([C@]3([C@](C1)([C@H](CC3)C(=O)CC(O)=O)[H])[H])(CCC=4[C@@]2(CCC(=O)C4)C)[H])[H]		
CHEBI:166772	11beta-Hydroxy-3,20-dioxopregn-4-en-21-oic acid		C22H32O5	376.493	O[C@@H]1[C@]2([C@]([C@]3([C@@]([C@H](CC3)C(O)CC(O)=O)(C1)C)[H])(CCC=4[C@@]2(CCC(=O)C4)C)[H])[H]		
CHEBI:166775	17,21-Dihydroxypregn-4-en-3-one		C21H32O3	332.484	O[C@]1([C@@]2([C@]([C@]3([C@@]([C@@]4(C(CC3)=CC(=O)CC4)C)(CC2)[H])[H])(CC1)[H])C)CCO		
CHEBI:166777	3-Acetoxypregn-16-en-12,20-dione		C23H32O4	372.505	O(C1CC2[C@@]([C@@]3([C@]([C@]4([C@](C(=O)C3)(C(=CC4)C(=O)C)C)[H])(CC2)[H])[H])(CC1)C)C(=O)C		
CHEBI:166779	3beta-Allotetrahydrocortisol		C21H34O5	366.498	O[C@@H]1[C@]2([C@]([C@]3([C@](C1)([C@](O)(CC3)C(=O)CO)C)[H])(CC[C@@]4([C@@]2(CC[C@H](O)C4)C)[H])[H])[H]		
CHEBI:166783	Spongipregnoloside A		C33H52O11	624.768	O([C@@H]1CC=2[C@@]([C@@]3([C@]([C@]4([C@](CC3)([C@H](CC4)C(=O)C)C)[H])(CC2)[H])[H])(CC1)C)[C@@H]5OC([C@@H](O)[C@H](O)C5O[C@@H]6OC([C@H](O)C(O)[C@@H]6O)C)CO		
CHEBI:166784	Campesterol ester(18:2)		C46H78O2	663.128	O([C@@H]1CC=2[C@@]([C@@]3([C@]([C@]4([C@@]([C@](CC4)([C@@H](CC[C@H](C(C)C)C)C)[H])(CC3)C)[H])(CC2)[H])[H])(CC1)C)C(=O)CCCCCCC/C=C\C/C=C\CCCCC		
CHEBI:166786	Dolicholide		C28H46O6	478.670	O1C[C@]2([C@]3([C@@]([C@](CC3)([C@@H]([C@@H](O)[C@H](O)C(C(C)C)=C)C)[H])(CC[C@@]2([C@@]4([C@](C[C@H](O)[C@H](O)C4)(C1=O)[H])C)[H])C)[H])[H]		
CHEBI:166789	24-Norcholesterol		C26H44O	372.637	O[C@@H]1CC=2[C@@]([C@@]3([C@]([C@]4([C@@]([C@](CC4)([C@@H](CCC(C)C)C)[H])(CC3)C)[H])(CC2)[H])[H])(CC1)C		
CHEBI:166814	Demissidine		C27H45NO	399.663	O[C@@H]1C[C@]2([C@@]([C@@]3([C@]([C@]4([C@@]([C@@]5([C@@](N6[C@@]([C@H]5C)(CC[C@@H](C6)C)[H])(C4)[H])[H])(CC3)C)[H])(CC2)[H])[H])(CC1)C)[H]		
CHEBI:166815	Tomatidinol		C27H43NO2	413.646	O1[C@@]2([C@@]([C@@]3([C@]([C@]4([C@](CC3)([C@@]5(C(=CC4)C[C@@H](O)CC5)C)[H])[H])(C2)[H])C)([C@@H]([C@@]16NCC(CC6)C)C)[H])[H]		
CHEBI:167444	1,24(S)-dihydroxyvitamin D2		C28H44O3	428.657	C[C@H](/C=C/[C@](C)(C(C)C)O)[C@H]1CCC2/C(/CCC[C@@]21C)=C/C=C/3\C([C@H](C[C@@H](C3)O)O)=C		
CHEBI:167505	5-Dihydrocortisol		C21H32O5	364.482	O[C@@H]1[C@]2([C@]([C@]3([C@](C1)([C@](O)(CC3)C(=O)CO)C)[H])(CC[C@@]4([C@@]2(CCC(=O)C4)C)[H])[H])[H]		
CHEBI:167507	6-methylprevitamin D		C28H46O	398.675	O[C@@H]1CC(\C(=C\C=2[C@]3([C@@]([C@](CC3)([C@@H](CCCC(C)C)C)[H])(CCC2)C)[H])\C)=C(CC1)C		
CHEBI:167833	6-hydroxycortisol		C21H30O6	378.465	O=C1C=C2[C@]([C@H]3[C@@H](O)C[C@@]4([C@@](O)(C(=O)CO)CC[C@H]4[C@@H]3CC2O)C)(C)CC1		
CHEBI:167840	Methyldienolone		C19H26O2	286.415	O=C1C=C2C(=C3[C@H]([C@H]4[C@]([C@](O)(C)CC4)(C)CC3)CC2)CC1		
CHEBI:167841	11-hydroxy-17-methyltestosterone		C20H30O3	318.457	O=C1C=C2[C@]([C@H]3C(O)C[C@@]4([C@](O)(C)CC[C@H]4[C@@H]3CC2)C)(C)CC1		
CHEBI:168025	Homodolicholide		C29H48O6	492.697	O1CC2C3C(C(CC3)C(C(O)C(O)/C(/C(C)C)=C/C)C)(CCC2C4(C(CC(O)C(O)C4)C1=O)C)C		
CHEBI:168147	16-Glutaryloxy-1alpha,25-dihydroxyvitamin D3		C32H50O7	546.745	O([C@H]1[C@@]([C@@]2([C@@](C1)(/C(/CCC2)=C/C=C\3/C[C@@H](O)C[C@H](O)C3=C)[H])C)([C@@H](CCCC(O)(C)C)C)[H])C(=O)CCCC(O)=O		
CHEBI:168197	1alpha,25-dihydroxy-24a-homo-22-thiavitamin D3 / 1alpha,25-dihydroxy-24a-homo-22-thiacholecalciferol		C27H44O3S	448.710	S([C@H]([C@@]1([C@@]2([C@@](CC1)(/C(/CCC2)=C/C=C\3/C[C@@H](O)C[C@H](O)C3=C)[H])C)[H])C)CCCC(O)(C)C		
CHEBI:168232	(20S)-1alpha,20-dihydroxy-22,23,24,25,26,27-hexanorvitamin D3 / (20S)-1alpha,20-dihydroxy-22,23,24,25,26,27-hexanorcholecalciferol		C21H32O3	332.484	O[C@H]([C@@]1([C@@]2([C@@](CC1)(/C(/CCC2)=C/C=C\3/C[C@@H](O)C[C@H](O)C3=C)[H])C)[H])C		
CHEBI:168312	(22E,24E)-1alpha,25-dihydroxy-26,27-diethyl-22,23,24,24a-tetradehydro-24a-homovitamin D3 / (22E,24E)-1alpha,25-dihydroxy-26,27-diethyl-22,23,24,24a-tetradehydro-24a-homocholecalciferol		C32H50O3	482.749	O[C@@H]1C\C(=C\C=C/2\[C@]3([C@@]([C@](CC3)([C@H](C)/C=C/C=C/C(O)(CCC)CCC)[H])(CCC2)C)[H])\C([C@@H](O)C1)=C		
CHEBI:168345	3-keto Fusidic acid		C31H46O6	514.703	O[C@H]1[C@@]2([C@@]([C@@]3([C@@](C1)(/C(/[C@@H](OC(=O)C)C3)=C(\CCC=C(C)C)/C(O)=O)[H])C)(CC[C@@]4([C@@]2(CCC(=O)[C@H]4C)C)[H])C)[H]		
CHEBI:168387	(24R)-1alpha,24,25,26-tetrahydroxyvitamin D2 / (24R)-1alpha,24,25,26-tetrahydroxyergocalciferol		C28H44O5	460.655	O[C@](\C=C\[C@H]([C@@]1([C@@]2([C@@](CC1)(/C(/CCC2)=C/C=C\3/C[C@@H](O)C[C@H](O)C3=C)[H])C)[H])C)(C(O)(CO)C)C		
CHEBI:168395	3a,16b-Dihydroxyandrostenone		C19H28O3	304.430	O[C@H]1C[C@]2([C@]3([C@@]([C@@]4(C(=CC3)C[C@H](O)CC4)C)(CC[C@@]2(C1=O)C)[H])[H])[H]		
CHEBI:168482	26,26,26-trifluoro-25-hydroxyvitamin D3 / 26,26,26-trifluoro-25-hydroxycholecalciferol		C27H41F3O2	454.618	FC(F)(F)C(O)(CCC[C@H]([C@@]1([C@@]2([C@@](CC1)(/C(/CCC2)=C/C=C\3/C[C@@H](O)CCC3=C)[H])C)[H])C)C		
CHEBI:168604	1alpha-hydroxy-22-(3-methylphenyl)-23,24,25,26,27-pentanorvitamin D3 / 1alpha-hydroxy-22-(3-methylphenyl)-23,24,25,26,27-pentanorcholecalciferol		C29H40O2	420.637	O[C@@H]1C\C(=C\C=C/2\[C@]3([C@@]([C@](CC3)([C@@H](CC=4C=C(C=CC4)C)C)[H])(CCC2)C)[H])\C([C@@H](O)C1)=C		
CHEBI:168694	1alpha,25-dihydroxy-2beta-(2-hydroxyethoxy)vitamin D3 / 1alpha,25-dihydroxy-2beta-(2-hydroxyethoxy)cholecalciferol		C29H48O5	476.698	OC(CCC[C@H]([C@@]1([C@@]2([C@@](CC1)(/C(/CCC2)=C/C=C\3/C[C@@H](O)[C@@H](OCCO)[C@H](O)C3=C)[H])C)[H])C)(C)C		
CHEBI:168701	(25R)-26,26,26-trifluoro-1alpha,25-dihydroxyvitamin D3 / (25R)-26,26,26-trifluoro-1alpha,25-dihydroxycholecalciferol		C27H41F3O3	470.617	FC(F)(F)[C@](O)(CCC[C@H]([C@@]1([C@@]2([C@@](CC1)(/C(/CCC2)=C/C=C\3/C[C@@H](O)C[C@H](O)C3=C)[H])C)[H])C)C		
CHEBI:168709	(3beta,17alpha,23S)-17,23-Epoxy-3,29-dihydroxy-27-norlanosta-7,9(11)-diene-15,24-dione		C29H42O5	470.650	O1C2(C3(C(C=4C(C5(C(C(C(O)CC5)(CO)C)CC4)C)=CC3)(C(=O)C2)C)C)C(CC1C(=O)CC)C		
CHEBI:168812	EB 1213		C31H44O4	480.689	O(C[C@H]([C@@]1([C@@]2([C@@](CC1)(/C(/CCC2)=C/C=C\3/C[C@@H](O)C[C@H](O)C3=C)[H])C)[H])C)C=4C=C(C=CC4)C(O)(C)C		
CHEBI:168834	24a,24b-epoxy-23-tetradehydro-24a,24b-dihomo-1alpha,25-dihydroxyvitamin D3 / 24a,24b-epoxy-23-tetradehydro-24a,24b-dihomo-1alpha,25-dihydroxycholecalciferol		C29H42O4	454.651	O1C(C1C(O)(C)C)C#CC[C@H]([C@@]2([C@@]3([C@@](CC2)(/C(/CCC3)=C/C=C\4/C[C@@H](O)C[C@H](O)C4=C)[H])C)[H])C		
CHEBI:168865	1alpha,25-dihydroxy-2beta-(3-hydroxypropoxy)-19-norvitamin D3 / 1alpha,25-dihydroxy-2beta-(3-hydroxypropoxy)-19-norcholecalciferol		C29H50O5	478.714	OC(CCC[C@H]([C@@]1([C@@]2([C@@](CC1)(/C(/CCC2)=C/C=C/3\C[C@@H](O)C(OCCCO)[C@H](O)C3)[H])C)[H])C)(C)C		
CHEBI:168910	1,25-dihydroxy-22-oxavitamin D3 3-hemiglutarate/ 1,25-dihydroxy-22-oxacholecalciferol 3-hemiglutarate		C31H48O7	532.718	O([C@H]([C@@]1([C@@]2([C@@](CC1)(/C(/CCC2)=C/C=C\3/C[C@@H](OC(=O)CCCC(O)=O)C[C@H](O)C3=C)[H])C)[H])C)CCC(O)(C)C		
CHEBI:168931	(22S)-1alpha,22,25-trihydroxy-26,27-dimethyl-23,23,24,24-tetradehydro-24a,24b,24c-trihomovitamin D3 / (22S)-1alpha,22,25-trihydroxy-26,27-dimethyl-23,23,24,24-tetradehydro-24a,24b,24c-trihomocholecalciferol		C32H50O4	498.748	O[C@@H]([C@H]([C@@]1([C@@]2([C@@](CC1)(/C(/CCC2)=C/C=C\3/C[C@@H](O)C[C@H](O)C3=C)[H])C)[H])C)C#CCCCC(O)(CC)CC		
CHEBI:168977	6alpha,9alpha-Difluoroprednisolone-17-butyrate		C25H32F2O6	466.522	F[C@@]12[C@]([C@]3([C@@]([C@](OC(=O)CCC)(CC3)C(=O)CO)(C[C@@H]1O)C)[H])(C[C@H](F)C=4[C@]2(C)C=CC(=O)C4)[H]		
CHEBI:168999	3-alpha,20-alpha-dihydroxy-5-beta-pregnane 3-glucuronide		C27H44O8	496.641	O(C1CC2C(C3C(C4C(C(CC4)C(O)C)(CC3)C)CC2)(CC1)C)C5OC(C(O)C(O)C5O)C(O)=O		
CHEBI:169000	(6E)-(8S)-8,25-dihydroxy-9,10-seco-4,6,10(19)-cholestatrien-3-one		C27H42O3	414.630	O[C@]1([C@]2([C@@]([C@](CC2)([C@@H](CCCC(O)(C)C)C)[H])(CCC1)C)[H])/C=C/C=3C(CCC(=O)C3)=C		
CHEBI:169042	Notoginsenoside R10		C30H50O9	554.721	O(C1C2C(C3C(C4(C(C(O)C3)C(CC4)C(=O)C)C)(C1)C)(CCC(O)C2(C)C)C)C5OC(C(O)C(O)C5O)CO		
CHEBI:169096	Jurubine		C33H57NO8	595.818	O1[C@@]2([C@@]([C@@]3([C@]([C@]4([C@@]([C@@]5([C@@](CC4)(C[C@@H](N)CC5)[H])C)(CC3)[H])[H])(C2)[H])C)([C@@H]([C@@]1(O)CC[C@H](CO[C@@H]6O[C@@H]([C@@H](O)C(O)C6O)CO)C)C)[H])[H]		
CHEBI:169216	1alpha,24,25,28-tetrahydroxyvitamin D2 / 1alpha,24,25,28-tetrahydroxyergocalciferol		C28H44O5	460.655	O[C@](\C=C\[C@H]([C@@]1([C@@]2([C@@](CC1)(/C(/CCC2)=C/C=C\3/C[C@@H](O)C[C@H](O)C3=C)[H])C)[H])C)(C(O)(C)C)CO		
CHEBI:169354	(23E)-26,26,26,27,27,27-hexafluoro-1alpha,25-dihydroxy-23,24-didehydrovitamin D3 / (23E)-26,26,26,27,27,27-hexafluoro-1alpha,25-dihydroxy-23,24-didehydrocholecalciferol		C27H36F6O3	522.572	FC(F)(F)C(O)(\C=C\C[C@H]([C@@]1([C@@]2([C@@](CC1)(/C(/CCC2)=C/C=C\3/C[C@@H](O)C[C@H](O)C3=C)[H])C)[H])C)C(F)(F)F		
CHEBI:169402	VD 2716		C30H42O3S	482.720	S(C[C@H](C=1[C@@]2([C@@](CC1)(/C(/CCC2)=C/C=C/3\C[C@@H](O)C[C@H](O)C3)[H])C)C)C=4C=C(C(O)(C)C)C=CC4		
CHEBI:169404	1alpha,25-dihydroxy-26,27-dimethyl-20,21,22,22,23,23-hexadehydrovitamin D3 / 1alpha,25-dihydroxy-26,27-dimethyl-20,21,22,22,23,23-hexadehydrocholecalciferol		C29H42O3	438.652	O[C@@H]1C\C(=C\C=C/2\[C@]3([C@@]([C@H](CC3)C(=C)C#CCC(O)(CC)CC)(CCC2)C)[H])\C([C@@H](O)C1)=C		
CHEBI:169498	1alpha,25-dihydroxy-(26,26)-(27,27)-diethanovitamin D3 / 1alpha,25-dihydroxy-(26,26)-(27,27)-diethanocholecalciferol		C31H48O3	468.722	OC(C1CC1)(C2CC2)CCC[C@H]([C@@]3([C@@]4([C@@](CC3)(/C(/CCC4)=C/C=C\5/C[C@@H](O)C[C@H](O)C5=C)[H])C)[H])C		
CHEBI:169527	1alpha,25-dihydroxy-20-epivitamin D2 / 1alpha,25-dihydroxy-20-epiergocalciferol		C28H44O3	428.657	OC([C@H](\C=C\[C@@H]([C@@]1([C@@]2([C@@](CC1)(/C(/CCC2)=C/C=C\3/C[C@@H](O)C[C@H](O)C3=C)[H])C)[H])C)C)(C)C		
CHEBI:169552	23,23-difluoro-1alpha,25-dihydroxyvitamin D3 / 23,23-difluoro-1alpha,25-dihydroxycholecalciferol		C27H42F2O3	452.627	FC(F)(C[C@H]([C@@]1([C@@]2([C@@](CC1)(/C(/CCC2)=C/C=C\3/C[C@@H](O)C[C@H](O)C3=C)[H])C)[H])C)CC(O)(C)C		
CHEBI:169646	CE(15D5)		C53H90O3	775.300	O(C1CC=2C(C3C(C4C(C(CC4)C(CCCC(C)C)C)(CC3)C)CC2)(CC1)C)C(=O)CCCCCCCCCCCCCCC=5OC(=C(C5C)C)CCCCC		
CHEBI:169672	11alpha-Hemiglutaryloxy-1,25-dihydroxyvitamin D3		C33H52O6	544.773	O=C(C[C@@H]1C[C@@]2([C@](CC[C@]2(/C(/C1)=C/C=C\3/C[C@@H](O)C[C@H](O)C3=C)[H])([C@@H](CCCC(O)(C)C)C)[H])C)CCCC(O)=O		
CHEBI:169808	1alpha,25-dihydroxy-2beta-(6-hydroxyhexyl)vitamin D3 / 1alpha,25-dihydroxy-2beta-(6-hydroxyhexyl)cholecalciferol		C33H56O4	516.807	OC(CCC[C@H]([C@@]1([C@@]2([C@@](CC1)(/C(/CCC2)=C/C=C\3/C[C@@H](O)[C@H]([C@H](O)C3=C)CCCCCCO)[H])C)[H])C)(C)C		
CHEBI:169816	soladulcidine		C27H45NO2	415.662	O1[C@@]2([C@@]([C@@]3([C@]([C@]4([C@@]([C@@]5([C@@](CC4)(C[C@@H](O)CC5)[H])C)(CC3)[H])[H])(C2)[H])C)([C@@H]([C@]16NC[C@@H](CC6)C)C)[H])[H]		
CHEBI:169835	(23Z)-25-hydroxy-16,17,23,24-tetradehydrovitamin D3 / (23Z)-25-hydroxy-16,17,23,24-tetradehydrocholecalciferol		C27H40O2	396.615	O[C@@H]1C\C(=C\C=C/2\[C@]3([C@](CCC2)(C(=CC3)[C@@H](C/C=C\C(O)(C)C)C)C)[H])\C(CC1)=C		
CHEBI:169837	Alliospiroside D		C39H62O14	754.911	O1C2C(C3(C(C4C(CC3)C5(C(=CC4)CC(O)CC5OC6OC(C(O)C(O)C6OC7OC(C(O)C(O)C7O)C)CO)C)C2)C)C(C18OCC(C(O)C8)C)C		
CHEBI:169892	Asparagoside B		C33H56O9	596.802	O1[C@@]2([C@@]([C@@]3([C@]([C@]4([C@@]([C@@]5([C@](CC4)(C[C@@H](O)CC5)[H])C)(CC3)[H])[H])(C2)[H])C)([C@@H]([C@@]1(O)CC[C@@H](CO[C@@H]6O[C@@H]([C@@H](O)[C@H](O)[C@H]6O)CO)C)C)[H])[H]		
CHEBI:169896	N-Nitrosotomatidine		C27H44N2O3	444.660	O1C2C(C3(C(C4C(C5(C(CC4)CC(O)CC5)C)CC3)C2)C)C(C16N(N=O)CC(CC6)C)C		
CHEBI:169898	cholest-5-en-3b-yl (13Z-docosenoate)		C49H86O2	707.225	O([C@@H]1CC=2[C@@]([C@@]3([C@]([C@]4([C@@]([C@](CC4)([C@@H](CCCC(C)C)C)[H])(CC3)C)[H])(CC2)[H])[H])(CC1)C)C(=O)CCCCCCCCCCC/C=C\CCCCCCCC		
CHEBI:169923	(6R)-vitamin D2 6,19-sulfur dioxide adduct / (6R)-ergocalciferol 6,19-sulfur dioxide adduct		C28H44O3S	460.720	S1(=O)(=O)[C@H](\C=C/2\[C@]3([C@@]([C@](CC3)([C@H](C)/C=C/[C@@H](C(C)C)C)[H])(CCC2)C)[H])C4=C(C1)CC[C@H](O)C4		
CHEBI:170867	3a,7b,12a-Trihydroxyoxocholanyl-Glycine		C26H43NO6	465.631	O[C@@H]1[C@]2([C@]([C@]3([C@@]([C@@]4([C@](C[C@@H]3O)(C[C@H](O)CC4)[H])C)(C1)[H])[H])(CC[C@@]2([C@@H](CCC(=O)NCC(O)=O)C)[H])[H])C		
CHEBI:171688	11b,21-Dihydroxy-3,20-oxo-5b-pregnan-18-al		C21H30O5	362.466	O[C@@H]1[C@]2([C@]([C@]3(C(C1)(C(CC3)C(=O)CO)C=O)[H])(CC[C@]4([C@@]2(CCC(=O)C4)C)[H])[H])[H]		
CHEBI:171908	25-Hydroxyvitamin D3-26,23-lactone		C27H40O4	428.613	O1[C@H](C[C@H]([C@@]2([C@@]3([C@@](CC2)(/C(/CCC3)=C/C=C/4\C[C@H](O)CCC4=C)[H])C)[H])C)C[C@@](O)(C1=O)C		
CHEBI:171954	11b,17a,21-Trihydroxypreg-nenolone		C21H32O5	364.482	O[C@]1(C2(C(C3C(C4(C(=CC3)CC(O)CC4)C)C(O)C2)CC1)C)C(=O)CO		
CHEBI:171956	3a,11b,21-Trihydroxy-20-oxo-5b-pregnan-18-al		C21H32O5	364.482	O[C@@H]1[C@]2([C@]([C@]3(C(C1)(C(CC3)C(=O)CO)C=O)[H])(CC[C@]4([C@@]2(CC[C@@H](O)C4)C)[H])[H])[H]		
CHEBI:172093	17-Desacetyl-rocuronium		C30H51N2O3.Br	567.653	[Br-].O[C@@H]1[C@@]2([C@]([C@]3([C@@]([C@@]4([C@@](CC3)(C[C@H](O)[C@@H](N5CCOCC5)C4)[H])C)(CC2)[H])[H])(C[C@@]1([N+]6(CCCC6)CC=C)[H])[H])C		
CHEBI:172122	21-Hydroxy-5b-pregnane-3,11,20-trione		C21H30O4	346.467	O=C1[C@]2([C@]([C@]3([C@@](C(CC3)C(=O)CO)(C1)C)[H])(CC[C@]4([C@@]2(CCC(=O)C4)C)[H])[H])[H]		
CHEBI:172130	Asterosterol		C26H42O	370.621	OC1CC2C(C3C(C4C(C(CC4)C(C)/C=C\C(C)C)(CC3)C)=CC2)(CC1)C		
CHEBI:172131	(3beta,22E)-26,27-Dinorergosta-5,22-dien-3-ol		C26H42O	370.621	OC1CC=2C(C3C(C4C(C(CC4)C(C)/C=C\C(C)C)(CC3)C)CC2)(CC1)C		
CHEBI:172316	beta1-Chaconine		C39H63NO10	705.930	O(C1CC=2C(C3C(C4C(C5C(N6C(C5C)CCC(C6)C)C4)(CC3)C)CC2)(CC1)C)C7OC(C(O)C(O)C7OC8OC(C(O)C(O)C8O)C)CO		
CHEBI:172555	15beta-Hydroxydesogestrel		C22H30O2	326.480	OC1([C@@]2(C([C@]3(C([C@@]4(C(CC3)=CC(O)CC4)[H])C(C2)=C)[H])CC1)CC)C#C		
CHEBI:172588	24,25,26,27-Tetranor-23-oxo-hydroxyvitamin D3		C23H34O3	358.522	O=CC[C@@H]([C@]1([C@]2([C@](CC1)(/C(/CCC2)=C/C=C/3\C[C@@H](O)C[C@@H](O)C3=C)[H])C)[H])C		
CHEBI:172643	Lucidone A		C24H34O5	402.531	O[C@@H]1C=2[C@]3([C@@]([C@H](CC3=O)C(=O)C)(CC(=O)C2[C@@]4([C@](C([C@@H](O)CC4)(C)C)(C1)[H])C)C)C		
CHEBI:172699	3,17-Androstanediol glucuronide		C25H40O8	468.587	O[C@@H]1[C@@]2([C@]([C@]3([C@@]([C@@]4([C@@](CC3)(C[C@H](OC(=O)[C@H]5O[C@@H](O)[C@H](O)[C@@H](O)[C@@H]5O)CC4)[H])C)(CC2)[H])[H])(CC1)[H])C		
CHEBI:172764	Tuberoside		C34H56O8	592.814	O[C@]12[C@@]([C@@]3(C([C@]4([C@@]([C@](CC4)([C@H](C)/C=C/[C@@H](C(C)C)C)[H])(CC3)C)[H])=C[C@H]1O)[H])(CC[C@H](O[C@@H]5O[C@@H]([C@@H](O)[C@H](O)[C@H]5O)CO)C2)C		
CHEBI:172787	Campesteryl alpha-linolenate		C46H76O2	661.112	O(C1CC=2C(C3C(C4C(C(CC4)C(CCC(C(C)C)C)C)(CC3)C)CC2)(CC1)C)C(=O)CCCCCCC/C=C\C/C=C\C/C=C\CC		
CHEBI:172847	alpha-Solamarine		C45H73NO16	884.070	O1[C@@]2([C@@]([C@@]3([C@]([C@]4([C@](CC3)([C@@]5(C(=CC4)C[C@@H](O[C@@H]6O[C@@H]([C@H](O)[C@H](O[C@@H]7O[C@@H]([C@@H](O)[C@H](O)[C@H]7O)CO)[C@H]6O[C@@H]8O[C@H]([C@H](O)[C@@H](O)[C@H]8O)C)CO)CC5)C)[H])[H])(C2)[H])C)([C@@H]([C@@]19NC[C@H](CC9)C)C)[H])[H]		
CHEBI:172848	Schidigerasaponin F1		C44H72O18	889.042	O1[C@@]2([C@@]([C@@]3([C@]([C@]4([C@@]([C@@]5([C@](CC4)(C[C@@H](O[C@@H]6O[C@@H]([C@H](O)[C@H](O[C@@H]7OC[C@@H](O)[C@H](O)[C@H]7O)[C@H]6O[C@@H]8O[C@@H]([C@@H](O)[C@H](O)[C@H]8O)CO)CO)[C@@H](O)C5)[H])C)(CC3)[H])[H])(C2)[H])C)([C@@H]([C@]19OCC(CC9)C)C)[H])[H]		
CHEBI:172963	(3S,6S)-9,10-seco-5(10),6,7-cholestatrien-3-ol		C27H44O	384.648	[C@@](=C1CCC[C@]2([C@]1(CC[C@@]2([C@@](CCCC(C)C)(C)[H])[H])[H])C)=C(C=3C[C@H](CCC3C)O)[H]		
CHEBI:172964	(3S,6R)-9,10-seco-5(10),6,7-cholestatrien-3-ol		C27H44O	384.648	[C@](=C1CCC[C@]2([C@]1(CC[C@@]2([C@@](CCCC(C)C)(C)[H])[H])[H])C)=C(C=3C[C@H](CCC3C)O)[H]		
CHEBI:172973	(20,23-cyclo)-cholest-5-en-3beta-ol		C27H44O	384.648	O[C@@H]1CC=2[C@@]([C@@]3([C@]([C@]4([C@@]([C@@](C5(C(C5)CC(C)C)C)(CC4)[H])(CC3)C)[H])(CC2)[H])[H])(CC1)C		
CHEBI:172976	27-nor-23,26,26-trimethyl-cholest-5-en-3beta-ol		C29H50O	414.718	O[C@@H]1CC=2[C@@]([C@@]3([C@]([C@]4([C@@]([C@](CC4)([C@@H](CC(CCC(C)C)C)C)[H])(CC3)C)[H])(CC2)[H])[H])(CC1)C		
CHEBI:172980	(24S)-26-nor-5alpha-cholest-22E-en-3beta-ol		C27H46O	386.664	O[C@@H]1C[C@]2([C@@]([C@@]3([C@]([C@]4([C@@]([C@](CC4)([C@H](C)/C=C/[C@H](CC)C)[H])(CC3)C)[H])(CC2)[H])[H])(CC1)C)[H]		
CHEBI:172994	27-Nor-4alpha-methyl-5alpha-ergosta-8(14),22-dien-3beta-ol		C28H46O	398.675	O[C@@H]1[C@H]([C@]2([C@@](C3C(=C4[C@@]([C@H](CC4)C(C)/C=C/C(CC)C)(CC3)C)CC2)(CC1)C)[H])C		
CHEBI:173006	23-ethyl-24-methyl-27-norcholesta-5,25-dien-3beta-ol		C29H48O	412.702	O[C@@H]1CC=2[C@@]([C@@]3([C@]([C@]4([C@@]([C@](CC4)([C@@H](CC(C(C)C=C)CC)C)[H])(CC3)C)[H])(CC2)[H])[H])(CC1)C		
CHEBI:173008	27-nor-(24S)-methylcholest-5,22E-dien-3beta-ol		C27H44O	384.648	O[C@@H]1CC=2[C@@]([C@@]3([C@]([C@]4([C@@]([C@](CC4)([C@H](C)/C=C/[C@H](CC)C)[H])(CC3)C)[H])(CC2)[H])[H])(CC1)C		
CHEBI:173049	3beta,11beta-dihydroxy-androstan-17-one		C19H30O3	306.446	O[C@@H]1[C@@]2([C@@]3([C@@](CC[C@]2([C@]4([C@](C1)(C(=O)CC4)C)[H])[H])(C[C@@H](O)CC3)[H])C)[H]		
CHEBI:173050	11-Hydroxyandrosterone		C19H30O3	306.446	O[C@H]1[C@@]2([C@@]3([C@@](CC[C@]2([C@]4([C@](C1)(C(=O)CC4)C)[H])[H])(C[C@H](O)CC3)[H])C)[H]		
CHEBI:173051	5-Androstene-3b,16a,17a-triol		C19H30O3	306.446	O[C@H]1[C@@]2([C@]([C@]3([C@@]([C@@]4(C(=CC3)C[C@@H](O)CC4)C)(CC2)[H])[H])(C[C@H]1O)[H])C		
CHEBI:173052	4-Hydroxytestosterone		C19H28O3	304.430	O[C@@H]1[C@@]2([C@]([C@]3([C@@]([C@@]4(C(CC3)=C(O)C(=O)CC4)C)(CC2)[H])[H])(CC1)[H])C		
CHEBI:173053	9,17beta-hydroxy-androsta-1,4-dien-3-one		C19H26O3	302.414	O[C@@]12[C@]([C@]3([C@](CC1)([C@@H](O)CC3)C)[H])(CCC=4[C@]2(C)C=CC(=O)C4)[H]		
CHEBI:173054	(5Z,7E)-(1S,3R)-1,3,21-trihydroxy-9,10-seco-5,7,10(19)-pregnatrien-20-one		C21H30O4	346.467	O=C([C@@H]1[C@@]2([C@@](CC1)(/C(/CCC2)=C/C=C\3/C[C@@H](O)C[C@H](O)C3=C)[H])C)CO		
CHEBI:173055	(5Z,7E)-(1S,3R)-23,24-dinor-9,10-seco-5,7,10(19)-cholatriene-1,3-diol		C22H34O2	330.512	O[C@@H]1C\C(=C\C=C/2\[C@]3([C@@]([C@H](CC3)C(C)C)(CCC2)C)[H])\C([C@@H](O)C1)=C		
CHEBI:173056	(5Z,7E)-(3S)-23,24-dinor-9,10-seco-5,7,10(19)-cholatrien-3,22-diol		C22H34O2	330.512	OC[C@H]([C@@]1([C@@]2([C@@](CC1)(/C(/CCC2)=C/C=C\3/C[C@@H](O)CCC3=C)[H])C)[H])C		
CHEBI:173057	(5Z,7E)-(3S,22R)- 24-nor-9,10-seco-5,7,10(19)-cholatriene-3,22-diol		C23H36O2	344.539	O[C@@H]([C@H]([C@@]1([C@@]2([C@@](CC1)(/C(/CCC2)=C/C=C\3/C[C@@H](O)CCC3=C)[H])C)[H])C)C		
CHEBI:173058	(5Z,7E)-(3S,22S)- 24-nor-9,10-seco-5,7,10(19)-cholatriene-3,22-diol		C23H36O2	344.539	O[C@H]([C@H]([C@@]1([C@@]2([C@@](CC1)(/C(/CCC2)=C/C=C\3/C[C@@H](O)CCC3=C)[H])C)[H])C)C		
CHEBI:173059	(5E,7E)-(3S,22R)- 24-nor-9,10-seco-5,7,10(19)-cholatriene-3,22-diol		C23H36O2	344.539	O[C@@H]([C@H]([C@@]1([C@@]2([C@@](CC1)(/C(/CCC2)=C/C=C/3\C[C@@H](O)CCC3=C)[H])C)[H])C)C		
CHEBI:173060	(5Z,7E)-(1S,3R)-22-oxa-9,10-seco-5,7,10(19)-cholestatriene-1,3-diol		C26H42O3	402.619	O([C@H]([C@@]1([C@@]2([C@@](CC1)(/C(/CCC2)=C/C=C\3/C[C@@H](O)C[C@H](O)C3=C)[H])C)[H])C)CCC(C)C		
CHEBI:173061	(5Z,7E)-(3S)-23,23-difluoro-9,10-seco-5,7,10(19)-cholestatriene-3,25-diol		C27H42F2O2	436.628	FC(F)(C[C@H]([C@@]1([C@@]2([C@@](CC1)(/C(/CCC2)=C/C=C\3/C[C@@H](O)CCC3=C)[H])C)[H])C)CC(O)(C)C		
CHEBI:173062	(5E,7E)-(3S)-6-fluoro-9,10-seco-5,7,10(19)-cholestatrien-3-ol		C27H43FO	402.638	F\C(\C=C/1\[C@]2([C@@]([C@](CC2)([C@@H](CCCC(C)C)C)[H])(CCC1)C)[H])=C\3/C[C@@H](O)CCC3=C		
CHEBI:173063	(5Z,7E)-(3S)-22-fluoro-9,10-seco-5,7,10(19)-cholestatrien-3-ol		C27H43FO	402.638	FC([C@H]([C@@]1([C@@]2([C@@](CC1)(/C(/CCC2)=C/C=C\3/C[C@@H](O)CCC3=C)[H])C)[H])C)CCC(C)C		
CHEBI:173065	(7E)-(3S,6S)-6,19-cyclo-9,10-seco-5(10),7-cholestadien-3-ol		C27H44O	384.648	O[C@@H]1CC=2[C@H](\C=C/3\[C@]4([C@@]([C@](CC4)([C@@H](CCCC(C)C)C)[H])(CCC3)C)[H])CC2CC1		
CHEBI:173066	(7E)-(3S,6R)-6-hydroperoxy-9,10-seco-4,7,10(19)-cholestatrien-3-ol		C27H44O3	416.646	O(O)[C@H](\C=C/1\[C@]2([C@@]([C@](CC2)([C@@H](CCCC(C)C)C)[H])(CCC1)C)[H])C=3C(CC[C@H](O)C3)=C		
CHEBI:173067	(7E)-(3S,6S)-6-hydroperoxy-9,10-seco-4,7,10(19)-cholestatrien-3-ol		C27H44O3	416.646	O(O)[C@@H](\C=C/1\[C@]2([C@@]([C@](CC2)([C@@H](CCCC(C)C)C)[H])(CCC1)C)[H])C=3C(CC[C@H](O)C3)=C		
CHEBI:173068	(5Z,7E,10E)-(3S)-19-methyl-9,10-seco-5,7,10(19)-cholestatrien-3-ol		C28H46O	398.675	O[C@@H]1C\C(=C\C=C/2\[C@]3([C@@]([C@](CC3)([C@@H](CCCC(C)C)C)[H])(CCC2)C)[H])\C(\CC1)=C\C		
CHEBI:173069	(5E,7E,10E)-(3S)-19-methyl-9,10-seco-5,7,10(19)-cholestatrien-3-ol		C28H46O	398.675	O[C@@H]1C/C(=C\C=C/2\[C@]3([C@@]([C@](CC3)([C@@H](CCCC(C)C)C)[H])(CCC2)C)[H])/C(/CC1)=C/C		
CHEBI:173070	(5Z,7E)-(3S)-25-fluoro-9,10-seco-5,7,10(19)-cholestatrien-3-ol		C27H43FO	402.638	FC(CCC[C@H]([C@@]1([C@@]2([C@@](CC1)(/C(/CCC2)=C/C=C\3/C[C@@H](O)CCC3=C)[H])C)[H])C)(C)C		
CHEBI:173161	1alpha-Hydroxy-25,26,27-trinorvitamin D3 24-carboxylic acid		C24H36O4	388.548	OC(=O)CC[C@H]([C@@]1([C@@]2([C@@](CC1)(/C(/CCC2)=C/C=C\3/C[C@@H](O)C[C@H](O)C3=C)[H])C)[H])C		
CHEBI:173178	3alpha,7alpha,12alpha-Trihydroxy-5beta-23E-cholestan-26-oic acid		C26H42O5	434.617	O[C@@H]1[C@]2([C@]([C@]3([C@@]([C@@]4([C@](C[C@H]3O)(C[C@H](O)CC4)[H])C)(C1)[H])[H])(CC[C@@]2([C@@H](C/C=C/CC(O)=O)C)[H])[H])C		
CHEBI:173181	(20S)-1alpha,20,25-trihydroxy-24-norvitamin D3/(20S)-1alpha,20,25-trihydroxy-24-norcholecalciferol		C26H42O4	418.618	O[C@]([C@@]1([C@@]2([C@@](CC1)(/C(/CCC2)=C/C=C\3/C[C@@H](O)C[C@H](O)C3=C)[H])C)[H])(CCC(O)(C)C)C		
CHEBI:173185	(22E)-1alpha,3beta-Dihydroxychola-5,16,22-trien-24-oic Acid		C24H34O4	386.532	O[C@@H]1[C@@]2([C@@]3([C@]([C@]4([C@](CC3)(C(=CC4)[C@H](C)/C=C/C(O)=O)C)[H])(CC=C2C[C@@H](O)C1)[H])[H])C		
CHEBI:173191	16-Oxoandrostenediol		C19H28O3	304.430	O[C@@H]1[C@@]2([C@]([C@]3([C@@]([C@@]4(C(=CC3)C[C@@H](O)CC4)C)(CC2)[H])[H])(CC1=O)[H])C		
CHEBI:173194	11b,21-Dihydroxy-5b-pregnane-3,20-dione		C21H32O4	348.483	O[C@@H]1[C@]2([C@]([C@]3([C@](C1)(C(CC3)C(=O)CO)C)[H])(CC[C@]4([C@@]2(CCC(=O)C4)C)[H])[H])[H]		
CHEBI:173226	25-Hydroxytachysterol 3		C27H44O2	400.647	OC(CCC[C@H]([C@@]1([C@@]2([C@@](CC1)(C(=CCC2)/C=C/C=3C[C@@H](O)CCC3C)[H])C)[H])C)(C)C		
CHEBI:173228	1alpha,25-dihydroxy-3alpha-methyl-3-deoxyvitamin D3 /1alpha,25-dihydroxy-3alpha-methyl-3-deoxycholecalciferol		C28H46O2	414.674	OC(CCC[C@H]([C@@]1([C@@]2([C@@](CC1)(/C(/CCC2)=C/C=C\3/C[C@@H](C[C@H](O)C3=C)C)[H])C)[H])C)(C)C		
CHEBI:173260	16-alpha-hydroxyandrosterone		C19H30O3	306.446	O[C@@H]1C[C@]2([C@]3([C@@]([C@@]4(C(CC3)C[C@H](O)CC4)C)(CC[C@@]2(C1=O)C)[H])[H])[H]		
CHEBI:174034	17beta-Estradiol-2,3-quinone		C18H22O3	286.371	O[C@@H]1[C@@]2([C@@]([C@@]3([C@@](CC2)(C=4C(CC3)=CC(=O)C(=O)C4)[H])[H])(CC1)[H])C		
CHEBI:174035	17beta-Estradiol-3,4-quinone		C18H22O3	286.371	O[C@@H]1[C@@]2([C@@]([C@@]3([C@@](CC2)(C4=C(CC3)C(=O)C(=O)C=C4)[H])[H])(CC1)[H])C		
CHEBI:174287	7-Dehydropregnenolone		C21H30O2	314.469	O[C@@H]1CC=2[C@@](C3C(C4[C@@](C(CC4)C(=O)C)(CC3)C)=CC2)(CC1)C		
CHEBI:174628	17-Hydroxymethylethisterone		C22H30O3	342.479	OC1([C@@]2([C@]([C@]3([C@@]([C@@]4(C(CC3)=CC(=O)[C@@H](C4)CO)C)(CC2)[H])[H])(CC1)[H])C)C#C		
CHEBI:174650	19-Oxo-deoxycorticosterone		C21H28O4	344.451	O=C([C@@H]1[C@@]2([C@]([C@]3([C@](CC2)([C@@]4(C(CC3)=CC(=O)CC4)C=O)[H])[H])(CC1)[H])C)CO		
CHEBI:174827	19-Oic-deoxycorticosterone		C21H28O5	360.450	OC(=O)[C@@]12[C@@]3([C@]([C@]4([C@@]([C@H](CC4)C(=O)CO)(CC3)C)[H])(CCC1=CC(=O)CC2)[H])[H]		
CHEBI:175175	3b-Hydroxydesogestrel		C22H30O2	326.480	O[C@@]1([C@@]2([C@]([C@]3([C@@]([C@@]4(C(CC3)=C[C@@H](O)CC4)[H])(C(C2)=C)[H])[H])(CC1)[H])CC)C#C		
CHEBI:175244	Lucidone C		C24H36O5	404.547	OC1C2(C(C(C1)C(=O)C)(CC(=O)C=3C4(C(C(C(O)CC4)(C)C)CC(O)C23)C)C)C		
CHEBI:175291	Tipredane		C22H31FO2S2	410.610	S([C@@]1(SC)[C@@]2([C@]([C@]3([C@](F)([C@@H](O)C2)[C@@]4(C(CC3)=CC(=O)C=C4)C)[H])(CC1)[H])C)CC		
CHEBI:175411	19-Noraldosterone		C20H26O5	346.423	O[C@@H]1[C@]2([C@]([C@]3([C@@]([C@H](CC3)C(=O)CO)(C1)C=O)[H])(CCC=4[C@@]2(CCC(=O)C4)[H])[H])[H]		
CHEBI:175452	3a,21-Dihydroxy-5b-pregnane-11,20-dione		C21H32O4	348.483	O=C1[C@]2([C@]([C@]3([C@@](C(CC3)C(=O)CO)(C1)C)[H])(CC[C@]4([C@@]2(CC[C@@H](O)C4)C)[H])[H])[H]		
CHEBI:175562	Muzanzagenin		C27H38O5	442.596	O1[C@@]2([C@@]([C@@]3([C@@](C2)(C=4[C@](C[C@@H]3O)([C@@]5(C(CC4)=CC(=O)[C@@H](O)C5)C)[H])[H])C)([C@@H]([C@]16OC[C@@H](CC6)C)C)[H])[H]		
CHEBI:175571	6beta-hydroxybudesonide		C25H34O7	446.540	O1[C@]2([C@@]3([C@]([C@]4([C@]([C@@H](O)C3)([C@@]5(C([C@H](O)C4)=CC(=O)C=C5)C)[H])[H])(C[C@]2(OC1CCC)[H])[H])C)C(=O)CO		
CHEBI:175586	17-beta-Estradiol-3-glucuronide		C24H32O8	448.512	O[C@@H]1[C@@]2([C@]([C@]3([C@](CC2)(C4=C(CC3)C=C(OC5O[C@@H]([C@@H](O)[C@H](O)[C@H]5O)C(O)=O)C=C4)[H])[H])(CC1)[H])C		
CHEBI:175588	17-alpha-Estradiol-3-glucuronide		C24H32O8	448.512	O[C@@H]1[C@@]2(C(C3C(CC2)C4=C(CC3)C=C(O[C@@H]5O[C@@H]([C@@H](O)[C@H](O)[C@H]5O)C(O)=O)C=C4)CC1)C		
CHEBI:175655	Polyporusterone D		C28H44O5	460.655	O[C@]12[C@@]([C@H](CC1)C([C@H](O)C[C@@H](C(C)C)C)=C)(CC[C@@]3([C@@]4([C@@](C[C@@H](O)[C@@H](O)C4)(C(=O)C=C23)[H])C)[H])C		
CHEBI:175678	(17alpha,23S)-17,23-Epoxy-29-hydroxy-27-norlanosta-1,8-diene-3,15,24-trione		C29H40O5	468.634	O1C2(C3(C(C4=C(C5(C(CC4)C(C(=O)C=C5)(CO)C)C)CC3)(C(=O)C2)C)C)C(CC1C(=O)CC)C		
CHEBI:175682	18-Hydroxy-11-dehydrotetrahydrocorticosterone		C21H32O5	364.482	O=C1[C@]2([C@]([C@]3([C@@]([C@H](CC3)C(=O)CO)(C1)CO)[H])(CC[C@]4([C@@]2(CC[C@@H](O)C4)C)[H])[H])[H]		
CHEBI:175712	Beta-Cortolone		C21H34O5	366.498	O[C@]1([C@@]2([C@]([C@]3([C@@]([C@@]4([C@](CC3)(C[C@H](O)CC4)[H])C)(C(=O)C2)[H])[H])(CC1)[H])C)[C@H](O)CO		
CHEBI:175866	6-beta-hydrocortisol		C21H30O6	378.465	O[C@]1([C@@]2(C(C3C([C@@]4(C([C@H](O)C3)=CC(=O)CC4)C)C(O)C2)CC1)C)C(=O)CO		
CHEBI:175921	Corchoroside B		C29H42O8	518.647	O[C@@]12[C@@]([C@H](CC1)C=3COC(=O)C3)(CC[C@]4([C@]2(CC=C5[C@@]4(CC[C@H](O[C@@H]6O[C@H]([C@H](O)[C@@H](O)[C@H]6O)C)C5)C)[H])[H])C		
CHEBI:175973	fluticasone 17beta-carboxylic acid		C21H26F2O5	396.431	FC12C(C3C(C(O)(C(C3)C)C(O)=O)(CC1O)C)CC(F)C=4C2(C)C=CC(=O)C4		
CHEBI:175981	Lucidone B		C24H32O5	400.515	OC1C=2C3(C(C(CC3=O)C(=O)C)(CC(=O)C2C4(C(C(C(=O)CC4)(C)C)C1)C)C)C		
CHEBI:176052	gamma-Chaconine		C33H53NO6	559.788	O([C@@H]1CC=2[C@@]([C@@]3([C@]([C@]4([C@@]([C@@]5([C@@](N6[C@@]([C@H]5C)(CC[C@@H](C6)C)[H])(C4)[H])[H])(CC3)C)[H])(CC2)[H])[H])(CC1)C)[C@@H]7O[C@@H]([C@@H](O)[C@H](O)[C@H]7O)CO		
CHEBI:176059	Campesteryl caffeate		C37H54O4	562.835	O(C1CC=2C(C3C(C4C(C(CC4)C(CCC(C(C)C)C)C)(CC3)C)CC2)(CC1)C)C(=O)/C=C\C5=CC(O)=C(O)C=C5		
CHEBI:176060	Cholesteryl ferulate		C37H54O4	562.835	O(C1CC=2C(C3C(C4C(C(CC4)C(CCCC(C)C)C)(CC3)C)CC2)(CC1)C)C(=O)/C=C/C5=CC(OC)=C(O)C=C5		
CHEBI:176154	3-alpha-Androstanediol glucuronide		C25H40O8	468.587	O[C@@H]1[C@@]2([C@]([C@]3([C@@]([C@@]4([C@](CC3)(C[C@H](O[C@@H]5O[C@@H]([C@@H](O)[C@H](O)[C@H]5O)C(O)=O)CC4)[H])C)(CC2)[H])[H])(CC1)[H])C		
CHEBI:176156	25-Hydroxyvitamin D2-25-glucuronide		C34H52O8	588.782	O(C([C@H](\C=C\[C@H]([C@@]1([C@@]2(C(CC1)/C(/CCC2)=C/C=C\3/CC(O)CCC3=C)C)[H])C)C)(C)C)[C@@H]4O[C@@H]([C@@H](O)[C@H](O)[C@H]4O)C(O)=O		
CHEBI:176159	(24R)-5b,8b-Epidioxyergosta-6,22E-dien-3b-ol 3-glucoside		C34H54O8	590.798	O1OC23C(C4C1(C5C(C(CC5)C(C)/C=C/C(C(C)C)C)(CC4)C)C=C2)(CCC(OC6OC(C(O)C(O)C6O)CO)C3)C		
CHEBI:176181	(3b,16b,20R)-Pregn-5-ene-3,16,20-triol 3-glucoside		C27H44O8	496.641	OC1C(C2(C(C3C(C4(C(=CC3)CC(OC5OC(C(O)C(O)C5O)CO)CC4)C)CC2)C1)C)C(O)C		
CHEBI:176228	Campesteryl p-coumarate		C37H54O3	546.836	O(C1CC=2C(C3C(C4C(C(CC4)C(CCC(C(C)C)C)C)(CC3)C)CC2)(CC1)C)C(=O)/C=C\C5=CC=C(O)C=C5		
CHEBI:176258	Ponasteroside A		C33H54O11	626.784	O[C@]12[C@@]([C@](CC1)([C@@](O)([C@H](O)CCC(C)C)C)[H])(CC[C@@]3([C@@]4([C@@](C[C@@H](O[C@@H]5O[C@@H]([C@@H](O)[C@H](O)[C@H]5O)CO)[C@@H](O)C4)(C(=O)C=C23)[H])C)[H])C		
CHEBI:176283	Campesteryl elaidate		C46H80O2	665.144	O(C1CC=2C(C3C(C4C(C(CC4)C(CCC(C(C)C)C)C)(CC3)C)CC2)(CC1)C)C(=O)CCCCCCC/C=C\CCCCCCCC		
CHEBI:176299	Torvonin A		C39H64O12	724.929	O1C2C(C3(C(C4C(C5(C(C(O)C4)CC(OC6OC(C(O)C(O)C6OC7OC(C(O)C(O)C7O)C)C)CC5)C)CC3)C2)C)C(C18OCC(CC8)C)C		
CHEBI:176302	Smilanippin A		C39H64O12	724.929	O1C2C(C3(C(C4C(C5(C(CC4)CC(OC6OC(C(O)C(O)C6O)COC7OC(C(O)C(O)C7O)C)CC5)C)CC3)C2)C)C(C18OCC(CC8)C)C		
CHEBI:176329	Ampeloside Bs1		C45H74O20	935.067	O1C2C(C3(C(C4C(C5(C(C(O)C4)CC(OC6OC(C(OC7OC(C(O)C(OC8OC(C(O)C(O)C8O)CO)C7O)CO)C(O)C6O)CO)C(O)C5)C)CC3)C2)C)C(C19OCC(CC9)C)C		
CHEBI:176725	Cholest-5-en-3beta-yl (11Z,14Z-eicosadienoate)		C47H80O2	677.155	O([C@@H]1CC=2[C@@]([C@@]3([C@]([C@]4([C@@]([C@](CC4)([C@@H](CCCC(C)C)C)[H])(CC3)C)[H])(CC2)[H])[H])(CC1)C)C(=O)CCCCCCCCC/C=C\C/C=C\CCCCC		
CHEBI:176746	Cholest-5-en-3-yl beta-D-glucopyranosiduronic acid		C33H54O7	562.788	O(C1CC=2[C@@]([C@@]3([C@]([C@]4([C@@]([C@](CC4)([C@@H](CCCC(C)C)C)[H])(CC3)C)[H])(CC2)[H])[H])(CC1)C)[C@@H]5O[C@@H]([C@@H](O)[C@H](O)[C@H]5O)C(O)=O		
CHEBI:176830	Alanine conjugated chenodeoxycholic acid		C27H45NO5	463.659	O[C@H]1[C@]2([C@]3([C@@]([C@](CC3)([C@@H](CCC(=O)NC(C)C(O)=O)C)[H])(CC[C@@]2([C@@]4([C@](C1)(C[C@H](O)CC4)[H])C)[H])C)[H])[H]		
CHEBI:176831	Alanine conjugated cholic acid		C27H45NO6	479.658	O[C@@H]1[C@]2([C@]([C@]3([C@@]([C@@]4([C@](C[C@H]3O)(C[C@H](O)CC4)[H])C)(C1)[H])[H])(CC[C@@]2([C@@H](CCC(=O)NC(C)C(O)=O)C)[H])[H])C		
CHEBI:176832	Threonine conjugated chenodeoxycholic acid		C28H47NO6	493.685	O[C@H]1[C@]2([C@]3([C@@]([C@](CC3)([C@@H](CCC(=O)NC(C(O)C)C(O)=O)C)[H])(CC[C@@]2([C@@]4([C@](C1)(C[C@H](O)CC4)[H])C)[H])C)[H])[H]		
CHEBI:176833	Serine-Cholic Acid		C27H45NO7	495.657	OC1C2(C(C3C(C4(C(CC3O)CC(O)CC4)C)C1)CCC2C(CCC(=O)NC(CO)C(O)=O)C)C		
CHEBI:176835	Lysine conjugated cholic acid		C30H52N2O6	536.754	OC1C2(C(C3C(C4(C(CC3O)CC(O)CC4)C)C1)CCC2C(CCC(=O)NC(CCCCN)C(O)=O)C)C		
CHEBI:176836	Arginine conjugated cholic acid		C30H52N4O6	564.768	O[C@@H]1[C@]2([C@]([C@]3([C@@]([C@@]4([C@](C[C@H]3O)(C[C@H](O)CC4)[H])C)(C1)[H])[H])(CC[C@@]2([C@@H](CCC(=O)NC(CCCN=C(N)N)C(O)=O)C)[H])[H])C		
CHEBI:176865	(5Z,7E,22E,24E,26E)-(1S,3R)-26a,26b-dihomo-27-nor-9,10-seco-5,7,10(19),22,24,26(26a)-cholestahexaene-1,3,26b-triol		C28H40O3	424.625	O[C@@H]1C\C(=C\C=C/2\[C@]3([C@@]([C@](CC3)([C@H](C)/C=C/C=C/C=C/CO)[H])(CCC2)C)[H])\C([C@@H](O)C1)=C		
CHEBI:177052	Boldenone_Undecylenate		C30H44O3	452.679	O([C@@H]1C2([C@](C3[C@](CC2)(C4(C(CC3)=CC(=O)C=C4)C)[H])(CC1)[H])C)C(=O)CCCCCCCCC=C		
CHEBI:177256	16a-Hydroxydehydroisoandrosterone		C19H28O3	304.430	OC1CC2C3C([C@@]4(C(=CC3)CC(O)CC4)C)CC[C@@]2(C1=O)C		
CHEBI:177269	11b-Hydroxyprogesterone		C20H28O4	332.440	O[C@H]1[C@]2([C@]([C@]3([C@](C1)([C@H](CC3)C(O)=O)C)[H])(CCC=4[C@@]2(CCC(=O)C4)C)[H])[H]		
CHEBI:177375	Diendiol		C21H30O3	330.468	O[C@@H]1[C@]2([C@]([C@]3([C@](C1)(/C(/CC3)=C\CO)C)[H])(CCC=4[C@@]2(CCC(=O)C4)C)[H])[H]		
CHEBI:177400	Silandrone		C22H36O2Si	360.613	[Si](O[C@@H]1[C@@]2([C@]([C@]3([C@@]([C@@]4(C(CC3)=CC(=O)CC4)C)(CC2)[H])[H])(CC1)[H])C)(C)(C)C		
CHEBI:177433	actodigin		C29H44O9	536.662	O[C@@]12[C@]3([C@@]([C@@]4([C@](CC3)(C[C@@H](O[C@@H]5O[C@@H]([C@@H](O)[C@H](O)[C@H]5O)CO)CC4)[H])C)(CC[C@@]1([C@H](CC2)C6=CCOC6=O)C)[H])[H]		
CHEBI:177437	5alpha-Androstan-3beta-ol		C19H32O	276.464	O[C@@H]1C[C@]2([C@@]([C@@]3([C@]([C@]4([C@](CC3)(CCC4)C)[H])(CC2)[H])[H])(CC1)C)[H]		
CHEBI:177471	spiroxasone		C24H34O3S	402.590	S([C@H]1[C@]2([C@]3([C@@]([C@@]4(OCCC4)CC3)(CC[C@@]2([C@@]5(C(C1)=CC(=O)CC5)C)[H])C)[H])[H])C(=O)C		
CHEBI:177488	bolmantalate		C29H40O3	436.636	O([C@@H]1[C@@]2([C@]([C@]3([C@](CC2)([C@@]4(C(CC3)=CC(=O)CC4)[H])[H])[H])(CC1)[H])C)C(=O)C56CC7CC(C5)CC(C6)C7		
CHEBI:177508	Gonan-3-ol		C17H28O	248.410	OC1CC2[C@@]([C@@]3([C@]([C@]4([C@](CC3)(CCC4)[H])[H])(CC2)[H])[H])(CC1)[H]		
CHEBI:177524	cholesterol beta-d-glucoside		C33H54O7	562.788	O(C1CC=2[C@@](C3C(C4[C@@]([C@](CC4)([C@@H](CCCC(C)C)C)[H])(CC3)C)CC2)(CC1)C)[C@@H]5O[C@@H]([C@@H](O)[C@H](O)[C@H]5O)C(O)=O		
CHEBI:177536	Galeterone		C26H32N2O	388.555	O[C@@H]1CC=2[C@@]([C@@]3([C@]([C@]4([C@](CC3)(C(N5C=6C(N=C5)=CC=CC6)=CC4)C)[H])(CC2)[H])[H])(CC1)C		
CHEBI:177572	Nisterime acetate		C27H35ClN2O5	503.040	Cl[C@@H]/1C[C@@]2([C@@]3([C@]([C@]4([C@](CC3)([C@@H](OC(=O)C)CC4)C)[H])(CC[C@]2(C\C1=N\OC5=CC=C([N+]([O-])=O)C=C5)[H])[H])[H])C		
CHEBI:177608	Aglepristone		C29H37NO2	431.620	O[C@@]1([C@@]2([C@]([C@]3(C([C@H](C2)C4=CC=C(N(C)C)C=C4)=C5C(CC3)=CC(=O)CC5)[H])(CC1)[H])C)/C=C\C		
CHEBI:177627	Resocortol butyrate		C26H38O5	430.585	O([C@]1([C@@]2([C@]([C@]3([C@@]([C@@]4(C(CC3)=CC(=O)CC4)C)([C@@H](O)C2)[H])[H])(CC1)[H])C)C(=O)CC)C(=O)CCC		
CHEBI:177631	Ulipristal		C28H35NO3	433.592	O[C@]1([C@@]2([C@]([C@]3(C([C@H](C2)C4=CC=C(N(C)C)C=C4)=C5C(CC3)=CC(=O)CC5)[H])(CC1)[H])C)C(=O)C		
CHEBI:177649	Anecortave		C21H28O4	344.451	O[C@]1([C@@]2([C@]([C@]3(C([C@@]4(C(CC3)=CC(=O)CC4)C)=CC2)[H])(CC1)[H])C)C(=O)CO		
CHEBI:177654	timobesone acetate		C24H31FO5S	450.570	S(C(=O)[C@]1(OC(=O)C)[C@@]2([C@]([C@]3([C@](F)([C@@H](O)C2)[C@@]4(C(CC3)=CC(=O)C=C4)C)[H])(C[C@@H]1C)[H])C)C		
CHEBI:177662	Lunacalcipol		C28H42O4S	474.700	S(=O)(=O)(\C=C\C[C@H](C=1[C@@]2([C@@](CC1)(/C(/CCC2)=C/C=C\3/C[C@@H](O)C[C@H](O)C3=C)[H])C)C)C(C)(C)C		
CHEBI:177788	Deoxycorticosterone 21-glucoside		C27H40O8	492.609	O=C(C1C2(C(C3C(C4(C(CC3)=CC(=O)CC4)C)CC2)CC1)C)COC5OC(C(O)C(O)C5O)CO		
CHEBI:177843	Losalen		C27H36F2O6.C7H6O3	632.698	FC12[C@]([C@]3([C@@]([C@](O)([C@@H](C3)C)C(=O)COC(=O)C(C)(C)C)(C[C@@H]1O)C)[H])(C[C@H](F)C=4[C@]2(C)C=CC(=O)C4)[H].OC=1C(=CC=CC1)C(O)=O		
CHEBI:178015	1alpha-Hydroxy-21-nor-20-oxavitamin D3		C25H40O3	388.592	O([C@@H]1[C@@]2([C@@](CC1)(/C(/CCC2)=C/C=C\3/C[C@@H](O)C[C@H](O)C3=C)[H])C)CCCC(C)C		
CHEBI:178075	11alpha-Hydrocortisone		C21H30O5	362.466	O[C@]1([C@@]2([C@]([C@]3([C@@]([C@@]4(C(CC3)=CC(=O)CC4)C)([C@H](O)C2)[H])[H])(CC1)[H])C)C(=O)CO		
CHEBI:178537	KH 1049		C28H46O4	446.672	[H][C@@]1(CC[C@@]2([H])\C(CCC[C@]12C)=C\C=C1/C[C@@H](O)C[C@H](O)C1=C)[C@@H](C)OCCCCC(C)(C)O		
CHEBI:178538	2beta-methoxy-1alpha,25-dihydroxyvitamin D3		C28H46O4	446.672	OC(CCC[C@H]([C@@]1([C@@]2([C@@](CC1)(/C(/CCC2)=C/C=C\3/C[C@@H](O)[C@@H](OC)[C@H](O)C3=C)[H])C)[H])C)(C)C		
CHEBI:178539	1alpha-hydroxy-18-(4-hydroxy-4-methylpentyloxy)-23,24,25,26,27-pentanorvitamin D3 / 1alpha-hydroxy-18-(4-hydroxy-4-methylpentyloxy)-23,24,25,26,27-pentanorcholecalciferol		C28H46O4	446.672	O(C[C@@]12[C@H](CC[C@]1(/C(/CCC2)=C/C=C\3/C[C@@H](O)C[C@H](O)C3=C)[H])C(C)C)CCCC(O)(C)C		
CHEBI:178540	1alpha,25-dihydroxy-26,27-dimethyl-20,21-didehydro-23-oxavitamin D3 / 1alpha,25-dihydroxy-26,27-dimethyl-20,21-didehydro-23-oxacholecalciferol		C28H46O4	446.672	O(C[C@H]([C@@]1([C@@]2([C@@](CC1)(/C(/CCC2)=C/C=C\3/C[C@@H](O)C[C@H](O)C3=C)[H])C)[H])C)CC(O)(CC)CC		
CHEBI:178541	(20S)-1alpha,25-dihydroxy-20-methoxyvitamin D3 / (20S)-1alpha,25-dihydroxy-20-methoxycholecalciferol		C28H46O4	446.672	O([C@]([C@@]1([C@@]2([C@@](CC1)(/C(/CCC2)=C/C=C\3/C[C@@H](O)C[C@H](O)C3=C)[H])C)[H])(CCCC(O)(C)C)C)C		
CHEBI:178542	1alpha,25-dihydroxy-24a,24b-dihomo-22-oxavitamin D3 / 1alpha,25-dihydroxy-24a,24b-dihomo-22-oxacholecalciferol		C28H46O4	446.672	O([C@H]([C@@]1([C@@]2([C@@](CC1)(/C(/CCC2)=C/C=C\3/C[C@@H](O)C[C@H](O)C3=C)[H])C)[H])C)CCCCC(O)(C)C		
CHEBI:178543	1alpha,25-dihydroxy-24a,24b-dihomo-22-oxa-20-epivitamin D3 / 1alpha,25-dihydroxy-24a,24b-dihomo-22-oxa-20-epicholecalciferol		C28H46O4	446.672	O([C@@H]([C@@]1([C@@]2([C@@](CC1)(/C(/CCC2)=C/C=C\3/C[C@@H](O)C[C@H](O)C3=C)[H])C)[H])C)CCCCC(O)(C)C		
CHEBI:178544	1alpha,25-dihydroxy-26,27-dimethyl-22-oxavitamin D3 / 1alpha,25-dihydroxy-26,27-dimethyl-22-oxacholecalciferol		C28H46O4	446.672	O([C@H]([C@@]1([C@@]2([C@@](CC1)(/C(/CCC2)=C/C=C\3/C[C@@H](O)C[C@H](O)C3=C)[H])C)[H])C)CCC(O)(CC)CC		
CHEBI:178545	1alpha,25-dihydroxy-24a,24b-dihomo-23-oxavitamin D3 / 1alpha,25-dihydroxy-24a,24b-dihomo-23-oxacholecalciferol		C28H46O4	446.672	O(C[C@H]([C@@]1([C@@]2([C@@](CC1)(/C(/CCC2)=C/C=C\3/C[C@@H](O)C[C@H](O)C3=C)[H])C)[H])C)CCCC(O)(C)C		
CHEBI:178546	1alpha,25-dihydroxy-24a,24b-dihomo-23-oxa-20-epivitamin D3 / 1alpha,25-dihydroxy-24a,24b-dihomo-23-oxa-20-epicholecalciferol		C28H46O4	446.672	O(C[C@@H]([C@@]1([C@@]2([C@@](CC1)(/C(/CCC2)=C/C=C\3/C[C@@H](O)C[C@H](O)C3=C)[H])C)[H])C)CCCC(O)(C)C		
CHEBI:178547	(20S)-1alpha,20,25-trihydroxy-24a-homovitamin D3 / (20S)-1alpha,20,25-trihydroxy-24a-homocholecalciferol		C28H46O4	446.672	O[C@]([C@@]1([C@@]2([C@@](CC1)(/C(/CCC2)=C/C=C\3/C[C@@H](O)C[C@H](O)C3=C)[H])C)[H])(CCCCC(O)(C)C)C		
CHEBI:178548	(23R)-1alpha,23,25-trihydroxy-23-methylvitamin D3 / (23R)-1alpha,23,25-trihydroxy-23-methylcholecalciferol		C28H46O4	446.672	O[C@](C[C@H]([C@@]1([C@@]2([C@@](CC1)(/C(/CCC2)=C/C=C\3/C[C@@H](O)C[C@H](O)C3=C)[H])C)[H])C)(CC(O)(C)C)C		
CHEBI:178549	(24R)-1alpha,24-dihydroxy-26,27-dimethyl-22-oxavitamin D3 / (24R)-1alpha,24-dihydroxy-26,27-dimethyl-22-oxacholecalciferol		C28H46O4	446.672	O([C@H]([C@@]1([C@@]2([C@@](CC1)(/C(/CCC2)=C/C=C\3/C[C@@H](O)C[C@H](O)C3=C)[H])C)[H])C)C[C@H](O)C(CC)CC		
CHEBI:178550	(24S)-1alpha,24-dihydroxy-26,27-dimethyl-22-oxavitamin D3 / (24S)-1alpha,24-dihydroxy-26,27-dimethyl-22-oxacholecalciferol		C28H46O4	446.672	O([C@H]([C@@]1([C@@]2([C@@](CC1)(/C(/CCC2)=C/C=C\3/C[C@@H](O)C[C@H](O)C3=C)[H])C)[H])C)C[C@@H](O)C(CC)CC		
CHEBI:178551	1alpha,25-dihydroxy-11alpha-methoxyvitamin D3 / 1alpha,25-dihydroxy-11alpha-methoxycholecalciferol		C28H46O4	446.672	O([C@@H]1C[C@@]2([C@](CC[C@]2(/C(/C1)=C/C=C\3/C[C@@H](O)C[C@H](O)C3=C)[H])([C@@H](CCCC(O)(C)C)C)[H])C)C		
CHEBI:178552	1alpha,25-dihydroxy-11alpha-(hydroxymethyl)vitamin D3 / 1alpha,25-dihydroxy-11alpha-(hydroxymethyl)cholecalciferol		C28H46O4	446.672	OC[C@@H]1C[C@@]2([C@](CC[C@]2(/C(/C1)=C/C=C\3/C[C@@H](O)C[C@H](O)C3=C)[H])([C@@H](CCCC(O)(C)C)C)[H])C		
CHEBI:178553	1alpha,25-dihydroxy-11beta-methoxyvitamin D3 / 1alpha,25-dihydroxy-11beta-methoxycholecalciferol		C28H46O4	446.672	O([C@H]1C[C@@]2([C@](CC[C@]2(/C(/C1)=C/C=C\3/C[C@@H](O)C[C@H](O)C3=C)[H])([C@@H](CCCC(O)(C)C)C)[H])C)C		
CHEBI:178557	22R,23S-epoxy-5alpha-campest-9(11)-en-3beta,6alpha,20S-triol		C28H46O4	446.672	O1[C@@H]([C@](O)([C@@]2([C@@]3([C@]([C@]4(C([C@@]5([C@@]([C@@H](O)C4)(C[C@@H](O)CC5)[H])C)=CC3)[H])(CC2)[H])C)[H])C)[C@@H]1[C@H](C(C)C)C		
CHEBI:178587	25-Hydroxyvitamin D3-26,23-lactol		C27H42O4	430.629	O1[C@H](C[C@H]([C@@]2([C@@]3([C@@](CC2)(/C(/CCC3)=C/C=C/4\C[C@H](O)CCC4=C)[H])C)[H])C)C[C@@](O)([C@@H]1O)C		
CHEBI:178593	1,25-Dihydroxy-23-oxo-vitamin D3		C27H42O4	430.629	O=C(C[C@H]([C@@]1([C@@]2([C@@](CC1)(/C(/CCC2)=C/C=C\3/C[C@@H](O)C[C@H](O)C3=C)[H])C)[H])C)CC(O)(C)C		
CHEBI:178597	(24R,25R)-25,26-epoxy-1alpha,24-dihydroxyvitamin D3 / (24R,25R)-25,26-epoxy-1alpha,24-dihydroxycholecalciferol		C27H42O4	430.629	O1[C@@]([C@H](O)CC[C@H]([C@@]2([C@@]3([C@@](CC2)(/C(/CCC3)=C/C=C\4/C[C@@H](O)C[C@H](O)C4=C)[H])C)[H])C)(C1)C		
CHEBI:178598	(24R,25S)-25,26-epoxy-1alpha,24-dihydroxyvitamin D3 / (24R,25S)-25,26-epoxy-1alpha,24-dihydroxycholecalciferol		C27H42O4	430.629	O1[C@]([C@H](O)CC[C@H]([C@@]2([C@@]3([C@@](CC2)(/C(/CCC3)=C/C=C\4/C[C@@H](O)C[C@H](O)C4=C)[H])C)[H])C)(C1)C		
CHEBI:178599	(24S,25R)-25,26-epoxy-1alpha,24-dihydroxyvitamin D3 / (24S,25R)-25,26-epoxy-1alpha,24-dihydroxycholecalciferol		C27H42O4	430.629	O1[C@@]([C@@H](O)CC[C@H]([C@@]2([C@@]3([C@@](CC2)(/C(/CCC3)=C/C=C\4/C[C@@H](O)C[C@H](O)C4=C)[H])C)[H])C)(C1)C		
CHEBI:178600	(24S,25S)-25,26-epoxy-1alpha,24-dihydroxyvitamin D3 / (24S,25S)-25,26-epoxy-1alpha,24-dihydroxycholecalciferol		C27H42O4	430.629	O1[C@]([C@@H](O)CC[C@H]([C@@]2([C@@]3([C@@](CC2)(/C(/CCC3)=C/C=C\4/C[C@@H](O)C[C@H](O)C4=C)[H])C)[H])C)(C1)C		
CHEBI:178601	1alpha,25-dihydroxy-18-oxovitamin D3 / 1alpha,25-dihydroxy-18-oxocholecalciferol		C27H42O4	430.629	O=C[C@@]12[C@](CC[C@]1(/C(/CCC2)=C/C=C\3/C[C@@H](O)C[C@H](O)C3=C)[H])([C@@H](CCCC(O)(C)C)C)[H]		
CHEBI:178602	(23S,25R)-25-hydroxyvitamin D3 26,23-lactol / (23S,25R)-25-hydroxycholecalciferol 26,23-lactol		C27H42O4	430.629	O1[C@@H](C[C@H]([C@@]2([C@@]3([C@@](CC2)(/C(/CCC3)=C/C=C\4/C[C@@H](O)CCC4=C)[H])C)[H])C)C[C@@](O)(C1O)C		
CHEBI:178603	(22E)-(24R)-1alpha,24,25-trihydroxy-22,23-didehydrovitamin D3 / (22E)-(24R)-1alpha,24,25-trihydroxy-22,23-didehydrocholecalciferol		C27H42O4	430.629	O[C@H](\C=C\[C@H]([C@@]1([C@@]2([C@@](CC1)(/C(/CCC2)=C/C=C\3/C[C@@H](O)C[C@H](O)C3=C)[H])C)[H])C)C(O)(C)C		
CHEBI:178604	(22E)-(24S)-1alpha,24,25-trihydroxy-22,23-didehydrovitamin D3 / (22E)-(24S)-1alpha,24,25-trihydroxy-22,23-didehydrocholecalciferol		C27H42O4	430.629	O[C@@H](\C=C\[C@H]([C@@]1([C@@]2([C@@](CC1)(/C(/CCC2)=C/C=C\3/C[C@@H](O)C[C@H](O)C3=C)[H])C)[H])C)C(O)(C)C		
CHEBI:178605	(22E)-(25R)-1alpha,25,26-trihydroxy-22,23-didehydrovitamin D3 / (22E)-(25R)-1alpha,25,26-trihydroxy-22,23-didehydrocholecalciferol		C27H42O4	430.629	O[C@](C\C=C\[C@H]([C@@]1([C@@]2([C@@](CC1)(/C(/CCC2)=C/C=C\3/C[C@@H](O)C[C@H](O)C3=C)[H])C)[H])C)(CO)C		
CHEBI:178606	(22E)-(25S)-1alpha,25,26-trihydroxy-22,23-didehydrovitamin D3 / (22E)-(25S)-1alpha,25,26-trihydroxy-22,23-didehydrocholecalciferol		C27H42O4	430.629	O[C@@](C\C=C\[C@H]([C@@]1([C@@]2([C@@](CC1)(/C(/CCC2)=C/C=C\3/C[C@@H](O)C[C@H](O)C3=C)[H])C)[H])C)(CO)C		
CHEBI:178610	Prazerigenin A		C27H42O4	430.629	O1[C@@]2([C@@]([C@@]3([C@](O)([C@]4([C@](CC3)([C@@]5(C(=CC4)C[C@@H](O)CC5)C)[H])[H])C2)C)([C@@H]([C@]16OC[C@@H](CC6)C)C)[H])[H]		
CHEBI:178627	2beta-chloro-1alpha,25-dihydroxyvitamin D3		C27H43ClO3	451.090	Cl[C@@H]1[C@H](O)C\C(=C\C=C/2\[C@]3([C@@]([C@](CC3)([C@@H](CCCC(O)(C)C)C)[H])(CCC2)C)[H])\C([C@H]1O)=C		
CHEBI:178628	24-(dimethoxyphosphoryl)-25,26,27-trinorvitamin D3 / 24-(dimethoxyphosphoryl)-25,26,27-trinorcholecalciferol		C26H43O4P	450.600	P(OC)(OC)(=O)CCC[C@H]([C@@]1([C@@]2([C@@](CC1)(/C(/CCC2)=C/C=C\3/C[C@@H](O)CCC3=C)[H])C)[H])C		
CHEBI:178629	2alpha-chloro-1beta,25-dihydroxyvitamin D3 / 2alpha-chloro-1beta,25-dihydroxycholecalciferol		C27H43ClO3	451.090	Cl[C@H]1[C@H](O)C\C(=C\C=C/2\[C@]3([C@@]([C@](CC3)([C@@H](CCCC(O)(C)C)C)[H])(CCC2)C)[H])\C([C@@H]1O)=C		
CHEBI:178726	1alpha,25-Dihydroxy-16-ene-19-nor-24-oxovitamin D3		C26H40O4	416.602	O[C@@H]1C/C(=C\C=C/2\[C@]3([C@@](C(=CC3)[C@@H](CCC(=O)C(O)(C)C)C)(CCC2)C)[H])/C[C@@H](O)C1		
CHEBI:178727	(24R,25S)-25,26-epoxy-1alpha,24-dihydroxy-27-norvitamin D3 / (24R,25S)-25,26-epoxy-1alpha,24-dihydroxy-27-norcholecalciferol		C26H40O4	416.602	O1C([C@H](O)CC[C@H]([C@@]2([C@@]3([C@@](CC2)(/C(/CCC3)=C/C=C\4/C[C@@H](O)C[C@H](O)C4=C)[H])C)[H])C)C1		
CHEBI:178728	(24S,25R)-25,26-epoxy-1alpha,24-dihydroxy-27-norvitamin D3 / (24S,25R)-25,26-epoxy-1alpha,24-dihydroxy-27-norcholecalciferol		C26H40O4	416.602	O1C([C@@H](O)CC[C@H]([C@@]2([C@@]3([C@@](CC2)(/C(/CCC3)=C/C=C\4/C[C@@H](O)C[C@H](O)C4=C)[H])C)[H])C)C1		
CHEBI:179142	1alpha,25-dihydroxy-24-oxo-23-azavitamin D2 / 1alpha,25-dihydroxy-24-oxo-23-azaergocalciferol		C27H43NO4	445.644	O=C(N[C@@H](C(O)(C)C)C)[C@H]([C@@]1([C@@]2([C@@](CC1)(/C(/CCC2)=C/C=C\3/C[C@@H](O)C[C@H](O)C3=C)[H])C)[H])C		
CHEBI:179143	1alpha,25-dihydroxy-24-nor-22-oxavitamin D3 / 1alpha,25-dihydroxy-24-nor-22-oxacholecalciferol		C25H40O4	404.591	O([C@H]([C@@]1([C@@]2([C@@](CC1)(/C(/CCC2)=C/C=C\3/C[C@@H](O)C[C@H](O)C3=C)[H])C)[H])C)CC(O)(C)C		
CHEBI:179724	3-alpha-hydroxy-5-alpha-androstane-17-one 3-D-glucuronide		C25H38O8	466.571	O([C@H]1C[C@]2([C@@]([C@@]3([C@]([C@]4([C@](CC3)(C(=O)CC4)C)[H])(CC2)[H])[H])(CC1)C)[H])[C@H]5OC([C@@H](O)C(O)[C@H]5O)C(O)=O		
CHEBI:179730	3alpha-hydroxy-5alpha-androstane-17-one 3-D-glucuronide		C25H38O8	466.571	O([C@H]1C[C@]2([C@@]([C@@]3([C@]([C@]4([C@](CC3)(C(=O)CC4)C)[H])(CC2)[H])[H])(CC1)C)[H])[C@@H]5OC([C@@H](O)C(O)[C@@H]5O)C(O)=O		
CHEBI:179984	(22E)-3beta-Hydroxychola-5,16,22-trien-24-oic Acid		C24H34O3	370.533	O[C@@H]1CC=2[C@@]([C@@]3([C@]([C@]4([C@](CC3)(C(=CC4)[C@H](C)/C=C/C(O)=O)C)[H])(CC2)[H])[H])(CC1)C		
CHEBI:179988	(20S,22E)-3beta-Hydroxychola-5,16,22-trien-24-oic Acid		C24H34O3	370.533	O[C@@H]1CC=2[C@@]([C@@]3([C@]([C@]4([C@](CC3)(C(=CC4)[C@@H](C)/C=C/C(O)=O)C)[H])(CC2)[H])[H])(CC1)C		
CHEBI:180170	estrane-3alpha,17alpha-diol		C18H30O2	278.436	O[C@H]1[C@@]2([C@]([C@]3([C@@](C4[C@@](CC3)(C[C@H](O)CC4)[H])(CC2)[H])[H])(CC1)[H])C		
CHEBI:180474	5alpha-dihydrocorticosterone		C21H32O4	348.483	C1[C@@]2([C@@]([C@@]3([C@@](C1)(CC(CC3)=O)[H])C)([C@H](C[C@@]4([C@@](CC[C@@]24[H])([H])C(CO)=O)C)O)[H])[H]		
CHEBI:180475	5alpha-dihydroaldosterone		C21H30O5	362.466	C1[C@@]2([C@@]([C@@]3([C@@](C1)(CC(CC3)=O)[H])C)([C@H](C[C@@]4([C@@](CC[C@@]24[H])([H])C(CO)=O)C=O)O)[H])[H]		
CHEBI:180635	Fevicordin B 2-gentiobioside		C43H64O18	868.967	OC1C(C2(C(C3C(C(=O)C2)(C=4C(CC3)=C(C(O)=C(OC5OC(C(O)C(O)C5O)COC6OC(C(O)C(O)C6O)CO)C4)C)C)(C1)C)C)C(O)(C)C(=O)CCC(OC(=O)C)(C)C		
CHEBI:180758	Alliospiroside C		C38H60O13	724.885	O1C2C(C3(C(C4C(CC3)C5(C(=CC4)CC(O)CC5OC6OCC(O)C(O)C6OC7OC(C(O)C(O)C7O)C)C)C2)C)C(C18OCC(C(O)C8)C)C		
CHEBI:180774	(23S)-23,25-dihdroxy-24-oxovitamine D3 23-(beta-glucuronide)		C33H50O10	606.753	O([C@@H](C[C@H]([C@@]1([C@@]2([C@@](CC1)(/C(/CCC2)=C/C=C\3/C[C@@H](O)CCC3=C)[H])C)[H])C)C(=O)C(O)(C)C)C4O[C@@H]([C@@H](O)[C@H](O)[C@H]4O)C(O)=O		
CHEBI:180779	6-beta-hydroxydexamethasone		C22H29FO6	408.466	F[C@@]12C(C3[C@@]([C@](O)([C@@H](C3)C)C(=O)CO)(C[C@@H]1O)C)C[C@@H](O)C=4[C@]2(C)C=CC(=O)C4		
CHEBI:180809	28-Homobrassinolide		C29H50O6	494.713	O1C[C@]2([C@]3([C@@]([C@](CC3)([C@@H]([C@@H](O)[C@H](O)[C@H](C(C)C)CC)C)[H])(CC[C@@]2([C@@]4([C@](C[C@H](O)[C@H](O)C4)(C1=O)[H])C)[H])C)[H])[H]		
CHEBI:180818	6,7-Didehydrofevicordin F 3-[glucosyl-(1->6)-glucoside]		C41H60O17	824.914	OC1C(C2(C(C3C(C(=O)C2)(C=4C(C=C3)=C(C(OC5OC(C(O)C(O)C5O)COC6OC(C(O)C(O)C6O)CO)=C(O)C4)C)C)(C1)C)C)C(O)(C(O)/C=C/C(O)(C)C)C		
CHEBI:180885	Agavasaponin C		C45H72O19	917.052	O1[C@@]2([C@@]([C@@]3([C@]([C@]4([C@@]([C@@]5([C@@](CC4)(C[C@@H](O[C@@H]6O[C@@H]([C@H](O)[C@H](O[C@@H]7O[C@@H]([C@@H](O)[C@H](O)[C@H]7O)CO)[C@H]6O[C@@H]8O[C@@H]([C@@H](O)[C@H](O)[C@H]8O)CO)CO)CC5)[H])C)(CC3=O)[H])[H])(C2)[H])C)([C@@H](C19OCC(CC9)C)C)[H])[H]		
CHEBI:180948	2-[[(4R)-4-[(3R,5S,7S,10S,13R,17R)-3,7-Dihydroxy-10,13-dimethyl-2,3,4,5,6,7,8,9,11,12,14,15,16,17-tetradecahydro-1H-cyclopenta[a]phenanthren-17-yl]pentanoyl]amino]acetic acid		C26H43NO5	449.632	O[C@@H]1C2C3[C@@]([C@](CC3)([C@@H](CCC(=O)NCC(O)=O)C)[H])(CCC2[C@@]4([C@](C1)(C[C@H](O)CC4)[H])C)C		
CHEBI:180955	(8S,9S,10R,11S,13S,14S,17S)-11,17-Dihydroxy-17-(2-hydroxyacetyl)-10,13-dimethyl-2,6,7,8,9,11,12,14,15,16-decahydro-1H-cyclopenta[a]phenanthren-3-one		C21H30O5	362.466	O[C@@]1([C@@]2([C@]([C@]3([C@@]([C@@]4(C(CC3)=CC(=O)CC4)C)([C@@H](O)C2)[H])[H])(CC1)[H])C)C(=O)CO		
CHEBI:180956	Chenodeoxycholylglycine		C26H43NO5	449.632	OC1C2C3C(C(CC3)C(CCC(=O)NCC(O)=O)C)(CCC2C4(C(C1)CC(O)CC4)C)C		
CHEBI:180961	E-Guggulsterone		C21H28O2	312.453	O=C\1C[C@]2([C@]3([C@@]([C@@]4(C(CC3)=CC(=O)CC4)C)(CC[C@@]2(/C1=C\C)C)[H])[H])[H]		
CHEBI:180971	[(8S,11R,13S,14S,17S)-17-Acetyl-11-[4-(dimethylamino)phenyl]-13-methyl-3-oxo-1,2,6,7,8,11,12,14,15,16-decahydrocyclopenta[a]phenanthren-17-yl] acetate		C30H37NO4	475.629	O([C@@]1([C@@]2([C@]([C@]3(C([C@H](C2)C4=CC=C(N(C)C)C=C4)=C5C(CC3)=CC(=O)CC5)[H])(CC1)[H])C)C(=O)C)C(=O)C		
CHEBI:181012	(17|A)-17-Hydroxy-3-oxo-19-norpregna-5(10),9(11)-diene-21-nitrile		C20H25NO2	311.425	O[C@@]1([C@@]2([C@]([C@]3(C(=CC2)C4=C(CC3)CC(=O)CC4)[H])(CC1)[H])C)CC#N		
CHEBI:181014	Glycocholic acid sodium salt hydrate		C26H42NO6.H2O.Na	505.628	[Na+].O[C@@H]1[C@]2([C@]([C@]3([C@@]([C@@]4([C@](C[C@H]3O)(C[C@H](O)CC4)[H])C)(C1)[H])[H])(CC[C@@]2([C@@H](CCC(=O)NCC([O-])=O)C)[H])[H])C.O		
CHEBI:181020	11,17,21-Trihydroxypregna-1,4-diene-3,20-dione		C21H28O5	360.450	OC1(C2(C(C3C(C(O)C2)C4(C(CC3)=CC(=O)C=C4)C)CC1)C)C(=O)CO		
CHEBI:181042	methyl 5,6-diacetyloxy-10-hydroxy-2,4b,7,7,10a,12a-hexamethyl-12-methylidene-1,4,8-trioxo-4a,5,6,6a,9,10,10b,11-octahydronaphtho[1,2-h]isochromene-2-carboxylate		C30H40O11	576.639	O(C1C2(C(C3(C(C1OC(=O)C)C(C(=O)CC3O)(C)C)C)CC(C4(C2C(OC(C4=O)(C)C(OC)=O)=O)C)=C)C)C(=O)C		
CHEBI:181065	(2S,3R,4S,5R)-2-(8,16-dihydroxy-5',7,9,13-tetramethylspiro[5-oxapentacyclo[10.8.0.02,9.04,8.013,18]icos-18-ene-6,2'-oxane]-14-yl)oxyoxane-3,4,5-triol		C32H50O9	578.743	O1C2C(O)(C3(C(C4C(CC3)C5(C(=CC4)CC(O)CC5O[C@@H]6OC[C@@H](O)[C@H](O)[C@H]6O)C)C2)C)C(C17OCC(CC7)C)C		
CHEBI:181089	Glycine-|A-muricholic Acid		C26H43NO6	465.631	OC1C2C3C(C(CC3)C(CCC(=O)NCC(O)=O)C)(CCC2C4(C(C1O)CC(O)CC4)C)C		
CHEBI:181106	Phenylalanine conjugated chenodeoxycholic acid		C33H49NO5	539.757	O[C@H]1[C@]2([C@]3(C([C@H](CC3)C(CCC(=O)N[C@@H](CC4=CC=CC=C4)C(O)=O)C)(CC[C@@]2(C5([C@](C1)(C[C@H](O)CC5)[H])C)[H])C)[H])[H]		
CHEBI:181108	Putative Chenodeoxycholic acid Phenylalanine conjugate		C33H49NO5	539.757	OC1C2C3C(C(CC3)C(CCC(=O)NC(CC4=CC=CC=C4)C(O)=O)C)(CCC2C5(C(C1)CC(O)CC5)C)C		
CHEBI:181122	N-((4R)-4-((3R,5S,9S,10S,13R,14S,17R)-3-Hydroxy-10,13-dimethylhexadecahydro-1H-cyclopenta[a]phenanthren-17-yl)pentanoyl)-N-methylglycine		C27H45NO4	447.660	O[C@H]1C[C@@]2([C@@]([C@@]3([C@]([C@]4([C@@]([C@](CC4)([C@@H](CCC(=O)N(CC(O)=O)C)C)[H])(CC3)C)[H])(CC2)[H])[H])(CC1)C)[H]		
CHEBI:181126	Hyodeoxycholylglycine		C26H43NO5	449.632	OC1C2C(C3C(C4C(C(CC4)C(CCC(=O)NCC(O)=O)C)(CC3)C)C1)(CCC(O)C2)C		
CHEBI:181137	Glutamate conjugated cholic acid		C29H47NO7	521.695	O[C@H]1[C@]2([C@]3(C([C@H](CC3)C(CCC(=O)NC(CCC(O)=O)C(O)=O)C)(CC[C@@]2(C4([C@](C1)(C[C@H](O)CC4)[H])C)[H])C)[H])[H]		
CHEBI:181162	((4R)-4-((3R,5S,7R,9S,10S,12S,13R,14S,17R)-3,7,12-Trihydroxy-10,13-dimethylhexadecahydro-1H-cyclopenta[a]phenanthren-17-yl)pentanoyl)-L-aspartic acid		C28H45NO8	523.667	O[C@@H]1[C@]2([C@]([C@]3([C@@]([C@@]4([C@](C[C@H]3O)(C[C@H](O)CC4)[H])C)(C1)[H])[H])(CC[C@@]2([C@@H](CCC(=O)NC(CC(O)=O)C(O)=O)C)[H])[H])C		
CHEBI:181171	(1R,3aS,5aR,5bR,9S,11aR)-1-acetyl-9-hydroxy-5a,5b,8,8,11a-pentamethyl-1,2,3,4,5,6,7,7a,9,10,11,11b,12,13,13a,13b-hexadecahydrocyclopenta[a]chrysene-3a-carboxylic acid		C29H46O4	458.683	O[C@@H]1C(C2[C@@](C3[C@]([C@]4(C(C5[C@@](CC4)(CCC5C(=O)C)C(O)=O)CC3)C)(CC2)C)(CC1)C)(C)C		
CHEBI:181172	((4R)-4-((3R,5S,7R,9S,10S,13R,14S,17R)-3,7-Dihydroxy-10,13-dimethylhexadecahydro-1H-cyclopenta[a]phenanthren-17-yl)pentanoyl)-L-phenylalanine		C33H49NO5	539.757	O[C@H]1[C@]2([C@]3([C@@]([C@](CC3)([C@@H](CCC(=O)N[C@@H](CC4=CC=CC=C4)C(O)=O)C)[H])(CC[C@@]2([C@@]5([C@](C1)(C[C@H](O)CC5)[H])C)[H])C)[H])[H]		
CHEBI:181178	(22E)-3alpha,12alpha-Dihydroxy-5beta-chol-22-en-24-oic Acid		C24H38O4	390.564	O[C@@H]1[C@]2([C@]([C@]3([C@@]([C@@]4([C@](CC3)(C[C@H](O)CC4)[H])C)(C1)[H])[H])(CC[C@@]2([C@H](C)/C=C/C(O)=O)[H])[H])C		
CHEBI:181179	2-[[(4R)-4-[(3R,5R,8R,9S,10S,13R,14S,17R)-3-Hydroxy-10,13-dimethyl-2,3,4,5,6,7,8,9,11,12,14,15,16,17-tetradecahydro-1H-cyclopenta[a]phenanthren-17-yl]pentanoyl]amino]acetic acid		C26H43NO4	433.633	OC1CC2C(C3C(C4C(C(CC4)C(CCC(=O)NCC(O)=O)C)(CC3)C)CC2)(CC1)C		
CHEBI:181181	Glutamine chenodeoxycholic acid		C29H48N2O6	520.711	O[C@H]1[C@]2([C@]3([C@@]([C@](CC3)([C@@H](CCC(=O)NC(CCC(=O)N)C(O)=O)C)[H])(CC[C@@]2([C@@]4([C@](C1)(C[C@H](O)CC4)[H])C)[H])C)[H])[H]		
CHEBI:181194	Aspartate conjugated chenodeoxycholic acid		C28H45NO7	507.668	O[C@H]1[C@]2([C@]3([C@@]([C@](CC3)([C@@H](CCC(=O)NC(CC(O)=O)C(O)=O)C)[H])(CC[C@@]2([C@@]4([C@](C1)(C[C@H](O)CC4)[H])C)[H])C)[H])[H]		
CHEBI:181198	Methionine conjugated chenodeoxycholic acid		C29H49NO5S	523.770	S(CCC(NC(=O)CC[C@H]([C@@]1([C@@]2([C@]([C@]3([C@@]([C@@]4([C@](C[C@H]3O)(C[C@H](O)CC4)[H])C)(CC2)[H])[H])(CC1)[H])C)[H])C)C(O)=O)C		
CHEBI:181247	Glutamate conjugated chenodeoxycholic acid		C29H47NO7	521.695	O[C@H]1[C@]2([C@]3([C@@]([C@](CC3)([C@@H](CCC(=O)NC(CCC(O)=O)C(O)=O)C)[H])(CC[C@@]2([C@@]4([C@](C1)(C[C@H](O)CC4)[H])C)[H])C)[H])[H]		
CHEBI:181248	Cysteine conjugated cholic acid		C27H45NO6S	511.720	SCC(NC(=O)CC[C@H]([C@@]1([C@@]2([C@]([C@]3([C@@]([C@@]4([C@](C[C@H]3O)(C[C@H](O)CC4)[H])C)(C[C@@H]2O)[H])[H])(CC1)[H])C)[H])C)C(O)=O		
CHEBI:181250	((4R)-4-((3R,5S,7R,9S,10S,12S,13R,14S,17R)-3,7,12-Trihydroxy-10,13-dimethylhexadecahydro-1H-cyclopenta[a]phenanthren-17-yl)pentanoyl)tyrosine		C33H49NO7	571.755	O[C@@H]1[C@]2([C@]([C@]3([C@@]([C@@]4([C@](C[C@H]3O)(C[C@H](O)CC4)[H])C)(C1)[H])[H])(CC[C@@]2([C@@H](CCC(=O)NC(CC5=CC=C(O)C=C5)C(O)=O)C)[H])[H])C		
CHEBI:181252	((4R)-4-((3R,5R,9S,10S,12R,13R,14S,17R)-3,12-Dihydroxy-10,13-dimethylhexadecahydro-1H-cyclopenta[a]phenanthren-17-yl)pentanoyl)glycine		C26H43NO5	449.632	O[C@H]1[C@]2([C@]([C@]3([C@@]([C@@]4([C@](CC3)(C[C@H](O)CC4)[H])C)(C1)[H])[H])(CC[C@@]2([C@@H](CCC(=O)NCC(O)=O)C)[H])[H])C		
CHEBI:181260	[(10R,13S,17S)-10,13-Dimethyl-3-oxo-1,2,6,7,8,9,11,12,14,15,16,17-dodecahydrocyclopenta[a]phenanthren-17-yl] propanoate		C22H32O3	344.495	O([C@@H]1[C@@]2(C(C3C([C@@]4(C(CC3)=CC(=O)CC4)C)CC2)CC1)C)C(=O)CC		
CHEBI:181323	Dexbudesonide		C25H34O6	430.541	O1[C@]2([C@@]3([C@]([C@]4([C@]([C@@H](O)C3)([C@@]5(C(CC4)=CC(=O)C=C5)C)[H])[H])(C[C@]2(O[C@H]1CCC)[H])[H])C)C(=O)CO		
CHEBI:181335	Methyl (4R,E)-4-((3R,5S,7S,9S,10S,13R,14S,17R)-3,7-dihydroxy-10,13-dimethylhexadecahydro-1H-cyclopenta[a]phenanthren-17-yl)pent-2-enoate		C25H40O4	404.591	O[C@@H]1[C@]2([C@]3([C@@]([C@](CC3)([C@H](C)/C=C/C(OC)=O)[H])(CC[C@@]2([C@@]4([C@](C1)(C[C@H](O)CC4)[H])C)[H])C)[H])[H]		
CHEBI:181376	Paspaline B		C28H37NO3	435.608	O1[C@@]2([C@]([C@]3([C@@]([C@@]4([C@@](CC3)(CC5=C4NC=6C5=CC=CC6)[H])C)(CC2)C)[H])(CC[C@]1(C(O)(C)C)[H])C=O)[H]		
CHEBI:181420	5,6-trans-Vitamin D2		C28H44O	396.659	O[C@@H]1C/C(=C\C=C/2\[C@]3([C@@]([C@](CC3)([C@H](C)/C=C/[C@@H](C(C)C)C)[H])(CCC2)C)[H])/C(CC1)=C		
CHEBI:181423	Calcifediol monohydrate		C27H44O2.H2O	418.662	OC(CCC[C@H]([C@@]1([C@@]2([C@@](CC1)(/C(/CCC2)=C/C=C\3/C[C@@H](O)CCC3=C)[H])C)[H])C)(C)C.O		
CHEBI:181452	[(17R)-11-Hydroxy-17-(2-hydroxyacetyl)-10,13-dimethyl-3-oxo-2,6,7,8,9,11,12,14,15,16-decahydro-1H-cyclopenta[a]phenanthren-17-yl] pentanoate		C26H38O6	446.584	O([C@]1(C2(C(C3C(C4(C(CC3)=CC(=O)CC4)C)C(O)C2)CC1)C)C(=O)CO)C(=O)CCCC		
CHEBI:181455	(8R,10R,13S,17R)-17-Hydroxy-17-(2-hydroxyacetyl)-10,13-dimethyl-2,6,7,8,9,11,12,14,15,16-decahydro-1H-cyclopenta[a]phenanthren-3-one		C21H30O4	346.467	O[C@]1([C@@]2(C([C@]3(C([C@@]4(C(CC3)=CC(=O)CC4)C)CC2)[H])CC1)C)C(=O)CO		
CHEBI:181466	[(3S,5S,9S,14S)-17-Acetyloxy-10,13-dimethyl-2,16-bis(1-methylpiperidin-1-ium-1-yl)-2,3,4,5,6,7,8,9,11,12,14,15,16,17-tetradecahydro-1H-cyclopenta[a]phenanthren-3-yl] acetate;bromide		C35H60N2O4.Br	652.778	[Br-].O(C1C2([C@](C3[C@@](C4([C@@](CC3)(C[C@H](OC(=O)C)C([N+]5(CCCCC5)C)C4)[H])C)(CC2)[H])(CC1[N+]6(CCCCC6)C)[H])C)C(=O)C		
CHEBI:181635	(1S,4S,8S,9S,11R,13R,14R,16R)-7,9,13-trimethyl-6-[3-[[(2R,3R,4S,5S,6R)-3,4,5-trihydroxy-6-(hydroxymethyl)oxan-2-yl]oxymethyl]but-3-enyl]-5-oxapentacyclo[10.8.0.02,9.04,8.013,18]icosa-6,18-diene-11,14,16-triol		C33H50O10	606.753	O1[C@@]2([C@@]([C@@]3(C([C@]4(C([C@@]5(C(=CC4)C[C@@H](O)C[C@H]5O)C)C(O)C3)[H])C2)C)(C(=C1CCC(CO[C@@H]6O[C@@H]([C@@H](O)[C@H](O)[C@H]6O)CO)=C)C)[H])[H]		
CHEBI:181667	(22E)-3alpha,6beta,7beta-Trihydroxy-5beta-chol-22-en-24-oic Acid		C24H38O5	406.563	O[C@@H]1[C@]2([C@]3([C@@]([C@](CC3)([C@H](C)/C=C/C(O)=O)[H])(CC[C@@]2([C@@]4([C@]([C@@H]1O)(C[C@H](O)CC4)[H])C)[H])C)[H])[H]		
CHEBI:181680	[(10R,13S,17R)-17-Ethynyl-13-methyl-3-oxo-1,2,6,7,8,9,10,11,12,14,15,16-dodecahydrocyclopenta[a]phenanthren-17-yl] acetate		C22H28O3	340.463	O([C@@]1([C@@]2(C(C3C(CC2)[C@@]4(C(CC3)=CC(=O)CC4)[H])CC1)C)C#C)C(=O)C		
CHEBI:181761	Solasodiene		C27H41NO	395.631	O1C2C(C3(C(C4C(CC3)C5(C(=CC4)C=CCC5)C)C2)C)C(C16NCC(CC6)C)C		
CHEBI:181763	Furostane base-2H + O-Hex		C33H54O9	594.786	O1C2C(C3(C(C4C(CC3)C5(C(=CC4)CC(O)CC5)C)C2)C)C(C1(O)CCC(COC6OC(C(O)C(O)C6O)CO)C)C		
CHEBI:181765	Solasodine base + 2H, 1O, O-Hex-Hex-Hex-Pen		C50H83NO22	1050.199	O1C2C(C3(C(C4C(C5(C(CC4)CC(OC6OC(C(OC7OC(C(O)C(OC8OCC(O)C(O)C8O)C7OC9OC(C(O)C(O)C9O)CO)CO)C(O)C6O)CO)CC5)C)CC3)C2)C)C(C%10NCC(CC1%10O)C)C		
CHEBI:181781	(R)-4-((3R,5S,8R,9S,10S,13R,14S,17R)-3-Hydroxy-10,13-dimethyl-7-oxohexadecahydro-1H-cyclopenta[a]phenanthren-17-yl)pent-2-enoic acid		C24H36O4	388.548	O=C1[C@]2([C@]3([C@@]([C@](CC3)([C@H](C)/C=C/C(O)=O)[H])(CC[C@@]2([C@@]4([C@](C1)(C[C@H](O)CC4)[H])C)[H])C)[H])[H]		
CHEBI:181788	Valine conjugated chenodeoxycholic acid		C29H49NO5	491.713	O[C@H]1[C@]2([C@]3([C@@]([C@](CC3)([C@@H](CCC(=O)NC(C(C)C)C(O)=O)C)[H])(CC[C@@]2([C@@]4([C@](C1)(C[C@H](O)CC4)[H])C)[H])C)[H])[H]		
CHEBI:181793	Sarcoursodeoxycholic acid		C27H45NO5	463.659	O[C@@H]1[C@]2([C@]3([C@@]([C@](CC3)([C@@H](CCC(=O)N(CC(O)=O)C)C)[H])(CC[C@@]2([C@@]4([C@](C1)(C[C@H](O)CC4)[H])C)[H])C)[H])[H]		
CHEBI:181795	5-Amino-5-oxo-2-[[(4R)-4-[(3R,5S,7R,8R,9S,10S,12S,13R,14S,17R)-3,7,12-trihydroxy-10,13-dimethyl-2,3,4,5,6,7,8,9,11,12,14,15,16,17-tetradecahydro-1H-cyclopenta[a]phenanthren-17-yl]pentanoyl]amino]pentanoic acid		C29H48N2O7	536.710	O[C@@H]1[C@]2([C@]([C@]3([C@@]([C@@]4([C@](C[C@H]3O)(C[C@H](O)CC4)[H])C)(C1)[H])[H])(CC[C@@]2([C@@H](CCC(=O)NC(CCC(=O)N)C(O)=O)C)[H])[H])C		
CHEBI:181815	(12S)-4,5-Dimethoxy-12-methyl-13-oxa-10-azatetracyclo[8.7.0.02,7.011,15]heptadeca-2,4,6,11(15)-tetraen-14-one		C18H21NO4	315.369	O1[C@H](C=2N3C(CCC2C1=O)C=4C(CC3)=CC(OC)=C(OC)C4)C		
CHEBI:181841	((R)-4-((3R,5R,6S,7R,8S,9S,10R,13R,14S,17R)-3,6,7-Trihydroxy-10,13-dimethylhexadecahydro-1H-cyclopenta[a]phenanthren-17-yl)pent-2-enoyl)glycine		C26H41NO6	463.615	O[C@@H]1[C@]2([C@]3([C@@]([C@](CC3)([C@H](C)/C=C/C(=O)NCC(O)=O)[H])(CC[C@@]2([C@@]4([C@]([C@@H]1O)(C[C@H](O)CC4)[H])C)[H])C)[H])[H]		
CHEBI:181899	2-[[(4R)-4-[(3R,5S,7R,8R,9S,10S,13R,14S,17R)-3,7-Dihydroxy-10,13-dimethyl-2,3,4,5,6,7,8,9,11,12,14,15,16,17-tetradecahydro-1H-cyclopenta[a]phenanthren-17-yl]pentanoyl]amino]-4-methylpentanoic acid		C30H51NO5	505.740	O[C@H]1[C@]2([C@]3([C@@]([C@](CC3)([C@@H](CCC(=O)NC(CC(C)C)C(O)=O)C)[H])(CC[C@@]2([C@@]4([C@](C1)(C[C@H](O)CC4)[H])C)[H])C)[H])[H]		
CHEBI:181900	Valine conjugated cholic acid		C29H49NO6	507.712	O[C@@H]1[C@]2([C@]([C@]3([C@@]([C@@]4([C@](C[C@H]3O)(C[C@H](O)CC4)[H])C)(C1)[H])[H])(CC[C@@]2([C@@H](CCC(=O)NC(C(C)C)C(O)=O)C)[H])[H])C		
CHEBI:181901	((4R)-4-((3R,5S,7R,9S,10S,12S,13R,14S,17R)-3,7,12-Trihydroxy-10,13-dimethylhexadecahydro-1H-cyclopenta[a]phenanthren-17-yl)pentanoyl)glycylglycine		C28H46N2O7	522.683	O[C@@H]1[C@]2([C@]([C@]3([C@@]([C@@]4([C@](C[C@H]3O)(C[C@H](O)CC4)[H])C)(C1)[H])[H])(CC[C@@]2([C@@H](CCC(=O)NCC(=O)NCC(O)=O)C)[H])[H])C		
CHEBI:181954	Glycolithocholic acid ethyl ester		C28H47NO4	461.687	O[C@H]1C[C@@]2([C@@]([C@@]3([C@]([C@]4([C@@]([C@](CC4)([C@@H](CCC(=O)NCC(OCC)=O)C)[H])(CC3)C)[H])(CC2)[H])[H])(CC1)C)[H]		
CHEBI:182000	2-[[(4R)-4-[(3R,5S,7R,8R,9S,10S,13R,14S,17R)-3,7-Dihydroxy-10,13-dimethyl-2,3,4,5,6,7,8,9,11,12,14,15,16,17-tetradecahydro-1H-cyclopenta[a]phenanthren-17-yl]pentanoyl]amino]-3-phenylpropanoic acid		C33H49NO5	539.757	O[C@H]1[C@]2([C@]3([C@@]([C@](CC3)([C@@H](CCC(=O)NC(CC4=CC=CC=C4)C(O)=O)C)[H])(CC[C@@]2([C@@]5([C@](C1)(C[C@H](O)CC5)[H])C)[H])C)[H])[H]		
CHEBI:182070	[(3S,10R,13R,14R,17R)-3-[(2R,3R,4S,5S,6R)-3,5-dihydroxy-4-methoxy-6-methyloxan-2-yl]oxy-8,14-dihydroxy-10,13-dimethyl-17-(5-oxo-2H-furan-3-yl)-2,3,6,7,9,11,12,15,16,17-decahydro-1H-cyclopenta[a]phenanthren-6-yl] acetate		C32H46O11	606.709	O[C@@]12[C@@]([C@H](CC1)C=3COC(=O)C3)(CCC4C2(O)CC(OC(=O)C)C=5[C@@]4(CC[C@H](O[C@@H]6O[C@@H]([C@H](O)[C@H](OC)[C@H]6O)C)C5)C)C		
CHEBI:182101	Cysteine conjugated chenodeoxycholic acid		C27H45NO5S	495.720	SCC(NC(=O)CC[C@H]([C@@]1([C@@]2([C@]([C@]3([C@@]([C@@]4([C@](C[C@H]3O)(C[C@H](O)CC4)[H])C)(CC2)[H])[H])(CC1)[H])C)[H])C)C(O)=O		
CHEBI:182106	((4R)-4-((3R,5S,7R,9S,10S,12S,13R,14S,17R)-3,7,12-Trihydroxy-10,13-dimethylhexadecahydro-1H-cyclopenta[a]phenanthren-17-yl)pentanoyl)valine		C28H47NO8S	557.740	S(O)(=O)(=O)CCC(NC(=O)CC[C@H]([C@@]1([C@@]2([C@]([C@]3([C@@]([C@@]4([C@](C[C@H]3O)(C[C@H](O)CC4)[H])C)(CC2)[H])[H])(CC1)[H])C)[H])C)C(O)=O		
CHEBI:182107	Serine conjugated chenodeoxycholic acid		C27H45NO6	479.658	O[C@H]1[C@]2([C@]3([C@@]([C@](CC3)([C@@H](CCC(=O)NC(CO)C(O)=O)C)[H])(CC[C@@]2([C@@]4([C@](C1)(C[C@H](O)CC4)[H])C)[H])C)[H])[H]		
CHEBI:182120	2-[[(4R)-4-[(3R,5S,7R,8R,9S,10S,12S,13R,14S,17R)-3,7,12-Trihydroxy-10,13-dimethyl-2,3,4,5,6,7,8,9,11,12,14,15,16,17-tetradecahydro-1H-cyclopenta[a]phenanthren-17-yl]pentanoyl]amino]acetic acid;hydrate		C26H43NO6.H2O	483.646	O[C@@H]1[C@]2([C@]([C@]3([C@@]([C@@]4([C@](C[C@H]3O)(C[C@H](O)CC4)[H])C)(C1)[H])[H])(CC[C@@]2([C@@H](CCC(=O)NCC(O)=O)C)[H])[H])C.O		
CHEBI:182128	Homocholic acid		C25H42O5	422.606	O[C@@H]1[C@]2([C@]([C@]3([C@@]([C@@]4([C@](C[C@H]3O)(C[C@H](O)CC4)[H])C)(C1)[H])[H])(CC[C@@]2([C@@H](CCCC(O)=O)C)[H])[H])C		
CHEBI:182153	(22E)-3alpha,7beta-Dihydroxy-5beta-chol-22-en-24-oic Acid		C24H38O4	390.564	O[C@@H]1[C@]2([C@]3([C@@]([C@](CC3)([C@H](C)/C=C/C(O)=O)[H])(CC[C@@]2([C@@]4([C@](C1)(C[C@H](O)CC4)[H])C)[H])C)[H])[H]		
CHEBI:182184	Norethisterone,(S)		C20H26O2	298.426	O[C@@]1([C@@]2([C@]([C@]3([C@@](CC2)([C@@]4(C(CC3)=CC(=O)CC4)[H])[H])[H])(CC1)[H])C)C#C		
CHEBI:182256	1-[(3S,10R,12S,13S,14S,17S)-11,12,14-trihydroxy-3-[4-methoxy-5-[4-methoxy-6-methyl-5-(3,4,5-trihydroxy-6-methyloxan-2-yl)oxyoxan-2-yl]oxy-6-methyloxan-2-yl]oxy-10,13-dimethyl-1,2,3,4,7,8,9,11,12,15,16,17-dodecahydrocyclopenta[a]phenanthren-17-yl]ethanone		C41H66O15	798.964	O[C@]12[C@]([C@H](O)C(O)C3C1CC=C4[C@@]3(CC[C@H](OC5OC(C(OC6OC(C(OC7OC(C(O)C(O)C7O)C)C(OC)C6)C)C(OC)C5)C)C4)C)([C@H](CC2)C(=O)C)C		
CHEBI:182320	Glycocholic acid hydrate		C26H43NO6	465.631	O[C@@H]1[C@]2([C@](C3[C@@]([C@@]4([C@](CC3O)(C[C@H](O)CC4)[H])C)(C1)[H])(CC[C@@]2([C@@H](CCC(=O)NCC(O)=O)C)[H])[H])C		
CHEBI:182345	2,3-Dihydroxy-10,13-dimethyl-2,3,4,5,6,7,8,14,15,17-decahydro-1H-cyclopenta[a]phenanthrene-12,16-dione		C19H26O4	318.413	OC1CC2(C(CCC3C4C(CC(=O)C4)(C(=O)C=C23)C)CC1O)C		
CHEBI:182560	(2S,3R,4R,5R,6S)-2-[(2S,3R,4S,5S)-4,5-dihydroxy-2-[(1S,4S,6R,7S,8R,9S,13R,14R,16R)-16-hydroxy-7,9,13-trimethyl-5'-methylidenespiro[5-oxapentacyclo[10.8.0.02,9.04,8.013,18]icos-18-ene-6,2'-oxane]-14-yl]oxyoxan-3-yl]oxy-6-methyloxane-3,4,5-triol		C38H58O12	706.870	O1[C@@]2([C@@]([C@@]3(C([C@]4(C(CC3)[C@@]5(C(=CC4)C[C@@H](O)C[C@H]5O[C@@H]6OC[C@H](O)[C@H](O)[C@H]6O[C@@H]7O[C@H]([C@H](O)[C@@H](O)[C@H]7O)C)C)[H])C2)C)([C@@H]([C@]18OCC(CC8)=C)C)[H])[H]		
CHEBI:182567	10,13-Dimethyl-7,8,9,11,12,14,15,16-octahydro-6H-cyclopenta[a]phenanthrene-3,17-dione		C19H24O2	284.399	O=C1C2(C(C3C(C4(C(CC3)=CC(=O)C=C4)C)CC2)CC1)C		
CHEBI:182569	MLS001332652		C24H31FO6	434.504	F[C@H]1CC2C3C([C@@]4(OC(O[C@@]4(C3)[H])(C)C)C(=O)CO)(CC(O)C2C5(C1=CC(=O)C=C5)C)C		
CHEBI:182584	[17-acetyl-14-hydroxy-3-[5-[5-[5-(5-hydroxy-4-methoxy-6-methyloxan-2-yl)oxy-4-methoxy-6-methyloxan-2-yl]oxy-4-methoxy-6-methyloxan-2-yl]oxy-4-methoxy-6-methyloxan-2-yl]oxy-10,13-dimethyl-1,2,3,4,7,8,9,11,12,15,16,17-dodecahydrocyclopenta[a]phenanthren-12-yl] (E)-2-methylbut-2-enoate		C54H86O17	1007.265	OC12C(C(OC(=O)/C(/C)=C/C)CC3C1CC=C4C3(CCC(OC5OC(C(OC6OC(C(OC7OC(C(OC8OC(C(O)C(OC)C8)C)C(OC)C7)C)C(OC)C6)C)C(OC)C5)C)C4)C)(C(CC2)C(=O)C)C		
CHEBI:182616	(2R,3R,4S,5R,6R)-2-[(9S,13S,16S)-5',7,9,13-tetramethylspiro[5-oxapentacyclo[10.8.0.02,9.04,8.013,18]icosane-6,2'-oxane]-16-yl]oxy-6-[[(2S,3R,4S,5R)-3,4,5-trihydroxyoxan-2-yl]oxymethyl]oxane-3,4,5-triol		C38H62O12	710.902	O1C2C([C@@]3(C(C4C([C@@]5(C(CC4)C[C@@H](O[C@@H]6O[C@@H]([C@H](O)[C@H](O)[C@H]6O)CO[C@@H]7OC[C@@H](O)[C@H](O)[C@H]7O)CC5)C)CC3)C2)C)C(C18OCC(CC8)C)C		
CHEBI:182617	(2S,3S,4S,5R,6S)-3,4,5-Trihydroxy-6-[[(17R)-17-hydroxy-13-methyl-6,7,8,9,11,12,14,15,16,17-decahydrocyclopenta[a]phenanthren-3-yl]oxy]oxane-2-carboxylic acid		C24H32O8	448.512	O[C@H]1C2(C(C3C(CC2)C4=C(CC3)C=C(O[C@@H]5O[C@@H]([C@@H](O)[C@H](O)[C@H]5O)C(O)=O)C=C4)CC1)C		
CHEBI:182748	(2S,3R,4R,5R,6S)-2-[(2R,3R,4R,5R,6S)-4,5-dihydroxy-2-[(4S,5'S,6R,7S,8R,9S,13R,14R,16S)-16-hydroxy-5',7,9,13-tetramethylspiro[5-oxapentacyclo[10.8.0.02,9.04,8.013,18]icos-18-ene-6,2'-oxane]-14-yl]oxy-6-methyloxan-3-yl]oxy-6-methyloxane-3,4,5-triol		C39H62O12	722.913	O1[C@@]2([C@@]([C@@]3(C(C4C(CC3)[C@@]5(C(=CC4)C[C@H](O)C[C@H]5O[C@@H]6O[C@H]([C@H](O)[C@@H](O)[C@H]6O[C@@H]7O[C@H]([C@H](O)[C@@H](O)[C@H]7O)C)C)C)C2)C)([C@@H]([C@]18OC[C@H](CC8)C)C)[H])[H]		
CHEBI:182750	(3S,10R,13S,17R)-3-Hydroxy-10,13-dimethyl-17-[1-(3-methyl-2,3,4,5-tetrahydropyridin-6-yl)ethyl]-1,2,3,4,5,7,8,9,11,12,14,15,16,17-tetradecahydrocyclopenta[a]phenanthren-6-one		C27H43NO2	413.646	O=C1C2[C@@](C3C(C4[C@@]([C@H](CC4)C(C5=NCC(CC5)C)C)(CC3)C)C1)(CC[C@H](O)C2)C		
CHEBI:182753	MCULE-1046953863		C26H38O6	446.584	OC1C(C2C(C3C(C4(C(C(=C3)C)(C(O)=C(C4=O)C)C)C(OC)=O)(CC2)C)(CC1)CO)(C)C		
CHEBI:182766	(8S,9S,10R,13S,14S)-11-Hydroxy-17-(2-hydroxyacetyl)-10,13-dimethyl-1,2,6,7,8,9,11,12,14,15,16,17-dodecahydrocyclopenta[a]phenanthren-3-one		C21H30O4	346.467	OC1[C@]2([C@]([C@]3([C@](C1)(C(CC3)C(=O)CO)C)[H])(CCC=4[C@@]2(CCC(=O)C4)C)[H])[H]		
CHEBI:182814	[(3S,4S,5R,6S)-4-hydroxy-6-(16-hydroxy-7,9,13-trimethyl-5'-methylidenespiro[5-oxapentacyclo[10.8.0.02,9.04,8.013,18]icos-18-ene-6,2'-oxane]-14-yl)oxy-5-[(2S,3R,4R,5R,6S)-3,4,5-trihydroxy-6-methyloxan-2-yl]oxyoxan-3-yl] 2-hydroxy-3-methylpentanoate		C44H68O14	821.014	O1C2C(C3(C(C4C(CC3)C5(C(=CC4)CC(O)CC5O[C@@H]6OC[C@H](OC(=O)C(O)C(CC)C)[C@H](O)[C@H]6O[C@@H]7O[C@H]([C@H](O)[C@@H](O)[C@H]7O)C)C)C2)C)C(C18OCC(CC8)=C)C		
CHEBI:182827	[17-Acetyl-3-[5-[5-(3,5-dihydroxy-4-methoxy-6-methyloxan-2-yl)oxy-4-methoxy-6-methyloxan-2-yl]oxy-4-methoxy-6-methyloxan-2-yl]oxy-8,14,17-trihydroxy-10,13-dimethyl-1,2,3,4,5,6,7,9,11,12,15,16-dodecahydrocyclopenta[a]phenanthren-12-yl] benzoate		C49H74O17	935.114	OC12C3(O)C(C(OC(=O)C4=CC=CC=C4)CC1C5(C(CC2)CC(OC6OC(C(OC7OC(C(OC8OC(C(O)C(OC)C8O)C)C(OC)C7)C)C(OC)C6)C)CC5)C)(C(O)(CC3)C(=O)C)C		
CHEBI:182868	N-((4R)-4-((3R,5S,9S,10S,12S,13R,14S,17R)-3,12-Dihydroxy-10,13-dimethylhexadecahydro-1H-cyclopenta[a]phenanthren-17-yl)pentanoyl)-N-methylglycine		C27H45NO5	463.659	O[C@@H]1[C@]2([C@]([C@]3([C@@]([C@@]4([C@](CC3)(C[C@H](O)CC4)[H])C)(C1)[H])[H])(CC[C@@]2([C@@H](CCC(=O)N(CC(O)=O)C)C)[H])[H])C		
CHEBI:182883	((4R)-4-((3R,5S,7R,9S,10S,13R,14S,17R)-3,7-Dihydroxy-10,13-dimethylhexadecahydro-1H-cyclopenta[a]phenanthren-17-yl)pentanoyl)-D-phenylalanine		C33H49NO5	539.757	O[C@H]1[C@]2([C@]3([C@@]([C@](CC3)([C@@H](CCC(=O)N[C@H](CC4=CC=CC=C4)C(O)=O)C)[H])(CC[C@@]2([C@@]5([C@](C1)(C[C@H](O)CC5)[H])C)[H])C)[H])[H]		
CHEBI:182884	((4R)-4-((3R,5S,7R,9S,10S,13R,14S,17R)-3,7-Dihydroxy-10,13-dimethylhexadecahydro-1H-cyclopenta[a]phenanthren-17-yl)-2,2-dimethylpentanoyl)glycine		C28H47NO5	477.686	O[C@@H]1[C@]2([C@]3([C@@]([C@](CC3)([C@@H](CC(C)(C)C(=O)NCC(O)=O)C)[H])(CC[C@@]2([C@@]4([C@](C1)(C[C@H](O)CC4)[H])C)[H])C)[H])[H]		
CHEBI:182917	Tryptophan conjugated cholic acid		C35H50N2O6	594.793	O[C@@H]1[C@]2([C@]([C@]3([C@@]([C@@]4([C@](C[C@H]3O)(C[C@H](O)CC4)[H])C)(C1)[H])[H])(CC[C@@]2([C@@H](CCC(=O)NC(CC=5C=6C(NC5)=CC=CC6)C(O)=O)C)[H])[H])C		
CHEBI:182943	17alpha-(N-Acetyl-D-glucosaminyl)-estradiol 3-D-glucuronide		C32H45NO13	651.706	O([C@H]1C2(C(C3C(CC2)C4=C(CC3)C=C(O[C@@H]5O[C@@H]([C@@H](O)[C@H](O)[C@H]5O)C(O)=O)C=C4)CC1)C)[C@@H]6O[C@@H]([C@@H](O)[C@H](O)[C@H]6NC(=O)C)CO		
CHEBI:182991	(5Z,7E)-(1S,3R)-24,24-difluoro-26,27-dimethyl-9,10-seco-5,7,10(19)-cholestatrien-1,3,25-triol		C29H46F2O3	480.681	FC(F)(CC[C@H]([C@@]1([C@@]2([C@@](CC1)(/C(/CCC2)=C/C=C\3/C[C@@H](O)C[C@H](O)C3=C)[H])C)[H])C)C(O)(CC)CC		
CHEBI:183005	25-hydroxy-16,17-didehydrovitamin D3 / 25-hydroxy-16,17-didehydrocholecalciferol		C27H42O2	398.631	OC(CCC[C@H](C=1[C@@]2([C@@](CC1)(/C(/CCC2)=C/C=C\3/C[C@@H](O)CCC3=C)[H])C)C)(C)C		
CHEBI:183020	18,25-dihydroxyvitamin D3 / 18,25-dihydroxycholecalciferol		C27H44O3	416.646	OC[C@@]12[C@](CC[C@]1(/C(/CCC2)=C/C=C\3/C[C@@H](O)CCC3=C)[H])([C@@H](CCCC(O)(C)C)C)[H]		
CHEBI:183032	(24R)-6,19-epidioxy-1,24-dihydroxy-6,19-dihydrovitamin D3 / (24R)-6,19-epidioxy-1,24-di hydroxy-6,19-dihydrocholecalciferol		C27H44O5	448.644	O[C@@H](C[C@H]([C@@]1([C@@]2([C@@](CC1)(/C(/CCC2)=C/C3OOCC4=C3C[C@@H](O)C[C@@H]4O)[H])C)[H])C)CC(C)C		
CHEBI:183034	Setariol		C27H42O3	414.630	O[C@]12C=3[C@]4([C@]5(C4)[C@@](CC3)(C[C@H](O)CC5)[H])CC[C@@]1([C@H](CC2)C(CCCC(CO)C)=C)C		
CHEBI:183042	Furcogenin 3-[2''-glucosyl-6''-arabinosylglucoside]		C44H70O18	887.026	O1C2C(C3(C(C4C(C5(C(CC4)CC(OC6OC(C(O)C(O)C6OC7OC(C(O)C(O)C7O)CO)COC8OCC(O)C(O)C8O)CC5)C)CC3=O)C2)C)C(C19OCC(CC9)C)C		
CHEBI:183047	Ximaosteroid B		C26H40O3	400.603	O([C@@H]1C[C@]2([C@@]([C@@]3([C@]([C@]4([C@](CC3)([C@H](CC4)C=C)C)[H])(C[C@@H]2CC(=O)C)[H])[H])(CC1)C)[H])C(=O)C		
CHEBI:183241	(9xi,11beta,14xi)-11,21-Dihydroxypregn-4-ene-3,20-dione		C21H30O4	346.467	OC1C2[C@](C3[C@](C1)([C@H](CC3)C(=O)CO)C)(CCC=4[C@@]2(CCC(=O)C4)C)[H]		
CHEBI:183532	Carcinomedin		C28H44O3	428.657	OC([C@@H](CC[C@H]([C@@]1([C@@]2([C@@](CC1)(/C(/CCC2)=C/C=C\3/C[C@@H](O)CC(=O)C3=C)[H])C)[H])C)C)(C)C		
CHEBI:183540	VD 2736		C30H44O3	452.679	O[C@@H]1C\C(=C\C=C/2\[C@]3([C@](CCC2)(C(=CC3)[C@@H](C)/C=C/C=C/C(O)(CC)CC)C)[H])\C([C@@H](O)C1)=C		
CHEBI:183542	VD 2728		C30H44O3	452.679	O[C@@H]1C\C(=C\C=C/2\[C@]3([C@](CCC2)(C(=CC3)[C@H](C)/C=C/C=C/C(O)(CC)CC)C)[H])\C([C@@H](O)C1)=C		
CHEBI:183559	(+-)-Ethyl 3-hydroxy-2-methylbutyrate		C30H48O3	456.711	O[C@@H]1C\C(=C\C=C/2\[C@]3([C@@]([C@](CC3)([C@@H](CC/C=C/C(O)(CC)CC)C)[H])(CCC2)C)[H])\C([C@@H](O)C1)=C		
CHEBI:183592	(22E)-3alpha,7alpha,12alpha-Trihydroxy-5beta-chol-22-en-24-oic Acid		C24H38O5	406.563	O[C@@H]1[C@]2([C@]([C@]3([C@@]([C@@]4([C@](C[C@H]3O)(C[C@H](O)CC4)[H])C)(C1)[H])[H])(CC[C@@]2([C@H](C)/C=C/C(O)=O)[H])[H])C		
CHEBI:183798	CE(20:4)		C47H76O2	673.107	C1[C@@]2([C@]3(CC[C@]4([C@]([C@@]3(CC=C2C[C@H](C1)OC(=O)*)[H])(CC[C@@]4([C@H](C)CCCC(C)C)[H])[H])C)[H])C		
CHEBI:183799	CE(18:2)		C45H76O2	649.085	C1[C@@]2([C@]3(CC[C@]4([C@]([C@@]3(CC=C2C[C@H](C1)OC(=O)*)[H])(CC[C@@]4([C@H](C)CCCC(C)C)[H])[H])C)[H])C		
CHEBI:183800	CE(18:1)		C45H78O2	651.101	C1[C@@]2([C@]3(CC[C@]4([C@]([C@@]3(CC=C2C[C@H](C1)OC(=O)*)[H])(CC[C@@]4([C@H](C)CCCC(C)C)[H])[H])C)[H])C		
CHEBI:183801	CE(22:2)		C49H84O2	705.192	[H][C@@]1(CC[C@@]2([H])[C@]3([H])CC=C4C[C@H](CC[C@]4(C)[C@@]3([H])CC[C@]12C)OC([*])=O)[C@H](C)CCCC(C)C		
CHEBI:183802	CE(22:1)		C49H86O2	707.208	C1[C@@]2([C@]3(CC[C@]4([C@]([C@@]3(CC=C2C[C@H](C1)OC(=O)*)[H])(CC[C@@]4([C@H](C)CCCC(C)C)[H])[H])C)[H])C		
CHEBI:183803	CE(22:4)		C49H80O2	701.160	C1[C@@]2([C@]3(CC[C@]4([C@]([C@@]3(CC=C2C[C@H](C1)OC(=O)*)[H])(CC[C@@]4([C@H](C)CCCC(C)C)[H])[H])C)[H])C		
CHEBI:183804	CE(20:2)		C47H80O2	677.139	C1[C@@]2([C@]3(CC[C@]4([C@]([C@@]3(CC=C2C[C@H](C1)OC(=O)*)[H])(CC[C@@]4([C@H](C)CCCC(C)C)[H])[H])C)[H])C		
CHEBI:183816	Cholesteryl laurate		C39H68O2	568.971	O([C@@H]1CC=2[C@@]([C@@]3([C@]([C@]4([C@@]([C@](CC4)([C@@H](CCCC(C)C)C)[H])(CC3)C)[H])(CC2)[H])[H])(CC1)C)C(=O)CCCCCCCCCCC		
CHEBI:183845	11-ketofusidic acid		C31H46O6	514.703	O([C@H]\1C[C@@]2([C@@]3([C@]([C@@]4(C(CC3)[C@@H]([C@H](O)CC4)C)C)(C(=O)C[C@]2(/C1=C(\CCC=C(C)C)/C(O)=O)[H])[H])[H])C)C(=O)CC		
CHEBI:183846	17-alpha-Ethinylestradiol		C20H24O2	296.410	O[C@]1(C2([C@]([C@]3([C@](CC2)(C4=C(CC3)C=C(O)C=C4)[H])[H])(CC1)[H])C)C#C		
CHEBI:183884	3-hydroxystanozolol glucuronide		C27H40N2O8	520.623	O[C@@]1([C@@]2([C@]([C@]3([C@@]([C@@]4([C@@](CC3)(CC=5NN=C(O[C@@H]6OC([C@@H](O)C(O)C6O)C(O)=O)C5C4)[H])C)(CC2)[H])[H])(CC1)[H])C)C		
CHEBI:183916	Finasteride Carboxylic Acid		C23H34N2O4	402.535	O=C(NC(C)(C)C(O)=O)[C@@H]1[C@@]2([C@]([C@]3([C@@]([C@@]4([C@](NC(=O)C=C4)(CC3)[H])C)(CC2)[H])[H])(CC1)[H])C		
CHEBI:183917	Fulvestrant 9-sulfone		C32H47F5O4S	622.780	S(=O)(=O)(CCCCCCCCC[C@H]1[C@]2([C@]3([C@](CC[C@@]2(C4=C(C1)C=C(O)C=C4)[H])([C@@H](O)CC3)C)[H])[H])CCCC(F)(F)C(F)(F)F		
CHEBI:183950	Polygalic acid		C29H44O6	488.665	O[C@@H]1[C@@]([C@]2([C@@]([C@@]3([C@@](CC2)(C4=C([C@]5([C@@](CC4)(CCC(C5)(C)C)C(O)=O)[H])CC3)C)[H])(C[C@@H]1O)C)[H])(C)C(O)=O		
CHEBI:183955	Senegenin		C30H45ClO6	537.130	ClC[C@H]1C[C@@]2([C@@]3([C@]([C@]([C@@H](O)[C@@H](O)C3)(C)C(O)=O)(CC[C@]2(C4=C1[C@]5([C@@](CC4)(CCC(C5)(C)C)C(O)=O)[H])C)[H])C)[H]		
CHEBI:183973	17alpha-nandrolone		C18H26O2	274.404	O[C@H]1[C@@]2([C@]([C@]3([C@](CC2)([C@@]4(C(CC3)=CC(=O)CC4)[H])[H])[H])(CC1)[H])C		
CHEBI:184010	4-ohe2-1-n7gua		C23H27N5O4	437.500	O[C@@H]1[C@@]2([C@]([C@]3([C@](CC2)(C4=C(CC3)C(O)=C(O)C=C4N5C6=C(N=C5)N=C(NC6=O)N)[H])[H])(CC1)[H])C		
CHEBI:184050	Furostane base -2h + 1o, o-hex, o-pen-dhex		C44H72O18	889.042	O1C2C(C3(C(C4C(CC3)C5(C(=CC4)CC(O)CC5OC6OCC(O)C(O)C6OC7OC(C(O)C(O)C7O)C)C)C2)C)C(C1(O)CCC(COC8OC(C(O)C(O)C8O)CO)C)C		
CHEBI:184091	Pseudojervine		C33H49NO8	587.754	O1[C@@]2([C@@H]([C@@]3(NC[C@H](C[C@@]13[H])C)[H])C)CC[C@]4([C@]5([C@@]([C@@]6(C(=CC5)C[C@@H](O[C@@H]7O[C@@H]([C@@H](O)[C@H](O)[C@H]7O)CO)CC6)C)(C(=O)C4=C2C)[H])[H])[H]		
CHEBI:184106	Spirostane + 2o, -2h, o-hex-dhex-dhex		C45H72O18	901.053	O1C2C(C3(C(C4C(CC3O)C5(C(=CC4)CC(OC6OC(C(OC7OC(C(O)C(O)C7O)C)C(O)C6OC8OC(C(O)C(O)C8O)C)CO)CC5)C)C2)C)C(C19OC(O)C(CC9)C)C		
CHEBI:184112	Timosaponin b ii		C45H76O19	921.084	O1[C@@]2([C@@]([C@@]3([C@]([C@]4([C@@]([C@@]5([C@](CC4)(C[C@@H](O[C@@H]6O[C@@H]([C@H](O)[C@H](O)[C@H]6O[C@@H]7O[C@@H]([C@@H](O)[C@H](O)[C@H]7O)CO)CO)CC5)[H])C)(CC3)[H])[H])(C2)[H])C)([C@@H](C1(O)CC[C@@H](CO[C@@H]8O[C@@H]([C@@H](O)[C@H](O)[C@H]8O)CO)C)C)[H])[H]		
CHEBI:184287	1beta,3beta,5alpha,6beta-tetrahydroxyandrostan-17-one		C19H30O5	338.444	O[C@]12[C@@]([C@@]3([C@]([C@]4([C@](CC3)(C(=O)CC4)C)[H])(C[C@H]1O)[H])[H])([C@H](O)C[C@H](O)C2)C		
CHEBI:184458	Insignin A		C21H32O5	364.482	O[C@@]12C3C([C@@]4(C(=CC3)C[C@@H](O)CC4)C)CC[C@@]1([C@@H](CO[C@H]2O)C(=O)C)C		
CHEBI:184560	Spongipregnoloside C		C39H62O15	770.910	O([C@@H]1CC=2[C@@]([C@@]3([C@]([C@]4([C@@]([C@H](CC4)C(=O)C)(CC3)C)[H])(CC2)[H])[H])(CC1)C)[C@@H]5OC([C@@H](O[C@@H]6OC([C@H](O)C(O)[C@H]6O)C)[C@H](O)C5O[C@@H]7OC([C@H](O)C(O)[C@@H]7O)C)CO		
CHEBI:184582	17-hydroxyandrostane-3-glucuronide		C25H40O8	468.587	O[C@@H]1[C@@]2([C@]([C@]3([C@@]([C@@]4([C@@](CC3)(C[C@H](O[C@@H]5O[C@H]([C@@H](O)[C@@H](O)[C@H]5O)C(O)=O)CC4)[H])C)(CC2)[H])[H])(CC1)[H])C		
CHEBI:184671	24,24-Difluoro-1,25,26-trihydroxyvitamin D3		C26H42F2O4	456.615	FC(F)(CC[C@H]([C@@]1([C@@]2([C@@](CC1)(/C(/CCC2)=C/C=C/3\C[C@@H](O)C[C@H](O)C3)[H])C)[H])C)C(O)(CO)C		
CHEBI:184723	1,25-Dihydroxy-20S-21-(3-hydroxy-3-methylbutyl)-23-yne-26,27-hexafluorovitamin D3		C32H44F6O4	606.690	FC(F)(F)C(O)(C#CC[C@@H]([C@@]1([C@@]2([C@@](CC1)(/C(/CCC2)=C/C=C\3/C[C@@H](O)C[C@H](O)C3=C)[H])C)[H])CCCC(O)(C)C)C(F)(F)F		
CHEBI:184739	2alpha-Fluoro-19-nor-22-oxa-1alpha,25-dihydroxyvitamin D3		C25H41FO4	424.597	FC1[C@H](O)C/C(=C\C=C/2\[C@]3([C@@]([C@](CC3)([C@@H](OCCC(O)(C)C)C)[H])(CCC2)C)[H])/C[C@H]1O		
CHEBI:184763	Ptilosaponoside B		C27H43O11S.Na	598.680	S(O[C@@H]1[C@@H](O)[C@H](O[C@@H]2[C@]3([C@@]([C@@]4([C@]([C@]5([C@](CC4)([C@H](CC5)C=C)C)[H])(CC3)[H])[H])(CC[C@@H]2O)CO)[H])O[C@@H]([C@H]1O)CO)([O-])(=O)=O.[Na+]		
CHEBI:184815	Diospolysaponin A		C40H66O16	802.952	O[C@]12[C@@](C(O)([C@@H](O[C@@]3(OC[C@@H](CC3O)C)C)C1)CC)([C@@H](O)C[C@]4([C@]2(CC=C5[C@@]4(CC[C@H](O[C@@H]6OC([C@@H](O)[C@H](O)C6O[C@@H]7OC([C@H](O)C(O)[C@@H]7O)C)CO)C5)C)[H])[H])C		
CHEBI:184872	16:3-Glc-Campesterol		C50H82O7	795.199	O([C@@H]1CC=2[C@@]([C@@]3([C@]([C@]4([C@@]([C@](CC4)([C@@H](CC[C@H](C(C)C)C)C)[H])(CC3)C)[H])(CC2)[H])[H])(CC1)C)[C@@H]5OC([C@@H](O)C(O)C5O)COC(=O)CCCCC/C=C\C/C=C\C/C=C\CC		
CHEBI:184891	26,26,26,27,27,27-hexafluoro-25-hydroxyvitamin D2		C28H38F6O2	520.600	FC(F)(F)C(O)([C@H](\C=C\[C@H]([C@@]1([C@@]2([C@@](CC1)(/C(/CCC2)=C/C=C/3\C[C@@H](O)CCC3=C)[H])C)[H])C)C)C(F)(F)F		
CHEBI:184935	beta-Allocortolone		C21H34O5	366.498	O[C@]1([C@@]2([C@]([C@]3([C@@]([C@@]4([C@@](CC3)(C[C@H](O)CC4)[H])C)(C(=O)C2)[H])[H])(CC1)[H])C)[C@H](O)CO		
CHEBI:185026	3alpha,7alpha,12alpha-Trihydroxy-5alpha-chol-22-en-24-oic acid		C24H38O5	406.563	O[C@@H]1[C@]2([C@]([C@]3([C@@]([C@@]4([C@@](C[C@H]3O)(C[C@H](O)CC4)[H])C)(C1)[H])[H])(CC[C@@]2([C@H](C)/C=C/C(O)=O)[H])[H])C		
CHEBI:185195	beta-Allocortol		C21H36O5	368.514	O[C@]1([C@@]2([C@]([C@]3([C@@]([C@@]4([C@@](CC3)(C[C@H](O)CC4)[H])C)([C@@H](O)C2)[H])[H])(CC1)[H])C)[C@H](O)CO		
CHEBI:185262	alpha-Allocortolone		C21H34O5	366.498	O[C@]1([C@@]2([C@]([C@]3([C@@]([C@@]4([C@@](CC3)(C[C@H](O)CC4)[H])C)(C(=O)C2)[H])[H])(CC1)[H])C)[C@@H](O)CO		
CHEBI:185398	26,26,26,27,27,27-hexafluoro-25-hydroxyvitamin D3		C28H40D6O2	420.711	OC(CCCC(C1[C@@]2([C@@](CC1)(C(CCC2)=CC=C3CC(O)CCC3=C)C)C)C)(C([2H])([2H])[2H])C([2H])([2H])[2H]		
CHEBI:185504	16-Glutaryloxy-1alpha,25-dihydroxy-20-epivitamin D3		C32H50O7	546.745	O([C@H]1[C@@]([C@@]2([C@@](C1)(/C(/CCC2)=C/C=C\3/C[C@@H](O)C[C@H](O)C3=C)[H])C)([C@H](CCCC(O)(C)C)C)[H])C(=O)CCCC(O)=O		
CHEBI:185563	25-iso-etioline		C27H43NO2	413.646	O[C@H]1[C@@]([C@@]2([C@]([C@]3([C@@]([C@@]4(C(=CC3)C[C@@H](O)CC4)C)(CC2)[H])[H])(C1)[H])C)([C@@H](C5=NC[C@@H](CC5)C)C)[H]		
CHEBI:185599	1alpha,25-Dihydroxy-2Z-ethylidene-19-norvitamin D3		C28H46O3	430.673	OC(CCC[C@H]([C@@]1([C@@]2([C@@](CC1)(/C(/CCC2)=C/C=C/3\C[C@@H](O)/C(/[C@H](O)C3)=C/C)[H])C)[H])C)(C)C		
CHEBI:185660	16:2-Glc-Cholesterol		C49H82O7	783.188	O([C@@H]1CC=2[C@@]([C@@]3([C@]([C@]4([C@@]([C@](CC4)([C@@H](CCCC(C)C)C)[H])(CC3)C)[H])(CC2)[H])[H])(CC1)C)[C@@H]5OC([C@@H](O)C(O)C5O)COC(=O)CCCCC/C=C\C/C=C\CCCCC		
CHEBI:185760	1alpha,25-dihydroxy-23-thiavitamin D3		C26H42O3S	434.680	S(CC(C1[C@@]2([C@@](CC1)(/C(/CCC2)=C/C=C/3\C[C@@H](O)C[C@H](O)C3=C)[H])C)C)CC(O)(C)C		
CHEBI:185763	Spongipregnoloside B		C33H52O11	624.768	O([C@@H]1CC=2[C@@]([C@@]3([C@]([C@]4([C@](CC3)([C@H](CC4)C(=O)C)C)[H])(CC2)[H])[H])(CC1)C)[C@@H]5OC([C@@H](O[C@@H]6OC([C@H](O)C(O)[C@H]6O)C)[C@H](O)C5O)CO		
CHEBI:185783	(7E,22E)-(3S,6R)-6-hydroperoxy-9,10-seco-4,7,10(19),22-ergostatetraen-3-ol		C28H44O3	428.657	O(O)[C@H](\C=C/1\[C@]2([C@@]([C@](CC2)([C@H](C)/C=C/[C@@H](C(C)C)C)[H])(CCC1)C)[H])C=3C(CC[C@H](O)C3)=C		
CHEBI:185801	24a,24b-Dihomo-9,10-secocholesta-5,7,10(19),24a-tetraen-1alpha,3,25-triol		C29H44O3	440.668	O[C@@H]1C\C(=C\C=C/2\[C@]3([C@@](C(=CC3)[C@@H](CCC/C=C/C(O)(C)C)C)(CCC2)C)[H])\C([C@@H](O)C1)=C		
CHEBI:185803	23,23-difluoro-25-hydroxyvitamin D3		C27H42F2O2	436.628	FC(F)(CC(C1C2(C(CC1)/C(/CCC2)=C\C=C/3\CC(O)CCC3=C)C)C)CC(O)(C)C		
CHEBI:185813	1-Hydroxyvitamin D3 cellobioside		C39H64O12	724.929	O([C@@H]1C\C(=C\C=C/2\[C@]3([C@@]([C@](CC3)([C@@H](CCCC(C)C)C)[H])(CCC2)C)[H])\C([C@@H](O)C1)=C)[C@@H]4O[C@@H]([C@@H](O[C@@H]5O[C@@H]([C@@H](O)[C@H](O)[C@H]5O)CO)[C@H](O)[C@H]4O)CO		
CHEBI:185886	Mabiogenin 3-[rhamnosyl-(1->6)-[glucosyl-(1->2)]-glucoside]		C48H78O19	959.133	O1[C@H](O)[C@]2([C@]3(C([C@@]4(C(CC3)C([C@@H](O[C@@H]5O[C@@H]([C@@H](O)[C@H](O)[C@H]5O[C@@H]6O[C@@H]([C@@H](O)[C@H](O)[C@H]6O)CO)CO[C@@H]7O[C@H]([C@H](O)[C@@H](O)[C@H]7O)C)CC4)(C)C)C)CC[C@@]2([C@]8([C@@]1([C@H](OC8=O)CC=C(C)C)C)[H])[H])C)C		
CHEBI:185948	1alpha,3beta,22R-Trihydroxyergosta-5,24E-dien-26-oic acid 3-O-b-D-glucoside 26-O-[b-D-glucosyl-(1->2)-b-D-glucosyl] ester		C46H74O20	947.078	OC1C2(C3C(C4C(C(CC4)C(C(O)C/C(/C)=C(/C)\C(OC5OC(C(O)C(O)C5OC6OC(C(O)C(O)C6O)CO)CO)=O)C)(CC3)C)CC=C2CC(OC7OC(C(O)C(O)C7O)CO)C1)C		
CHEBI:186076	Echinasteroside C 15-O-sulfate		C33H55O13S.Na	714.840	S(O[C@@H]1[C@@]2([C@@]([C@]([C@H]1O)([C@@H](CCC[C@@H](CO)C)C)[H])(CC[C@]3([C@@]2(O)C[C@@H](O)C=4[C@@]3(CC[C@H](O[C@@H]5OC[C@@H](O)C(O)[C@@H]5OC)C4)C)[H])C)[H])([O-])(=O)=O.[Na+]		
CHEBI:186077	Homochenodeoxycholic acid		C25H42O4	406.607	O[C@H]1[C@]2([C@]3([C@@]([C@](CC3)([C@@H](CCCC(O)=O)C)[H])(CC[C@@]2([C@@]4([C@](C1)(C[C@H](O)CC4)[H])C)[H])C)[H])[H]		
CHEBI:186078	N-[(3a,5b,7a,12a)-3,7-dihydroxy-24-oxo-12-(sulfoxy)cholan-24-yl]-Glycine		C26H43NO9S	545.690	S(O[C@@H]1[C@]2([C@]([C@]3([C@@]([C@@]4([C@](C[C@H]3O)(C[C@H](O)CC4)[H])C)(C1)[H])[H])(CC[C@@]2([C@@H](CCC(=O)NCC(O)=O)C)[H])[H])C)(O)(=O)=O		
CHEBI:186155	Ximaosteroid D		C28H42O7	490.637	O([C@@H]1CC=2[C@@]([C@@]3([C@]([C@]4([C@](CC3)([C@H](CC4)C=C)C)[H])(CC2)[H])[H])(CC1)C)C5OC(O)C(O)C(O)C5OC(=O)C		
CHEBI:186159	(23S,25R)-12alpha,17alpha,23-trihydroxyspirost-5-en-3beta-yl O-alpha-L-rhamnopyranosyl-(1-2)-beta-D-glucopyranoside		C40H66O15	786.953	OC1([C@@]2([C@]([C@]3([C@@]([C@@]4(C(=CC3)C[C@@H](O[C@@H]5OC([C@@H](O)[C@H](O)C5O[C@@H]6OC([C@H](O)C(O)[C@@H]6O)C)CO)CC4)C)(C[C@@H]2O)[H])[H])(C[C@@H]1O[C@@]7(OC[C@@H](CC7O)C)C)[H])C)CC		
CHEBI:186246	15-Oxo-21-hydroxymabiogenin 3-[rhamnosyl-(1->6)-glucoside]		C42H66O15	810.975	O1[C@@]2([C@]([C@@]3([C@]([C@]4(C([C@@]5(C(C([C@@H](O[C@@H]6O[C@@H]([C@@H](O)[C@H](O)[C@H]6O)CO[C@@H]7O[C@H]([C@H](O)[C@@H](O)[C@H]7O)C)CC5)(C)C)CC4)C)CC3)C)(C1=O)C)[H])(C(O[C@@H]2CC=C(C)C)=O)[H])CO		
CHEBI:186296	16:2-Glc-Campesterol		C50H84O7	797.215	O([C@@H]1CC=2[C@@]([C@@]3([C@]([C@]4([C@@]([C@](CC4)([C@@H](CC[C@H](C(C)C)C)C)[H])(CC3)C)[H])(CC2)[H])[H])(CC1)C)[C@@H]5OC([C@@H](O)C(O)C5O)COC(=O)CCCCC/C=C\C/C=C\CCCCC		
CHEBI:186310	Evasterioside C		C31H51O12S.Na	670.790	S(OCC(\C=C\[C@H]([C@@]1([C@@]2([C@]([C@@]3(O)[C@@]([C@@]4([C@@]([C@H](O)C3)(C[C@@H](O[C@@H]5OC[C@@H](O)C(O)[C@@H]5O)CC4)[H])C)(CC2)[H])([C@@H](O)C1)[H])C)[H])C)C)([O-])(=O)=O.[Na+]		
CHEBI:186374	16:3-Glc-Cholesterol		C49H80O7	781.172	O([C@@H]1CC=2[C@@]([C@@]3([C@]([C@]4([C@@]([C@](CC4)([C@@H](CCCC(C)C)C)[H])(CC3)C)[H])(CC2)[H])[H])(CC1)C)[C@@H]5OC([C@@H](O)C(O)C5O)COC(=O)CCCCC/C=C\C/C=C\C/C=C\CC		
CHEBI:186399	24-hydroxyvitamin D2		C28H44O2	412.658	OC(\C=C\[C@H]([C@@]1([C@@]2([C@@](CC1)(/C(/CCC2)=C/C=C\3/C[C@@H](O)CCC3=C)[H])C)[H])C)(C(C)C)C		
CHEBI:186427	VD 2656		C30H42O3S	482.720	S(C[C@@H](C=1[C@@]2([C@@](CC1)(/C(/CCC2)=C/C=C/3\C[C@@H](O)C[C@H](O)C3)[H])C)C)C=4C=C(C(O)(C)C)C=CC4		
CHEBI:186501	1alpha,25-Dihydroxyvitamin D3 25-trimethylsilyl ether		C30H52O3Si	488.828	[Si](OC(CCC[C@H]([C@@]1([C@@]2([C@@](CC1)(/C(/CCC2)=C/C=C\3/C[C@@H](O)C[C@H](O)C3=C)[H])C)[H])C)(C)C)(C)(C)C		
CHEBI:186536	Atocalcitol		C32H46O4	494.716	O(C[C@@H]([C@@]1([C@@]2([C@@](CC1)(/C(/CCC2)=C/C=C\3/C[C@@H](O)C[C@H](O)C3=C)[H])C)[H])C)CC4=CC(=CC=C4)C(O)(C)C		
CHEBI:186561	22:2 Campesteryl ester		C50H86O2	719.236	O([C@@H]1CC=2[C@@]([C@@]3([C@]([C@]4([C@@]([C@](CC4)([C@@H](CC[C@H](C(C)C)C)C)[H])(CC3)C)[H])(CC2)[H])[H])(CC1)C)C(=O)CCCCCCCCCCC/C=C\C/C=C\CCCCC		
CHEBI:186636	(3a,5b,7a)-23-Carboxy-7-hydroxy-24-norcholan-3-yl-b-D-Glucopyranosiduronic acid		C30H48O10	568.704	O[C@H]1[C@]2([C@]3([C@@]([C@](CC3)([C@@H](CCC(O)=O)C)[H])(CC[C@@]2([C@@]4([C@](C1)(C[C@H](OC5O[C@@H]([C@@H](O)[C@H](O)[C@H]5O)C(O)=O)CC4)[H])C)[H])C)[H])[H]		
CHEBI:186644	ZK 159222		C32H48O5	512.731	O[C@@H](C1(CC1)C(OCCCC)=O)\C=C\[C@H]([C@@]2([C@@]3([C@@](CC2)(/C(/CCC3)=C/C=C\4/C[C@@H](O)C[C@H](O)C4=C)[H])C)[H])C		
CHEBI:186664	20:3-Glc-cholesterol		C53H88O7	837.280	O([C@@H]1CC=2[C@@]([C@@]3([C@]([C@]4([C@@]([C@](CC4)([C@@H](CCCC(C)C)C)[H])(CC3)C)[H])(CC2)[H])[H])(CC1)C)[C@@H]5OC([C@@H](O)C(O)C5O)COC(=O)CCCCCCCCC/C=C\C/C=C\C/C=C\CC		
CHEBI:186696	(23S,25R)-25-hydroxyvitamin D3 26,23-lactol		C27H42O4	430.629	O1C(C[C@H]([C@@]2([C@@]3([C@@](CC2)(/C(/CCC3)=C/C=C\4/C[C@H](O)CCC4=C)[H])C)[H])C)CC(O)(C1O)C		
CHEBI:186705	1alpha,25-dihydroxy-23-azavitamin D3		C26H43NO3	417.634	OC(CNC[C@H]([C@@]1([C@@]2([C@@](CC1)(/C(/CCC2)=C/C=C\3/C[C@@H](O)C[C@H](O)C3=C)[H])C)[H])C)(C)C		
CHEBI:186822	Kurilensoside H		C32H54O11	614.773	O1[C@@]23[C@@]([C@@]4([C@](O)([C@]5([C@@]([C@]([C@@H](O)[C@@H]5O)([C@@H](CCC[C@@H](CO)C)C)[H])(CC4)C)[H])C[C@H]2O)[H])(CC[C@H](O[C@@H]6OC[C@@H](O)C(O)[C@@H]6O)[C@]13[H])C		
CHEBI:186828	Vitamin D2 glucosiduronate		C34H52O7	572.783	O(C1C/C(=C\C=C/2\C3[C@@]([C@](CC3)([C@H](C)/C=C/[C@@H](C(C)C)C)[H])(CCC2)C)/C(CC1)=C)[C@@H]4O[C@@H]([C@@H](O)[C@H](O)[C@H]4O)C(O)=O		
CHEBI:186829	Dihomodeoxycholic acid		C26H44O4	420.634	O[C@@H]1[C@]2([C@]([C@]3([C@@]([C@@]4([C@](CC3)(C[C@H](O)CC4)[H])C)(C1)[H])[H])(CC[C@@]2([C@@H](CCCCC(O)=O)C)[H])[H])C		
CHEBI:186851	6-O-(Glcb)-(25R)-5alpha-spirostan-3beta,6alpha-diol		C34H58O9	610.829	O([C@@H]1[C@@H]([C@@]2([C@]([C@]3([C@@]([C@@]4([C@@]([C@@H](O[C@@H]5OC([C@@H](O)[C@H](O)C5O)CO)C3)(C[C@@H](O)CC4)[H])C)(CC2)[H])[H])(C1)[H])C)CC)[C@@]6(OC[C@@H](CC6)C)C		
CHEBI:186856	3-O-(Glcb1-2Glcb1-4Galb)-(25R)-12-oxo-5alpha-spirostan-3beta-ol		C46H76O19	933.095	O([C@@H]1[C@@H]([C@@]2([C@]([C@]3([C@@]([C@@]4([C@@](CC3)(C[C@@H](O[C@@H]5OC([C@H](O[C@@H]6OC([C@@H](O)[C@H](O)C6O[C@@H]7OC([C@@H](O)[C@H](O)C7O)CO)CO)[C@H](O)C5O)CO)CC4)[H])C)(CC2=O)[H])[H])(C1)[H])C)CC)[C@@]8(OC[C@@H](CC8)C)C		
CHEBI:186859	18:3-Glc-cholesterol		C51H84O7	809.226	O([C@@H]1CC=2[C@@]([C@@]3([C@]([C@]4([C@@]([C@](CC4)([C@@H](CCCC(C)C)C)[H])(CC3)C)[H])(CC2)[H])[H])(CC1)C)[C@@H]5OC([C@@H](O)C(O)C5O)COC(=O)CCCCCCC/C=C\C/C=C\C/C=C\CC		
CHEBI:186899	Vitamin D3 sulfoconjugate		C27H44O4S	464.710	S(O[C@@H]1C\C(=C\C=C/2\[C@]3([C@@]([C@](CC3)([C@@H](CCCC(C)C)C)[H])(CCC2)C)[H])\C(CC1)=C)(O)(=O)=O		
CHEBI:186911	3-O-(Glcb)-6-O-(Glcb)-(25R)-5alpha-spirostan-3beta,6alpha,23S-triol		C40H68O15	788.969	O([C@@H]1[C@@H]([C@@]2([C@]([C@]3([C@@]([C@@]4([C@@]([C@@H](O[C@@H]5OC([C@@H](O)[C@H](O)C5O)CO)C3)(C[C@@H](O[C@@H]6OC([C@@H](O)[C@H](O)C6O)CO)CC4)[H])C)(CC2)[H])[H])(C1)[H])C)CC)[C@@]7(OC[C@@H](CC7O)C)C		
CHEBI:186947	(22S)-22,25-dihydroxyvitamin D3		C27H44O3	416.646	OC([C@H]([C@@]1([C@@]2([C@@](CC1)(/C(/CCC2)=C/C=C\3/C[C@H](O)CCC3=C)[H])C)[H])C)CCC(O)(C)C		
CHEBI:186959	estra-1,3,5(10),7-tetraene-3,17alpha-diol		C18H22O2	270.372	O[C@H]1[C@@]2([C@@](CC1)(C=3[C@](CC2)(C4=C(CC3)C=C(O)C=C4)[H])[H])C		
CHEBI:186983	1alpha-hydroxy-26,27-dimethylvitamin D3		C29H48O2	428.701	O[C@@H]1C/C(=C\C=C/2\[C@]3([C@@]([C@](CC3)([C@@H](CCCC(CC)CC)C)[H])(CCC2)C)[H])/C([C@@H](O)C1)=C		
CHEBI:187027	1,3,5(10)-estratrien-17-one-3,7,8-triol		C19H24O3	300.398	OC1C2([C@]3([C@](CC[C@@]2(C4=C(C1)C=C(O)C=C4)[H])(C(=O)CC3)C)[H])C		
CHEBI:187047	19-Nor-14,20-bisepi-23-yne-1,25 dihydroxyvitamin D3		C26H40O3	400.603	O[C@@H]1C/C(=C\C=C/2\[C@@]3([C@@]([C@](CC3)([C@H](CC#CC(O)(C)C)C)[H])(CCC2)C)[H])/C[C@@H](O)C1		
CHEBI:187063	(23S,24R,25S)-23,24-dihydroxy-spirost-5-en-3beta-yl O-alpha-L-rhamnopyranosyl-(1-2)-beta-D-glucopyranoside		C40H66O14	770.954	O([C@@H]1[C@@H]([C@@]2([C@]([C@]3([C@@]([C@@]4(C(=CC3)C[C@@H](O[C@@H]5OC([C@@H](O)[C@H](O)C5O[C@@H]6OC([C@H](O)C(O)[C@@H]6O)C)CO)CC4)C)(CC2)[H])[H])(C1)[H])C)CC)[C@@]7(OC[C@@H](C(O)C7O)C)C		
CHEBI:187097	alpha-Allocortol		C21H36O5	368.514	O[C@]1([C@@]2([C@]([C@]3([C@@]([C@@]4([C@@](CC3)(C[C@H](O)CC4)[H])C)([C@@H](O)C2)[H])[H])(CC1)[H])C)[C@@H](O)CO		
CHEBI:187139	Homolithocholic acid		C25H42O3	390.608	O[C@H]1C[C@@]2([C@@]([C@@]3([C@]([C@]4([C@@]([C@](CC4)([C@@H](CCCC(O)=O)C)[H])(CC3)C)[H])(CC2)[H])[H])(CC1)C)[H]		
CHEBI:187146	Physapubescin		C30H42O8	530.658	O1C23C(C4C(C5C(C(CC5OC(=O)C)C(C6OC(O)C7(OC7(C6)C)C)C)(CC4)C)CC12)(C)C(=O)C=CC3O		
CHEBI:187162	Canarigenin 3-[glucosyl-(1->4)-6-deoxy-alloside]		C35H52O13	680.788	OC12C(C(CC1)C=3COC(=O)C3)(CCC4C2CCC=5C4(CCC(OC6OC(C(OC7OC(C(O)C(O)C7O)CO)C(O)C6O)C)C5)C)C		
CHEBI:187211	26,27-dinor-cholest-5-en-23-yn-3beta-ol		C25H38O	354.578	O[C@@H]1CC=2[C@@]([C@@]3([C@]([C@]4([C@@]([C@](CC4)([C@@H](CC#CC)C)[H])(CC3)C)[H])(CC2)[H])[H])(CC1)C		
CHEBI:187226	Etioline		C27H43NO2	413.646	O[C@H]1[C@@]([C@@]2([C@]([C@]3([C@@]([C@@]4(C(=CC3)C[C@@H](O)CC4)C)(CC2)[H])[H])(C1)[H])C)([C@@H](C5=NC[C@H](CC5)C)C)[H]		
CHEBI:187249	Pandaroside A		C41H64O15	796.948	O([C@@H]1C[C@]2([C@@]([C@@]3([C@]([C@@]4([C@](CC3)(C(=C(O)C4=O)[C@@H](CC(=O)[C@@H](C(C)C)CC)C)C)[H])(CC2)[H])[H])(CC1)C)[H])[C@@H]5O[C@@H]([C@@H](O)[C@H](O)[C@H]5O[C@@H]6O[C@@H]([C@@H](O)[C@H](O)[C@H]6O)CO)C(O)=O		
CHEBI:187254	22:3-Glc-Campesterol		C56H94O7	879.361	O([C@@H]1CC=2[C@@]([C@@]3([C@]([C@]4([C@@]([C@](CC4)([C@@H](CC[C@H](C(C)C)C)C)[H])(CC3)C)[H])(CC2)[H])[H])(CC1)C)[C@@H]5OC([C@@H](O)C(O)C5O)COC(=O)CCCCCCCCCCC/C=C\C/C=C\C/C=C\CC		
CHEBI:187339	24,24-difluoro-25-hydroxyvitamin D3		C27H42F2O2	436.628	FC(F)(CC[C@H](C1[C@@]2([C@@](CC1)(/C(/CCC2)=C/C=C\3/C[C@H](O)CCC3=C)[H])C)C)C(O)(C)C		
CHEBI:187362	3-Hydroxyvecuronium		C32H55N2O3	515.802	O([C@@H]1[C@@]2([C@]([C@]3([C@@]([C@@]4([C@@](CC3)(C[C@H](O)[C@@H](N5CCCCC5)C4)[H])C)(CC2)[H])[H])(C[C@@]1([N+]6(CCCCC6)C)[H])[H])C)C(=O)C		
CHEBI:187380	Kurilensoside J		C37H64O14	732.905	O[C@]12[C@]3([C@@]([C@](C[C@@H]3O)([C@@H](CC[C@H](O[C@@H]4O[C@@H](O)C(O)C4O)C(C)C)C)[H])(CC[C@@]1([C@@]5([C@@]([C@H](O)C2)([C@@H](O)[C@@H](O[C@@H]6OC[C@@H](O)C(O)C6OC)CC5)[H])C)[H])C)[H]		
CHEBI:187394	Kurilensoside G		C32H54O10	598.774	O[C@]12[C@]3([C@@]([C@]([C@@H](O)[C@@H]3O)([C@@H](CCC[C@@H](CO)C)C)[H])(CC[C@@]1([C@@]4(C(=CC2)[C@@H](O)[C@@H](O[C@@H]5OC[C@@H](O)C(O)[C@@H]5O)CC4)C)[H])C)[H]		
CHEBI:187434	(20S,22E)-3beta-Hydroxychola-5,22-dien-24-oic Acid		C24H36O3	372.549	O[C@@H]1CC=2[C@@]([C@@]3([C@]([C@]4([C@@]([C@](CC4)([C@@H](C)/C=C/C(O)=O)[H])(CC3)C)[H])(CC2)[H])[H])(CC1)C		
CHEBI:187435	3-O-(Rhaa1-2Glcb)-26-O-(Glcb)-(25R)-furosta-5,20(22)-dien-3beta,26-diol		C46H76O17	901.097	O([C@@H]1[C@@H]([C@@]2([C@]([C@]3([C@@]([C@@]4(C(=CC3)C[C@@H](O[C@@H]5OC([C@@H](O)[C@H](O)C5O[C@@H]6OC([C@H](O)C(O)[C@@H]6O)C)CO)CC4)C)(CC2)[H])[H])(C1)[H])C)CC)C(CC[C@H](CO[C@@H]7OC([C@@H](O)[C@H](O)C7O)CO)C)=C		
CHEBI:187452	Dihomolithocholic acid		C26H44O3	404.635	O[C@H]1C[C@@]2([C@@]([C@@]3([C@]([C@]4([C@@]([C@](CC4)([C@@H](CCCCC(O)=O)C)[H])(CC3)C)[H])(CC2)[H])[H])(CC1)C)[H]		
CHEBI:187508	25-Hydroxy-6,19-dihydro-6,19-ethanovitamin D3		C29H48O2	428.701	O[C@@H]1C(\C=C/2\[C@]3([C@@]([C@](CC3)([C@@H](CCCC(O)(C)C)C)[H])(CCC2)C)[H])C4=C(CC1)CCCC4		
CHEBI:187538	3-O-(Rhaa1-4Glcb)-26-O-(Glcb)-(25R)-spirost-5-en-3beta-ol		C40H66O12	738.956	O([C@@H]1[C@@H]([C@@]2([C@]([C@]3([C@@]([C@@]4(C(=CC3)C[C@@H](O[C@@H]5OC([C@@H](OC6OC(C(O)C(O)C6O)C)[C@H](O)C5O)CO)CC4)C)(CC2)[H])[H])(C1)[H])C)CC)[C@@]7(OC[C@@H](CC7)C)C		
CHEBI:187585	3-Deoxy-3-azido-25-hydroxyvitamin D3		C27H43N3O	425.661	OC(CCC[C@H]([C@]1([C@@]2([C@@](CC1)(/C(/CCC2)=C/C=C\3/C[C@H](N=[N+]=[N-])CCC3=C)[H])C)[H])C)(C)C		
CHEBI:187589	N-[(3a,5b,7a,12a)-3,12-dihydroxy-24-oxo-7-(sulfoxy)cholan-24-yl]-Glycine		C26H43NO9S	545.690	S(O[C@H]1[C@]2([C@]3([C@@]([C@](CC3)([C@@H](CCC(=O)NCC(O)=O)C)[H])([C@@H](O)C[C@@]2([C@@]4([C@](C1)(C[C@H](O)CC4)[H])C)[H])C)[H])[H])(O)(=O)=O		
CHEBI:187613	Pandaroside B		C35H54O10	634.807	O([C@@H]1C[C@]2([C@@]([C@@]3([C@]([C@@]4([C@](CC3)(C(=C(O)C4=O)[C@@H](CC(=O)[C@@H](C(C)C)CC)C)C)[H])(CC2)[H])[H])(CC1)C)[H])[C@@H]5O[C@@H]([C@@H](O)[C@H](O)[C@H]5O)C(O)=O		
CHEBI:187621	3-O-(Galb)-(25R)-12-oxo-5alpha-spirostan-3beta-ol		C34H56O9	608.813	O([C@@H]1[C@@H]([C@@]2([C@]([C@]3([C@@]([C@@]4([C@@](CC3)(C[C@@H](O[C@@H]5OC([C@H](O)[C@H](O)C5O)CO)CC4)[H])C)(CC2=O)[H])[H])(C1)[H])C)CC)[C@@]6(OC[C@@H](CC6)C)C		
CHEBI:187629	(3b,5b,22a,25R)-Furostane-22-methoxy-3,26-diol 3-[glucosyl-(1->2)-glucoside] 26-glucoside		C46H78O19	935.111	O1C2C(C3(C(C4C(C5(C(CC4)CC(OC6OC(C(O)C(O)C6OC7OC(C(O)C(O)C7O)CO)CO)CC5)C)CC3)C2)C)C(C1(OC)CCC(COC8OC(C(O)C(O)C8O)CO)C)C		
CHEBI:187701	7a,17-dimethyl-5b-Androstane-3a,17b-diol		C21H36O2	320.517	O[C@@]1([C@@]2([C@]([C@]3([C@@]([C@@]4([C@@](C[C@H]3C)(C[C@H](O)CC4)[H])C)(CC2)[H])[H])(CC1)[H])C)C		
CHEBI:187709	3-O-(Rhaa1-2Glcb)-(25R)-spirost-5en-3beta-ol		C40H66O12	738.956	O([C@@H]1[C@@H]([C@@]2([C@]([C@]3([C@@]([C@@]4(C(=CC3)C[C@@H](O[C@@H]5OC([C@@H](O)[C@H](O)C5O[C@@H]6OC([C@H](O)C(O)[C@@H]6O)C)CO)CC4)C)(CC2)[H])[H])(C1)[H])C)CC)[C@@]7(OC[C@@H](CC7)C)C		
CHEBI:187713	Ampeloside Bf2		C45H76O21	953.082	O1C2C(C3(C(C4C(C5(C(C(O)C4)CC(OC6OC(C(OC7OC(C(O)C(O)C7O)CO)C(O)C6O)CO)C(O)C5)C)CC3)C2)C)C(C1(O)CCC(COC8OC(C(O)C(O)C8O)CO)C)C		
CHEBI:187794	3-O-(Glcb1-4Galb)-(25R)-12-oxo-5alpha-spirostan-3beta-ol		C40H66O14	770.954	O([C@@H]1[C@@H]([C@@]2([C@]([C@]3([C@@]([C@@]4([C@@](CC3)(C[C@@H](O[C@@H]5OC([C@H](O[C@@H]6OC([C@@H](O)[C@H](O)C6O)CO)[C@H](O)C5O)CO)CC4)[H])C)(CC2=O)[H])[H])(C1)[H])C)CC)[C@@]7(OC[C@@H](CC7)C)C		
CHEBI:187813	Schidigerasaponin B1		C44H68O18	885.010	O1[C@@]2([C@@]([C@@]3([C@]([C@]4([C@@]([C@@]5([C@](CC4)(C[C@@H](O[C@@H]6O[C@@H]([C@@H](O)[C@H](O[C@@H]7OC[C@@H](O)[C@H](O)[C@H]7O)[C@H]6O[C@@H]8O[C@@H]([C@@H](O)[C@H](O)[C@H]8O)CO)CO)CC5)[H])C)(CC3=O)[H])[H])(C2)[H])C)([C@@H]([C@]19OCC(CC9)=C)C)[H])[H]		
CHEBI:187836	Campestanyl-16:0		C44H80O2	641.122	O([C@@H]1C[C@]2([C@@]([C@@]3([C@]([C@]4([C@@]([C@](CC4)([C@@H](CC[C@H](C(C)C)C)C)[H])(CC3)C)[H])(CC2)[H])[H])(CC1)C)[H])C(=O)CCCCCCCCCCCCCCC		
CHEBI:187926	6-O-(Glcb)-(25R)-5alpha-spirostan-3beta,6alpha,23S-triol		C34H58O10	626.828	O([C@@H]1[C@@H]([C@@]2([C@]([C@]3([C@@]([C@@]4([C@@]([C@@H](O[C@@H]5OC([C@@H](O)[C@H](O)C5O)CO)C3)(C[C@@H](O)CC4)[H])C)(CC2)[H])[H])(C1)[H])C)CC)[C@@]6(OC[C@@H](CC6O)C)C		
CHEBI:187933	(22E)-3alpha,7alpha-Dihydroxy-5beta-chol-22-en-24-oic Acid		C24H38O4	390.564	O[C@H]1[C@]2([C@]3([C@@]([C@](CC3)([C@H](C)/C=C/C(O)=O)[H])(CC[C@@]2([C@@]4([C@](C1)(C[C@H](O)CC4)[H])C)[H])C)[H])[H]		
CHEBI:187948	24,24-Difluoro-25-hydroxy-26,27-dimethylvitamin D3		C29H46F2O2	464.682	FC(F)(CC[C@H]([C@@]1([C@@]2(C(CC1)/C(/CCC2)=C/C=C\3/C[C@@H](O)CCC3=C)C)[H])C)C(O)(CC)CC		
CHEBI:187963	1alpha,25-Dihydroxy-21-(3-hydroxy-3-methylbutyl)vitamin D(3)		C32H54O4	502.780	OC(CCCC([C@@H]1[C@@]2([C@@](CC1)(/C(/CCC2)=C/C=C\3/C[C@@H](O)C[C@H](O)C3=C)[H])C)CCCC(O)(C)C)(C)C		
CHEBI:187966	1alpha,25-Dihydroxy-2-[3'-(methoxymethoxy)propylidene]-19-norvitamin D3		C31H52O5	504.752	OC(CCC[C@H]([C@@]1([C@@]2([C@@](CC1)(/C(/CCC2)=C/C=C/3\C[C@@H](O)/C(/[C@H](O)C3)=C/CCOCOC)[H])C)[H])C)(C)C		
CHEBI:187974	5beta-Cholane-3alpha,7alpha,12alpha-triol		C24H42O3	378.597	O[C@@H]1[C@]2([C@]([C@]3([C@@]([C@@]4([C@](C[C@H]3O)(C[C@H](O)CC4)[H])C)(C1)[H])[H])(CC[C@@]2([C@@H](CCC)C)[H])[H])C		
CHEBI:187978	26-O-[beta-D-glucopyranosyl]-25R-furostan-3beta,22alpha,26-triol		C33H56O9	596.802	O1[C@@]2([C@@]([C@@]3([C@]([C@]4([C@@]([C@@]5([C@@](CC4)(C[C@@H](O)CC5)[H])C)(CC3)[H])[H])(C2)[H])C)([C@@H]([C@@]1(O)CC[C@H](CO[C@@H]6O[C@@H]([C@@H](O)C(O)C6O)CO)C)C)[H])[H]		
CHEBI:188016	(20R)-24-Hydroxy-19-norgeminivitamin D3		C31H54O5	506.768	O[C@H](CC[C@H]([C@@]1([C@@]2([C@@](CC1)(/C(/CCC2)=C/C=C/3\C[C@@H](O)C[C@H](O)C3)[H])C)[H])CCCC(O)(C)C)C(O)(C)C		
CHEBI:188018	Vitamin D3 butyrate		C31H50O2	454.739	O([C@@H]1C\C(=C\C=C/2\[C@]3([C@@]([C@](CC3)([C@@H](CCCC(C)C)C)[H])(CCC2)C)[H])\C(CC1)=C)C(=O)CCC		
CHEBI:188107	(20S)-24-Hydroxy-19-norgeminivitamin D3		C31H54O5	506.768	O[C@H](CC[C@@H]([C@@]1([C@@]2([C@@](CC1)(/C(/CCC2)=C/C=C/3\C[C@@H](O)C[C@H](O)C3)[H])C)[H])CCCC(O)(C)C)C(O)(C)C		
CHEBI:188122	Evasterioside B		C32H53O12S.Na	684.810	S(O[C@@H]1C[C@]2([C@@]([C@@]3([C@](O)([C@]4([C@@]([C@](C[C@@H]4O)([C@H](C)/C=C/C(O[C@@H]5OC[C@@H](O)C(O)[C@@H]5O)C(C)C)[H])(CC3)C)[H])C[C@H]2O)[H])(CC1)C)[H])([O-])(=O)=O.[Na+]		
CHEBI:188186	25-Dehydrovitamin D3		C27H42O	382.632	O[C@@H]1C\C(=C\C=C/2\[C@]3([C@@]([C@](CC3)([C@@H](CCCC(C)=C)C)[H])(CCC2)C)[H])\C(CC1)=C		
CHEBI:188258	Torvoside D		C38H62O13	726.901	O1C2C(C3(C(C4C(C5(C(C(OC6OC(C(O)C(OC7OCC(O)C(O)C7O)C6O)C)C4)CC(O)CC5)C)CC3)C2)C)C(C18OCC(CC8O)C)C		
CHEBI:188265	(20R)-24-Hydroxygeminivitamin D3		C32H54O5	518.779	O[C@H](CC[C@H]([C@@]1([C@@]2([C@@](CC1)(/C(/CCC2)=C/C=C\3/C[C@@H](O)C[C@H](O)C3=C)[H])C)[H])CCCC(O)(C)C)C(O)(C)C		
CHEBI:188276	3beta,23S,25-dihydroxyvitamin D3		C27H44O3	416.646	O[C@@H](C[C@H]([C@@]1([C@@]2([C@@](CC1)(/C(/CCC2)=C/C=C\3/C[C@H](O)CCC3=C)[H])C)[H])C)CC(O)(C)C		
CHEBI:188281	(20S)-24-Hydroxygeminivitamin D3		C32H54O5	518.779	O[C@H](CC[C@@H]([C@@]1([C@@]2([C@@](CC1)(/C(/CCC2)=C/C=C\3/C[C@@H](O)C[C@H](O)C3=C)[H])C)[H])CCCC(O)(C)C)C(O)(C)C		
CHEBI:188607	Estriol tripropionate		C27H36O6	456.579	O([C@@H]1[C@@]2([C@]([C@]3([C@](CC2)(C4=C(CC3)C=C(OC(=O)CC)C=C4)[H])[H])(C[C@H]1OC(=O)CC)[H])C)C(=O)CC		
CHEBI:188784	testosterone ketolaurate		C31H48O4	484.721	O([C@@H]1[C@@]2([C@]([C@]3([C@@]([C@@]4(C(CC3)=CC(=O)CC4)C)(CC2)[H])[H])(CC1)[H])C)C(=O)CC(=O)CCCCCCCCC		
CHEBI:188804	Telapristone acetate		C31H39NO5	505.655	O([C@]1([C@@]2([C@]([C@]3(C([C@H](C2)C4=CC=C(N(C)C)C=C4)=C5C(CC3)=CC(=O)CC5)[H])(CC1)[H])C)C(=O)COC)C(=O)C		
CHEBI:188896	estriol acetate benzoate		C29H32O6	476.569	O([C@@H]1[C@@]2([C@]([C@]3([C@](CC2)(C4=C(CC3)C=C(OC(=O)C5=CC=CC=C5)C=C4)[H])[H])(C[C@H]1OC(=O)C)[H])C)C(=O)C		
CHEBI:188920	a (22S)-22-hydroxy C27-steroid		C27H48O	388.680	C1C2C3C(CCC2(C(C1)C([C@H](CCC(C)C)O)C)C)C4(C(CC3)CCCC4)C		
CHEBI:188922	(22S)-22-hydroxy C28-steroid		C28H50O	402.707	C1C2C3C(CCC2(C(C1)C([C@H](CC(C(C)C)C)O)C)C)C4(C(CC3)CCCC4)C		
CHEBI:188924	(22S)-22-hydroxy C29-steroid		C29H52O	416.734	C1C2C3C(CCC2(C(C1)C([C@H](CC(C(C)C)CC)O)C)C)C4(C(CC3)CCCC4)C		
CHEBI:188949	12beta-hydroxyandrost-4-ene-3,17-dione		C19H26O3	302.414	O[C@H]1[C@]2([C@]([C@]3([C@@]([C@@]4(C(CC3)=CC(=O)CC4)C)(C1)[H])[H])(CCC2=O)[H])C		
CHEBI:189066	cholesteryl beta-D-galactoside		C33H56O6	548.805	[C@@]12([C@@]([C@@]3(C(C[C@@H](O[C@@H]4O[C@@H]([C@H](O)[C@@H]([C@H]4O)O)CO)CC3)=CC1)C)(CC[C@@]5(C)[C@@]2([H])CC[C@@]5([C@@H](CCCC(C)C)C)[H])[H])[H]		
CHEBI:189067	cholesteryl beta-D-xyloside		C32H54O5	518.779	C1O[C@H]([C@@H]([C@H]([C@@H]1O)O)O)O[C@@H]2CC=3[C@@]([C@@]4([C@]([C@]5([H])CC[C@@]([C@@]5(C)CC4)([C@@H](CCCC(C)C)C)[H])(CC3)[H])[H])(CC2)C		
CHEBI:189234	28-Methylspirosolan-3-ol		C28H47NO2	429.689	O1C2C(C3(C(C4C(C5(C(CC4)CC(O)CC5)C)CC3)C2)C)C(C16N(CC(CC6)C)C)C		
CHEBI:189912	Agavoside B		C39H62O14	754.911	O1[C@@]2([C@@]([C@@]3([C@]([C@]4([C@@]([C@@]5([C@@](CC4)(C[C@@H](O[C@@H]6O[C@@H]([C@H](O[C@@H]7O[C@@H]([C@@H](O)[C@H](O)[C@H]7O)CO)[C@H](O)[C@H]6O)CO)CC5)[H])C)(CC3=O)[H])[H])(C2)[H])C)([C@@H](C18OC[C@@H](CC8)C)C)[H])[H]		
CHEBI:189917	Neogitogenin 3-[glucosyl-(1->2)-glucosyl-(1->4)-galactoside]		C45H74O19	919.068	O1C2C(C3(C(C4C(C5(C(CC4)CC(OC6OC(C(OC7OC(C(O)C(O)C7OC8OC(C(O)C(O)C8O)CO)CO)C(O)C6O)CO)C(O)C5)C)CC3)C2)C)C(C19OCC(CC9)C)C		
CHEBI:189918	Beta-Solamarine		C45H73NO15	868.071	O1[C@@]2([C@@]([C@@]3([C@]([C@]4([C@](CC3)([C@@]5(C(=CC4)C[C@@H](O[C@@H]6O[C@@H]([C@@H](O[C@@H]7O[C@H]([C@H](O)[C@@H](O)[C@H]7O)C)[C@H](O)[C@H]6O[C@@H]8O[C@H]([C@H](O)[C@@H](O)[C@H]8O)C)CO)CC5)C)[H])[H])(C2)[H])C)([C@@H]([C@@]19NC[C@H](CC9)C)C)[H])[H]		
CHEBI:189945	Melongoside O		C45H74O19	919.068	O1C2C(C3(C(C4C(CC3)C5(C(=CC4)CC(OC6OC(C(O)C(OC7OC(C(O)C(O)C7O)CO)C6O)CO)CC5)C)C2)C)C(C1(O)CCC(COC8OC(C(O)C(O)C8O)CO)C)C		
CHEBI:189950	Epimetendiol		C20H32O2	304.474	O[C@]1([C@@]2([C@]([C@]3([C@@]([C@@]4([C@](CC3)(C[C@H](O)C=C4)[H])C)(CC2)[H])[H])(CC1)[H])C)C		
CHEBI:189976	Alliosterol 1-rhamnoside 16-galactoside		C39H66O13	742.944	O(C1C(C2(C(C3C(C4(C(=CC3)CC(O)CC4OC5OC(C(O)C(O)C5O)C)C)CC2)C1)C)C(C(O)CCC(C)C)C)C6OC(C(O)C(O)C6O)CO		
CHEBI:189991	26-(2-Glucosyl-6-acetylglucosyl]-1,3,11,22-tetrahydroxyergosta-5,24-dien-26-oate		C42H66O17	842.973	OC1C2C(C3C(C(CC3)C(C(O)C/C(/C)=C(/C)\C(OC4OC(C(O)C(O)C4OC5OC(C(O)C(O)C5O)CO)COC(=O)C)=O)C)(C1)C)CC=C6C2(C(O)CC(O)C6)C		
CHEBI:190043	Estra-4,9-diene-3,17-dione		C18H22O2	270.372	O=C1[C@@]2([C@]([C@]3(C(CC2)=C4C(CC3)=CC(=O)CC4)[H])(CC1)[H])C		
CHEBI:190075	o-Hydroxyfinasteride		C23H36N2O3	388.552	O=C(NC(CO)(C)C)[C@@H]1[C@@]2([C@]([C@]3([C@@]([C@@]4([C@](NC(=O)C=C4)(CC3)[H])C)(CC2)[H])[H])(CC1)[H])C		
CHEBI:190097	(6RS)-6,19-epidioxy-24,24-difluoro-25-hydroxy-6,19-dihydrovitamin D3 / (6RS)-6,19-epidioxy-24,24-difluoro-25-hydroxy-6,19-dihydrocholecalciferol		C27H42F2O4	468.626	FC(F)(CC[C@H]([C@@]1([C@@]2([C@@](CC1)(/C(/CCC2)=C/C3OOCC4=C3C[C@@H](O)CC4)[H])C)[H])C)C(O)(C)C		
CHEBI:190313	Tetrahydrogestrinone		C21H28O2	312.453	O[C@@]1([C@@]2([C@]([C@]3(C(C=C2)=C4C(CC3)=CC(=O)CC4)[H])(CC1)[H])CC)CC		
CHEBI:190320	1alpha,24-Dihydroxy-22-ene-24-cyclopropylvitamin D3		C30H46O3	454.695	OC(C1CC1)(\C=C\[C@H]([C@@]2([C@@]3([C@@](CC2)(/C(/CCC3)=C/C=C\4/C[C@@H](O)C[C@H](O)C4=C)[H])C)[H])C)C(C)C		
CHEBI:190383	1alpha,23R,25S,26-Tetrahydroxyvitamin D3		C27H44O5	448.644	O[C@H](C[C@H]([C@@]1([C@@]2([C@@](CC1)(/C(/CCC2)=C/C=C\3/C[C@@H](O)C[C@H](O)C3=C)[H])C)[H])C)C[C@](O)(CO)C		
CHEBI:190405	Chenodeoxycholic acid glycine conjugate		C26H43NO5	449.632	OC1C2C3[C@@]([C@](CC3)([C@@H](CCC(=O)NCC(O)=O)C)[H])(CCC2[C@@]4([C@](C1)(C[C@H](O)CC4)[H])C)C		
CHEBI:190411	Estriol-16-Glucuronide		C24H32O9	464.511	O(C1C(O)[C@@]2(C(C3C(CC2)C4=C(CC3)C=C(O)C=C4)C1)C)C5OC(C(O)C(O)C5O)C(O)=O		
CHEBI:190716	11b-Hydroxyandrost-4-ene-3,17-dione		C19H26O3	302.414	O[C@H]1[C@]2([C@]([C@]3([C@](C1)(C(=O)CC3)C)[H])(CCC=4[C@@]2(CCC(=O)C4)C)[H])[H]		
CHEBI:190809	2-Hydroxymethylethisterone		C22H30O3	342.479	O[C@@]1([C@@]2([C@]([C@]3([C@@]([C@@]4(C(CC3)=CC(=O)C(C4)CO)C)(CC2)[H])[H])(CC1)[H])C)C#C		
CHEBI:190822	25-Acetyl-6,7-didehydrofevicordin F 3-[glucosyl-(1->6)-glucoside]		C43H62O18	866.951	OC1C(C2(C(C3C(C(=O)C2)(C=4C(C=C3)=C(C(OC5OC(C(O)C(O)C5O)COC6OC(C(O)C(O)C6O)CO)=C(O)C4)C)C)(C1)C)C)C(O)(C(O)/C=C/C(OC(=O)C)(C)C)C		
CHEBI:190841	Melongoside F		C39H62O13	738.912	O1[C@@]2([C@@]([C@@]3(C(C4C(CC3)[C@@]5(C(=CC4)CC(O[C@@H]6O[C@@H]([C@@H](O)[C@H](O)[C@H]6O[C@@H]7O[C@@H]([C@@H](O)[C@H](O)[C@H]7O)CO)CO)CC5)C)C2)C)([C@@H](C18OC[C@@H](CC8)C)C)[H])[H]		
CHEBI:190842	Desglucodesrhamnoparillin		C39H64O13	740.928	O1C2C(C3(C(C4C(C5(C(CC4)CC(OC6OC(C(O)C(O)C6O)COC7OC(C(O)C(O)C7O)CO)CC5)C)CC3)C2)C)C(C18OCC(CC8)C)C		
CHEBI:190894	6b-Hydroxymethandienone		C20H28O3	316.441	O[C@@]1([C@@]2([C@]([C@]3([C@](CC2)([C@@]4(C([C@H](O)C3)=CC(=O)C=C4)C)[H])[H])(CC1)[H])C)C		
CHEBI:190949	1alpha-methyl-5alpha-androstan-3alpha-ol-17-one glucuronide		C26H40O8	480.598	C[C@H]1C[C@H](C[C@H]2[C@]1([C@H]3CC[C@]4([C@H]([C@@H]3CC2)CCC4=O)C)C)O[C@H]5[C@@H]([C@H]([C@@H]([C@H](O5)C(=O)O)O)O)O		
CHEBI:191022	3beta,5beta-tetrahydrocortisone		C21H32O5	364.482	OC1(C2(C(C3C(C4(C(CC3)CC(O)CC4)C)C(=O)C2)CC1)C)C(=O)CO		
CHEBI:191254	24,25-didehydrovitamin D3		C27H42O	382.632	O[C@@H]1C\C(=C\C=C/2\[C@]3([C@@]([C@](CC3)([C@@H](CCC=C(C)C)C)[H])(CCC2)C)[H])\C(CC1)=C		
CHEBI:191255	Altrenogest		C21H26O2	310.437	O[C@@]1([C@@]2([C@]([C@]3(C(C=C2)=C4C(CC3)=CC(=O)CC4)[H])(CC1)[H])C)CC=C		
CHEBI:191256	(5E)-3-epivitamin D3		C27H44O	384.648	O[C@H]1C/C(=C\C=C/2\[C@]3([C@@]([C@](CC3)([C@@H](CCCC(C)C)C)[H])(CCC2)C)[H])/C(CC1)=C		
CHEBI:191262	(22S)-22-hydroxyvitamin D3		C27H44O2	400.647	O[C@H]([C@H]([C@@]1([C@@]2([C@@](CC1)(/C(/CCC2)=C/C=C\3/C[C@@H](O)CCC3=C)[H])C)[H])C)CCC(C)C		
CHEBI:191263	25-azavitamin D3		C26H43NO	385.636	O[C@H]1C\C(=C\C=C/2\[C@]3([C@@]([C@](CC3)([C@@H](CCCN(C)C)C)[H])(CCC2)C)[H])\C(CC1)=C		
CHEBI:191264	25-hydroxy-16,17,23,23,24,24-hexadehydrovitamin D3		C27H37FO2	412.589	F[C@@H]1C(/C(=C\C=C/2\[C@]3([C@](CCC2)(C(=CC3)[C@@H](CC#CC(O)(C)C)C)C)[H])/C[C@@H](O)C1)=C		
CHEBI:191268	(22E)-(24R,25R)-25,26-epoxy-1alpha,24-dihydroxy-22,23-didehydrovitamin D3		C27H40O4	428.613	O1[C@@]([C@H](O)\C=C\[C@H]([C@@]2([C@@]3([C@@](CC2)(/C(/CCC3)=C/C=C\4/C[C@@H](O)C[C@H](O)C4=C)[H])C)[H])C)(C1)C		
CHEBI:191269	11alpha-ethyl-1alpha,25-dihydroxyvitamin D3		C29H48O3	444.700	OC(CCC[C@H]([C@@]1([C@@]2([C@@](CC1)(/C(/C[C@@H](C2)CC)=C/C=C\3/C[C@@H](O)C[C@H](O)C3=C)[H])C)[H])C)(C)C		
CHEBI:191270	(24R)-1alpha,24,25-trihydroxy-22-oxavitamin D3		C26H42O5	434.617	O([C@H]([C@@]1([C@@]2([C@@](CC1)(/C(/CCC2)=C/C=C\3/C[C@@H](O)C[C@H](O)C3=C)[H])C)[H])C)C[C@@H](O)C(O)(C)C		
CHEBI:191272	1alpha,25-dihydroxy-11-(3-hydroxy-1-propynyl)-9,11-didehydrovitamin D3		C30H44O4	468.678	OC(CCC[C@H]([C@@]1([C@@]2([C@@](CC1)(/C(/C=C(C2)C#CCO)=C/C=C\3/C[C@@H](O)C[C@H](O)C3=C)[H])C)[H])C)(C)C		
CHEBI:191274	22-iso-teinemine		C27H45NO2	415.662	O[C@H]1[C@@]([C@@]2([C@]([C@]3([C@@]([C@@]4(C(=CC3)C[C@@H](O)CC4)C)(CC2)[H])[H])(C1)[H])C)([C@@H](C5NC[C@H](CC5)C)C)[H]		
CHEBI:191275	1alpha-hydroxy-23-[3-(1-hydroxy-1-methylethyl)phenyl]-22,22,23,23-tetradehydro-24,25,26,27-tetranorvitamin D3		C32H42O3	474.685	O[C@@H]1C\C(=C\C=C/2\[C@]3([C@@]([C@](CC3)([C@H](C)C#CC4=CC(C(O)(C)C)=CC=C4)[H])(CCC2)C)[H])\C([C@@H](O)C1)=C		
CHEBI:191276	1alpha,25-dihydroxy-2alpha-(3-hydroxypropoxy)vitamin D3		C30H50O5	490.725	OC(CCC[C@H]([C@@]1([C@@]2([C@@](CC1)(/C(/CCC2)=C/C=C\3/C[C@@H](O)[C@H](OCCCO)[C@H](O)C3=C)[H])C)[H])C)(C)C		
CHEBI:191278	(5Z)-1alpha,25-dihydroxy-3-deoxy-3-thiavitamin D3 3-oxide		C26H42O3S	434.680	[S@@]1(=O)C/C(=C\C=C/2\[C@]3([C@@]([C@](CC3)([C@@H](CCCC(O)(C)C)C)[H])(CCC2)C)[H])/C([C@@H](O)C1)=C		
CHEBI:191281	(6R)-vitamin D3 6,19-(4-phenyl-1,2,4-triazoline-3,5-dione) adduct		C35H49N3O3	559.795	O[C@@H]1CC=2[C@H](N3N(CC2CC1)C(=O)N(C3=O)C4=CC=CC=C4)\C=C/5\[C@]6([C@@]([C@](CC6)([C@@H](CCCC(C)C)C)[H])(CCC5)C)[H]		
CHEBI:191427	Chinenoside VI		C44H70O19	903.025	O1C2C(C3(C(C4C(C5(C(C(=O)C4)CC(OC6OC(C(O)C(O)C6O)COC7OCC(O)C(O)C7O)CC5)C)CC3)C2)C)C(C18OCC(C(OC9OC(C(O)C(O)C9O)CO)C8)C)C		
CHEBI:191453	Melongoside K		C51H82O22	1047.195	O1C2C(C3(C(C4C(CC3)C5(C(=CC4)CC(OC6OC(C(O)C(OC7OC(C(O)C(O)C7O)C)C6OC8OC(C(OC9OC(C(O)C(O)C9O)CO)C(O)C8O)CO)CO)CC5)C)C2)C)C(C1%10OCC(CC%10)C)C		
CHEBI:191462	Fistuloside B		C45H72O18	901.053	O1C2C(C3(C(C4C(CC3)C5(C(=CC4)CC(OC6OC(C(O)C(OC7OC(C(O)C(O)C7O)CO)C6OC8OC(C(O)C(O)C8O)C)CO)C(O)C5)C)C2)C)C(C19OCC(CC9)C)C		
CHEBI:191483	3a,16a-Dihydroxyandrostenone		C19H28O3	304.430	O[C@@H]1C[C@]2([C@]3([C@@]([C@@]4(C(=CC3)C[C@H](O)CC4)C)(CC[C@@]2(C1=O)C)[H])[H])[H]		
CHEBI:191536	Beta1-Tomatidine		C45H75NO17	902.085	O1C2C(C3(C(C4C(C5(C(CC4)CC(OC6OC(C(OC7OC(C(O)C(O)C7OC8OC(C(O)C(O)C8O)CO)CO)C(O)C6O)CO)CC5)C)CC3)C2)C)C(C19NCC(CC9)C)C		
CHEBI:191538	Alliosterol 1-(4''-galactosylrhamnoside) 16-galactoside		C45H76O18	905.085	O(C1C(C2(C(C3C(C4(C(=CC3)CC(O)CC4OC5OC(C(OC6OC(C(O)C(O)C6O)CO)C(O)C5O)C)C)CC2)C1)C)C(C(O)CCC(C)C)C)C7OC(C(O)C(O)C7O)CO		
CHEBI:191590	Graecunin G		C45H72O17	885.054	O1C2C(C3(C(C4C(CC3)C5(C(=CC4)CC(OC6OC(C(O)C(O)C6O)COC7OC(C(O)C(O)C7OC8OC(C(O)C(O)C8O)CO)C)CC5)C)C2)C)C(C19OCC(CC9)C)C		
CHEBI:191593	Tuberoside E		C45H74O18	903.069	O1[C@@]2([C@@]([C@@]3([C@]([C@]4([C@@]([C@@]5([C@@](CC4)(C[C@@H](O[C@@H]6O[C@@H]([C@@H](O[C@@H]7O[C@H]([C@H](O)[C@@H](O)[C@H]7O)C)[C@H](O)[C@H]6O[C@@H]8O[C@@H]([C@@H](O)[C@H](O)[C@H]8O)CO)CO)[C@H](O)C5)[H])C)(CC3)[H])[H])(C2)[H])C)([C@@H]([C@]19OC[C@H](CC9)C)C)[H])[H]		
CHEBI:191615	Polypodosaponin		C39H62O13	738.912	O1C([C@H]([C@@]2([C@@]3([C@](C=4[C@@]([C@@]5([C@](C[C@@H](O[C@@H]6O[C@@H]([C@@H](O)[C@H](O)[C@H]6O[C@@H]7O[C@H]([C@H](O)[C@@H](O)[C@H]7O)C)CO)CC5)(C(=O)C4)[H])C)(CC3)[H])(CC2)[H])C)[H])C)CCC(C1O)C		
CHEBI:191621	Glucoconvallasaponin B		C38H62O15	758.899	O1C2C(C3(C(C4C(C5(C(OC6OCC(O)C(O)C6O)(CC4)C(O)C(OC7OC(C(O)C(O)C7O)CO)CC5O)C)CC3)C2)C)C(C18OCC(CC8)C)C		
CHEBI:191635	Yuccoside C		C45H74O18	903.069	O1[C@@]2([C@@]([C@@]3([C@]([C@]4([C@@]([C@@]5([C@](CC4)(C[C@@H](O[C@@H]6O[C@@H]([C@@H](O[C@@H]7O[C@@H]([C@@H](O)[C@H](O)[C@H]7O[C@H]8O[C@@H]([C@H](O)[C@H](O)[C@H]8O)CO)CO)[C@H](O)[C@H]6O)CO)CC5)[H])C)(CC3)[H])[H])(C2)[H])C)([C@@H]([C@]19OC[C@H](CC9)C)C)[H])[H]		
CHEBI:191663	Mabiogenin 3-[rhamnosyl-(1->6)-glucoside]		C42H68O14	796.992	O1[C@H](O)[C@]2([C@]3(C([C@@]4(C(CC3)C([C@@H](O[C@@H]5O[C@@H]([C@@H](O)[C@H](O)[C@H]5O)CO[C@@H]6O[C@H]([C@H](O)[C@@H](O)[C@H]6O)C)CC4)(C)C)C)CC[C@@]2([C@]7([C@@]1([C@H](OC7=O)CC=C(C)C)C)[H])[H])C)C		
CHEBI:191776	Momordicoside E		C37H60O12	696.875	O(C1C(C=2C(C3(C(C4(C(C(CC4)C(C)C=O)(CC3)C)C)CC2)C)CC1)(C)C)C5OC(C(O)C(O)C5O)COC6OC(C(O)C(O)C6O)CO		
CHEBI:191814	Campesteryl ferulate		C38H56O4	576.862	O([C@@H]1CC=2[C@@]([C@@]3([C@]([C@]4([C@@]([C@](CC4)([C@@H](CC[C@H](C(C)C)C)C)[H])(CC3)C)[H])(CC2)[H])[H])(CC1)C)C(=O)/C=C/C5=CC(OC)=C(O)C=C5		
CHEBI:191860	cholesterol ester 14:1		C41H70O2	413.657	C1[C@@]2([C@]3(CC[C@]4([C@]([C@@]3(CC=C2C[C@H](C1)OC(=O)*)[H])(CC[C@@]4([C@H](C)CCCC(C)C)[H])[H])C)[H])C		
CHEBI:191861	cholesterol ester 14:0		C41H72O2	413.657	C1[C@@]2([C@]3(CC[C@]4([C@]([C@@]3(CC=C2C[C@H](C1)OC(=O)*)[H])(CC[C@@]4([C@H](C)CCCC(C)C)[H])[H])C)[H])C		
CHEBI:191862	cholesterol ester 15:1		C42H72O2	413.657	C1[C@@]2([C@]3(CC[C@]4([C@]([C@@]3(CC=C2C[C@H](C1)OC(=O)*)[H])(CC[C@@]4([C@H](C)CCCC(C)C)[H])[H])C)[H])C		
CHEBI:191863	cholesterol ester 15:0		C42H74O2	413.657	C1[C@@]2([C@]3(CC[C@]4([C@]([C@@]3(CC=C2C[C@H](C1)OC(=O)*)[H])(CC[C@@]4([C@H](C)CCCC(C)C)[H])[H])C)[H])C		
CHEBI:191864	cholesterol ester 16:0		C43H76O2	413.657	C1[C@@]2([C@]3(CC[C@]4([C@]([C@@]3(CC=C2C[C@H](C1)OC(=O)*)[H])(CC[C@@]4([C@H](C)CCCC(C)C)[H])[H])C)[H])C		
CHEBI:191865	cholesterol ester 17:0		C44H78O2	639.091	C1[C@@]2([C@]3(CC[C@]4([C@]([C@@]3(CC=C2C[C@H](C1)OC(=O)*)[H])(CC[C@@]4([C@H](C)CCCC(C)C)[H])[H])C)[H])C		
CHEBI:191866	cholesterol ester 18:0		C45H80O2	653.117	C1[C@@]2([C@]3(CC[C@]4([C@]([C@@]3(CC=C2C[C@H](C1)OC(=O)*)[H])(CC[C@@]4([C@H](C)CCCC(C)C)[H])[H])C)[H])C		
CHEBI:191867	cholesterol ester 20:0		C47H84O2	413.657	C1[C@@]2([C@]3(CC[C@]4([C@]([C@@]3(CC=C2C[C@H](C1)OC(=O)*)[H])(CC[C@@]4([C@H](C)CCCC(C)C)[H])[H])C)[H])C		
CHEBI:191868	cholesterol ester 20:6		C47H72O2	413.657	C1[C@@]2([C@]3(CC[C@]4([C@]([C@@]3(CC=C2C[C@H](C1)OC(=O)*)[H])(CC[C@@]4([C@H](C)CCCC(C)C)[H])[H])C)[H])C		
CHEBI:191869	cholesterol ester 22:0		C49H88O2	413.657	C1[C@@]2([C@]3(CC[C@]4([C@]([C@@]3(CC=C2C[C@H](C1)OC(=O)*)[H])(CC[C@@]4([C@H](C)CCCC(C)C)[H])[H])C)[H])C		
CHEBI:191921	3'-O-Aminopropyl-25-hydroxyvitamin D3		C30H51NO2	457.743	OC(CCC[C@H]([C@@]1([C@@]2([C@@](CC1)(/C(/CCC2)=C/C=C\3/C[C@@H](OCCCN)CCC3=C)[H])C)[H])C)(C)C		
CHEBI:191976	Torvoside E		C40H66O14	770.954	O1[C@@]2([C@@]([C@@]3([C@]([C@]4([C@@]([C@@]5([C@@]([C@@H](O[C@@H]6O[C@@H]([C@@H](O)[C@H](O)[C@H]6O)C)C4)(CC(=O)CC5)[H])C)(CC3)[H])[H])(C2)[H])C)([C@@H]([C@@]1(OC)CC[C@@H](CO[C@@H]7O[C@@H]([C@@H](O)[C@H](O)[C@H]7O)CO)C)C)[H])[H]		
CHEBI:191997	delta5-Demissine		C50H81NO20	1016.185	O(C1CC=2C(C3C(C4C(C5C(N6C(C5C)CCC(C6)C)C4)(CC3)C)CC2)(CC1)C)C7OC(C(OC8OC(C(O)C(OC9OCC(O)C(O)C9O)C8OC%10OC(C(O)C(O)C%10O)CO)CO)C(O)C7O)CO		
CHEBI:192050	Asparagoside C		C39H64O13	740.928	O1C2C(C3(C(C4C(C5(C(CC4)CC(OC6OC(C(O)C(OC7OC(C(O)C(O)C7O)CO)C6O)CO)CC5)C)CC3)C2)C)C(C18OCC(CC8)C)C		
CHEBI:192060	Chinenoside I		C49H80O23	1037.156	O1C2C(C3(C(C4C(C5(C(C(=O)C4)CC(OC6OC(C(OC7OCC(O)C(O)C7O)C(O)C6O)COC8OCC(O)C(O)C8O)CC5)C)CC3)C2)C)C(C1(O)CCC(COC9OC(C(O)C(O)C9O)CO)C)C		
CHEBI:192108	(15a,20R)-Dihydroxypregn-4-en-3-one 20-[glucosyl-(1->4)-6-acetyl-glucoside]		C35H54O14	698.803	OC1C2C(C(C1)C(OC3OC(C(OC4OC(C(O)C(O)C4O)CO)C(O)C3O)COC(=O)C)C)(CCC5C2CCC=6C5(CCC(=O)C6)C)C		
CHEBI:192150	Balagyptin		C39H64O16	788.925	O[C@@H]1[C@@]([C@@]2([C@]([C@]3([C@@]([C@@]4(C(=CC3)C[C@@H](O[C@@H]5O[C@@H]([C@@H](O)[C@H](O)[C@H]5O[C@@H]6O[C@H]([C@H](O)[C@@H](O)[C@H]6O)C)CO[C@@H]7O[C@H]([C@H](O)[C@@H](O)[C@H]7O)C)CC4)C)(CC2)[H])[H])(C1)[H])C)([C@H](O)C)[H]		
CHEBI:192190	Chinenoside II		C49H78O22	1019.141	O1[C@@]2([C@@]([C@@]3([C@]([C@]4([C@@]([C@@]5([C@@](C(=O)C4)(C[C@@H](O[C@@H]6O[C@@H]([C@@H](O[C@@H]7OC[C@@H](O)[C@H](O)[C@H]7O)[C@H](O)[C@H]6O)CO[C@H]8OC[C@@H](O)[C@@H](O)[C@@H]8O)CC5)[H])C)(CC3)[H])[H])(C2)[H])C)(C(=C1CC[C@H](CO[C@@H]9O[C@@H]([C@@H](O)[C@H](O)[C@H]9O)CO)C)C)[H])[H]		
CHEBI:192204	Diosgenin 3-[glucosyl-(1->4)-rhamnosyl-(1->4)-[rhamnosyl-(1->2)]-glucoside]		C51H82O21	1031.196	O1C2C(C3(C(C4C(CC3)C5(C(=CC4)CC(OC6OC(C(OC7OC(C(OC8OC(C(O)C(O)C8O)CO)C(O)C7O)C)C(O)C6OC9OC(C(O)C(O)C9O)C)CO)CC5)C)C2)C)C(C1%10OCC(CC%10)C)C		
CHEBI:192241	Trigoneoside Xb		C45H76O19	921.084	O1C2C(C3(C(C4C(C5(C(CC4)CC(O[C@@H]6O[C@@H]([C@@H](O)[C@H](O)[C@H]6O[C@@H]7O[C@H]([C@H](O)[C@@H](O)[C@H]7O)C)CO)C(O)C5)C)CC3)C2)C)C(C1(O)CCC(CO[C@@H]8O[C@@H]([C@@H](O)[C@H](O)[C@H]8O)CO)C)C		
CHEBI:192317	3-Epidemissidine		C27H45NO	399.663	OC1CC2C(C3C(C4C(C5C(N6C(C5C)CCC(C6)C)C4)(CC3)C)CC2)(CC1)C		
CHEBI:192392	(2b,3b)-Dihydroxy-30-nor-12,20(29)-oleanadiene-28-glucopyranosyloxy-23-oic acid 3-glucuronide		C41H60O17	824.914	O(C1C(C2C(C3C(C4(C(C5C(CC4)(CCC(C5)=C)C(OC6OC(C(O)C(O)C6O)CO)=O)=CC3)C)(CC2)C)(CC1O)C)(C)C(O)=O)C7OC(C(O)C(O)C7O)C(O)=O		
CHEBI:192419	Conessine dihydrobromide		C24H40N2.BrH.BrH	518.422	Br.Br.N1(C[C@@]23[C@]([C@]4([C@](CC2)([C@@]5(C(=CC4)C[C@@H](N(C)C)CC5)C)[H])[H])(CC[C@@]3([C@@H]1C)[H])[H])C		
CHEBI:192671	Trenbolone acetate		C20H24O3	312.409	O([C@@H]1[C@@]2([C@]([C@]3(C(C=C2)=C4C(CC3)=CC(=O)CC4)[H])(CC1)[H])C)C(=O)C		
CHEBI:192783	glycocholic acid-d4		C26H39D4NO6	469.655	OC1[C@]2(C(C3C([C@@]4(C(CC3O)C(C(O)C(C4)([2H])[2H])([2H])[2H])C)C1)CCC2C(CCC(=O)NCC(O)=O)C)C		
CHEBI:192784	glycodeoxycholic acid-2,2,4,4-d4		C26H39D4NO5	453.656	O[C@@H]1[C@]2([C@]([C@]3([C@@]([C@@]4([C@](CC3)(C([C@H](O)C(C4)([2H])[2H])([2H])[2H])[H])C)(C1)[H])[H])(CC[C@@]2([C@@H](CCC(=O)NCC(O)=O)C)[H])[H])C		
CHEBI:192786	taurochenodeoxycholic acid-2,2,4,4-d4		C26H41D4NO6S	503.730	S(O)(=O)(=O)CCNC(=O)CC[C@H]([C@@]1([C@@]2([C@]([C@]3([C@@]([C@@]4([C@](C[C@H]3O)(C([C@H](O)C(C4)([2H])[2H])([2H])[2H])[H])C)(CC2)[H])[H])(CC1)[H])C)[H])C		
CHEBI:192787	taurodeoxycholic acid-d4		C26H41D4NO6S	503.730	S(O)(=O)(=O)CCNC(=O)CC[C@H]([C@@]1([C@@]2([C@]([C@]3([C@@]([C@@]4([C@](CC3)(C([C@H](O)C(C4)([2H])[2H])([2H])[2H])[H])C)(C[C@@H]2O)[H])[H])(CC1)[H])C)[H])C		
CHEBI:192803	5alpha-Androstan-3,7-Dione		C19H28O2	288.431	O=C1[C@@]2([C@@]([C@@]3([C@@](C1)(CC(=O)CC3)[H])C)(CC[C@]4([C@]2(CCC4)[H])C)[H])[H]		
CHEBI:192849	Schidigerasaponin C2		C39H62O14	754.911	O1[C@@]2([C@@]([C@@]3([C@]([C@]4([C@@]([C@@]5([C@](CC4)(C[C@@H](O[C@@H]6O[C@@H]([C@H](O)[C@H](O)[C@H]6O[C@@H]7O[C@@H]([C@@H](O)[C@H](O)[C@H]7O)CO)CO)[C@@H](O)C5)[H])C)(CC3)[H])[H])(C2)[H])C)([C@@H]([C@]18OCC(CC8)=C)C)[H])[H]		
CHEBI:192858	Capsicoside B2		C39H64O13	740.928	O1C2C(C3(C(C4C(C5(C(CC4)CC(OC6OC(C(OC7OC(C(O)C(O)C7O)CO)C(O)C6O)CO)CC5)C)CC3)C2)C)C(C18OCC(CC8)C)C		
CHEBI:192873	Asparagoside D		C45H74O18	903.069	O1[C@@]2([C@@]([C@@]3([C@]([C@]4([C@@]([C@@]5([C@](CC4)(C[C@@H](O[C@@H]6O[C@@H]([C@@H](O[C@H]7O[C@H]([C@H](O)[C@@H](O)[C@@H]7O)CO)[C@H](O[C@@H]8O[C@@H]([C@@H](O)[C@H](O)[C@H]8O)CO)[C@H]6O)CO)CC5)[H])C)(CC3)[H])[H])(C2)[H])C)([C@@H]([C@]19OC[C@H](CC9)C)C)[H])[H]		
CHEBI:192877	Melongoside G		C45H74O17	887.070	O1C2C(C3(C(C4C(C5(C(CC4)CC(OC6OC(C(O)C(OC7OC(C(O)C(O)C7O)C)C6OC8OC(C(O)C(O)C8O)CO)CO)CC5)C)CC3)C2)C)C(C19OCC(CC9)C)C		
CHEBI:192888	Capsicoside C		C52H88O25	1113.251	O1C2C(C3(C(C4C(C5(C(CC4)CC(OC6OC(C(OC7OC(C(O)C(O)C7OC8OC(C(O)C(O)C8O)CO)CO)C(O)C6O)CO)C(O)C5)C)CC3)C2)C)C(C1(OC)CCC(COC9OC(C(O)C(O)C9O)CO)C)C		
CHEBI:192952	(22E)-(24R)-24,25-dihydroxy-22,23-didehydrovitamin D3		C27H42O3	414.630	O[C@H](\C=C\[C@H]([C@@]1([C@@]2([C@@](CC1)(/C(/CCC2)=C/C=C\3/C[C@@H](O)CCC3=C)[H])C)[H])C)C(O)(C)C		
CHEBI:193031	27-hydroxysterols		C26H40O3	400.603	C12C(C3CCC4C(C3CC1)CCC4C(C)C5OC(=O)C(=C(C5)C)CO)CCCC2		
CHEBI:193205	1alpha,25-Dihydroxy-previtamin D3		C27H44O3	416.646	OC(CCC[C@H]([C@@]1([C@@]2([C@@](CC1)(C(=CCC2)/C=C\C=3C[C@H](O)C[C@@H](O)C3C)[H])C)[H])C)(C)C		
CHEBI:193210	Asterogenol		C21H34O3	334.500	O[C@@H]1[C@@]2([C@@](C=3[C@]([C@]4([C@@]([C@](CC4)([C@H](O)C)[H])(CC3)C)[H])(C1)[H])(CC[C@H](O)C2)C)[H]		
CHEBI:193224	Teinemine		C27H45NO2	415.662	O[C@H]1[C@@]([C@@]2([C@]([C@]3([C@@]([C@@]4(C(=CC3)C[C@@H](O)CC4)C)(CC2)[H])[H])(C1)[H])C)([C@@H]([C@]5(NC[C@H](CC5)C)[H])C)[H]		
CHEBI:193228	Dihomochenodeoxycholic acid		C26H44O4	420.634	O[C@H]1[C@]2([C@]3([C@@]([C@](CC3)([C@@H](CCCCC(O)=O)C)[H])(CC[C@@]2([C@@]4([C@](C1)(C[C@H](O)CC4)[H])C)[H])C)[H])[H]		
CHEBI:193235	24-Dehydroprevitamin D3		C27H42O	382.632	O[C@H]1CC(/C=C\C=2[C@]3([C@@]([C@](CC3)([C@@H](CCC=C(C)C)C)[H])(CCC2)C)[H])=C(CC1)C		
CHEBI:193237	Estradiol acetate glucuronide		C26H34O9	490.549	O(C1C2(C(C3C(CC2)C4=C(CC3)C=C(OC5OC(C(O)C(O)C5O)C(O)=O)C=C4)CC1)C)C(=O)C		
CHEBI:193247	(20S,22E)-3beta-Hydroxy-5alpha-chol-22-en-24-oic Acid		C24H38O3	374.565	O[C@@H]1C[C@]2([C@@]([C@@]3([C@]([C@]4([C@@]([C@](CC4)([C@@H](C)/C=C/C(O)=O)[H])(CC3)C)[H])(CC2)[H])[H])(CC1)C)[H]		
CHEBI:193251	(25S)-Spirostane-3b,5b,6a-triol 3-[4''-rhamnosylglucoside]		C39H64O14	756.927	O1C2C(C3(C(C4C(C5(C(O)(C(O)C4)CC(OC6OC(C(OC7OC(C(O)C(O)C7O)C)C(O)C6O)CO)CC5)C)CC3)C2)C)C(C18OCC(CC8)C)C		
CHEBI:193296	N-[(3a,5b,7a,12a)-3,7-dihydroxy-24-oxo-12-(sulfooxy)cholan-24-yl]-Glycine		C26H43NO9S	545.690	S(O[C@@H]1[C@]2(C(C3C([C@@]4([C@](CC3O)(C[C@H](O)CC4)[H])C)C1)CC[C@@]2([C@@H](CCC(=O)NCC(O)=O)C)[H])C)(O)(=O)=O		
CHEBI:193301	Dihomoursodeoxycholic acid		C26H44O4	420.634	O[C@@H]1[C@]2([C@]3([C@@]([C@](CC3)([C@@H](CCCCC(O)=O)C)[H])(CC[C@@]2([C@@]4([C@](C1)(C[C@H](O)CC4)[H])C)[H])C)[H])[H]		
CHEBI:193305	Dihomomurideoxycholic acid		C26H44O4	420.634	O[C@H]1[C@]2([C@@]([C@@]3([C@]([C@]4([C@@]([C@](CC4)([C@@H](CCCCC(O)=O)C)[H])(CC3)C)[H])(C1)[H])[H])(CC[C@@H](O)C2)C)[H]		
CHEBI:193323	1b,3a,7b-Trihydroxy-5b-cholanoic acid		C24H40O6	424.578	OC1C2C3[C@@](C(CC3)[C@H](O)CCCC(O)=O)(CCC2[C@@]4(C(C1)C[C@H](O)C[C@H]4O)C)C		
CHEBI:193335	Dihomohyodeoxycholic acid		C26H44O4	420.634	O[C@@H]1[C@]2([C@@]([C@@]3([C@]([C@]4([C@@]([C@](CC4)([C@@H](CCCCC(O)=O)C)[H])(CC3)C)[H])(C1)[H])[H])(CC[C@@H](O)C2)C)[H]		
CHEBI:193424	Dihomocholic acid		C26H44O5	436.633	O[C@@H]1[C@]2([C@]([C@]3([C@@]([C@@]4([C@](C[C@H]3O)(C[C@H](O)CC4)[H])C)(C1)[H])[H])(CC[C@@]2([C@@H](CCCCC(O)=O)C)[H])[H])C		
CHEBI:193434	Trillenogenin		C26H36O8	476.566	O1[C@@]2([C@@](C3=C([C@]4([C@@]([C@@]5(C(=CC4)C[C@@H](O)C[C@H]5O)C)(CC3)[H])[H])C2=O)([C@@H]([C@]16OC[C@@H](C(O)C6O)C)CO)[H])[H]		
CHEBI:195459	3-hydroxypregnane-5,7-dien-20-one		C21H30O2	314.469	OC1CC=2[C@@]([C@@]3(C([C@]4([C@@]([C@H](CC4)C(=O)C)(CC3)C)[H])=CC2)[H])(CC1)C		
CHEBI:195461	3beta,14beta,21-trihydroxy-5beta-pregnane-20-one		C21H34O4	350.499	O[C@@]12[C@]3([C@@]([C@@]4([C@](CC3)(C[C@@H](O)CC4)[H])C)(CC[C@@]1([C@H](CC2)C(=O)CO)C)[H])[H]		
CHEBI:195614	3beta-sulfo-5-cholenoate(2-)		C24H36O6S	452.610	[C@@H]1(CC[C@@]2([C@]3(CC[C@@]4([C@H](CC[C@]4([C@@]3(CC=C2C1)[H])[H])[C@@H](CCC(=O)[O-])C)C)[H])C)OS(=O)(=O)[O-]		
CHEBI:195622	3alpha-sulfodeoxycholate(2-)		C24H38O7S	470.620	C1[C@@]2([C@]3(C[C@@H]([C@]4([C@]([C@@]3(CC[C@@]2(C[C@@H](C1)OS(=O)(=O)[O-])[H])[H])(CC[C@@]4([C@@H](CCC([O-])=O)C)[H])[H])C)O)[H])C		
CHEBI:195625	3alpha-sulfotaurodeoxycholate(2-)		C26H43NO9S2	577.750	C1[C@@]2([C@]3(C[C@@H]([C@]4([C@]([C@@]3(CC[C@@]2(C[C@@H](C1)OS(=O)(=O)[O-])[H])[H])(CC[C@@]4([C@@H](CCC(NCCS(=O)(=O)[O-])=O)C)[H])[H])C)O)[H])C		
CHEBI:196338	3a,16-Dihydroxyandrostenone		C19H28O3	304.430	OC1C[C@]2([C@]3([C@@]([C@@]4(C(=CC3)C[C@H](O)CC4)C)(CC[C@@]2(C1=O)C)[H])[H])[H]		
CHEBI:196340	7a-Hydroxytestosterone		C19H28O3	304.430	O[C@@H]1[C@@]2(C(C3C([C@@]4(C(CC3)=C(O)C(=O)CC4)C)CC2)CC1)C		
CHEBI:196341	3beta,6alpha-dihydroxy-5alpha-androst-9(11)-en-17-one		C19H28O3	304.430	O[C@@H]1[C@@]2([C@@](C=3[C@]([C@]4([C@](CC3)(C(=O)CC4)C)[H])(C1)[H])(CC[C@H](O)C2)C)[H]		
CHEBI:196393	(5E)-(24R)-24,25-dihydroxy-[6,19,19-trideutrio]vitamin D3 / (5E)-(24R)-24,25-dihydroxy-[6,19,19-trideutrio]cholecalciferol		C27H41D3O3	419.664	O[C@H](CC[C@H]([C@@]1([C@@]2([C@@](CC1)(/C(/CCC2)=C/C(=C/3\C[C@@H](O)CCC3=C([2H])[2H])/[2H])[H])C)[H])C)C(O)(C)C		
CHEBI:196988	Prosapogenin A		C39H62O12	722.913	O1[C@@]2([C@@]([C@@]3([C@]([C@]4([C@](CC3)([C@@]5(C(=CC4)C[C@@H](O[C@@H]6O[C@@H]([C@@H](O)[C@H](O)[C@H]6O[C@@H]7O[C@H]([C@H](O)[C@@H](O)[C@H]7O)C)CO)CC5)C)[H])[H])(C2)[H])C)([C@@H]([C@]18OC[C@@H](CC8)C)C)[H])[H]		
CHEBI:196996	Schidigerasaponin D5		C39H64O13	740.928	O1C2C(C3(C(C4C(C5(C(CC4)CC(OC6OC(C(O)C(O)C6OC7OC(C(O)C(O)C7O)CO)CO)CC5)C)CC3)C2)C)C(C18OCC(CC8)C)C		
CHEBI:196999	1-Hydroxyprevitamin D3 diacetate		C31H48O4	484.721	O([C@@H]1CC(/C=C\C=2[C@]3([C@@]([C@](CC3)([C@@H](CCCC(C)C)C)[H])(CCC2)C)[H])=C([C@@H](OC(=O)C)C1)C)C(=O)C		
CHEBI:197009	Evasterioside D		C33H58O10	614.817	O[C@]12[C@]3([C@@]([C@](C[C@H]3O)([C@@H](CC[C@H](O[C@@H]4OC([C@@H](O)[C@H](O)C4O)CO)C(C)C)C)[H])(CC[C@@]1([C@@]5([C@@]([C@@H](O)C2)(C[C@@H](O)CC5)[H])C)[H])C)[H]		
CHEBI:197015	Schidigerasaponin F2		C39H64O14	756.927	O1C2C(C3(C(C4C(C5(C(CC4)CC(OC6OC(C(O)C(O)C6OC7OC(C(O)C(O)C7O)CO)CO)C(O)C5)C)CC3)C2)C)C(C18OCC(CC8)C)C		
CHEBI:197025	Trigofoenoside B		C45H76O19	921.084	O1C2C(C3(C(C4C(C5(C(CC4)CC(OC6OC(C(OC7OC(C(O)C(O)C7O)C)C(O)C6O)CO)C(O)C5)C)CC3)C2)C)C(C1(O)CCC(COC8OC(C(O)C(O)C8O)CO)C)C		
CHEBI:197033	Asparagoside E		C45H76O19	921.084	O1C2C(C3(C(C4C(C5(C(CC4)CC(OC6OC(C(O)C(OC7OC(C(O)C(O)C7O)CO)C6O)CO)CC5)C)CC3)C2)C)C(C1(O)CCC(COC8OC(C(O)C(O)C8O)CO)C)C		
CHEBI:197045	Ampeloside Bf1		C51H86O26	1115.223	O1C2C(C3(C(C4C(C5(C(C(O)C4)CC(OC6OC(C(OC7OC(C(O)C(OC8OC(C(O)C(O)C8O)CO)C7O)CO)C(O)C6O)CO)C(O)C5)C)CC3)C2)C)C(C1(O)CCC(COC9OC(C(O)C(O)C9O)CO)C)C		
CHEBI:197054	Pregna-1,4-diene-3,11-dione, 17,20,21-trihydroxy-6-methyl-, (6a,20S)-		C22H30O5	374.477	O[C@]1([C@@]2([C@]([C@]3([C@@]([C@@]4(C([C@H](C3)C)=CC(=O)C=C4)C)(C(=O)C2)[H])[H])(CC1)[H])C)[C@@H](O)CO		
CHEBI:197080	Kurilensoside E		C33H58O10	614.817	O[C@]12[C@]3([C@@]([C@]([C@@H](O)[C@@H]3O)([C@@H](CCC[C@@H](CO)C)C)[H])(CC[C@@]1([C@@]4([C@@](CC2)([C@@H](O)[C@@H](O[C@@H]5OC[C@@H](O)C(O)[C@@H]5OC)CC4)[H])C)[H])C)[H]		
CHEBI:197082	Desglucoparillin		C45H74O17	887.070	O1C2C(C3(C(C4C(C5(C(CC4)CC(OC6OC(C(OC7OC(C(O)C(O)C7O)C)C(O)C6O)COC8OC(C(O)C(O)C8O)CO)CC5)C)CC3)C2)C)C(C19OCC(CC9)C)C		
CHEBI:197089	Fevicordin B 2-[rhamnosyl-(1->4)-glucosyl-(1->6)-glucoside]		C49H74O22	1015.109	OC1C(C2(C(C3C(C(=O)C2)(C=4C(CC3)=C(C(O)=C(OC5OC(C(O)C(O)C5O)COC6OC(C(OC7OC(C(O)C(O)C7O)C)C(O)C6O)CO)C4)C)C)(C1)C)C)C(O)(C)C(=O)CCC(OC(=O)C)(C)C		
CHEBI:197101	Schidigerasaponin D3		C45H74O18	903.069	O1C2C(C3(C(C4C(C5(C(CC4)CC(OC6OC(C(O)C(OC7OC(C(O)C(O)C7O)CO)C6OC8OC(C(O)C(O)C8O)CO)CO)CC5)C)CC3)C2)C)C(C19OCC(CC9)C)C		
CHEBI:197105	Torvoside A		C45H76O18	905.085	O1[C@@]2([C@@]([C@@]3([C@]([C@]4([C@@]([C@@]5([C@@]([C@@H](O[C@@H]6O[C@@H]([C@@H](O)[C@H](O[C@@H]7O[C@H]([C@H](O)[C@@H](O)[C@H]7O)C)[C@H]6O)C)C4)(C[C@@H](O)CC5)[H])C)(CC3)[H])[H])(C2)[H])C)([C@@H](C1(O)CC[C@@H](CO[C@@H]8O[C@@H]([C@@H](O)[C@H](O)[C@H]8O)CO)C)C)[H])[H]		
CHEBI:197108	(23R)-1alpha-hydroxy-25,27-didehydrovitamin D3 26,23-lactone		C27H38O4	426.597	O1[C@H](C[C@H]([C@@]2([C@@]3([C@@](CC2)(/C(/CCC3)=C/C=C\4/C[C@@H](O)C[C@H](O)C4=C)[H])C)[H])C)CC(C1=O)=C		
CHEBI:197122	Melongoside N		C45H76O19	921.084	O1C2C(C3(C(C4C(C5(C(CC4)CC(OC6OC(C(O)C(O)C6OC7OC(C(O)C(O)C7O)CO)CO)CC5)C)CC3)C2)C)C(C1(O)CCC(COC8OC(C(O)C(O)C8O)CO)C)C		
CHEBI:197129	Ptilosaponoside A		C27H42O14S2.Na.Na	700.720	S(O[C@@H]1[C@H](O[C@@H]2O[C@@H]([C@@H](O)[C@H](OS([O-])(=O)=O)[C@H]2O)CO)[C@]3([C@@]([C@@]4([C@]([C@]5([C@](CC4)([C@H](CC5)C=C)C)[H])(CC3)[H])[H])(CC1)CO)[H])([O-])(=O)=O.[Na+].[Na+]		
CHEBI:197165	b-Chlorogenin 3-[2'',4''-dirhamnosylglucoside]		C45H74O17	887.070	O1C2C(C3(C(C4C(C5(C(C(O)C4)CC(OC6OC(C(OC7OC(C(O)C(O)C7O)C)C(O)C6OC8OC(C(O)C(O)C8O)C)CO)CC5)C)CC3)C2)C)C(C19OCC(CC9)C)C		
CHEBI:197210	17-beta-Estradiol glucuronide		C24H32O8	448.512	O([C@@H]1[C@@]2(C(C3C(CC2)C4=C(CC3)C=C(O)C=C4)CC1)C)[C@@H]5O[C@@H]([C@@H](O)[C@H](O)[C@H]5O)C(O)=O		
CHEBI:197726	Ascosteroside		C37H58O9	646.862	O=C(O)[C@]12C3=C([C@@]4([C@H](C(=C)[C@@H](O[C@H]5O[C@@H]([C@@H](OC)[C@@H]([C@H]5O)O)CO)CC4)CC3)C)CC[C@@]1([C@@H]([C@H](CCC(=C)C(C)C)C)C[C@H]2O)C		
CHEBI:197803	3-O-beta-D-glucopyranosyl-22E,24R-5alpha,8alpha-epidioxyergosta-6,22-diene,		C34H54O8	590.798	O1O[C@@]23C=C[C@]14[C@H](CC[C@]5([C@H]4CC[C@@H]5[C@@H](/C=C/[C@@H](C(C)C)C)C)C)[C@]2(CC[C@@H](C3)O[C@@H]6O[C@@H]([C@@H](O)[C@@H]([C@H]6O)O)CO)C		
CHEBI:197883	Lolicine-B 11-O-propionate		C41H55NO7	673.891	O=C1C2=C(C3=C(NC4=C3C[C@@H]5CC[C@@H]6[C@@]([C@@]45C)(CC[C@H]7[C@@]6(C=O)[C@H](OC(=O)CC)C[C@H](O7)C(O)(C)C)C)C=C2)C[C@@H]8[C@@H]1C(OC8(C)C)(C)C		
CHEBI:197898	Kolokoside A		C36H58O10	650.850	O=C1[C@@]([C@@H](C(=O)O)[C@@]2(CC=C3[C@@H]([C@]2(C1)C)CC[C@@H]4[C@@]3(C[C@@H](O)[C@@H](C4(C)C)O[C@@H]5O[C@@H]([C@@H](O)[C@@H]([C@H]5O)O)CO)C)C)([C@@H](C(C)C)C)C		
CHEBI:198298	Terretonin D		C26H34O8	474.550	O=C1[C@@](OC(=O)[C@@H]2C1(C(=C)C[C@@H]3[C@@]4(C(C(C(=O)CC4)(C)C)C([C@@H]([C@@]23C)O)=O)C)C)(C(=O)OC)C		
CHEBI:198407	Fornicatin C		C30H48O3	456.711	O=C(O)[C@H]1C2=C(C(CCC=C(C)C)C)CC[C@]2([C@@H]3CC[C@@H]4[C@@]([C@H]3C1)(CC[C@@H](C4(C)C)O)C)C		
CHEBI:198417	Citreohybridone G		C29H40O7	500.632	O=C1C(=C(OC)[C@@]2([C@]1(C(=CC3[C@@]4(C=O)C(C([C@@H](OC(=O)C)CC4)(C)C)CC[C@]23C)C)C)C(=O)OC)C		
CHEBI:198443	Pyripyropene D		C32H39NO10	597.661	O=C1OC(C2=CN=CC=C2)=CC3=C1C(O)C4C5(C(C(C(OC(=O)CC)CC5)(COC(=O)C)C)CC(C4(O3)C)OC(=O)C)C		
CHEBI:198537	Nodulisporisteroid L		C22H32O5	376.493	O=C(O)[C@H]1[C@H]2[C@@](C3=C([C@H]4[C@]([C@@H](C(=O)C)CC4)(C)CC3)C[C@H]2O)(CC[C@@H]1O)C		
CHEBI:198539	03219A		C21H32O2	316.485	O=C([C@@H]1[C@@]2([C@H](C3=C([C@@]4([C@H](C[C@@H](O)CC4)CC3)C)CC2)CC1)C)C		
CHEBI:198588	Gutingimycin		C47H57N5O21	1027.987	O=C1NC(=NC2=C1N(C=N2)C[C@]3(O)[C@@]4(OC=5C6=C(O)C=7C(=O)C(O)CC(C7C(=C6C=C(C5[C@H]8[C@@H]4O[C@@]3(O8)C(OC)OC)C)OC)O[C@@H]9OC([C@@H](OC(=O)C)C(C9)(O)C)C)O[C@@H]%10OC([C@](O)(C(=O)C)C(C%10)O)C)N		
CHEBI:198744	Virescenoside R2		C32H50O14	658.738	O=C1C2=C[C@@](C=C)(CC[C@@H]2[C@]3(C[C@@H](O)[C@@H]([C@@]([C@@H]3C1)(CO[C@@H]4O[C@@H]([C@@H](O)[C@H]([C@@H]4O)O)CO[C@H]5O[C@@H]([C@@H](O)[C@@H]([C@H]5O)O)CO)C)O)C)C		
CHEBI:199001	3beta-linoleyloxyergosta-7-ene		C46H78O2	663.128	O=C(O[C@@H]1C[C@H]2[C@]([C@@H]3C([C@H]4[C@]([C@@H]([C@@H](CC[C@@H](C(C)C)C)C)CC4)(C)CC3)=CC2)(C)CC1)CCCCCCC/C=C\C/C=C\CCCCC		
CHEBI:199057	Ascosteroside B		C36H56O9	632.835	O=C(O)[C@]12C3=C([C@@]4([C@H](C(=C)[C@@H](O[C@H]5O[C@@H]([C@@H](OC)[C@@H]([C@H]5O)O)CO)CC4)CC3)C)CC[C@@]1([C@@H]([C@@H](CCC=C(C)C)C)C[C@H]2O)C		
CHEBI:199060	Ergosta-7,22-diene-3beta-yl pentadecanoa		C43H74O2	623.063	O=C(O[C@@H]1C[C@H]2[C@]([C@@H]3C([C@H]4[C@]([C@@H]([C@@H](/C=C/[C@@H](C(C)C)C)C)CC4)(C)CC3)=CC2)(C)CC1)CCCCCCCCCCCCCC		
CHEBI:199074	Uncialamycin		C26H17NO6	439.423	O=C1C2=C3N[C@H]4C#CC=CC#C[C@H]([C@]5(C3=CC(=C2C(=O)C6=C1C=CC=C6)O)O[C@@]45C(O)C)O		
CHEBI:199198	Citreohybridone J		C30H40O10	560.640	O=C1O[C@H]2C[C@]3(C([C@]14C2C([C@@H](OC(=O)C)CC4)(C)C)=C[C@]5(O[C@@]6(C)[C@H]([C@]3(C(=O)OC)[C@@]5([C@H]6OC(=O)C)C)O)C)C		
CHEBI:199548	Virescenoside Z6		C26H40O9	496.597	O=C(O)C1OC(OC[C@]2([C@@H](O)CC[C@]3([C@H]2C[C@@H](O)C=4[C@@H]3CC[C@@](C4)(C=C)C)C)C)C(O)C(C1O)O		
CHEBI:199703	Dixiamycin B		C46H48N2O6	724.898	O=C(O)[C@@]1([C@@H](O)CC[C@]2([C@H]1CCC3=C2C=C4C5=C(C=CC=C5)N(C4=C3)N6C7=C(C=C8[C@@]9([C@H]([C@](C(=O)O)([C@@H](O)CC9)C)CCC8=C7)C)C%10=C6C=CC=C%10)C)C		
CHEBI:199898	Virescenoside V		C26H40O9	496.597	O=C1C2=C[C@@](C=C)(CC[C@@H]2[C@]3(C[C@@H](O)[C@@H]([C@@]([C@@H]3C1)(CO[C@@H]4O[C@@H]([C@@H](O)[C@H]([C@@H]4O)O)CO)C)O)C)C		
CHEBI:199932	Citreohybridone A		C30H38O9	542.625	O=C1O[C@H]2C[C@]3(C([C@]14C2C([C@@H](OC(=O)C)CC4)(C)C)C=C([C@]5(C(=O)C(=C([C@@]35C(=O)OC)OC(=O)C)C)C)C)C		
CHEBI:199933	Cholesteryl-a-D-glucopyranoside		C33H56O6	548.805	O1C(O[C@@H]2CC3=CC[C@H]4[C@H]5[C@]([C@@H]([C@@H](CCCC(C)C)C)CC5)(C)CC[C@@H]4[C@@]3(C)CC2)C(O)C(O)C(C1CO)O		
CHEBI:200099	Citreohybridone L		C31H42O10	574.667	O=C1O[C@H]2C[C@]3([C@@]4([C@]15C2C([C@@H](OC(=O)C)CC5)(C)C)O[C@@H]6[C@](O)([C@H](OC(=O)C)[C@@](C(=C4)C)(C)[C@]36COC(=O)C)C)C		
CHEBI:200199	16-deacetoxy-7beta-hydroxyfusidic acid		C29H46O5	474.682	O=C(O)/C(=C\1/[C@H]2[C@]([C@@]3([C@H]([C@@]4([C@H]([C@@H]([C@H](O)CC4)C)C[C@@H]3O)C)[C@@H](C2)O)C)(C)CC1)/CCC=C(C)C		
CHEBI:200214	Virescenoside Z8		C26H38O9	494.581	O=C(O)C1OC(OC[C@@]2([C@@H]3C=CC4=C[C@](C=C)(C)CC[C@@H]4[C@]3(C[C@H]([C@H]2O)O)C)C)C(O)C(C1O)O		
CHEBI:200393	8beta-hydroxy-18-norcleistanth-4(5),13(17),15-trien-3-one		C19H26O2	286.415	O=C1C(=C2[C@]([C@@H]3[C@](O)([C@@H](C(=C)CC3)C=C)CC2)(C)CC1)C		
CHEBI:200413	BBGL-I		C49H86O7	787.220	O=C(OC[C@H]1O[C@@H](OC2CC3=CC[C@H]4[C@H]5[C@]([C@@H]([C@@H](CCCC(C)C)C)CC5)(C)CC[C@@H]4[C@@]3(C)CC2)[C@H](O)[C@H]([C@H]1O)O)CCCCCCCCCCCCCCC		
CHEBI:200634	Trioxacarcin D		C40H50O19	834.821	O=C1C2=C(O)C3=C4O[C@@]5(OC6OC(C(O)(C(=O)C)C(C6)O)C)[C@]7(OC7)[C@@]8(C(OC)OC)O[C@@H](C4=C(C)C=C3C(=C2[C@@H](OC9OC(C(O)C(C9)(O)C)C)C[C@@H]1O)OC)[C@@H]5O8		
CHEBI:200804	(3R,4S,5S,17R,20R)-3,17,20-trihydroxy-4-methylpregn-8-en-7-one		C22H34O4	362.510	O=C1C2=C([C@]3(CC[C@H]([C@H]([C@@H]3C1)C)O)C)CC[C@]4([C@H]2CC[C@]4(O)[C@H](O)C)C		
CHEBI:200889	(-)-Virescenoside N		C26H42O9	498.613	O1[C@@H](OC[C@]2([C@@H](O)[C@H](O)C[C@]3([C@H]2C[C@@H](O)C=4[C@@H]3CC[C@@](C4)(C=C)C)C)C)[C@@H](O)[C@H](O)[C@@H]([C@H]1CO)O		
CHEBI:201106	Favolon B		C33H50O8	574.755	O=C1C=C2[C@@](CC[C@@H](C2)OC(=O)C(O)C(O)(C)C)(C)[C@]34[C@H]1[C@H]5[C@]([C@@H]([C@@H](C(=O)[C@@H](O)[C@@H](C(C)C)C)C)CC5)(C)C[C@H]3O4		
CHEBI:201149	Virescenoside M		C26H40O9	496.597	O=C1C2=C([C@]3(C[C@@H](O)[C@@H]([C@@]([C@@H]3C1)(CO[C@@H]4O[C@@H]([C@@H](O)[C@H]([C@@H]4O)O)CO)C)O)C)CC[C@@](C2)(C=C)C		
CHEBI:201240	Citreohybriddione B		C28H34O9	514.571	O=C1O[C@H]2C[C@]3(C([C@]14C2C([C@@H](OC(=O)C)CC4)(C)C)=CC(=C)[C@]5(C(=O)[C@](C([C@@]35C(=O)OC)=O)(O)C)C)C		
CHEBI:201361	Phyllospinarone		C22H30O4	358.478	O=C1C(=CC(O)=C2C1(O)CC=3CC[C@@H]4[C@@](C3C2)(CCCC4(C)C)C)CO		
CHEBI:201424	Fusidate sodium		C31H47O6.Na	538.701	[Na+].O=C([O-])C(=C1C2C(C3(C(C4(C(C(C(O)CC4)C)CC3)C)C(C2)O)C)(C)CC1OC(=O)C)CCC=C(C)C		
CHEBI:201452	24-Epibrassinolide		C28H48O6	480.686	O=C1OCC2C3C(C(C(C(O)C(O)C(C(C)C)C)C)CC3)(C)CCC2C4(C1CC(O)C(C4)O)C		
CHEBI:202193	Citreohybridone E		C29H38O8	514.615	O=C1O[C@H]2C[C@]3(C([C@]14C2C([C@@H](OC(=O)C)CC4)(C)C)C=C([C@]5(C(OC)=C(C([C@@]35C(=O)OC)=O)C)C)C)C		
CHEBI:202240	Warkmycin		C50H67NO23	1050.070	O=C1C2=C(C(=O)C3=C1[C@@]4(O)[C@](O)([C@H](OC(=O)C)C(C)=C[C@@H]4O[C@H]5O[C@H]([C@@H](OC(=O)N)[C@@H](C5)OC)C)[C@H]([C@H]3O)OC(=O)C)C(O)=C([C@@H]6O[C@@H]([C@@H](O)[C@@H](C6)O[C@@H]7O[C@@H]([C@@H](O[C@@H]8O[C@@H]([C@@H](O)CC8)C)[C@](C7)(O)C)C)C)C=C2		
CHEBI:202316	Emesterone B		C28H38O4	438.608	O=C1C=C2C=CC3=C4[C@]5([C@@H]([C@H](C)[C@@H](C5)[C@@H](O)[C@@H](C(C)C)C)CC4)CC([C@]3([C@@]2(C)CC1)O)=O		
CHEBI:202443	Penisimplicin A		C30H40O10	560.640	O=C1[C@@](OC(=O)[C@@H]2[C@@]1(C(=C)C[C@@H]3[C@@]4([C@H](C(C(=O)CC4)(C)C)[C@H]([C@@H]([C@@]23C)OC(=O)C)OC(=O)C)C)C)(C(=O)OC)C		
CHEBI:202619	Brasilicardin B		C44H66N2O15	863.011	O=C(O[C@@H]1[C@@H](O[C@@H]2O[C@@H]([C@@H](O)[C@@H]([C@H]2NC(=O)C)O)CO)[C@@H](O)[C@H](O[C@@H]3[C@@H](O)C([C@H]4CC[C@@]5([C@@H]([C@@]4(C3)C)CC=C([C@@H]5CC[C@H](N)C(=O)O)C)C)(C)C)O[C@H]1C)C6=CC(O)=CC=C6		
CHEBI:202777	(+/-)-eurotiumide F		C21H30O5	362.466	O1C2=C(C=C(O)C3=C2[C@@H](O[C@H]([C@@H]3OC)CCCCC)OC)C=CC1(C)C		
CHEBI:202786	Eryloside W		C45H71NO14	850.056	O=C(O)[C@]12C3=C([C@@]4([C@H](C([C@@H](O[C@@H]5O[C@H](C(=O)O)[C@@H](O)[C@@H]([C@H]5O[C@@H]6O[C@@H]([C@@H](O)[C@@H]([C@H]6NC(=O)C)O)CO)O)CC4)(C)C)CC3)C)CC[C@@]1([C@@H]([C@@H](CCC(=C)C(C)C)C)CC2)C		
CHEBI:202879	Citreohybridone B		C29H38O8	514.615	O=C1O[C@H]2C[C@]3(C([C@]14C2C([C@@H](OC(=O)C)CC4)(C)C)C=C([C@]5(C(=O)C(=C([C@@]35C(=O)OC)OC)C)C)C)C		
CHEBI:202929	Mer-NF8054A		C28H44O4	444.656	OC12C(=C3C4(C(C(C)C(C4)C(O)C(C(C)C)C)CC3)CC1)C=CC5(C2(CCC(C5)O)C)O		
CHEBI:202952	Eurotiumide G		C21H30O5	362.466	O1C2=C(C=C(O)C3=C2[C@@H](O[C@@H]([C@@H]3OC)CCCCC)OC)C=CC1(C)C		
CHEBI:202978	Virescenoside R1		C32H50O13	642.739	O1[C@@H](OC[C@@]2([C@@H]3C=CC4=C[C@](C=C)(C)CC[C@@H]4[C@]3(C[C@H]([C@@H]2O)O)C)C)[C@@H](O)[C@H](O)[C@@H]([C@H]1CO[C@H]5O[C@@H]([C@@H](O)[C@@H]([C@H]5O)O)CO)O		
CHEBI:203143	1,2-Dihydrohelvolic acid		C33H46O8	570.723	O=C1[C@@]2([C@@]3([C@H](/C(=C(/C(=O)O)\CCC=C(C)C)/[C@H](C3)OC(=O)C)CC[C@H]2[C@]4(CCC([C@H]([C@@H]4[C@@H]1OC(=O)C)C)=O)C)C)C		
CHEBI:203187	Terretonin H		C28H36O9	516.587	O=C1C=C[C@]2([C@H]3[C@]([C@@H]4C(=O)O[C@@](C(=O)OC)(C)C([C@]4(C)C(C3)=C)=O)(C)[C@@H]([C@@H]([C@@H]2C1(C)C)OC(=O)C)O)C		
CHEBI:203218	Citreohybridone F		C31H42O9	558.668	O=C1C(=C(OC(=O)C)[C@@]2([C@]1(C(=CC3[C@@]4(C(=O)OC)C(C([C@@H](OC(=O)C)CC4)(C)C)CC[C@]23C)C)C)C(=O)OC)C		
CHEBI:203393	5alpha,8alpha-epidioxy-24(R)-methylcholesta-6,22-dien-3beta-D-glucopyranoside		C34H54O8	590.798	O1O[C@]23C=C[C@@]14C(CC[C@]5(C4CC[C@@H]5[C@@H](/C=C/[C@@H](C(C)C)C)C)C)[C@]2(CC[C@@H](C3)OC6OC(C(O)C(C6O)O)CO)C		
CHEBI:203597	3beta-Linoleyloxyergosta-7,24(28)-diene		C46H76O2	661.112	O=C(O[C@@H]1C[C@H]2[C@]([C@@H]3C([C@H]4[C@]([C@@H]([C@@H](CCC(=C)C(C)C)C)CC4)(C)CC3)=CC2)(C)CC1)CCCCCCC/C=C\C/C=C\CCCCC		
CHEBI:203616	Xylariacin B		C29H48O6	492.697	O=C(O[C@@H]1[C@@H](O)[C@@]2(C3=C([C@]4([C@]([C@@H]([C@@H](O)C)C[C@H]4O)(C)CC3)C)CC[C@H]2C([C@H]1O)(C)C)C)CC(C)C		
CHEBI:203704	Ganodernoid C		C28H36O6	468.590	O=C1C2=C(C(=O)C[C@@H]3[C@@]2(CCC(C3(C)C)=O)C)[C@@]4(C(=O)C[C@@H]([C@]4(C1)C)C(=C)CCC(=O)OC)C		
CHEBI:203977	Phenylpyropene E		C30H36O9	540.609	O=C1OC(C2=CC=CC=C2)=CC3=C1[C@H](O)[C@@H]4[C@@]5([C@H]([C@@]([C@@H](O)CC5)(COC(=O)C)C)C[C@@H]([C@]4(O3)C)OC(=O)C)C		
CHEBI:204021	Xiamycin dimer		C46H48N2O6	724.898	O=C(O)[C@@]1([C@@H](O)CC[C@]2([C@H]1CCC3=C2C=C4C5=C(C=CC=C5)NC4=C3N6C7=C(C=C8[C@@]9([C@H]([C@](C(=O)O)([C@@H](O)CC9)C)CCC8=C7)C)C%10=C6C=CC=C%10)C)C		
CHEBI:204224	Lanosta-8,24-dien-3beta,23-diol		C29H48O2	428.701	O[C@@H]1C(C2[C@](C3=C([C@]4([C@](C(CCC(O)C=C(C)C)CC4)(C)CC3)C)CC2)(C)CC1)(C)C		
CHEBI:204382	Isocephalosporin P1		C33H50O8	574.755	O=C(O)/C(=C\1/[C@H]2[C@]([C@]3([C@@H](OC(=O)C)[C@H](O)[C@H]4[C@@H]([C@H](O)CC[C@@]4([C@@H]3CC2)C)C)C)(C)C[C@@H]1OC(=O)C)/CCC=C(C)C		
CHEBI:204399	Citreohybridone K		C30H40O10	560.640	O=C1O[C@H]2C[C@]3([C@@]4([C@]15C2C([C@@H](OC(=O)C)CC5)(C)C)O[C@@H]6[C@](O)([C@H](OC(=O)C)[C@@](C(=C4)C)(C)[C@]36C(=O)OC)C)C		
CHEBI:204433	Terresterone A		C21H26O4	342.435	O=C1[C@@]2(C(C(=O)C)=CC[C@H]2C3=CCC=4[C@@]([C@H]3C1)(C[C@H](O)[C@H](C4)O)C)C		
CHEBI:204693	Virescenoside R3		C33H54O13	658.782	O1[C@@H](OC[C@]2([C@@H](O)[C@H](O)C[C@]3([C@H]2CC=C4[C@@]3(CC[C@@](C4)(C=C)C)C)C)C)[C@@H](O)[C@H](O)[C@@H]([C@H]1CO[C@H]5O[C@@H]([C@@H](O)[C@@H]([C@H]5O)O)CO)O		
CHEBI:204696	(12beta,15beta,22R,23S,24S)-22,25-epoxy-12,15,23-trihydroxyergost-4,6,8(14)-trien-3-one		C28H40O5	456.623	O=C1C=C2C=CC3=C4[C@]([C@@H]([C@@H]([C@H]5OC(C)(C)[C@H]([C@@H]5O)C)C)C[C@H]4O)(C)[C@@H](C[C@@H]3[C@@]2(C)CC1)O		
CHEBI:204979	7-Desacetoxyhelvolic acid		C31H42O6	510.671	O=C1C=C[C@@]2([C@H]3[C@]([C@@]4([C@H](/C(=C(\C(=O)O)/CCC=C(C)C)/[C@H](C4)OC(=O)C)CC3)C)(C)CC([C@H]2[C@@H]1C)=O)C		
CHEBI:205058	Citreohybridone D		C30H40O8	528.642	O=C1C(=C(OC(=O)C)[C@@]2([C@]1(C(=CC3[C@@]4(C=O)C(C([C@@H](OC(=O)C)CC4)(C)C)CC[C@]23C)C)C)C(=O)OC)C		
CHEBI:205115	Erinarol E		C46H80O4	697.142	O=C(O[C@@H]1C[C@@]2(O)[C@]([C@@H]3C([C@H]4[C@]([C@@H]([C@@H](/C=C/[C@@H](C(C)C)C)C)CC4)(C)CC3)=C[C@@H]2O)(C)CC1)CCCCCCCCCCCCCCCCC		
CHEBI:205134	Pyripyropene C		C32H39NO10	597.661	O=C1OC(C2=CN=CC=C2)=CC3=C1C(O)C4C5(C(C(C(OC(=O)C)CC5)(COC(=O)C)C)CC(C4(O3)C)OC(=O)CC)C		
CHEBI:205175	Penisimplicin B		C28H38O8	502.604	O=C1[C@@](OC(=O)[C@@H]2[C@@]1(C(=C)C[C@@H]3[C@@]4([C@H](C(C(=O)CC4)(C)C)C[C@@H]([C@@]23C)OC(=O)C)C)C)(C(=O)OC)C		
CHEBI:205680	(1R,3R,5R,6S,9S,10R)-5-ethenyl-3,9,10-trihydroxy-6-methoxy-5,11,11-trimethyl-16-oxatetracyclo[7.5.2.01,10.02,7]hexadec-2(7)-en-8-one		C21H30O6	378.465	O=C1C2=C([C@]34CCCC([C@@]4([C@@]1(OC3)O)O)(C)C)[C@H](O)C[C@@]([C@@H]2OC)(C=C)C		
CHEBI:205750	(16R,17S,18S,21S)-6-[(16R,17S,18S,21S)-17-carboxy-18-hydroxy-17,21-dimethyl-10-azapentacyclo[11.8.0.03,11.04,9.016,21]henicosa-1,3(11),4,6,8,12-hexaen-10-yl]-18-hydroxy-17,21-dimethyl-10-azapentacyclo[11.8.0.03,11.04,9.016,21]henicosa-1,3(11),4(9),5,7,12-hexaene-17-carboxylic acid		C46H48N2O6	724.898	O=C(O)[C@@]1([C@@H](O)CC[C@]2([C@H]1CCC3=C2C=C4C5=C(C=CC=C5)N(C4=C3)C6=CC7=C(NC8=C7C=C9[C@@]%10([C@H]([C@](C(=O)O)([C@@H](O)CC%10)C)CCC9=C8)C)C=C6)C)C		
CHEBI:205897	Conio-azasterol		C47H59NO6	733.990	O=C1C2=C(O)C=3N[C@]45[C@@](C=6C([C@H]7[C@]([C@@H]([C@@H](/C=C/[C@@H](C(C)C)C)C)CC7)(C)CC6)=C[C@@H]4OC3C=8C2=C(C(C)=CC8O)C(=C1)OCC=C(C)C)(CC[C@@H](C5)O)C		
CHEBI:206009	Isocitreohybridone A		C30H38O9	542.625	O=C1O[C@H]2C[C@]3(C([C@]14C2C([C@@H](OC(=O)C)CC4)(C)C)C=C([C@]5(C(OC(=O)C)=C(C([C@@]35C(=O)OC)=O)C)C)C)C		
CHEBI:206038	Virescenoside F		C26H40O9	496.597	O=C(O)C1OC(OC[C@]2([C@@H](O)[C@H](O)C[C@]3([C@H]2CC=C4[C@@H]3CC[C@@](C4)(C=C)C)C)C)C(O)C(C1O)O		
CHEBI:206140	1-deacetylpyripyropene A		C29H35NO9	541.597	O=C1OC(C2=CN=CC=C2)=CC3=C1[C@H](O)[C@@H]4[C@@]5([C@H]([C@@]([C@@H](O)CC5)(COC(=O)C)C)C[C@@H]([C@]4(O3)C)OC(=O)C)C		
CHEBI:206313	Sulfadixiamycin B		C46H48N2O8S	788.960	S(=O)(=O)(C1=CC2=C(NC3=C2C=C4[C@@]5([C@H]([C@](C(=O)O)([C@@H](O)CC5)C)CCC4=C3)C)C=C1)C6=CC7=C(NC8=C7C=C9[C@@]%10([C@H]([C@](C(=O)O)([C@@H](O)CC%10)C)CCC9=C8)C)C=C6		
CHEBI:206496	BC 01_C2		C23H41NO5	411.583	O=C1C2C(C3CCC(C(C3C1)C(O)C(C(COCO)C)C)C)CCC(C2CN)O		
CHEBI:206647	Stizophyllin		C21H28O4	344.451	O=C(C1=CC[C@@H]2[C@@]1([C@H](O)C[C@@H]3[C@@]4(C(=C[C@H](O)[C@H](C4)O)CC=C23)C)C)C		
CHEBI:206803	Viridomonic acid A		C34H50O9	602.765	O=C1C2[C@@]([C@]3(C[C@@H](\C(\C3C1)=C(/C(=O)OC)\CCC=C(C)C)OC(=O)C)C)([C@@H](O)[C@H](OC(=O)C)C4[C@@]2(CC[C@H]([C@H]4C)O)C)C		
CHEBI:206937	Emesterone A		C28H40O5	456.623	O=C1[C@]2(O)C(=C3CC[C@H]4[C@@]3(C1)C[C@@H]([C@@H](O)[C@@H](C(C)C)C)[C@H]4C)C=C[C@]5([C@@]2(CCC(C5)=O)C)O		
CHEBI:206952	Isocitreohybridone I		C29H38O9	530.614	O=C1O[C@H]2C[C@]3(C([C@]14C2C([C@@H](OC(=O)C)CC4)(C)C)[C@@H](O)C(=C)[C@@]5([C@]3(C(=O)C(C)=C5OC)C(=O)OC)C)C		
CHEBI:207342	Oridamycin A		C23H25NO3	363.457	O=C(O)[C@]1([C@@H](O)CC[C@]2([C@H]1CCC3=C2C=C4C5=C(C=CC=C5)NC4=C3)C)C		
CHEBI:207748	Botrysphin D		C27H34O9	502.560	O=C1C(O)=C2[C@](C(=O)O[C@H]3C(=O)C=C(OC)[C@H]([C@H]3O)O)(CCCC2(C)C)C4=C1[C@@H](O)[C@](C=C)(C)CC4		
CHEBI:207757	Botrysphin F		C27H34O9	502.560	O=C1C(O)=C2[C@](C(=O)O[C@@H]3C(=O)C=C(OC)[C@H]([C@H]3O)O)(CCCC2(C)C)C4=C1[C@@H](O)[C@](C=C)(C)CC4		
CHEBI:207788	(2S,4aR,4bR,6aS,12bS,12cS,14aS)-4a-demethylpaspaline-4a-carboxylic acid		C28H37NO4	451.607	O=C(O)[C@]12[C@@H](O[C@H](C(O)(C)C)CC1)CC[C@]3([C@H]2CC[C@@H]4[C@@]3(C=5NC=6C=CC=CC6C5C4)C)C		
CHEBI:207802	19-carbonyl-xiamycin		C23H23NO4	377.440	O=C1C2=C(C=C3C=4C=CC=CC4NC3=C2)[C@]5(CC[C@@H]([C@]([C@@H]5C1)(C(=O)O)C)O)C		
CHEBI:207809	19-methoxyl-xiamycin		C24H27NO4	393.483	O=C(O)[C@@]1([C@@H](O)CC[C@]2([C@H]1CC(OC)C3=C2C=C4C5=C(C=CC=C5)NC4=C3)C)C		
CHEBI:207811	Isocitreohybridone G		C29H40O7	500.632	O=C1C(=C(OC)[C@]2([C@]1(C(=O)OC)[C@@]3(C(C=C2C)[C@@]4(C=O)C(C([C@@H](OC(=O)C)CC4)(C)C)CC3)C)C)C		
CHEBI:207814	19-hydroxyl-24-methyl ester-N-N-dixiamycin		C48H51NO6	737.937	O=C(OC)[C@@]1([C@@H](O)CC[C@]2([C@H]1CCC3=C2C=C4C5=C(C=CC=C5)N(C4=C3)C6C7=C(C=C8[C@@]9([C@H]([C@](C(=O)O)([C@@H](O)CC9)C)CCC8=C7)C)C%10=C6C=CC=C%10)C)C		
CHEBI:207881	Sulfadixiamycin C		C46H48N2O8S	788.960	S(=O)(=O)(C1=C2C(=CC3=C1NC=4C=CC=CC34)[C@@]5([C@H]([C@](C(=O)O)([C@@H](O)CC5)C)CC2)C)C6=CC7=C(NC8=C7C=C9[C@@]%10([C@H]([C@](C(=O)O)([C@@H](O)CC%10)C)CCC9=C8)C)C=C6		
CHEBI:208026	Cladosporisteroid C		C23H34O4	374.521	O=C1C=C2[C@H](CC[C@]3([C@H]2CC[C@@H]3C(=O)C)C)[C@@]4([C@@H]1CC(OC)(OC)CC4)C		
CHEBI:208233	Abscisterol B		C27H42O2	398.631	O[C@@H]1C[C@H]2[C@]([C@@H]3C([C@H]4[C@](/C(=C/CCC(=C)C(C)C)/CC4)(C)CC3)=CC2)(CO)CC1		
CHEBI:208257	Virescenoside X		C26H42O9	498.613	O1[C@@H](OC[C@]2([C@@H](O)[C@H](O)C[C@]3([C@H]2C[C@@H](O)C4=C3CC[C@@](C4)(C=C)C)C)C)[C@@H](O)[C@H](O)[C@@H]([C@H]1CO)O		
CHEBI:208281	Lucidenic acid O		C27H40O7	476.610	O=C1C2=C([C@@]3([C@@H](O)C[C@@H]([C@]3(C1)C)C(=C)CCC(=O)O)C)[C@@H](O)C[C@@H]4[C@@]2(CC[C@@H]([C@]4(CO)C)O)C		
CHEBI:208416	(24R)ergosta-7, 22E-diene-3beta, 5alpha, 6beta-triol-3-O-palmitate		C44H76O4	669.088	O=C(O[C@@H]1C[C@@]2(O)[C@]([C@@H]3C([C@H]4[C@]([C@@H]([C@@H](/C=C/[C@@H](C(C)C)C)C)CC4)(C)CC3)=C[C@H]2O)(C)CC1)CCCCCCCCCCCCCCC		
CHEBI:208430	Asperflosterol		C28H42O7	490.637	O=C1C2=C(C=C[C@]3([C@@]2(CC[C@@H](C3)O)C)O)[C@@]4(O)C[C@H]5[C@@H]([C@]4([C@H]1O)C)[C@@H]([C@H]([C@H](O)[C@@H](C(C)C)C)O5)C		
CHEBI:208727	Virescenoside O		C26H42O8	482.614	O1[C@@H](OC[C@]2([C@@H](O)CC[C@]3([C@H]2C[C@@H](O)C=4[C@@H]3CC[C@@](C4)(C=C)C)C)C)[C@@H](O)[C@H](O)[C@@H]([C@H]1CO)O		
CHEBI:208911	Brasilianoid A		C26H34O8	474.550	O=C1[C@@]2(C(=C)[C@](C[C@@H]3[C@@]2(CC[C@H]4[C@]3([C@H](O)[C@H]5C(=O)O[C@]4(C)C5)C)C)(C)C([C@@]1(O)C)=O)C(=O)OC		
CHEBI:209009	Virescenoside Z9		C26H42O11	530.611	O=C1[C@]2(O)[C@@H]([C@]3(C[C@@H](O)[C@@H]([C@@]([C@@H]3[C@H]1O)(CO[C@@H]4O[C@@H]([C@@H](O)[C@H]([C@@H]4O)O)CO)C)O)C)CC[C@@](C2)(C=C)C		
CHEBI:209022	Virescenoside Z11		C26H38O10	510.580	O=C1C2=C([C@]3(C[C@@H](O)[C@@H]([C@@]([C@@H]3C1)(CO[C@@H]4O[C@H](C(=O)O)[C@@H](O)[C@H]([C@@H]4O)O)C)O)C)CC[C@@](C2)(C=C)C		
CHEBI:209035	Virescenoside Z13		C27H42O9	510.624	O=C(OC)[C@H]1O[C@@H](OC[C@]2([C@@H](O)[C@H](O)C[C@]3([C@H]2CC=C4C3CC[C@@](C4)(C=C)C)C)C)[C@@H](O)[C@@H]([C@@H]1O)O		
CHEBI:209041	Virescenoside Z14		C27H40O10	524.607	O=C1C2=C[C@@](C=C)(CCC2[C@]3(C[C@@H](O)[C@@H]([C@@]([C@@H]3C1)(CO[C@@H]4O[C@H](C(=O)OC)[C@@H](O)[C@H]([C@@H]4O)O)C)O)C)C		
CHEBI:209047	Virescenoside Z15		C27H40O10	524.607	O=C1C2=C([C@]3(C[C@@H](O)[C@@H]([C@@]([C@@H]3C1)(CO[C@@H]4O[C@H](C(=O)OC)[C@@H](O)[C@H]([C@@H]4O)O)C)O)C)CC[C@@](C2)(C=C)C		
CHEBI:209055	Viridomonic acid B		C34H50O10	618.764	O=C1C2[C@@]([C@]3(C[C@@H](\C(\C3[C@H]1O)=C(/C(=O)OC)\CCC=C(C)C)OC(=O)C)C)([C@@H](O)[C@H](OC(=O)C)C4[C@@]2(CC[C@H]([C@H]4C)O)C)C		
CHEBI:209060	Virescenoside Z17		C30H48O9	552.705	O=C(OCCCC)[C@H]1O[C@@H](OC[C@]2([C@@H](O)[C@H](O)C[C@]3([C@H]2CC=C4C3CC[C@@](C4)(C=C)C)C)C)[C@@H](O)[C@@H]([C@@H]1O)O		
CHEBI:209233	Aspewentin M		C20H28O3	316.441	O=C1C2=C([C@@]3(O)CCCC(C3=C1)(C)C)CC[C@@]([C@@H]2OC)(C=C)C		
CHEBI:209359	Isopenicin C		C38H48O11	680.791	O=C1[C@@]2(C(=O)OC)[C@@]3([C@@H](C=C([C@@]2(C)C([C@]1(CC4=C(C(O)=C(O)C(=C4)OC)C(=O)C)C)=O)C)[C@@]5(C=O)[C@@H](C([C@@H](OC(=O)C)CC5)(C)C)CC3)C		
CHEBI:209633	Tatenoic acid		C23H36O4	376.537	O=C(O)C[C@@H]1C(=C)CCC2[C@]1(CC[C@@H]3[C@@]2(CC[C@@H](C3(C)C)OC(=O)C)C)C		
CHEBI:209699	Helvolinic acid		C31H42O7	526.670	O=C1C=C[C@@]2([C@H]3[C@]([C@@]4([C@H](/C(=C(/C(=O)O)\CCC=C(C)C)/[C@H](C4)OC(=O)C)CC3)C)(C)C([C@H]([C@H]2[C@@H]1C)O)=O)C		
CHEBI:209803	Penerpene A		C28H35NO6	481.589	O=C1C=C2[C@@]3(O)[C@@]([C@]4(C(=O)[C@@]5(OCNC6=C5C=CC=C6)C[C@@H]4CC3)C)(CC[C@@H]2O[C@@H]1C(O)(C)C)C		
CHEBI:210036	Andrastone C		C28H36O8	500.588	O=C1C(=C2O[C@H]3[C@H](O)[C@@H]4C([C@@H](OC(=O)C)CC[C@]4([C@@H]5C=C([C@@]1([C@]2(C(=O)OC)[C@@]35C)C)C)C=O)(C)C)C		
CHEBI:210157	16-O-propionyl-16-O-deacetylhelvolic acid		C34H48O8	584.750	O=C1[C@@]2([C@@]3([C@H](/C(=C(/C(=O)O)\CCC=C(C)C)/[C@H](C3)OC(=O)CC)CC[C@H]2[C@]4(CCC([C@H]([C@@H]4[C@@H]1OC(=O)C)C)=O)C)C)C		
CHEBI:210162	6-O-propionyl-6-O-deacetylhelvolic acid		C34H48O8	584.750	O=C1[C@@]2([C@@]3([C@H](/C(=C(/C(=O)O)\CCC=C(C)C)/[C@H](C3)OC(=O)C)CC[C@H]2[C@]4(CCC([C@H]([C@@H]4[C@@H]1OC(=O)CC)C)=O)C)C)C		
CHEBI:210240	Asperterpene E		C26H34O8	474.550	O=C1[C@](OC(=O)[C@H]2[C@]1(C(=C)C[C@H]3[C@]4([C@H](C(C(=O)CC4)(C)C)C([C@H]([C@]23C)O)=O)C)C)(C(=O)OC)C		
CHEBI:210251	Asperterpene G		C26H34O8	474.550	O=C1[C@](OC(=O)[C@@H]2[C@]1(C(=C)C[C@H]3[C@]4([C@@H](C(C(=O)CC4)(C)C)C([C@H]([C@]23C)O)=O)C)C)(C(=O)OC)C		
CHEBI:210257	Asperterpene H		C27H36O8	488.577	O=C1[C@](OC(=O)[C@H]2[C@]1(C(=C)C[C@H]3[C@]4([C@@H](C(C(=O)CC4)(C)C)C([C@H]([C@]23C)O)=O)C)C)(C(=O)OCC)C		
CHEBI:210264	Asperterpene I		C27H40O9	508.608	O=C1[C@@H](O)[C@@]2([C@@H](C(=O)OC)[C@@](C(=C)C[C@H]2[C@]3([C@H]1C([C@H](O)CC3)(C)C)C)(C(=O)[C@](O)(C(=O)OC)C)C)C		
CHEBI:210270	Asperterpene J		C27H38O9	506.592	O=C1[C@@H](O)[C@@]2([C@@H](C(=O)OC)[C@@](C(=C)C[C@H]2[C@]3([C@@H]1C(C(=O)CC3)(C)C)C)(C(=O)[C@](O)(C(=O)OC)C)C)C		
CHEBI:210276	Asperterpene K		C27H38O8	490.593	O=C1C([C@H]2C(=O)C[C@@]3([C@@H](C(=O)OC)[C@@](C(=O)[C@](O)(C(=O)OC)C)(C)C(C[C@H]3[C@]2(C)CC1)=C)C)(C)C		
CHEBI:210283	Asperterpene L		C27H36O9	504.576	O=C1C(O)=C2[C@](CCC(C2(C)C)=O)(C)[C@H]3[C@]1([C@@H](C(=O)OC)[C@@](C(=C)C3)(C(=O)[C@](O)(C(=O)OC)C)C)C		
CHEBI:210558	15-deacetylated citreohybridone E		C28H38O8	502.604	O=C1C(=C(O)[C@]2([C@]1(C(=O)OC)[C@@]3([C@@H](C=C2C)[C@@]4(C(=O)O)[C@@H](C([C@@H](OC(=O)C)CC4)(C)C)CC3)C)C)C		
CHEBI:210565	3-deacetylated andrastin A		C26H36O6	444.568	O=C1C(=C(O)[C@]2([C@]1(C(=O)OC)[C@@]3([C@@H](C=C2C)[C@@]4(C=O)[C@@H](C([C@@H](O)CC4)(C)C)CC3)C)C)C		
CHEBI:210701	Virescenoside Z7		C26H41ClO10	549.050	ClCC(O)[C@@]1(CC2=CC[C@H]3[C@]([C@H](O)[C@@H](C[C@@]3([C@H]2CC1)C)O)(COC4OC(C(=O)O)C(O)C(C4O)O)C)C		
CHEBI:210951	Mer-NF8054X		C28H42O5	458.639	O=C1C2(O)C(=C3CCC4C3(C1)CC(C(O)C(C(C)C)C)C4C)C=CC5(C2(CCC(C5)O)C)O		
CHEBI:211061	Sulfadixiamycin A		C46H48N2O8S	788.960	S(=O)(=O)(N1C2=C(C=C3[C@@]4([C@H]([C@](C(=O)O)([C@@H](O)CC4)C)CCC3=C2)C)C5=C1C=CC=C5)C6=CC7=C(NC8=C7C=C9[C@@]%10([C@H]([C@](C(=O)O)([C@@H](O)CC%10)C)CCC9=C8)C)C=C6		
CHEBI:211066	Ochrasperfloroid		C48H58ClNO14	908.440	ClC1=C2C(C(=O)O[C@@H](C2)C)=C(O)C(=C1)C(=O)N[C@H](C(=O)O[C@H]3C(=O)C4=C(C(=O)[C@H](O)[C@]5([C@]4(O)C[C@@H]6O[C@H]([C@H]([C@H]56)C)[C@H](O)[C@@H](C(C)C)C)C)[C@@]7([C@@]3(O)C[C@@H](O)CC7)C)CC8=CC=CC=C8		
CHEBI:211610	Terresterone B		C21H26O5	358.434	O=C1[C@@]2(C(C(=O)C)=CC[C@H]2C3=CCC=4[C@@]([C@H]3C1)([C@@H](O)[C@H](O)[C@H](C4)O)C)C		
CHEBI:211627	Citreohybriddione C		C28H34O9	514.571	O=C1O[C@@H]2C[C@@]3(C([C@@]14[C@@H]2C([C@H](OC(=O)C)CC4)(C)C)=C[C@@]5(O[C@]6(C)C([C@@]3(C(=O)OC)[C@]5(C6=O)C)=O)C)C		
CHEBI:211980	Atolypene B		C27H43NO3	429.645	O=C1C(C2=CC[C@@H]3[C@]([C@@H](C)CC[C@]3([C@@H]2CC1)C)(CC/C(=C/CC(N)C(=O)O)/C)C)(C)C		
CHEBI:211982	Atolypene A		C28H45NO3	443.672	O=C1C(C2=CC[C@@H]3[C@]([C@@H](C)CC[C@]3([C@@H]2CC1)C)(CC/C(=C/CC[C@H](N)C(=O)O)/C)C)(C)C		
CHEBI:212071	Erinarol F		C46H76O5	709.109	O=C(O[C@@H]1C[C@@]2(O)[C@]([C@]3(O)C([C@H]4[C@]([C@@H]([C@@H](/C=C/[C@@H](C(C)C)C)C)CC4)(C)CC3)=C[C@@H]2O)(C)CC1)CCCCCCC/C=C\C/C=C\CCCCC		
CHEBI:212194	Asporyzin B		C28H37NO3	435.608	O=C1N2C3=C(C=CC=C3)C2(O)C[C@H]4[C@]1([C@@]5([C@H]([C@]6([C@@H](O[C@H](C6)C=C(C)C)CC5)C)CC4)C)C		
CHEBI:212218	Ergosta-7,22-dien-3beta-yl palmitate		C44H76O2	637.090	O=C(O[C@@H]1CC2[C@](C3C(C4[C@]([C@@H]([C@@H](/C=C/[C@@H](C(C)C)C)C)CC4)(C)CC3)=CC2)(C)CC1)CCCCCCCCCCCCCCC		
CHEBI:212299	Citreohybriddione A		C28H36O9	516.587	O=C1O[C@H]2C[C@]3(C([C@]14C2C([C@@H](OC(=O)C)CC4)(C)C)C=C([C@]5(C(=O)[C@@](C([C@@]35C(=O)OC)=O)(O)C)C)C)C		
CHEBI:212880	3-acetyl ergosterol 5,8-endoperoxide		C30H46O4	470.694	O=C(O[C@@H]1C[C@@]23OO[C@]4([C@H]5[C@]([C@@H]([C@@H](/C=C/[C@@H](C(C)C)C)C)CC5)(C)CC[C@@H]4[C@@]2(C)CC1)C=C3)C		
CHEBI:212882	Terretonin I		C28H36O8	500.588	O=C1C=CC2(C3[C@]([C@@H]4C(=O)O[C@@](C(=O)OC)(C)C([C@]4(C)C(C3)=C)=O)(C)CC([C@@H]2C1(C)C)OC(=O)C)C		
CHEBI:213221	Abscisterol E		C27H42O2	398.631	O[C@H]1[C@@]2([C@@H]3C(=CC[C@H]2C[C@H](C1)O)[C@H]4[C@](/C(=C/CCC(=C)C(C)C)/CC4)(C)CC3)C		
CHEBI:214116	Virescenoside Z		C26H40O9	496.597	O=C1C=C2[C@H](CC[C@@](C2)(C=C)C)[C@@]3([C@@H]1[C@]([C@@H](O)[C@@H](C3)O)(CO[C@@H]4O[C@@H]([C@@H](O)[C@H]([C@@H]4O)O)CO)C)C		
CHEBI:214380	Pyripyropene Q		C30H37NO8	539.625	O=C1OC(C2=CN=CC=C2)=CC3=C1[C@H](O)[C@@H]4[C@@]5([C@H]([C@@]([C@@H](OC(=O)C)CC5)(COC(=O)CC)C)CC[C@]4(O3)C)C		
CHEBI:214627	Arbusculic acid A		C20H30O5	350.455	O=C(O)[C@@]1([C@@]2(O)[C@@]([C@H]3C=C/C(=C\CO)/[C@@H]([C@@H]3CC2)C)(CC[C@H]1O)C)C		
CHEBI:214810	Poriaprogesterol A		C27H42O6	462.627	O=C(O[C@@H]1C[C@H]2[C@]([C@@H]3C([C@H]4[C@]([C@@H](C(O)C)C[C@@H]4O)(C)CC3)=CC2)(C)CC1)CC5OC[C@@H](C5)O		
CHEBI:215277	Ganoluciduone A		C22H30O4	358.478	O=C1C2=C([C@@]3([C@@H](O)CC([C@]3(C1)C)=O)C)CC[C@@H]4[C@@]2(CCC(C4(C)C)=O)C		
CHEBI:215282	Ganoluciduone B		C29H44O2	424.669	O=C(/C=C/C[C@H]([C@@H]1[C@@]2([C@@](C=3C([C@@]4([C@H](C([C@@H](O)CC4)(C)C)CC3)C)=CC2)(C)CC1)C)C)C		
CHEBI:215289	Ganolucidoid A		C26H36O7	460.567	O=C1C2=C([C@@]3(C(=O)C[C@@H]([C@]3([C@@H]1OC(=O)C)C)C(=O)C)C)[C@@H](O)C[C@@H]4[C@@]2(CC[C@@H](C4(C)C)O)C		
CHEBI:215295	Ganolucidoid B		C26H34O7	458.551	O=C1C2=C(C(=O)C[C@@H]3[C@@]2(CC[C@@H](C3(C)C)O)C)[C@@]4(C(=O)C[C@@H]([C@]4([C@@H]1OC(=O)C)C)C(=O)C)C		
CHEBI:215451	Drechmerin C		C33H45NO5	535.725	O=C(O)[C@]12[C@@H](O[C@H](C(OCC=C(C)C)(C)C)C[C@H]1O)CC[C@]3([C@H]2CC[C@@H]4[C@@]3(C=5NC=6C=CC=CC6C5C4)C)C		
CHEBI:215454	Drechmerin B		C28H37NO5	467.606	O=C(O)[C@]12[C@@H](O[C@H](C(O)(C)C)C[C@H]1O)CC[C@]3([C@H]2CC[C@@H]4[C@@]3(C=5NC=6C=CC=CC6C5C4)C)C		
CHEBI:215468	11-deacetyl pyripyropene A		C29H35NO9	541.597	O=C1OC(C2=CN=CC=C2)=CC3=C1[C@H](O)[C@@H]4[C@@]5([C@H]([C@@]([C@@H](OC(=O)C)CC5)(CO)C)C[C@@H]([C@]4(O3)C)OC(=O)C)C		
CHEBI:215496	Virescenoside R		C32H52O13	644.755	O1[C@H](OC[C@]2([C@@H](O)[C@H](O)C[C@]3([C@H]2CC=C4[C@@H]3CC[C@@](C4)(C=C)C)C)C)[C@H](O)[C@@H](O)[C@@H]([C@H]1CO[C@@H]5O[C@@H]([C@@H](O)[C@H]([C@@H]5O)O)CO)O		
CHEBI:215548	Tenuifolioside B		C33H56O10	612.801	O=C1[C@@H]2[C@@]([C@H]3CC[C@]4([C@@]([C@@H]3C1)(O)CC[C@@H]4C(O)([C@H](O)CCC(C)C)C)C)(CC[C@@H](C2)O[C@@H]5O[C@@H]([C@@H](O)[C@H]([C@H]5O)O)CO)C		
CHEBI:215559	Tricholimbrin E		C30H48O4	472.710	O=CO[C@@H]1C[C@@]2(O)[C@]([C@@H]3C([C@@H]4[C@]([C@@H]([C@@H](/C=C/[C@@H](C(C)C)C)C)CC4)(C)CC3)=C[C@H]2OC)(C)CC1		
CHEBI:215726	Terreusterpene A		C27H38O9	506.592	O=C1[C@@H](O)[C@@]2([C@@H](C(=O)OC)[C@@]3(C(=O)[C@](C(=O)OC)(C)O[C@]3(C)C[C@H]2[C@]4([C@H]1C(C(=O)CC4)(C)C)C)C)C		
CHEBI:215771	20(21)-dehydrolucidenic acid N		C27H38O6	458.595	O=C1C2=C([C@@]3(C(=O)C[C@@H]([C@]3(C1)C)C(=C)CCC(=O)O)C)[C@@H](O)C[C@@H]4[C@@]2(CC[C@@H](C4(C)C)O)C		
CHEBI:215785	Pyripyropene B		C32H39NO10	597.661	O=C1OC(C2=CN=CC=C2)=CC3=C1C(O)C4C5(C(C(C(OC(=O)C)CC5)(COC(=O)CC)C)CC(C4(O3)C)OC(=O)C)C		
CHEBI:215958	Libertellenone N		C21H28O4	344.451	O=C1C(O)=C2[C@@](C=CC[C@]2(CO)C)(C)C3=C1[C@@H](OC)[C@](C=C)(C)CC3		
CHEBI:216076	1,11-dideacetyl pyripyropene A		C27H33NO8	499.560	O=C1OC(C2=CN=CC=C2)=CC3=C1[C@H](O)[C@@H]4[C@@]5([C@H]([C@@]([C@@H](O)CC5)(CO)C)C[C@@H]([C@]4(O3)C)OC(=O)C)C		
CHEBI:216175	Dihydrocitreohybridonol		C28H38O8	502.604	O=C1C(=C(O)[C@]2([C@]1(C(=O)OC)[C@@]3([C@@H](C=C2C)[C@@]45[C@H](O)O[C@@H](C3)[C@@H]4C([C@@H](OC(=O)C)CC5)(C)C)C)C)C		
CHEBI:216180	6alpha-hydroxyandrastin C		C28H40O7	488.621	O=C1C(=C(O)[C@]2([C@]1(C(=O)OC)[C@@]3([C@@H](C=C2C)[C@]4([C@@H](C([C@@H](OC(=O)C)CC4)(C)C)[C@H](C3)O)C)C)C)C		
CHEBI:216184	Deoxocitreohybridonol		C28H38O7	486.605	O=C1C(=C(O)[C@]2([C@]1(C(=O)OC)[C@@]3([C@@H](C=C2C)[C@@]45[C@@H](C([C@@H](OC(=O)C)CC4)(C)C)[C@H](C3)OC5)C)C)C		
CHEBI:216191	6alpha-hydroxyandrastin B		C28H40O8	504.620	O=C1C(=C(O)[C@]2([C@]1(C(=O)OC)[C@@]3([C@@H](C=C2C)[C@]4([C@@H](C([C@@H](OC(=O)C)CC4)(C)C)[C@H](C3)O)CO)C)C)C		
CHEBI:216336	Unciaphenol		C26H21NO8	475.453	O=C1C2=C3N[C@H]4C5=C(O)C=CC=C5[C@H]([C@](C3=CC(=C2C(=O)C6=C1C=CC=C6)O)(O)[C@]4(O)[C@H](O)C)O		
CHEBI:216375	Chloroxiamycin		C23H24ClNO3	397.900	ClC1=C2C(=CC3=C1NC=4C=CC=CC34)[C@@]5([C@H]([C@](C(=O)O)([C@@H](O)CC5)C)CC2)C		
CHEBI:216581	Phomosterol A		C27H40O3	412.614	O=C(CO)C[C@H]([C@H]([C@@H]1[C@@]2([C@H](C3=C(C4=C(C[C@@H](O)CC4)C=C3)CC2)CC1)C)C)C(C)C		
CHEBI:216589	Phomosterol B		C28H42O3	426.641	O=C(CO)C[C@H]([C@H]([C@@H]1[C@@]2([C@H](C3=C(C4=C(C[C@@H](O)CC4)C=C3C)CC2)CC1)C)C)C(C)C		
CHEBI:216597	Phomopene B		C24H38O4	390.564	O[C@H]1[C@@]2(C=3C(=CC[C@H]2C(C)(C)[C@H]([C@@H]1O)O)[C@]4([C@]([C@@H]([C@@H](O)C)CC4)(C)CC3)C)C		
CHEBI:216603	Phomopene A		C24H40O4	392.580	O[C@H]1[C@@]2(C3=C([C@]4([C@]([C@@H]([C@@H](O)C)CC4)(C)CC3)C)CC[C@H]2C(C)(C)[C@H]([C@@H]1O)O)C		
CHEBI:216625	Virescenoside S		C26H40O8	480.598	O=C1[C@@]([C@H]2[C@]([C@@H]3C(=C[C@](C=C)(C)CC3)[C@@H](C2)O)(C)CC1)(CO[C@@H]4O[C@@H]([C@@H](O)[C@H]([C@@H]4O)O)CO)C		
CHEBI:216712	3,7-diketocephalosporin P1		C31H44O7	528.686	O=C1[C@@]2([C@@]3(C(C(=C(C(=O)O)CCC=C(C)C)[C@H](C3)OC(=O)C)CCC2[C@]4(CCC([C@H](C4[C@@H]1O)C)=O)C)C)C		
CHEBI:216754	20(21)-dehydrolucidenic acid A		C27H36O6	456.579	O=C1C2=C([C@@]3(C(=O)C[C@@H]([C@]3(C1)C)C(=C)CCC(=O)O)C)[C@@H](O)C[C@@H]4[C@@]2(CCC(C4(C)C)=O)C		
CHEBI:216781	Yangpumicin A		C26H17NO7	455.422	O=C1C2=C3N[C@H]4C#CC=CC#C[C@H]([C@]5(C3=CC(=C2C(=O)C=6C1=C(O)C=CC6)O)O[C@@]45[C@H](O)C)O		
CHEBI:216787	Yangpumicin B		C26H21NO7	459.454	O=C1C2=C3N[C@H]4C5=C(C=CC=C5)[C@H]([C@@H](C3=CC(=C2C(=O)C=6C1=C(O)C=CC6)O)[C@]4(O)[C@H](O)C)O		
CHEBI:216793	Yangpumicin C		C26H21NO8	475.453	O=C1C2=C3N[C@H]4C5=C(C=CC=C5)[C@H]([C@](C3=CC(=C2C(=O)C=6C1=C(O)C=CC6)O)(O)[C@]4(O)[C@H](O)C)O		
CHEBI:216799	Yangpumicin D		C26H21NO8	475.453	O=C1C2=C3N[C@H]4C5=C(C=CC=C5)[C@H]([C@@H](C3=CC(=C2C(=O)C=6C1=C(O)C=CC6)O)[C@]4(O)[C@H](O)CO)O		
CHEBI:216805	Yangpumicin E		C26H21NO9	491.452	O=C1C2=C3N[C@H]4C5=C(C=CC=C5)[C@H]([C@](C3=CC(=C2C(=O)C=6C1=C(O)C=CC6)O)(O)[C@]4(O)[C@H](O)CO)O		
CHEBI:216950	Simpterpenoid A		C27H36O7	472.578	O=C(OC)[C@]1(C(=C(C=C2[C@@]1(CC[C@H]3[C@@]2(C=O)CC[C@@H](C3(C)C)OC(=O)C)C)C)C)C(=O)C(=O)C		
CHEBI:217182	Terreuspyridine		C30H39NO8	541.641	O=C1[C@@H](O)[C@@]2([C@@H](C(=O)OC)[C@@](C(=C)C[C@H]2[C@]3([C@H]1C(C=4N=CC=CC4C3)(C)C)C)(C(=O)[C@](O)(C(=O)OC)C)C)C		
CHEBI:217323	Virescenoside N		C26H42O9	498.613	O1[C@@H](OC[C@]2([C@@H](O)[C@H](O)C[C@]3([C@H]2[C@H](O)C=C4[C@@H]3CC[C@@](C4)(C=C)C)C)C)[C@@H](O)[C@H](O)[C@@H]([C@H]1CO)O		
CHEBI:217756	Seco-4,23-hydroxyoleane-12-en-22-one-3-carboxylic acid		C30H48O5	488.709	O=C1[C@]2([C@H](C3=CCC4[C@](C(C(O)(CO)C)CC[C@]4([C@]3(C)CC2)C)(CCC(=O)O)C)CC(C1)(C)C)C		
CHEBI:217822	Gifhornenolone B		C20H30O3	318.457	O=C1[C@H](O)[C@]([C@@H]2CCC=3C(C2(C1)C)CC[C@@](C3)(C=C)C)(CO)C		
CHEBI:217937	Terretonin G		C27H38O9	506.592	O=C1[C@@H](O)[C@@]2([C@@H](C(=O)OC)[C@@](C(=C)C[C@H]2[C@]3([C@H]1C(C(=O)CC3)(C)C)C)(C(=O)[C@](O)(C(=O)OC)C)C)C		
CHEBI:218064	P371A2		C50H68N2O22	1049.086	O=C1C2=C(C(=O)C3=C1[C@@]4(O)[C@](O)([C@H](OC(=O)C)C(C)=C[C@@H]4O[C@@H]5O[C@H]([C@@H](O)[C@@H](C5)OC)C)[C@H]([C@H]3O)OC(=O)C)C(O)=C([C@@H]6O[C@@H]([C@@H](O)[C@@H](C6)O[C@@H]7O[C@@H]([C@@H](O[C@@H]8O[C@@H]([C@@H](NC(=O)N)CC8)C)[C@](C7)(O)C)C)C)C=C2		
CHEBI:218438	(22S, 23R)-12alpha,14alpha,23alpha-trihydroxy-16,22-epoxy-ergosta-4,8-dien-3,11-dione		C28H40O6	472.622	O=C1C2=C([C@]3(O)C[C@H]4C([C@]3([C@H]1O)C)[C@@H]([C@H]([C@H](O)C(C(C)C)C)O4)C)CCC=5C2(CCC(C5)=O)C		
CHEBI:218601	Favolon		C33H50O9	590.754	O=C1[C@H]2[C@@]3(O[C@@H]3C[C@]4([C@H]2CC[C@@H]4[C@@H](C(=O)C(O)C(C(C)C)C)C)C)[C@]5(CC[C@@H](C[C@@]65[C@H]1O6)OC(=O)C(O)C(O)(C)C)C		
CHEBI:218826	Citreohybridonol		C28H36O8	500.588	O=C1O[C@H]2C[C@]3([C@@H]([C@]14C2C([C@@H](OC(=O)C)CC4)(C)C)C=C([C@]5(C(O)=C(C([C@@]35C(=O)OC)=O)C)C)C)C		
CHEBI:219006	Cholesteryl-6-O-tetradecanoyl-a-D-glucopyranoside		C47H82O7	759.166	O=C(OCC1OC(O[C@@H]2CC3=CC[C@H]4[C@H]5[C@]([C@@H]([C@@H](CCCC(C)C)C)CC5)(C)CC[C@@H]4[C@@]3(C)CC2)C(O)C(C1O)O)CCCCCCCCCCCCC		
CHEBI:219070	Kolokoside D		C36H58O10	650.850	O=C1OC[C@H](C(C)C)[C@@]2([C@@H]1[C@]3([C@]([C@@H]4C([C@@]5([C@H](C([C@@H](O[C@@H]6O[C@@H]([C@@H](O)[C@@H]([C@H]6O)O)CO)[C@@H](C5)O)(C)C)CC4)C)=CC3)(C)C[C@H]2O)C)C		
CHEBI:219422	Cholesteryl-6-O-phosphatidyl-a-D-glucopyranoside		C68H123O13P	1179.693	P(=O)(OCC1OC(O[C@@H]2CC3=CC[C@H]4[C@H]5[C@]([C@@H]([C@@H](CCCC(C)C)C)CC5)(C)CC[C@@H]4[C@@]3(C)CC2)C(O)C(C1O)O)(OCC(OC(=O)CCCCCCCCCCCCCCC)COC(=O)CCCCCCCCCCCCCCC)O		
CHEBI:219589	Arbusculic acid B		C38H42O13	706.741	O=C1C2=C(O)C(=C(O)C=C2C(=O)C=3C1=C(O)C=C(O)C3)C(C(=O)O[C@H]4[C@](C(=O)O)([C@@]5(O)[C@]([C@H]6C=C/C(=C/CO)/[C@@H]([C@@H]6CC5)C)(C)CC4)C)CCO		
CHEBI:219944	Monodesacetylcephalosporin-P1		C31H48O7	532.718	O=C(O)/C(=C/1\[C@H]2[C@]([C@]3([C@@H](O)[C@H](O)[C@H]4[C@@H]([C@H](O)CC[C@@]4([C@@H]3CC2)C)C)C)(C)C[C@@H]1OC(=O)C)/CCC=C(C)C		
CHEBI:220030	WF11605		C38H60O11	692.887	O=C1[C@@]([C@@H](C(=O)O)[C@@]2(CCC3=C([C@]2(C1)C)CC[C@@H]4[C@@]3(C[C@@H](OC(=O)C)[C@@H](C4(C)C)O[C@@H]5O[C@@H]([C@@H](O)[C@@H]([C@H]5O)O)CO)C)C)([C@@H](C(C)C)C)C		
CHEBI:220300	4alpha-methyl-9alpha-methoxyandrosta-8,15-diene-3,17-dione		C21H28O3	328.452	O=C1[C@H]([C@H]2[C@]([C@]3(OC)C(=C4C=CC([C@@]4(C)CC3)=O)CC2)(C)CC1)C		
CHEBI:220575	Dixiamycin A		C46H48N2O6	724.898	O=C(O)[C@@]1([C@@H](O)CC[C@]2([C@H]1CCC3=C2C=C4C5=C(C=CC=C5)N(C4=C3)N6C7=C(C=C8[C@@]9([C@H]([C@](C(=O)O)([C@@H](O)CC9)C)CCC8=C7)C)C%10=C6C=CC=C%10)C)C		
CHEBI:220780	Phenylpyropene A		C32H38O10	582.646	O=C1OC(C2=CC=CC=C2)=CC3=C1[C@H](O)[C@@H]4[C@@]5([C@H]([C@@]([C@@H](OC(=O)C)CC5)(COC(=O)C)C)C[C@@H]([C@]4(O3)C)OC(=O)C)C		
CHEBI:220788	3alpha-hydroxy-7-ene-6,20-dione		C21H30O3	330.468	O=C1C=C2[C@H](CC[C@]3([C@H]2CC[C@@H]3C(=O)C)C)[C@@]4([C@@H]1C[C@H](O)CC4)C		
CHEBI:221345	Warkmycin CS2		C50H67NO23	1050.070	O=C1C2=C(C(=O)C3=C1[C@@]4(O)[C@](O)([C@H](OC(=O)C)C(C)=C[C@@H]4O[C@H]5O[C@H]([C@@H](O)[C@@H](C5)OC)C)[C@H]([C@H]3O)OC(=O)C)C(O)=C([C@@H]6O[C@@H]([C@@H](O)[C@@H](C6)O[C@@H]7O[C@@H]([C@@H](O[C@@H]8O[C@@H]([C@@H](OC(=O)N)CC8)C)[C@](C7)(O)C)C)C)C=C2		
CHEBI:222346	Xiamycin		C23H25NO3	363.457	O=C(O)[C@@]1([C@@H](O)CC[C@]2([C@H]1CCC3=C2C=C4C5=C(C=CC=C5)NC4=C3)C)C		
CHEBI:222381	Leucopaxillone B		C34H52O8	588.782	O=C1C(C2=CC[C@H]3[C@]4([C@@]5(C([C@@H]([C@H](OC(=O)C)C[C@@H](OC(=O)C)C(O)(C)C)C)CC4)C[C@@]([C@]3([C@@H]2CC1)C)(OC5)O)C)(C)C		
CHEBI:222654	Isocitreohybridone H		C30H40O8	528.642	O=C1O[C@H]2C[C@]3(C([C@]14C2C([C@@H](OC(=O)C)CC4)(C)C)C=C([C@]5(C(OCC)=C(C([C@@]35C(=O)OC)=O)C)C)C)C		
CHEBI:223378	Colposetin C		C18H26O4.CH4	322.445	O=C1O[C@H](C(=O)O)[C@@H](C)[C@H]2[C@@]1(C3[C@@H](C[C@H](C)CC3)C=C2C)C.C		
CHEBI:223381	Voluhemin A		C37H51NO8	637.814	O1C([C@H]2O[C@@H]3[C@@]4([C@@]5(O)[C@]([C@]6([C@]7(O)NC=8C=CC=C(C8[C@]7(O)C[C@@H]6CC5)CC9OC9(C)C)C)(C)CC3)[C@@H]([C@@H]2O[C@@H]1C=C(C)C)O4)(C)C		
CHEBI:223387	Voluhemin B		C38H53NO8	651.841	O1C([C@H]2O[C@@H]3[C@@]4([C@@]5(O)[C@]([C@]6([C@]7(OC)NC=8C=CC=C(C8[C@]7(O)C[C@@H]6CC5)CC9OC9(C)C)C)(C)CC3)[C@@H]([C@@H]2O[C@@H]1C=C(C)C)O4)(C)C		
CHEBI:223739	Brasilicardin C		C30H51NO9	569.736	O=C(O)[C@@H](N)[C@@H](OC)C[C@H]1C(=CC[C@H]2[C@]1(CC[C@H]3[C@]2(C[C@H](O[C@@H]4O[C@H]([C@H](O)[C@H]([C@H]4O)O)C)[C@H](C3(C)C)O)C)C)C		
CHEBI:223925	Xylarinorditerpene M		C19H30O3	306.446	O1[C@H]2C3=CC[C@H]4[C@](O)(CCC[C@@]4([C@H]3CC[C@]2(C)[C@H](C1)O)C)C		
CHEBI:223930	Xylarinorditerpene N		C19H30O3	306.446	O1[C@H]2C3=CC[C@H]4[C@](O)(CCC[C@@]4([C@H]3CC[C@]2(C)[C@@H](C1)O)C)C		
CHEBI:223948	Xylarinorditerpene R		C18H28O2	276.420	O1[C@H]2C3=CC[C@H]4[C@H](O)CCC[C@@]4([C@H]3CC[C@]2(C)CC1)C		
CHEBI:223953	Xylarinorditerpene A		C19H30O3	306.446	O1[C@H]2C3=CC[C@H]4[C@@](O)(CCC[C@@]4([C@H]3CC[C@]2(C)CC1)C)CO		
CHEBI:223961	Xylarinorditerpene B		C19H30O3	306.446	O1[C@H]2C3=CC[C@H]4[C@](O)(CCC[C@@]4([C@H]3CC[C@]2(C)CC1)C)CO		
CHEBI:223970	Xylarinorditerpene D		C19H30O2	290.447	O1[C@H]2C3=CC[C@H]4[C@@](O)(CCC[C@@]4([C@H]3CC[C@]2(C)CC1)C)C		
CHEBI:223976	Xylarinorditerpene E		C19H30O3	306.446	O1[C@H]2C3=C[C@@H](O)[C@H]4[C@@](O)(CCC[C@@]4([C@H]3CC[C@]2(C)CC1)C)C		
CHEBI:223981	Xylarinorditerpene F		C19H30O3	306.446	O1[C@H]2C3=CC[C@H]4[C@@](O)([C@@H](O)CC[C@@]4([C@H]3CC[C@]2(C)CC1)C)C		
CHEBI:223985	Xylarinorditerpene G		C19H30O3	306.446	O1[C@H]2C3=CC[C@H]4[C@](O)([C@H](O)CC[C@@]4([C@H]3CC[C@]2(C)CC1)C)C		
CHEBI:223990	Xylarinorditerpene H		C19H30O3	306.446	O1[C@H]2C3=CC[C@H]4[C@](O)([C@@H](O)CC[C@@]4([C@H]3CC[C@]2(C)CC1)C)C		
CHEBI:224303	Shearinine Q		C37H49NO8	635.798	O=C1C=C2[C@@]3(O)[C@@]([C@@](C(=O)O)([C@H](CC(=O)C4=C(N)C=C5C=6CC(C)(C)OC(C6CC5=C4)(C)C)CC3)C)(CC[C@@H]2O[C@@H]1C(O)(C)C)C		
CHEBI:224364	Bybetaochlamysol		C32H50O7	546.745	O=C1[C@H](O)[C@@H]2[C@H]([C@@H](O)C[C@]3([C@H]2C[C@H](OC(=O)C)[C@@H]3C(/C=C/C(C(C)C)C)C)C)[C@@]4([C@@H]1C[C@@H](OC(=O)C)CC4)C		
CHEBI:224487	Talascortene F		C20H30O5	350.455	O=C(O)[C@@]1([C@@]2(O)[C@@](C3=C([C@@H](O)[C@@](C=C)(C)CC3)CC2)(CC[C@H]1O)C)C		
CHEBI:224609	Abscisterol F		C27H42O2	398.631	O[C@@H]1C[C@H]2[C@]([C@@H]3C([C@H]4[C@]([C@@H](/C=C\CC(=C)C(C)C)CC4)(C)CC3)=CC2)(CO)CC1		
CHEBI:224864	Aphidicolin A3		C23H36O5	392.536	O=C1[C@@H]2[C@@]([C@]34CC[C@]([C@H](C[C@@H]3C1)C4)(O)CO)(CC[C@@H]5[C@]2(COC(O5)(C)C)C)C		
CHEBI:225325	Yangpumicin F		C26H17NO8	471.421	O=C1C2=C3N[C@H]4C#CC=CC#C[C@H]([C@]5(C3=CC(=C2C(=O)C=6C1=C(O)C=CC6)O)O[C@@]45[C@H](O)CO)O		
CHEBI:225330	Yangpumicin G		C26H17NO7	455.422	O=C1C2=C3N[C@H]4C#CC=CC#C[C@H]([C@]5(C3=CC(=C2C(=O)C6=C1C=CC=C6)O)O[C@@]45[C@H](O)CO)O		
CHEBI:225399	Penerpene I		C27H35NO7	485.577	O=C1C=C2[C@@]3(O)[C@@]([C@@](C(=O)O)([C@H](CC(=O)C4=C(N)C=CC=C4)CC3)C)(CC[C@@H]2O[C@@H]1C(O)(C)C)C		
CHEBI:225513	Pyripyropene N		C31H39NO8	553.652	O=C1OC(C2=CN=CC=C2)=CC3=C1[C@H](O)[C@@H]4[C@@]5([C@H]([C@@]([C@@H](OC(=O)CC)CC5)(COC(=O)CC)C)CC[C@]4(O3)C)C		
CHEBI:225611	Atlantinone B		C26H34O7	458.551	O=C1O[C@@H]2C(C)(C)[C@@H]3[C@]1([C@@H]4C=C([C@]5(C(=O)[C@](C([C@]5([C@]4(CC3)C)C(=O)OC)=O)(O)C)C)C)CC2		
CHEBI:225721	Antcamphorol A		C31H50O3	470.738	O1[C@@](C(C)C)(CC[C@@H](C1)[C@@H]2[C@@]3(C(C4=C([C@@]5([C@H](C([C@@H](O)CC5)(C)C)CC4)C)CC3)=C(C2)C)C)CO		
CHEBI:225726	Antcamphorol B		C28H44O5	460.655	O=C1C2=C([C@@H](O)C[C@@H]3[C@@]2(CC[C@H]([C@@]3(O)C)O)C)[C@@H]4CC[C@@H]([C@]4(C1)C)[C@@H](CC/C(=C\C)/CO)C		
CHEBI:225731	Antcamphorol C		C28H44O5	460.655	O=C1C2=C([C@@H](O)C[C@@H]3[C@@]2(CC[C@H]([C@@]3(O)C)O)C)[C@@H]4CC[C@@H]([C@]4(C1)C)[C@@H](CC/C(=C/C)/CO)C		
CHEBI:225763	Erinarol D		C46H76O4	693.110	O=C(O[C@@H]1C[C@@]2(O)[C@]([C@@H]3C([C@H]4[C@]([C@@H]([C@@H](/C=C/[C@@H](C(C)C)C)C)CC4)(C)CC3)=C[C@@H]2O)(C)CC1)CCCCCCC/C=C\C/C=C\CCCCC		
CHEBI:225816	methyl 20(21)-dehydrolucidenate A		C28H38O6	470.606	O=C1C2=C([C@@]3(C(=O)C[C@@H]([C@]3(C1)C)C(=C)CCC(=O)OC)C)[C@@H](O)C[C@@H]4[C@@]2(CCC(C4(C)C)=O)C		
CHEBI:225866	Asperfloroid		C28H40O7	488.621	O=C1C2=C(C(=O)[C@H](O)[C@]3([C@]2(O)C[C@@H]4O[C@H]([C@H]([C@H]34)C)[C@H](O)[C@@H](C(C)C)C)C)[C@]5(CC[C@@H](CC5=C1)O)C		
CHEBI:226212	(1R,3aS,9aR,11aR)-1,5-dihydroxy-6,6,9a,11a-tetramethyl-1,2,3a,7,8,9,10,11-octahydronaphtho[1,2-g][1]benzouran-4-one		C20H28O4	332.440	O=C1C(O)=C2[C@@](CCCC2(C)C)(C)C3=C1[C@H]4OC[C@@H]([C@@]4(C)CC3)O		
CHEBI:226215	(1R,3aS,9aR,11aR)-1,5-dihydroxy-6,6,9a,11a-tetramethyl-2,3a,8,9,10,11-hexahydro-1H-naphtho[1,2-g][1]benzouran-4,7-dione		C20H26O5	346.423	O=C1C(O)=C2[C@@](CCC(C2(C)C)=O)(C)C3=C1[C@H]4OC[C@@H]([C@@]4(C)CC3)O		
CHEBI:226551	Lucidone H		C24H32O5	400.515	O=C1C2=C(C(=O)C[C@@H]3[C@@]2(CCC(C3(C)C)=O)C)[C@@]4([C@@H](O)C[C@@H]([C@]4(C1)C)C(=O)C)C		
CHEBI:226581	Ascosteroside D		C35H54O9	618.808	O=C(O)[C@]12C3=C([C@@]4([C@H](C(=C)[C@H](O[C@H]5O[C@@H]([C@@H](O)[C@@H]([C@H]5O)O)CO)CC4)CC3)C)CC[C@@]1([C@@H]([C@@H](CCC=C(C)C)C)C[C@H]2O)C		
CHEBI:226766	Ganocolobetausin G		C34H52O7	572.783	O=C(O)/C(=C\C[C@H](OC(=O)C)[C@H]([C@@H]1[C@@]2([C@@](C3=C([C@@]4([C@H](C([C@@H](O)CC4)(C)C)CC3)COC(=O)C)CC2)(C)CC1)C)C)/C		
CHEBI:226771	Ganocolobetausin H		C32H50O5	514.747	O=C(O)/C(=C\C[C@H](OC(=O)C)[C@H]([C@@H]1[C@@]2([C@@](C3=C([C@@]4([C@H](C([C@@H](O)CC4)(C)C)CC3)C)CC2)(C)CC1)C)C)/C		
CHEBI:227187	Xiamycin D		C24H27NO4	393.483	O=C(OC)[C@@]1([C@@H](O)CC[C@]2([C@H]1C[C@H](O)C3=C2C=C4C5=C(C=CC=C5)NC4=C3)C)C		
CHEBI:227192	Xiamycin C		C23H25NO4	379.456	O=C(O)[C@@]1([C@@H](O)CC[C@]2([C@H]1C[C@H](O)C3=C2C=C4C5=C(C=CC=C5)NC4=C3)C)C		
CHEBI:227290	Actinophenanthroline B		C20H21N3O4	367.405	O=C1N2C=3C(O)=C(NC(=O)[C@@H](O)C)C4=CC=C(N=C4C3C=C[C@@]2(C)CC1)C		
CHEBI:227295	Actinophenanthroline C		C20H19N3O4	365.389	O=C1N2C=3C(O)=C(NC(=O)[C@@H](O)C)C4=CC=C(N=C4C3C=C[C@@]2(C)C=C1)C		
CHEBI:227368	Applanone C		C24H30O6	414.498	O=C1C=C2[C@@](O)(C(=O)C[C@@H]3[C@@]2(CCC(C3(C)C)=O)C)[C@]4([C@]1(C(C(=O)C)=C[C@H]4O)C)C		
CHEBI:227421	Applanone A		C24H34O6	418.530	O=C1C=C2[C@@](O)(C(=O)C[C@@H]3[C@@]2(CC[C@@H](C3(C)C)O)C)[C@]4([C@]1([C@@H](C(=O)C)C[C@H]4O)C)C		
CHEBI:227427	Applanone B		C24H32O6	416.514	O=C1C=C2[C@@](O)(C(=O)C[C@@H]3[C@@]2(CCC(C3(C)C)=O)C)[C@]4([C@]1([C@@H](C(=O)C)C[C@H]4O)C)C		
CHEBI:227753	Terreustoxin D		C27H40O9	508.608	O=C1C([C@@H]2[C@@]([C@H]3[C@]([C@@H](C(=O)OC)[C@@](C(=O)[C@](O)(C(=O)OC)C)(C)C(C3)=C)(C)[C@@H]([C@@H]2O)O)(C)CC1)(C)C		
CHEBI:227756	4beta-methyl-15-oxa-14beta-androstane-7-ene-4alpha-hydroxyl		C19H30O2	290.447	O1[C@@H]2C3=CC[C@H]4[C@](O)(CCC[C@@]4([C@H]3CC[C@]2(C)CC1)C)C		
CHEBI:227795	Spiroterreusnoid A		C30H42O9	546.657	O=C1[C@](OC(=O)[C@@H]2[C@]1(C(=C)C[C@H]3[C@]4([C@@H](C(C5(O[C@@H](C)[C@@H](O5)C)CC4)(C)C)C([C@H]([C@]23C)O)=O)C)C)(C(=O)OC)C		
CHEBI:227800	Spiroterreusnoid B		C30H42O9	546.657	O=C1[C@](OC(=O)[C@H]2[C@]1(C(=C)C[C@H]3[C@]4([C@@H](C(C5(O[C@@H](C)[C@@H](O5)C)CC4)(C)C)C([C@H]([C@]23C)O)=O)C)C)(C(=O)OC)C		
CHEBI:227810	Spiroterreusnoid D		C30H42O9	546.657	O=C1[C@](OC(=O)[C@H]2[C@]1(C(=C)C[C@H]3[C@]4([C@@H](C(C5(O[C@H](C)[C@H](O5)C)CC4)(C)C)C([C@H]([C@]23C)O)=O)C)C)(C(=O)OC)C		
CHEBI:227815	Spiroterreusnoid E		C31H46O10	578.699	O=C1[C@@H](O)[C@@]2([C@@H](C(=O)OC)[C@@](C(=C)C[C@H]2[C@]3([C@H]1C(C4(O[C@@H](C)[C@@H](O4)C)CC3)(C)C)C)(C(=O)[C@](O)(C(=O)OC)C)C)C		
CHEBI:227820	Spiroterreusnoid F		C31H46O10	578.699	O=C1[C@@H](O)[C@@]2([C@@H](C(=O)OC)[C@@](C(=C)C[C@H]2[C@]3([C@H]1C(C4(O[C@H](C)[C@H](O4)C)CC3)(C)C)C)(C(=O)[C@](O)(C(=O)OC)C)C)C		
CHEBI:227945	Fusaristerol B		C44H76O4	669.088	O=C(O[C@@H]1CC2[C@]([C@@]3(O)C([C@H]4[C@]([C@@H]([C@@H](/C=C/[C@@H](C(C)C)C)C)CC4)(C)CC3)=C[C@H]2O)(C)CC1)CCCCCCCCCCCCCCC		
CHEBI:228066	Aperterpene N		C26H34O7	458.551	O=C1C([C@@H]2C(=O)C[C@]3([C@]4(C(=O)[C@@](O)(C)C([C@@]4(C)C(C[C@@H]3[C@@]2(C)CC1)=C)=O)C(=O)OC)C)(C)C		
CHEBI:228391	4-OHE1-1-N3Ade		C23H25N5O3	419.485	O=C1[C@@]2([C@]([C@]3([C@](CC2)(C4=C(CC3)C(O)=C(O)C=C4N5C=6N=CNC6C(N=C5)=N)[H])[H])(CC1)[H])C		
CHEBI:228770	Glycodeoxycholic Acid (hydrate)		C26H43NO5.H2O	467.647	O[C@@H]1[C@]2([C@]([C@]3([C@@]([C@@]4([C@](CC3)(C[C@H](O)CC4)[H])C)(C1)[H])[H])(CC[C@@]2([C@@H](CCC(=O)NCC(O)=O)C)[H])[H])C.O		
CHEBI:228866	Edpetiline		C33H53NO8	591.786	O[C@]1([C@@]2([C@]([C@]3([C@]([C@]4([C@@]([C@@]5([C@@](C(=O)C4)(C[C@@H](O[C@@H]6O[C@@H]([C@@H](O)[C@H](O)[C@H]6O)CO)CC5)[H])C)(C3)[H])[H])(CC2)[H])[H])(CN7[C@]1(CC[C@@H](C7)C)[H])[H])[H])C		
CHEBI:228900	Polyphyllin VI		C39H62O13	738.912	O1[C@@]2([C@@](O)([C@@]3([C@]([C@]4([C@](CC3)([C@@]5(C(=CC4)C[C@@H](O[C@@H]6O[C@@H]([C@@H](O)[C@H](O)[C@H]6O[C@@H]7O[C@H]([C@H](O)[C@@H](O)[C@H]7O)C)CO)CC5)C)[H])[H])(C2)[H])C)[C@@H]([C@]18OC[C@@H](CC8)C)C)[H]		
CHEBI:228913	Terrestrosin D		C50H80O23	1049.167	O1[C@@]2([C@@]([C@@]3([C@]([C@]4([C@@]([C@@]5([C@@](CC4)(C[C@@H](O[C@@H]6O[C@@H]([C@H](O[C@@H]7O[C@@H]([C@@H](O)[C@H](O[C@@H]8OC[C@@H](O)[C@H](O)[C@H]8O)[C@H]7O[C@@H]9O[C@@H]([C@H](O)[C@H](O)[C@H]9O)CO)CO)[C@H](O)[C@H]6O)CO)CC5)[H])C)(CC3=O)[H])[H])(C2)[H])C)([C@@H]([C@]1%10OC[C@@H](CC%10)C)C)[H])[H]		
CHEBI:228982	28-Acetoxy-15alpha-hydroxymansumbinone		C24H36O4	388.548	O[C@@H]1[C@]2([C@]3([C@@]([C@@]4([C@@](CC3)([C@@](C(=O)CC4)(COC(=O)C)C)[H])C)(CC[C@@]2(C=C1)[H])[H])C)C		
CHEBI:229004	3alpha,17alpha-Dihydroxy-5beta-androstane		C19H32O2	292.463	O[C@H]1[C@@]2([C@]([C@]3([C@@]([C@@]4([C@](CC3)(C[C@H](O)CC4)[H])C)(CC2)[H])[H])(CC1)[H])C		
CHEBI:229005	3alpha-Hydroxy-androst-4-ene-17-one		C19H28O2	288.431	O=C1[C@@]2([C@]([C@]3([C@@]([C@@]4(C(CC3)=C[C@H](O)CC4)C)(CC2)[H])[H])(CC1)[H])C		
CHEBI:229019	5-Ene-methyl-cholate-3-O-beta-D-glucuronopyranosyl-(14)-alpha-L- rhamnopyranoside		C37H58O13	710.858	O(C1CC=2C(C3C(C4C(C(CC4)C(CCC(OC)=O)C)(CC3)C)CC2)(CC1)C)[C@@H]5O[C@@H]([C@@H](O[C@@H]6O[C@H]([C@H](O)[C@@H](O)[C@H]6O)C)[C@H](O)[C@H]5O)C(O)=O		
CHEBI:229050	Androst-4,6-diene-3,17-dione		C19H24O2	284.399	O=C1[C@@]2([C@]([C@]3([C@@]([C@@]4(C(C=C3)=CC(=O)CC4)C)(CC2)[H])[H])(CC1)[H])C		
CHEBI:229061	Asparanin B6		C39H64O12	724.929	O1C2C(C3(C(C4C(C5(C(CC4)CC(O[C@@H]6O[C@@H]([C@@H](O)[C@H](O)[C@H]6O[C@@H]7O[C@H]([C@@H](O)[C@@H](O)[C@H]7O)C)CO)CC5)C)CC3)C2)C)C(C18OCC(CC8)C)C		
CHEBI:229134	Hapepunine		C28H47NO2	429.689	OC1C(C2(C(C3C(C4(C(=CC3)CC(O)CC4)C)CC2)C1)C)C(C5N(CC(CC5)C)C)C		
CHEBI:229139	Holantosine A		C28H47NO6	493.685	O1C[C@@]23[C@@](O)(C4C([C@@]5(C(CC4)C[C@@H](O[C@@H]6OC([C@@H](N)C(OC)C6)C)CC5)C)CC2)CC[C@@]3([C@]1(O)C)[H]		
CHEBI:229515	(Z)-Guggulsterone		C21H28O2	312.453	O=C\1C[C@]2([C@]3([C@@]([C@@]4(C(CC3)=CC(=O)CC4)C)(CC[C@@]2(/C1=C/C)C)[H])[H])[H]		
CHEBI:229794	certonardosterol l		C27H46O5	450.660	O[C@H]1[C@H]2[C@H]3[C@@H]([C@@]4([C@@H]([C@@H](O)C3)C(O)[C@@H](O)CC4)C)CC[C@@]2([C@H](C1)[C@H](C)/C=C/C(CCO)C)C		
CHEBI:229800	onapristone		C29H39NO3	449.635	O[C@]1([C@]2([C@H]([C@H]3C([C@H](C2)C4=CC=C(N(C)C)C=C4)=C5C(CC3)=CC(=O)CC5)CC1)C)CCCO		
CHEBI:229830	torvoside g		C34H56O9	608.813	O1[C@@H]2[C@@H]([C@@]3([C@H]([C@H]4[C@@H]([C@@]5([C@@H](CC4)CC(=O)CC5)C)CC3)C2)C)[C@@H]([C@@]1(OC)CC[C@@H](CO[C@@H]6O[C@@H]([C@@H](O)[C@H](O)[C@H]6O)CO)C)C		
CHEBI:229836	ximaosteroid c		C26H38O3	398.587	O([C@@H]1C[C@H]2[C@]([C@@H]3[C@H]([C@H]4[C@](CC3)([C@H](CC4)C=C)C)C[C@@H]2CC(=O)C)(C)C=C1)C(=O)C		
CHEBI:229839	tyrosocholic acid		C33H49NO7	571.755	OC1C2(C(C3C(C4(C(CC3O)CC(O)CC4)C)C1)CCC2C(CCC(=O)NC(CC5=CC=C(O)C=C5)C(O)=O)C)C		
CHEBI:229878	1alpha,25-dihydroxy-26,26,26,27,27,27-hexafluoro-16,17,23,23,24,24-hexadehydro-19-norvitamin d3 / 1alpha,25-dihydroxy-26,26,26,27,27,27-hexafluoro-16,17,23,23,24,24-hexadehydro-19-norcholecalciferol		C26H32F6O3	506.529	FC(F)(F)C(O)(C#CC[C@H](C=1[C@@]2([C@@H](CC1)/C(/CCC2)=C/C=C/3\C[C@@H](O)C[C@H](O)C3)C)C)C(F)(F)F		
CHEBI:229904	(10e)-19-(3-carboxylpropyl)vitamin d3 / (10e)-19-(3-carboxylpropyl)cholecalciferol		C31H50O3	470.738	O[C@@H]1C\C(=C\C=C/2\[C@H]3[C@@]([C@H](CC3)[C@@H](CCCC(C)C)C)(CCC2)C)\C(\CC1)=C\CCCC(O)=O		
CHEBI:229943	lycoperoside D		C39H65NO12	739.944	CC1CCC2(C(C3C(O2)CC4C3(CCC5C4CCC6C5(CCC(C6)OC7C(C(C(C(O7)CO)OC8C(C(C(C(O8)CO)O)O)O)O)O)C)C)C)NC1		
CHEBI:229945	solacauline		C43H69NO14	824.018	CC1CCC2C(C3C(N2C1)CC4C3(CCC5C4CC=C6C5(CCC(C6)OC7C(C(C(CO7)OC8C(C(C(CO8)OC9C(C(C(C(O9)CO)O)O)O)O)O)O)O)C)C)C		
CHEBI:230024	(17R)-17-Hydroxy-13-methyl-17-prop-2-enyl-1,2,6,7,8,14,15,16-octahydrocyclopenta[a]phenanthren-3-one		C21H26O2	310.437	OC1(C2(C(C3C(C=C2)=C4C(CC3)=CC(=O)CC4)CC1)C)CC=C		
CHEBI:230099	Melongoside P		C51H86O23	1067.226	O1C2C(C3(C(C4C(C5(C(CC4)CC(OC6OC(C(O)C(OC7OC(C(O)C(O)C7O)C)C6OC8OC(C(O)C(O)C8O)CO)CO)CC5)C)CC3)C2)C)C(C1(O)CCC(COC9OC(C(O)C(O)C9O)CO)C)C		
CHEBI:230145	Officinalisin II		C50H84O23	1053.199	O1C2C(C3(C(C4C(C5(C(CC4)CC(OC6OC(C(OC7OCC(O)C(O)C7O)C(O)C6OC8OC(C(O)C(O)C8O)CO)CO)CC5)C)CC3)C2)C)C(C1(O)CCC(COC9OC(C(O)C(O)C9O)CO)C)C		
CHEBI:230152	Kuguacin C		C27H42O3	414.630	O=C1[C@H]2[C@]3([C@@]([C@H](CC3)[C@@H](CC(=O)C)C)(CC[C@]2([C@H]4C(C([C@@H](O)CC4)(C)C)=C1)C)C)C		
CHEBI:230158	Cholylvaline		C29H49NO6	507.712	OC1C2(C(C3C(C4(C(CC3O)CC(O)CC4)C)C1)CCC2C(CCC(=O)NC(C(C)C)C(O)=O)C)C		
CHEBI:230170	Russelioside B		C40H66O17	818.951	OC12C(C(CC1)C(OC3OC(C(O)C(O)C3O)CO)C)(CCC4C2CC=C5C4(CCC(OC6OC(C(OC7OC(C(O)C(O)C7O)CO)C(OC)C6O)C)C5)C)C		
CHEBI:230178	Trigofoenoside F		C51H84O23	1065.210	O1C2C(C3(C(C4C(CC3)C5(C(=CC4)CC(OC6OC(C(O)C(O)C6O)COC7OC(C(O)C(O)C7OC8OC(C(O)C(O)C8O)C)CO)CC5)C)C2)C)C(C1(O)CCC(COC9OC(C(O)C(O)C9O)CO)C)C		
CHEBI:230181	3b-hydroxy-estra-5,7,9-trien-17-one		C18H22O2	270.372	O=C1[C@@]2([C@@H](CC1)C3=C(CC2)C4=C(CC(O)CC4)C=C3)C		
CHEBI:230191	Cholylhistidine		C30H47N3O6	545.721	OC1C2(C(C3C(C4(C(CC3O)CC(O)CC4)C)C1)CCC2C(CCC(=O)NC(CC=5NC=NC5)C(O)=O)C)C		
CHEBI:230192	(3b,5a,22x,25S)-Furostane-22-methoxy-3,26-diol 3-[rhamnosyl-(1->2)-[glucosyl-(1->3)]-glucoside] 26-glucoside		C52H88O23	1081.253	O1C2C(C3(C(C4C(C5(C(CC4)CC(OC6OC(C(O)C(OC7OC(C(O)C(O)C7O)CO)C6OC8OC(C(O)C(O)C8O)C)CO)CC5)C)CC3)C2)C)C(C1(OC)CCC(COC9OC(C(O)C(O)C9O)CO)C)C		
CHEBI:230211	Deoxycholyllysine		C30H52N2O5	520.755	OC1C2(C(C3C(C4(C(CC3)CC(O)CC4)C)C1)CCC2C(CCC(=O)NC(CCCCN)C(O)=O)C)C		
CHEBI:230220	CE(LTE4)		C50H81NO5S	808.260	S(C[C@H](N)C(O[C@@H]1CC=2[C@@]([C@@H]3[C@H]([C@H]4[C@@]([C@H](CC4)[C@@H](CCCC(C)C)C)(CC3)C)CC2)(CC1)C)=O)[C@@H]([C@@H](O)CCCC(O)=O)/C=C/C=C/C=C\C/C=C\CCCCC		
CHEBI:230283	1,25-Dihydroxy-16-ene-vitamin D3		C27H42O3	414.630	OC(CCC[C@H](C=1[C@@]2([C@@H](CC1)/C(/CCC2)=C/CC3C([C@H](O)CC(O)=C3)=C)C)C)(C)C		
CHEBI:230294	Trigofoenoside C		C51H86O23	1067.226	O1C2C(C3(C(C4C(C5(C(CC4)CC(OC6OC(C(OC7OC(C(O)C(O)C7O)C)C(O)C6OC8OC(C(O)C(O)C8O)C)CO)C(O)C5)C)CC3)C2)C)C(C1(O)CCC(COC9OC(C(O)C(O)C9O)CO)C)C		
CHEBI:230322	Cholylcitrulline		C30H51N3O7	565.752	OC1C2(C(C3C(C4(C(CC3O)CC(O)CC4)C)C1)CCC2C(CCC(=O)NC(CCCNC(=O)N)C(O)=O)C)C		
CHEBI:230331	(8R,9R,10S,13R,14S)-1,2,3,4,5,6,7,8,9,10,11,12,14,15,16,17-Hexadecahydrocyclopenta[a]phenanthrene-13-carbaldehyde		C18H28O	260.421	O=CC12C(C3C(C4C(CC3)CCCC4)CC1)CCC2		
CHEBI:230341	Pregnanetriol 3a-O-b-D-glucuronide		C27H44O9	512.640	O[C@]1([C@@]2([C@H]([C@H]3[C@@H]([C@@]4(C(CC3)CC(OC5O[C@@H]([C@@H](O)[C@H](O)[C@H]5O)C(O)=O)CC4)C)CC2)CC1)C)C(O)C		
CHEBI:230360	24-fluoro-25-hydroxyvitamin D3 / 24-fluoro-25-hydroxycholecalciferol		C27H43FO2	418.637	FC(CC[C@H]([C@@H]1[C@@]2([C@@H](CC1)/C(/CCC2)=C/C=C\3/C[C@@H](O)CCC3=C)C)C)C(O)(C)C		
CHEBI:230370	Amaranthussaponin IV		C47H70O20	955.057	O(C1C(C2C(C3C(C4(C(C5C(CC4)(CCC(C5)=C)C(OC6OC(C(O)C(O)C6O)CO)=O)=CC3)C)(CC2)C)(CC1O)C)(C)C=O)C7OC(C(O)C(OC8OC(C(O)C(O)C8O)C)C7O)C(O)=O		
CHEBI:230373	(22E)-26,26,26,27,27,27-hexafluoro-25-hydroxy-22,23-didehydrovitamin D3 / (22E)-26,26,26,27,27,27-hexafluoro-25-hydroxy-22,23-didehydrocholecalciferol		C27H36F6O2	506.573	FC(F)(F)C(O)(C\C=C\[C@H]([C@@H]1[C@@]2([C@@H](CC1)/C(/CCC2)=C/C=C\3/C[C@@H](O)CCC3=C)C)C)C(F)(F)F		
CHEBI:230378	20-Epi-Eldecalcitol		C30H50O4	474.726	OC(CCCC(C1C2(C(CC1)/C(/CCC2)=C/C=C\3/CC(O)C(C(O)C3=C)CCCO)C)C)(C)C		
CHEBI:230624	Deoxycholylglutamine		C29H48N2O6	520.711	OC1C2(C(C3C(C4(C(CC3)CC(O)CC4)C)C1)CCC2C(CCC(=O)NC(CCC(=O)N)C(O)=O)C)C		
CHEBI:230709	4-Fluoroestradiol		C18H23FO2	290.378	FC=1C2=C([C@@H]3[C@H]([C@H]4[C@@]([C@@H](O)CC4)(CC3)C)CC2)C=CC1O		
CHEBI:230719	Graecunin E		C51H82O22	1047.195	O1C2C(C3(C(C4C(CC3)C5(C(=CC4)CC(OC6OC(C(O)C(O)C6O)COC7OC(C(O)C(O)C7OC8OC(C(OC9OC(C(O)C(O)C9O)CO)C(O)C8O)CO)C)CC5)C)C2)C)C(C1%10OCC(CC%10)C)C		
CHEBI:230825	2-Methoxyestriol		C19H26O4	318.413	O[C@@H]1[C@@]2([C@H]([C@H]3[C@H](CC2)C=4C(CC3)=CC(O)=C(OC)C4)C[C@H]1O)C		
CHEBI:230829	17-Ethynyl-16-fluoroestradiol		C20H23FO2	314.400	F[C@H]1[C@](O)([C@@]2([C@H]([C@H]3[C@H](CC2)C4=C(CC3)C=C(O)C=C4)C1)C)C#C		
CHEBI:230833	3alpha-Hydroxytibolone		C21H30O2	314.469	O[C@@]1([C@@]2([C@H]([C@H]3[C@H](CC2)C4=C(C[C@H]3C)C[C@H](O)CC4)CC1)C)C#C		
CHEBI:230857	Tomatoside A		C51H86O24	1083.225	O1[C@@H]2[C@@H]([C@@]3([C@H]([C@H]4[C@@H]([C@@]5([C@@H](CC4)C[C@@H](O[C@@H]6O[C@@H]([C@H](O[C@@H]7O[C@@H]([C@@H](O)[C@H](O)[C@H]7O[C@@H]8O[C@@H]([C@@H](O)[C@H](O)[C@H]8O)CO)CO)[C@H](O)[C@H]6O)CO)CC5)C)CC3)C2)C)[C@@H]([C@@]1(O)CC[C@@H](CO[C@@H]9O[C@@H]([C@@H](O)[C@H](O)[C@H]9O)CO)C)C		
CHEBI:230969	28-Norbrassinolide		C27H46O6	466.659	O1C[C@H]2[C@H]3[C@@]([C@H](CC3)[C@@H]([C@@H](O)[C@H](O)CC(C)C)C)(CC[C@@H]2[C@@]4([C@H](C[C@H](O)[C@H](O)C4)C1=O)C)C		
CHEBI:231030	Cholylthreonine		C28H47NO7	509.684	OC1C2(C(C3C(C4(C(CC3O)CC(O)CC4)C)C1)CCC2C(CCC(=O)NC(C(O)C)C(O)=O)C)C		
CHEBI:231074	CE(6 keto-PGF1alpha)		C47H78O6	739.135	O([C@@H]1CC=2[C@@]([C@@H]3[C@H]([C@H]4[C@@]([C@H](CC4)[C@@H](CCCC(C)C)C)(CC3)C)CC2)(CC1)C)C(=O)CCCCC(=O)C[C@@H]5[C@H]([C@H](O)C[C@@H]5O)/C=C/[C@@H](O)CCCCC		
CHEBI:231078	Cholyltryptophan		C35H50N2O6	594.793	OC1C2(C(C3C(C4(C(CC3O)CC(O)CC4)C)C1)CCC2C(CCC(=O)NC(CC=5C=6C(NC5)=CC=CC6)C(O)=O)C)C		
CHEBI:231090	Deoxycholylglutamic acid		C29H47NO7	521.695	OC1C2(C(C3C(C4(C(CC3)CC(O)CC4)C)C1)CCC2C(CCC(=O)NC(CCC(O)=O)C(O)=O)C)C		
CHEBI:231100	24-Fluorocalcitriol		C27H43FO3	434.636	F[C@H](CC[C@H]([C@@H]1[C@@]2([C@@H](CC1)/C(/CCC2)=C/C=C\3/C[C@@H](O)C[C@H](O)C3=C)C)C)C(O)(C)C		
CHEBI:231104	17-Estradiol cyclooctyl acetate		C28H40O3	424.625	O([C@@H]1[C@@]2([C@H]([C@H]3[C@H](CC2)C4=C(CC3)C=C(O)C=C4)CC1)C)C(=O)CC5CCCCCCC5		
CHEBI:231112	solasodine 3-O-beta-D-glucopyranoside		C33H54NO7	576.794	O1C2C(C3(C(C4C(CC3)C5(C(=CC4)CC(OC6OC(C(O)C(O)C6O)CO)CC5)C)C2)C)C(C17[NH2+]CC(CC7)C)C		
CHEBI:231145	Turosteride		C27H45N3O3	459.675	O=C(N(C(C)C)C(=O)NC(C)C)[C@@H]1[C@@]2([C@H]([C@H]3[C@@H]([C@@]4([C@H](N(C(=O)CC4)C)CC3)C)CC2)CC1)C		
CHEBI:231158	Cholylalanine		C27H45NO6	479.658	OC1C2(C(C3C(C4(C(CC3O)CC(O)CC4)C)C1)CCC2C(CCC(=O)NC(C)C(O)=O)C)C		
CHEBI:231161	Deoxycholyltryptophan		C35H50N2O5	578.794	OC1C2(C(C3C(C4(C(CC3)CC(O)CC4)C)C1)CCC2C(CCC(=O)NC(CC=5C=6C(NC5)=CC=CC6)C(O)=O)C)C		
CHEBI:231170	(1R,3S,5Z)-5-[(2E)-2-[(1R,3As,7aR)-1-[(2R)-3-ethoxy-7-ethyl-7-hydroxynon-4-yn-2-yl]-7a-methyl-2,3,3a,5,6,7-hexahydro-1H-inden-4-ylidene]ethylidene]-4-methylidenecyclohexane-1,3-diol		C32H50O4	498.748	O(C([C@@H]([C@@H]1[C@@]2([C@@H](CC1)/C(/CCC2)=C/C=C\3/C[C@@H](O)C[C@H](O)C3=C)C)C)C#CCC(O)(CC)CC)CC		
CHEBI:231179	Cholylasparagine		C28H46N2O7	522.683	OC1C2(C(C3C(C4(C(CC3O)CC(O)CC4)C)C1)CCC2C(CCC(=O)NC(CC(=O)N)C(O)=O)C)C		
CHEBI:231211	Lilopristone		C29H37NO3	447.619	O[C@@]1([C@@]2([C@H]([C@H]3C([C@H](C2)C4=CC=C(N(C)C)C=C4)=C5C(CC3)=CC(=O)CC5)CC1)C)/C=C\CO		
CHEBI:231223	Chenodeoxycholylthreonine		C28H47NO6	493.685	OC1C2C3C(C(CC3)C(CCC(=O)NC(C(O)C)C(O)=O)C)(CCC2C4(C(C1)CC(O)CC4)C)C		
CHEBI:231225	(24R)-24,25-Dihydroxyvitamin D2/(24R)-24,25-dihydroxyergocalciferol		C28H44O3	428.657	O[C@](\C=C\[C@H]([C@@H]1[C@@]2([C@@H](CC1)/C(/CCC2)=C/C=C\3/C[C@@H](O)CCC3=C)C)C)(C(O)(C)C)C		
CHEBI:231233	Deoxycholylcysteine		C27H45NO5S	495.720	SCC(NC(=O)CCC(C1C2(C(C3C(C4(C(CC3)CC(O)CC4)C)CC2O)CC1)C)C)C(O)=O		
CHEBI:231312	PETILINE		C27H43NO2	413.646	O=C1C2C(C3C(C4C(C(CC4)C(C5=NCC(CC5)C)C)(CC3)C)C1)(CCC(O)C2)C		
CHEBI:232093	long-chain 3-hydroxysterol ester		C20H30O2R2	302.452	C12C(C3C(C(CC3)*)(C)CC1)CCC4C2(CCC(C4)OC(*)=O)C		
CHEBI:232414	(15Z-tetracosenoyl)-cholesterol		C51H90O2	735.279	[H][C@@]1(CC[C@@]2([H])[C@]3([H])CC=C4C[C@H](CC[C@]4(C)[C@@]3([H])CC[C@]12C)OC(=O)CCCCCCCCCCCCC/C=C\CCCCCCCC)[C@H](C)CCCC(C)C		
CHEBI:232566	glyco-beta-muricholic acid		C26H43NO6	465.631	C[C@@H](CCC(NCC(=O)O)=O)[C@]1(CC[C@@]2([H])[C@]3([C@@](CC[C@]12C)([H])[C@@]4(C)CC[C@H](C[C@@]4([H])[C@@H]([C@@H]3O)O)O)[H])[H]		
CHEBI:232567	glyco-alpha-muricholic acid		C26H43NO6	465.631	C[C@@H](CCC(NCC(=O)O)=O)[C@]1(CC[C@@]2([H])[C@]3([C@@](CC[C@]12C)([H])[C@@]4(C)CC[C@H](C[C@@]4([H])[C@@H]([C@H]3O)O)O)[H])[H]		
CHEBI:232767	22-deoxyecdysone		C27H44O5	448.644	C1=2[C@]3([C@](CC[C@@]1([C@@]4([C@](C(C2)=O)(C[C@H]([C@H](C4)O)O)[H])C)[H])([C@@](CC3)([H])[C@@H](CCCC(C)(C)O)C)C)O		
CHEBI:31623	fluocinolone acetonide		C24H30F2O6	452.48820	CC1(C)O[C@@H]2C[C@H]3[C@@H]4C[C@H](F)C5=CC(=O)C=C[C@]5(C)[C@@]4(F)[C@@H](O)C[C@]3(C)[C@@]2(O1)C(=O)CO		
CHEBI:68603	betamethasone phosphate		C22H30FO8P	472.44100	[H][C@@]12C[C@H](C)[C@](O)(C(=O)COP(O)(O)=O)[C@@]1(C)C[C@H](O)[C@@]1(F)[C@@]2([H])CCC2=CC(=O)C=C[C@]12C		
CHEBI:792	17beta-estradiol 3-sulfate 17-(beta-D-glucosiduronic acid)		C24H31O11S	528.571	C[C@]12CC[C@H]3[C@@H](CCc4cc(OS(O)(=O)=O)ccc34)[C@@H]1CC[C@@H]2O[C@@H]1O[C@@H]([C@@H](O)[C@H](O)[C@H]1O)C(O)=O		
CHEBI:1188	2-methoxy-17beta-estradiol 3-sulfate		C19H26O6S	382.473	COc1cc2[C@H]3CC[C@]4(C)[C@@H](O)CC[C@H]4[C@@H]3CCc2cc1OS(O)(=O)=O		
CHEBI:1191	2-methoxyestrone 3-sulfate		C19H24O6S	380.457	COc1cc2[C@@H]3CC[C@@]4(C)[C@H](CCC4=O)[C@@H]3CCc2cc1OS(O)(=O)=O		
CHEBI:1684	3alpha,11beta,21-Trihydroxy-20-oxo-5beta-pregnan-18-al		C21H32O5	364.477	C[C@]12CC[C@@H](O)C[C@H]1CC[C@H]1[C@@H]3CC[C@H](C(=O)CO)[C@]3(C[C@H](O)[C@H]21)C=O		
CHEBI:3199	Bryophyllin A		C26H32O8	472.528	C[C@]12C[C@@H](O)[C@H]3[C@@H](CC[C@@]45C[C@@H]6C[C@@H](OC(C)(O6)O4)[C@]35C=O)[C@@]1(O)CC[C@@H]2c1ccc(=O)oc1		
CHEBI:4002	Cyclofoetoside B		C47H80O18	933.129	C[C@H](CC[C@H](O)C(C)(C)O)C1[C@H](C[C@@]2(C)[C@@H]3CC[C@@H]4[C@]5(C[C@@]35CC[C@]12C)CC[C@H](O[C@@H]1OC[C@H](O)[C@H](O)[C@H]1O)[C@]4(C)CO)O[C@@H]1O[C@H](CO[C@@H]2O[C@@H](C)[C@H](O)[C@@H](O)[C@H]2O)[C@@H](O)[C@H](O)[C@H]1O		
CHEBI:4873	estropipate		C22H32N2O5S; C18H22O5S.C4H10N2	436.567	[C@@]12([C@@](C3=C(C=C(OS(=O)(=O)O)C=C3)CC1)(CC[C@]4([C@]2(CCC4=O)[H])C)[H])[H].C1CNCCN1		
CHEBI:4944	Eurycomalactone		C19H24O6	348.391	C[C@H]1[C@H]2OC(=O)[C@@H]1[C@@]1(C)[C@H]([C@H]2O)[C@@]2(C)[C@H](O)C(=O)C=C(C)[C@@H]2CC1=O		
CHEBI:5644	Hellebrigenin 3-acetate		C26H34O7	458.545	CC(=O)O[C@H]1CC[C@]2(C=O)[C@H]3CC[C@]4(C)[C@H](CC[C@]4(O)[C@@H]3CC[C@]2(O)C1)c1ccc(=O)oc1		
CHEBI:5859	Icacine		C22H31NO6	405.485	CN(C)[C@H]1CO[C@H]2[C@]34O[C@H]3[C@H]3OC(=O)[C@]5(C)[C@H]3[C@]3(CC[C@]5(O)OC3)[C@@H]4CC[C@@]12C		
CHEBI:6371	Lanceotoxin A		C32H44O12	620.686	C[C@H](O)[C@H](O)[C@@H](O)[C@@H](O)C(=O)O[C@H]1CC[C@]2(C=O)[C@H]3CC[C@]4(C)[C@H](CC[C@]4(O)[C@@H]3CC[C@@]2(C1)OC(C)=O)c1ccc(=O)oc1		
CHEBI:6372	Lanceotoxin B		C32H44O11	604.686	C[C@@H]1O[C@@H](O[C@H]2CC[C@]3(C=O)[C@H]4CC[C@]5(C)[C@H](CC[C@]5(O)[C@@H]4CC[C@@]3(C2)OC(C)=O)c2ccc(=O)oc2)[C@H](O)[C@H](O)[C@H]1O		
CHEBI:8919	Rutaevin		C26H30O9	486.512	CC1(C)O[C@H]2CC(=O)OC[C@@]22[C@H]1C(=O)[C@H](O)[C@]1(C)[C@@H]2CC[C@@]2(C)[C@@H](OC(=O)[C@H]3O[C@@]123)c1ccoc1		
CHEBI:9270	Steryl sulfate		C17H28O4S	328.469	OS(=O)(=O)OC1CCC2C(CCC3C4CCCC4CCC23)C1		
CHEBI:9388	Taccalonolide A		C36H46O14	702.743	C[C@@H]1C=C2OC(=O)[C@@](C)(O)[C@]2(C)[C@@H]2[C@H](OC(C)=O)[C@H]3[C@@H]4[C@@H](O)C(=O)[C@H]5C[C@@H]6O[C@@H]6[C@H](OC(C)=O)[C@]5(C)[C@H]4[C@H](OC(C)=O)[C@H](OC(C)=O)[C@]3(C)[C@@H]12		
CHEBI:10219	alpha-Chaconine		C45H73NO14	852.061	C[C@@H]1[C@H]2CC[C@H](C)CN2[C@H]2C[C@H]3[C@@H]4CC=C5C[C@H](CC[C@]5(C)[C@H]4CC[C@]3(C)[C@@H]12)O[C@@H]1O[C@H](CO)[C@@H](O[C@@H]2O[C@@H](C)[C@H](O)[C@@H](O)[C@H]2O)[C@H](O)[C@H]1O[C@@H]1O[C@@H](C)[C@H](O)[C@@H](O)[C@H]1O		
CHEBI:31485	Difluprednate		C27H34F2O7	508.552	CCCC(=O)O[C@@]1(CC[C@H]2[C@@H]3C[C@H](F)C4=CC(=O)C=C[C@]4(C)[C@@]3(F)[C@@H](O)C[C@]12C)C(=O)COC(C)=O		
CHEBI:31675	Hydrocortisone butyrate propionate		C28H40O7	488.614	CCCC(=O)O[C@@]1(CC[C@H]2[C@@H]3CCC4=CC(=O)CC[C@]4(C)[C@H]3[C@@H](O)C[C@]12C)C(=O)COC(=O)CC		
CHEBI:32143	equilin sodium sulfate		C18H19O5S.Na	370.397	[Na+].C[C@]12CC[C@H]3C(=CCc4cc(OS([O-])(=O)=O)ccc34)[C@@H]1CCC2=O		
CHEBI:32148	prasterone sodium sulfate		C19H31NaO7S; C19H27O5S.2H2O.Na	426.502	O.[Na+].C1C[C@]2(C(=CC[C@]3([C@]4([C@](CC[C@]23[H])(C(CC4)=O)C)[H])[H])C[C@H]1OS([O-])(=O)=O)C.O		
CHEBI:34979	Stanolone benzoate		C26H34O3	394.547	C[C@]12CC[C@H]3[C@@H](CC[C@H]4CC(=O)CC[C@]34C)[C@@H]1CC[C@@H]2OC(=O)c1ccccc1		
CHEBI:67713	7alpha-Hydroxyparavallarine		C22H33NO3	359.50230	[H][C@]12CC[C@@]3([H])[C@]4([H])[C@H](O)C=C5C[C@H](CC[C@]5(C)[C@@]4([H])CC[C@]13C(=O)O[C@H]2C)NC		
CHEBI:67718	Kibalaurifenone		C21H26O3	326.42930	[H][C@]12CC[C@@]3([H])[C@]4([H])C(=O)C=C5C=CCC[C@]5(C)[C@@]4([H])CC[C@]13C(=O)O[C@H]2C		
CHEBI:69008	Dysolenticin J		C26H37NO3	411.57690	[H][C@]12CC[C@@]3(C)[C@@H](CC[C@]3(C)C1=CC[C@@]1([H])C(C)(C)[C@H](O)CC[C@]21C)C1=CC(=O)NC1=O		
CHEBI:69009	3-oxo-24,25,26,27-tetranortirucall-7-ene-23(21)-lactone		C26H38O3	398.57810	[H][C@@]1(COC(=O)C1)[C@]1([H])CC[C@]2(C)C3=CC[C@@]4([H])C(C)(C)C(=O)CC[C@]4(C)[C@@]3([H])CC[C@@]12C		
CHEBI:70027	Dinoxin B		C34H48O11	632.73830	[H][C@@]1(CC(C)=C(CO[C@@H]2O[C@H](CO)[C@@H](O)[C@H](O)[C@H]2O)C(=O)O1)[C@@H](CO)[C@@]1([H])CC[C@@]2([H])[C@]3([H])CC=C4CC=CC(=O)[C@]4(C)[C@@]3([H])C[C@@H](O)[C@]12C		
CHEBI:79408	17-Hydroxy-3-oxo-19-nor-5alpha,17alpha-pregnane-21-carboxylic acid, gamma-lactone		C21H30O3	330.46110	C[C@]12CC[C@H]3[C@@H](CC[C@H]4CC(=O)CC[C@H]34)[C@@H]1CC[C@@]21CCC(=O)O1		
CHEBI:79416	5alpha-Androstane-2beta-fluoro-17beta-ol-3-one acetate		C21H31FO3	350.46740	CC(=O)O[C@H]1CC[C@H]2[C@@H]3CC[C@H]4CC(=O)[C@@H](F)C[C@]4(C)[C@H]3CC[C@]12C		
CHEBI:79436	17beta-Hydroxy-2-oxa-5alpha-androstan-3-one		C18H28O3	292.41310	C[C@]12CC[C@H]3[C@@H](CC[C@H]4CC(=O)OC[C@]34C)[C@@H]1CC[C@@H]2O		
CHEBI:79438	17beta-Hydroxy-4-oxa-5alpha-androstan-3-one acetate		C20H30O4	334.44980	CC(=O)O[C@H]1CC[C@H]2[C@@H]3CC[C@H]4OC(=O)CC[C@]4(C)[C@H]3CC[C@]12C		
CHEBI:79508	17-Hydroxy-3-oxo-19-nor-5beta,17alpha-pregnane-21-carboxylic acid, gamma-lactone		C21H30O3	330.46110	C[C@]12CC[C@H]3[C@@H](CC[C@@H]4CC(=O)CC[C@H]34)[C@@H]1CC[C@@]21CCC(=O)O1		
CHEBI:79537	3-(2-allyloxy)estra-1,3,5(10)-triene-16,17-dione 16-oxime		C21H25NO3	339.429	[C@]12([C@]3([C@@](C4=C(C=C(C=C4)OCC=C)CC3)(CC[C@]2(C)C(C(C1)=NO)=O)[H])[H])[H]		
CHEBI:79609	17-Hydroxy-3-oxo-17alpha-pregna-1,4-diene-21-carboxylic acid, gamma-lactone		C22H28O3	340.45590	C[C@]12CC[C@H]3[C@@H](CCC4=CC(=O)C=C[C@]34C)[C@@H]1CC[C@@]21CCC(=O)O1		
CHEBI:79631	4,4-Difluoro-17beta-hydroxyandrost-5-en-3-one propionate		C22H30F2O3	380.46860	CCC(=O)O[C@H]1CC[C@H]2[C@@H]3CC=C4C(F)(F)C(=O)CC[C@]4(C)[C@H]3CC[C@]12C		
CHEBI:79684	5alpha-Androstane-2alpha-fluoro-17beta-ol-3-one acetate		C21H31FO3	350.46740	CC(=O)O[C@H]1CC[C@H]2[C@@H]3CC[C@H]4CC(=O)[C@H](F)C[C@]4(C)[C@H]3CC[C@]12C		
CHEBI:79785	17beta-Hydroxy-5alpha-androstan-3-one cyclohexanecarboxylate		C26H40O3	400.59400	C[C@]12CC[C@H]3[C@@H](CC[C@H]4CC(=O)CC[C@]34C)[C@@H]1CC[C@@H]2OC(=O)C1CCCCC1		
CHEBI:79833	17beta-Hydroxy-6beta-methyl-5alpha-androstan-3-one propionate		C23H36O3	360.53010	CCC(=O)O[C@H]1CC[C@H]2[C@@H]3C[C@@H](C)[C@H]4CC(=O)CC[C@]4(C)[C@H]3CC[C@]12C		
CHEBI:79886	D-Homo-A-nor-17a-oxaandrost-3(5)-ene-2,17-dione		C18H24O3	288.38140	C[C@]12CC(=O)C=C1CC[C@@H]1[C@@H]2CC[C@]2(C)OC(=O)CC[C@@H]12		
CHEBI:79929	17,21-Dihydroxypregn-4-ene-3,11,20-trione 21-(hydrogensuccinate)		C25H32O8	460.51680	C[C@]12CC(=O)[C@H]3[C@@H](CCC4=CC(=O)CC[C@]34C)[C@@H]1CC[C@]2(O)C(=O)COC(=O)CCC(O)=O		
CHEBI:79958	17beta-Acetyl-1,2,3,4,6alpha,7alpha,10,12,13,14alpha,16,17-dodecahydro-3beta-hydroxy-10beta,13beta-dimethyl-5beta,8beta-etheno-15H-cyclopenta[a]phenanthrene-6,7-dicarboxylic anhydride acetate		C27H32O6	452.53940	CC(=O)OC1CCC2(C)C3=CCC4(C)C(CCC4C33C=CC2(C1)C1C3C(=O)OC1=O)C(C)=O		
CHEBI:80799	Bufotalin		C26H36O6	444.56040	CC(=O)O[C@H]1C[C@]2(O)[C@@H]3CC[C@@H]4C[C@@H](O)CC[C@]4(C)[C@H]3CC[C@]2(C)[C@H]1c1ccc(=O)oc1		
CHEBI:80805	Cinobufagin		C26H34O6	442.54460	CC(=O)O[C@H]1[C@H]2O[C@]22[C@@H]3CC[C@@H]4C[C@@H](O)CC[C@]4(C)[C@H]3CC[C@]2(C)[C@H]1c1ccc(=O)oc1		
CHEBI:80806	Cinobufotalin		C26H34O7	458.54400	CC(=O)O[C@H]1[C@H]2O[C@]22C3CC[C@]4(O)C[C@@H](O)CC[C@]4(C)C3CC[C@]2(C)[C@H]1c1ccc(=O)oc1		
CHEBI:80826	Gamabufogenin		C24H34O5	402.52380	C[C@]12C[C@@H](O)[C@H]3[C@@H](CC[C@@H]4C[C@@H](O)CC[C@]34C)[C@@]1(O)CC[C@@H]2c1ccc(=O)oc1		
CHEBI:80908	Telocinobufagin		C24H34O5	402.52380	C[C@]12CC[C@H]3[C@@H](CC[C@]4(O)C[C@@H](O)CC[C@]34C)[C@@]1(O)CC[C@@H]2c1ccc(=O)oc1		
CHEBI:81469	5alpha-Pregnan-20alpha-ol-3-one		C21H34O2	318.49350	C[C@H](O)[C@H]1CC[C@H]2[C@@H]3CC[C@H]4CC(=O)CC[C@]4(C)[C@H]3CC[C@]12C		
CHEBI:88755	CE(20:4(8Z,11Z,14Z,17Z))		C47H76O2	673.107	O([C@@H]1CC=2[C@@](C3C(C4[C@@](C(CC4)[C@@H](CCCC(C)C)C)(CC3)C)CC2)(CC1)C)C(CCCCCC/C=C\C/C=C\C/C=C\C/C=C\CC)=O		
CHEBI:88888	3-Sulfodeoxycholic acid		C23H38O7S	458.611	C1[C@H](C[C@@]2([C@](C1)([C@@]3([C@@](CC2)([C@]4(C([C@H](C3)O)[C@H](CC4)[C@@H](CCC(O)=O)C)[H])[H])[H])C)[H])OS(=O)(O)=O		
CHEBI:91584	sulfuric acid [(13S)-13-methyl-17-oxo-7,8,9,11,12,14,15,16-octahydro-6H-cyclopenta[a]phenanthren-3-yl] ester		C18H22O5S	350.431	C[C@]12CCC3C(C1CCC2=O)CCC4=C3C=CC(=C4)OS(=O)(=O)O		
CHEBI:91651	4-[[(3S,10R,13S,17S)-17-acetyl-10,13-dimethyl-2,3,4,7,8,9,11,12,14,15,16,17-dodecahydro-1H-cyclopenta[a]phenanthren-3-yl]oxy]-4-oxobutanoic acid		C25H36O5	416.551	CC(=O)[C@H]1CCC2[C@@]1(CCC3C2CC=C4[C@@]3(CC[C@@H](C4)OC(=O)CCC(=O)O)C)C		
CHEBI:91683	LSM-1524		C24H30O6	414.492	CC12CCC(=O)C=C1CC(C3C24C(O4)CC5(C3CCC56CCC(=O)O6)C)C(=O)OC		
CHEBI:91947	3-[(11R)-3,11,14-trihydroxy-10,13-dimethyl-1,2,3,4,5,6,7,8,9,11,12,15,16,17-tetradecahydrocyclopenta[a]phenanthren-17-yl]-2H-furan-5-one		C23H34O5	390.514	CC12CCC(CC1CCC3C2[C@@H](CC4(C3(CCC4C5=CC(=O)OC5)O)C)O)O		
CHEBI:91957	LSM-1903		C8H13NO2	155.195	CN1[C@H]2CC3CC1C(C2O3)O		
CHEBI:94345	(5S,8R,9S,10S,13S,14S,17S)-17-hydroxy-10,13,17-trimethyl-3-oxo-2,4,5,6,7,8,9,11,12,14,15,16-dodecahydro-1H-cyclopenta[a]phenanthrene-2-carboxaldehyde		C21H32O3; C21H32O3	332.478	C[C@]12CC[C@]3([C@]([C@@]1(CC[C@]2(C)O)[H])(CC[C@@]4([C@@]3(CC(C(=O)C4)C=O)C)[H])[H])[H]		
CHEBI:94393	LSM-5073		C28H38O6	470.599	CC1=C(C(=O)O[C@@H](C1)C(C)[C@H]2CC[C@H]3[C@]2(CCC4[C@@H]3C[C@@H]5[C@@]6([C@]4(C(=O)C=C[C@@H]6O)C)O5)C)CO		
CHEBI:94611	(1S,3aR,3bR,5aS,9aS,9bR,11aS)-1-hydroxy-1,9a,11a-trimethyl-2,3,3a,3b,4,5,5a,6,9,9b,10,11-dodecahydroindeno[4,5-h]isochromen-7-one		C19H30O3	306.440	C[C@]12CC[C@@H]3[C@H]([C@H]1CC[C@]2(C)O)CC[C@@H]4[C@@]3(COC(=O)C4)C		
CHEBI:94715	sulfuric acid [(8R,9R,13S,14R)-13-methyl-17-oxo-7,8,9,11,12,14,15,16-octahydro-6H-cyclopenta[a]phenanthren-3-yl] ester		C18H22O5S	350.431	C[C@]12CC[C@@H]3[C@H]([C@H]1CCC2=O)CCC4=C3C=CC(=C4)OS(=O)(=O)O		
CHEBI:95158	LSM-6432		C28H38O6	470.599	CC1=C(C(=O)O[C@@H](C1)C(C)[C@H]2CCC3[C@]2(CCC4[C@@H]3C[C@@H]5[C@@]6([C@]4(C(=O)C=C[C@@H]6O)C)O5)C)CO		
CHEBI:95181	(3S,5S,10S,13R,14S)-3,5,14-trihydroxy-13-methyl-17-(5-oxo-2H-furan-3-yl)-2,3,4,6,7,8,9,11,12,15,16,17-dodecahydro-1H-cyclopenta[a]phenanthrene-10-carboxaldehyde		C23H32O6	404.497	C[C@]12CCC3C([C@]1(CCC2C4=CC(=O)OC4)O)CC[C@]5([C@@]3(CC[C@@H](C5)O)C=O)O		
CHEBI:95199	ethanethioic acid S-(10,13-dimethyl-3,5'-dioxo-7-spiro[2,6,7,8,9,11,12,14,15,16-decahydro-1H-cyclopenta[a]phenanthrene-17,2'-oxolane]yl) ester		C24H32O4S	416.575	CC(=O)SC1CC2=CC(=O)CCC2(C3C1C4CCC5(C4(CC3)C)CCC(=O)O5)C		
CHEBI:95348	LSM-6721		C28H38O6	470.599	CC1=C(C(=O)OC(C1)C(C)C2CCC3C2(CCC4C3CC5C6(C4(C(=O)C=CC6O)C)O5)C)CO		
CHEBI:95358	5-[14-hydroxy-10,13-dimethyl-3-[[(2R,3R,4R,5R,6S)-3,4,5-trihydroxy-6-methyl-2-oxanyl]oxy]-1,2,3,6,7,8,9,11,12,15,16,17-dodecahydrocyclopenta[a]phenanthren-17-yl]-2-pyranone		C30H42O8	530.651	C[C@H]1[C@@H]([C@H]([C@H]([C@@H](O1)OC2CCC3(C4CCC5(C(CCC5(C4CCC3=C2)O)C6=COC(=O)C=C6)C)C)O)O)O		
CHEBI:125460	17-hydroxy-10,13,17-trimethyl-3-oxo-2,4,5,6,7,8,9,11,12,14,15,16-dodecahydro-1H-cyclopenta[a]phenanthrene-2-carboxaldehyde		C21H32O3	332.478	CC12CCC3C(C1CCC2(C)O)CCC4C3(CC(C(=O)C4)C=O)C		
CHEBI:131147	3,5,14-trihydroxy-13-methyl-17-(5-oxo-2H-furan-3-yl)-2,3,4,6,7,8,9,11,12,15,16,17-dodecahydro-1H-cyclopenta[a]phenanthrene-10-carboxaldehyde		C23H32O6	404.497	CC12CCC3C(C1(CCC2C4=CC(=O)OC4)O)CCC5(C3(CCC(C5)O)C=O)O		
CHEBI:135355	pregnenolone succinate		C25H36O5	416.551	C[C@@]12[C@@]3([C@]([C@]4([C@@](CC3)(C)[C@H](CC4)C(C)=O)[H])(CC=C1C[C@H](CC2)OC(CCC(O)=O)=O)[H])[H]		
CHEBI:135445	canrenone		C22H28O3	340.457	C[C@@]12[C@]3(CC[C@]1([C@]4([C@](CC2)([C@]5(C)C(C=C4)=CC(CC5)=O)[H])[H])[H])OC(CC3)=O		
CHEBI:135456	formebolone		C21H28O4	344.445	C[C@@]12[C@@]3([C@]([C@]4([C@@](C[C@H]3O)(C)[C@@](CC4)(C)O)[H])(CCC1=CC(C(=C2)C=O)=O)[H])[H]		
CHEBI:135765	methylprednisolone succinate		C26H34O8	474.544	C[C@@]12[C@]([C@]3([C@]([C@H](C1)O)([C@]4(C)C([C@H](C3)C)=CC(C=C4)=O)[H])[H])(CC[C@@]2(C(COC(CCC(O)=O)=O)=O)O)[H]		
CHEBI:135790	estriol succinate		C26H32O9	488.528	C[C@@]12[C@]([C@]3([C@](CC1)(C=4C(CC3)=CC(=CC4)O)[H])[H])(C[C@H]([C@@H]2OC(CCC(O)=O)=O)OC(CCC(O)=O)=O)[H]		
CHEBI:135824	meproscillarin		C31H44O8	544.677	O[C@@]12[C@]3([C@@]([C@]4(C)C(CC3)=C[C@H](CC4)O[C@]5([C@H](O)[C@H](O)[C@H]([C@@H](O5)C)OC)[H])(CC[C@]1(C)[C@H](CC2)C=6C=CC(OC6)=O)[H])[H]		
CHEBI:139136	tauro-alpha-muricholic acid		C26H45NO7S	515.705	S(O)(=O)(=O)CCNC(=O)CC[C@H]([C@@]1([C@@]2([C@]([C@]3([C@@]([C@@]4([C@]([C@H](O)[C@H]3O)(C[C@H](O)CC4)[H])C)(CC2)[H])[H])(CC1)[H])C)[H])C		
CHEBI:141179	17beta-hydroxy-5-androsten-3-one		C19H28O2	288.425	C1[C@@]2([C@]3(CC[C@]4([C@]([C@@]3(CC=C2CC(C1)=O)[H])(CC[C@@H]4O)[H])C)[H])C		
CHEBI:143063	Dehydrotomatine		C50H81NO21	1032.174	O1C2C(C3(C(C4C(CC3)C5(C(=CC4)CC(OC6OC(C(OC7OC(C(O)C(OC8OCC(O)C(O)C8O)C7OC9OC(C(O)C(O)C9O)CO)CO)C(O)C6O)CO)CC5)C)C2)C)C(C1%10NCC(CC%10)C)C		
CHEBI:143449	7 -thiospironolactone		C22H30O3S	374.539	SC1C2C(C3(CCC(C=C3C1)=O)C)CCC4(C2CCC45OC(=O)CC5)C		
CHEBI:143450	10,13-dimethylspiro[2,6,7,8,9,11,12,14,15,16-decahydro-1H-cyclopenta[a]phenanthrene-17,5'-oxolane]-2',3-dione		C22H30O3	342.473	O=C1C=C2C(C3C(C4C(C5(OC(=O)CC5)CC4)(C)CC3)CC2)(C)CC1		
CHEBI:143452	7-thiomethylspironolactone		C23H32O3S	388.565	S(C1C2C(C3(CCC(C=C3C1)=O)C)CCC4(C2CCC45OC(=O)CC5)C)C		
CHEBI:143453	6-hydroxy-7-(thiomethyl)spironolactone		C23H32O4S	404.565	S(C1C(O)C2=CC(=O)CCC2(C)C3C1C4C(C5(OC(=O)CC5)CC4)(C)CC3)C		
CHEBI:143454	10,13-dimethyl-7-methylsulfinylspiro[2,6,7,8,9,11,12,14,15,16-decahydro-1H-cyclopenta[a]phenanthrene-17,5'-oxolane]-2',3-dione		C23H32O4S	404.565	S(=O)(C1C2C(C3(CCC(C=C3C1)=O)C)CCC4(C2CCC45OC(=O)CC5)C)C		
CHEBI:143455	5-hydroxy-4-methanesulfinyl-9a,11a-dimethyl-3,3a,3b,4,5,8,9,9b,10,11-decahydro-2H-spiro[cyclopenta[a]phenanthrene-1,2'-oxolane]-5',7-dione		C23H32O5S	420.564	S(=O)(C1C(O)C2=CC(=O)CCC2(C)C3C1C4C(C5(OC(=O)CC5)CC4)(C)CC3)C		
CHEBI:143456	3-hydroxy-9a,11a-dimethyl-3,3a,3b,8,9,9b,10,11-octahydro-2H-spiro[cyclopenta[a]phenanthrene-1,2'-oxolane]-5',7-dione		C22H28O4	356.456	O=C1C=C2C=CC3C4C(C5(OC(=O)CC5)CC4O)(C)CCC3C2(C)CC1		
CHEBI:143457	4-methanesulfonyl-9a,11a-dimethyl-3,3a,3b,4,5,8,9,9b,10,11-decahydro-2H-spiro[cyclopenta[a]phenanthrene-1,2'-oxolane]-5',7-dione		C23H32O5S	420.564	S(=O)(=O)(C1C2C(C3(CCC(C=C3C1)=O)C)CCC4(C2CCC45OC(=O)CC5)C)C		
CHEBI:143458	5-hydroxy-4-methanesulfonyl-9a,11a-dimethyl-3,3a,3b,4,5,8,9,9b,10,11-decahydro-2H-spiro[cyclopenta[a]phenanthrene-1,2'-oxolane]-5',7-dione		C23H32O6S	436.564	S(=O)(=O)(C1C(O)C2=CC(=O)CCC2(C)C3C1C4C(C5(OC(=O)CC5)CC4)(C)CC3)C		
CHEBI:143499	6,7-dihydrocanrenone		C22H30O3	342.473	O=C1C=C2[C@@]([C@H]3[C@@H]([C@@H]4[C@@]([C@]5(OC(=O)CC5)CC4)(C)CC3)CC2)(C)CC1		
CHEBI:143991	3alpha,7alpha,12alpha-Trihydroxy-5alpha-cholest-23-en-26-oic acid		C27H46O5	450.660	C1[C@@H](O)C[C@]2([C@@](C1)(C)[C@]3(C[C@@H]([C@]4([C@]([C@]3([H])[C@@H](C2)O)(CC[C@]4([H])[C@@H](CCCC(C(=O)O)C)C)[H])C)O)[H])[H]		
CHEBI:144025	4,4-dimethyl-14alpha-formyl-5alpha-cholesta-8,24-dien-3beta,15alpha-diol		C30H48O3	456.711	O[C@@H]1C([C@]2([C@@](C3=C([C@]4([C@@]([C@](C[C@@H]4O)([C@@H](CCC=C(C)C)C)[H])(CC3)C)C=O)CC2)(CC1)C)[H])(C)C		
CHEBI:145041	brassicasterol 3-beta-D-glucoside		C34H56O6	560.816	[C@@]12([C@]3([C@@]([C@@]4(C(C[C@@H](O[C@H]5[C@@H]([C@H]([C@@H]([C@H](O5)CO)O)O)O)CC4)=CC3)C)(CC[C@@]1([C@@]([C@@H](/C=C/[C@@H](C(C)C)C)C)(CC2)[H])C)[H])[H])[H]		
CHEBI:145051	dehydroepiandrosterone 3-beta-D-glucoside		C25H38O7	450.572	C1[C@@H](CC2=CC[C@]3([C@]4([C@](CC[C@@]3([C@@]2(C)C1)[H])(C(CC4)=O)C)[H])[H])O[C@H]5[C@@H]([C@H]([C@@H]([C@H](O5)CO)O)O)O		
CHEBI:145142	(3beta,9beta,10alpha,22E,24R)-24,25-dihydroxy-4,4,9,14-tetramethyl-19-norcholesta-5,22-dien-3-yl 6-O-beta-D-glucopyranosyl-beta-D-glucopyranoside		C42H70O13	783.009	O([C@@H]1C(C=2[C@@]([C@@]3([C@]([C@]4([C@@]([C@](CC4)([C@H](C)/C=C/[C@@](CO)(C)O)[H])(CC3)C)C)(CC2)[H])C)(CC1)C)(C)C)[C@@H]5O[C@@H]([C@H]([C@@H]([C@H]5O)O)O)CO[C@H]6[C@@H]([C@@H](O)[C@H](O)[C@H](O6)CO)O		
CHEBI:145143	23(R),24(S),25-trihydroxycucurbit-5-ene 3-O-{[beta-glucopyranosyl(1->6)]-O-beta-glucopyranosyl}-25-O-beta-glucopyranoside		C48H82O19	963.165	C[C@H](C[C@H]([C@@H](C(C)(C)O[C@H]1[C@@H]([C@H]([C@@H]([C@@H](CO)O1)O)O)O)O)O)[C@]2(CC[C@@]3(C)[C@@]4(CC=C5[C@](CC[C@@H](C5(C)C)O[C@H]6[C@@H](C([C@@H]([C@@H](CO[C@H]7[C@@H]([C@H]([C@@H]([C@@H](CO)O7)O)O)O)O6)O)O)O)([H])[C@]4(C)CC[C@]23C)[H])[H]		
CHEBI:145153	Foetidissimoside C		C58H92O27	1221.347	O([C@@H]1C([C@]2([C@@]([C@@]3([C@]([C@]4(C([C@]5([C@@]([C@H](O)C4)(CCC(C5)(C)C)C(O[C@@H]6OC[C@H](O)[C@H](O)[C@H]6O[C@@H]7O[C@H]([C@H](O[C@@H]8OC[C@@H](O)[C@H](O[C@@H]9O[C@@H]([C@@H](O)[C@H](O)[C@H]9O)CO)[C@H]8O)[C@@H](O)[C@H]7O)C)=O)[H])=CC3)C)(CC2)C)[H])(CC1)C)[H])(C)C)C%10O[C@@H]([C@@H](O)[C@H](O)[C@H]%10O)C(O)=O		
CHEBI:145173	2,3,14,20,25-pentahydroxy-6-oxocholest-7-en-22-yl hexopyranoside		C33H54O12	642.783	OC12[C@@]([C@](CC1)([C@@](O)([C@H](O[C@H]3O[C@@H]([C@H](O)[C@H](O)[C@H]3O)CO)CCC(O)(C)C)C)[H])(CC[C@@]4([C@@]5([C@@](C[C@@H](O)[C@H](O)C5)(C(=O)C=C24)[H])C)[H])C		
CHEBI:145176	momordicoside A		C42H72O15	817.023	O([C@@H]1C(C=2[C@]([C@]3([C@]([C@]4([C@@]([C@](CC4)([C@@H]([C@H](O)[C@@H](O)[C@@H](O)C(O)(C)C)C)[H])(CC3)C)C)(CC2)[H])C)(CC1)[H])(C)C)[C@@H]5O[C@@H]([C@@H](O)[C@H](O)[C@H]5O)CO[C@@H]6O[C@@H]([C@@H](O)[C@H](O)[C@H]6O)CO		
CHEBI:145177	momordicoside S		C48H82O20	979.164	O([C@@H]1C(C=2[C@]([C@]3([C@]([C@]4([C@@]([C@](CC4)([C@@H]([C@H](O)[C@@H](O)[C@@H](O)C(O[C@@H]5O[C@@H]([C@@H](O)[C@H](O)[C@H]5O)CO)(C)C)C)[H])(CC3)C)C)(CC2)[H])C)(CC1)[H])(C)C)[C@@H]6O[C@@H]([C@@H](O)[C@H](O)[C@H]6O)CO[C@@H]7O[C@@H]([C@@H](O)[C@H](O)[C@H]7O)CO		
CHEBI:145189	momordicoside T		C53H90O24	1111.279	O([C@@H]1C(C=2[C@]([C@]3([C@]([C@]4([C@@]([C@](CC4)([C@@H]([C@H](O)[C@@H](O)[C@@H](O)C(O[C@@H]5O[C@@H]([C@@H](O)[C@H](O)[C@H]5O)CO)(C)C)C)[H])(CC3)C)C)(CC2)[H])C)(CC1)[H])(C)C)[C@@H]6O[C@@H]([C@@H](O)[C@H](O[C@@H]7OC[C@@H](O)[C@H](O)[C@@H]7O)[C@H]6O)CO[C@@H]8O[C@@H]([C@@H](O)[C@H](O)[C@H]8O)CO		
CHEBI:145190	momordicoside B		C47H80O19	949.138	O([C@@H]1C(C=2[C@]([C@]3([C@]([C@]4([C@@]([C@](CC4)([C@@H]([C@H](O)[C@@H](O)[C@@H](O)C(O)(C)C)C)[H])(CC3)C)C)(CC2)[H])C)(CC1)[H])(C)C)[C@@H]5O[C@@H]([C@@H](O)[C@H](O[C@@H]6OC[C@@H](O)[C@H](O)[C@@H]6O)[C@H]5O)CO[C@@H]7O[C@@H]([C@@H](O)[C@H](O)[C@H]7O)CO		
CHEBI:145191	momordicoside C		C42H72O14	801.024	O([C@@H]1C(C=2[C@]([C@]3([C@]([C@]4([C@@]([C@](CC4)([C@@H](CC(O)C(O)C(O)(C)C)C)[H])(CC3)C)C)(CC2)[H])C)(CC1)[H])(C)C)[C@@H]5O[C@@H]([C@@H](O)[C@H](O)[C@H]5O)CO[C@@H]6O[C@@H]([C@@H](O)[C@H](O)[C@H]6O)CO		
CHEBI:145192	Mogroside II-A2		C42H72O14	801.024	O[C@H]1[C@@]2(C([C@]3([C@@](C(CC3)[C@@H](CC[C@@H](O)C(O)(C)C)C)(C1)C)C)CC=C4C2CC[C@H](OC5O[C@@H]([C@@H](O)[C@H](O)[C@H]5O)CO[C@@H]6O[C@@H]([C@@H](O)[C@H](O)[C@H]6O)CO)C4(C)C)C		
CHEBI:145194	Goyaglycoside H		C42H70O15	815.007	O([C@@H]1C(C=2[C@]([C@]3([C@]([C@]4([C@@]([C@](CC4)([C@@H]([C@H](O)[C@@H](O)C(=O)C(O)(C)C)C)[H])(CC3)C)C)(CC2)[H])C)(CC1)[H])(C)C)[C@@H]5O[C@@H]([C@@H](O)[C@H](O)[C@H]5O)CO[C@@H]6O[C@@H]([C@@H](O)[C@H](O)[C@H]6O)CO		
CHEBI:145196	Mogroside II B		C42H72O14	801.024	O[C@H]1[C@@]2([C@]([C@]3([C@@]([C@](CC3)([C@@H](CC[C@@H](O)C(O[C@@H]4O[C@@H]([C@@H](O)[C@H](O)[C@H]4O)CO)(C)C)C)[H])(C1)C)C)(CC=C5[C@]2(CC[C@H](O[C@@H]6O[C@@H]([C@@H](O)[C@H](O)[C@H]6O)CO)C5(C)C)[H])[H])C		
CHEBI:145199	Kuguaglycoside E		C42H70O14	799.008	O([C@@H]1[C@]2([C@]3([C@@]([C@](CC3)([C@@H](CC(O[C@@H]4O[C@@H]([C@@H](O)[C@H](O)[C@H]4O)CO)C=C(C)C)C)[H])(CC[C@]2([C@]5(C(=C1)C([C@@H](O)CC5)(C)C)[H])CO)C)C)[H])[C@@H]6O[C@@H]([C@@H](O)[C@H](O)[C@H]6O)CO		
CHEBI:145200	11-dehydroxy-mogroside IIE 		C42H72O13	785.025	O([C@@H]1C(C=2[C@]([C@]3([C@]([C@]4([C@@]([C@](CC4)([C@@H](CC[C@@H](O[C@@H]5O[C@@H]([C@@H](O)[C@H](O)[C@H]5O)CO)C(O)(C)C)C)[H])(CC3)C)C)(CC2)[H])C)(CC1)[H])(C)C)[C@@H]6O[C@@H]([C@@H](O)[C@H](O)[C@H]6O)CO		
CHEBI:145757	deoxycholic acid 3-glucuronide		C30H48O10	568.704	C1[C@@]2([C@]3(C[C@@H]([C@]4([C@]([C@@]3(CC[C@@]2(C[C@@H](C1)O[C@@H]5O[C@@H]([C@@H](O)[C@@H]([C@H]5O)O)C(O)=O)[H])[H])(CC[C@]4([H])[C@@H](CCC(O)=O)C)[H])C)O)[H])C		
CHEBI:145759	3a,7b,21-trihydroxy-5b-cholanoic acid		C24H40O6	424.578	[C@]12(CC[C@H](CC2C[C@@H](C3C4[C@](CCC13)(C(CC4)[C@@H](C(CCC(O)=O)O)O)C)O)O)C		
CHEBI:145789	dihydroouabagenin		C23H36O8	440.533	O[C@H]1C[C@H]([C@]2([C@@](C1)(CC[C@]3([C@]4(CC[C@@H]([C@]4(C[C@H]([C@]23[H])O)C)C5COC(C5)=O)O)[H])O)CO)O		
CHEBI:145942	4alpha-formyl-5alpha-cholest-7-en-3beta-ol		C28H46O2	414.674	C1=C2[C@@]3(CC[C@@]([C@]3(CCC2[C@]4(CC[C@H](O)[C@H]([C@@]4(C1)[H])C=O)C)C)([C@@H](CCCC(C)C)C)[H])[H]		
CHEBI:145965	5a-cholestane-3a,7a,12a,25-tetrol		C27H48O4	436.677	C1C[C@H](C[C@@]2(C[C@H]([C@@]3([C@](C[C@@H]([C@]4([C@]3(CC[C@@]4([C@@](CCCC(C)(C)O)(C)[H])[H])[H])C)O)([C@@]12C)[H])[H])O)[H])O		
CHEBI:145966	5b-cholestane-3a,7a,12a,23S,25-pentol		C27H48O5	452.676	[C@]12([C@](C[C@@H]([C@]3([C@]1(CC[C@@]3([C@@](C[C@@H](CC(C)(C)O)O)(C)[H])[H])[H])C)O)([C@@]4([C@](C[C@H]2O)(C[C@@H](CC4)O)[H])C)[H])[H]		
CHEBI:149580	5b-Cholestane-3a,7a,12a,23-tetrol		C27H48O4	436.677	C1C[C@H](C[C@]2(C[C@H]([C@@]3([C@](C[C@@H]([C@]4([C@]3(CC[C@@]4([C@@](CC(CC(C)C)O)(C)[H])[H])[H])C)O)([C@@]12C)[H])[H])O)[H])O		
CHEBI:157654	cholest-1,4-dien-3-one		C27H42O	382.632	[C@]12([C@]([C@]3([C@](CC1)([C@@]4(C(=CC(C=C4)=O)CC3)C)[H])[H])(CC[C@@]2([C@@H](CCCC(C)C)C)[H])[H])C		
CHEBI:157655	25-hydroxycholest-1,4-dien-3-one		C27H42O2	398.631	[C@]12([C@]([C@]3([C@](CC1)([C@@]4(C(=CC(C=C4)=O)CC3)C)[H])[H])(CC[C@@]2([C@@H](CCCC(C)(C)O)C)[H])[H])C		
CHEBI:157664	25-hydroxycholest-4,6-dien-3-one		C27H42O2	398.631	[C@]12([C@]([C@]3([C@](CC1)([C@@]4(C(=CC(CC4)=O)C=C3)C)[H])[H])(CC[C@@]2([C@@H](CCCC(C)(C)O)C)[H])[H])C		
CHEBI:157665	cholest-4,6-dien-3-one		C27H42O	382.632	[C@]12([C@]([C@]3([C@](CC1)([C@@]4(C(=CC(CC4)=O)C=C3)C)[H])[H])(CC[C@@]2([C@@H](CCCC(C)C)C)[H])[H])C		
CHEBI:157749	17beta-hydroxyandrostan-1,3-dione		C19H28O3	304.430	C1[C@]2(CC(CC([C@@]2([C@]3(CC[C@]4([C@]([C@@]3(C1)[H])(CC[C@@H]4O)[H])C)[H])C)=O)=O)[H]		
CHEBI:157755	5alpha-androstan-1,3,17-trione		C19H26O3	302.414	[C@@]12(CC[C@@]3(C)[C@@]([C@@]1(CC[C@@]4([C@]2(C)C(CC(C4)=O)=O)[H])[H])([H])CCC3=O)[H]		
CHEBI:166770	5beta-Androstan-3alpha-ol-17-one sulfate		C19H30O5S	370.500	S(O[C@H]1C[C@@]2([C@@]([C@@]3([C@]([C@]4([C@](CC3)(C(=O)CC4)C)[H])(CC2)[H])[H])(CC1)C)[H])(O)(=O)=O		
CHEBI:166778	3alpha-Hydroxy-5beta-pregnane-20-one sulfate		C21H34O5S	398.560	S(O[C@H]1C[C@@]2([C@@]([C@@]3([C@]([C@]4([C@](CC3)([C@H](CC4)C(=O)C)C)[H])(CC2)[H])[H])(CC1)C)[H])(O)(=O)=O		
CHEBI:166836	lumisterol 3		C27H44O	384.648	C1[C@]2([C@@]3(CC[C@]4([C@](C3=CC=C2C[C@H](C1)O)(CC[C@@]4([C@@H](CCCC(C)C)C)[H])[H])C)[H])C		
CHEBI:166844	beta-Estradiol 3-sulfate		C18H24O5S	352.450	S(OC1=CC2=C(C3C(C4[C@]([C@H](O)CC4)(CC3)C)CC2)C=C1)(O)(=O)=O		
CHEBI:166889	delta7-stigmasterol		C29H46O	410.686	O([C@@]1(C(C=2[C@@]([C@@]3(C([C@]4([C@@]([C@](C(C4([H])[H])([H])[H])([C@](C([H])([H])[H])(/C(=C(/[C@](C(C([H])([H])[H])(C([H])([H])[H])[H])(C(C([H])([H])[H])([H])[H])[H])\[H])/[H])[H])[H])(C(C3([H])[H])([H])[H])C([H])([H])[H])[H])=C(C2[H])[H])[H])(C(C1([H])[H])([H])[H])C([H])([H])[H])([H])[H])[H])[H]		
CHEBI:166997	gamma-chaconine(1+)		C33H54NO6	560.795	C1C[C@]2([C@@](CC=C3[C@@]2(CC[C@@H](C3)O[C@H]4[C@@H]([C@H]([C@@H]([C@H](O4)CO)O)O)O)C)([C@]5([C@]1([C@@]6([C@](C5)([NH+]7C[C@H](CC[C@@]7([C@H]6C)[H])C)[H])[H])C)[H])[H])[H]		
CHEBI:166998	tomatidine 3-O-beta-D-glucopyranoside(1+)		C33H56NO7	578.810	C1C[C@]2([C@@](CC[C@@]3([C@@]2(CC[C@@H](C3)O[C@H]4[C@@H]([C@H]([C@@H]([C@H](O4)CO)O)O)O)C)[H])([C@]5([C@]1([C@@]6([C@](C5)(O[C@@]7([C@H]6C)[NH2+]C[C@@H](C)CC7)[H])[H])C)[H])[H])[H]		
CHEBI:167994	Physapubenolide		C30H40O8	528.642	O1C23C(C4C(C5(O)C(C(CC5OC(=O)C)C(C6OC(=O)C(=C(C6)C)C)C)(CC4)C)CC12)(C)C(=O)C=CC3O		
CHEBI:168104	Physalolactone B		C30H44O6	500.676	OC(C1C2(C(C3C(C4(C(=CC3)CC(O)CC4OC(=O)C)C)CC2)CC1)C)(C5OC(=O)C(=C(C5)C)C)C		
CHEBI:168182	Pubesenolide		C28H42O5	458.639	OC1C2(C3C(C4C(C(CC4)C(C5OC(=O)C(=C(C5)C)CO)C)(CC3)C)CC=C2CC(O)C1)C		
CHEBI:168364	Physagulin F		C30H40O9	544.641	O1C2(C3(C(O)(C(OC(=O)C)C12)C4C(CC3)C5(C(O)(C(O)C4)CC=CC5=O)C)C)C(C6OC(=O)C(=C(C6)C)C)C		
CHEBI:168477	Withangulatin A		C30H38O8	526.626	O1[C@@]23[C@]([C@@]4([C@]([C@@]5(O)[C@](CC4)(C(=C[C@@H]5OC(=O)C)[C@@H]([C@@]6(OC(=O)C(=C(C6)C)C)[H])C)C)(C[C@@]12[H])[H])[H])(C)C(=O)C=C[C@@H]3O		
CHEBI:168480	Desoxylimonin		C26H30O7	454.519	O1C2C3(C4C(C=5C(CC4)(C(OC(=O)C5)C=6C=COC6)C)(C(=O)CC3C1(C)C)C)COC(=O)C2		
CHEBI:168611	3b,16a-Dihydroxyandrostenone sulfate		C19H28O6S	384.490	S(O[C@@H]1C[C@]2([C@]3([C@@]([C@@]4(C(CC3)CC(=O)C=C4O)C)(CC[C@@]2(C1)C)[H])[H])[H])(O)(=O)=O		
CHEBI:168660	Withaperuvin H		C30H42O9S	578.720	S1[C@@]2(C3(O)[C@]([C@@]4([C@]([C@@]5(O)[C@@]([C@](O)(CC5)[C@@](O)([C@@]6(OC(=O)C(=C(C6)C)C)[H])C)(CC4)C)(C2)[H])[H])(C)C(=O)C=C[C@@]3(OC(O)C1)[H])[H]		
CHEBI:168690	1-Acetyl-3,14,20-trihydroxywitha-5,24-dienolide 3-glucoside		C36H54O12	678.816	OC12C(C(CC1)C(O)(C3OC(=O)C(=C(C3)C)C)C)(CCC4C2CC=C5C4(C(OC(=O)C)CC(OC6OC(C(O)C(O)C6O)CO)C5)C)C		
CHEBI:169045	Physapruin B		C34H50O9	602.765	OC12C(C(O)(CC1)C(O)(C3OC(=O)C(=C(C3)C)C)C)(CCC4C2CC(OC(=O)C)C5(OCCCC)C4(C)C(=O)C=CC5)C		
CHEBI:169206	(3b,20R,22R)-3,20,27-Trihydroxy-1-oxowitha-5,24-dienolide 3-glucoside		C34H50O11	634.763	OC(C1C2(C(C3C(CC2)C4(C(=CC3)CC(OC5OC(C(O)C(O)C5O)CO)CC4=O)C)CC1)C)(C6OC(=O)C(=C(C6)C)CO)C		
CHEBI:169456	Physagulin A		C30H38O7	510.627	O1C23C(C4C(C5(O)C(CC4)(C(=CC5OC(=O)C)C(C6OC(=O)C(=C(C6)C)C)C)C)CC12)(C)C(=O)C=CC3		
CHEBI:169535	Glucoscilliroside		C38H54O16	766.834	O[C@@]12[C@@]3(O)[C@@]([C@@]4(C([C@@H](C3)C(=O)C)=C[C@@H](O[C@@H]5OC([C@@H](O[C@@H]6OC([C@@H](O)[C@H](O)C6O)CO)[C@H](O)C5O)CO)CC4)C)(CC[C@@]1([C@H](CC2)C=7C=CC(OC7)=O)C)[H]		
CHEBI:169972	5beta-cholestane-3alpha,7alpha,25-triol		C27H48O3	420.678	[C@]12([C@]([C@]3([C@](CC1)([C@@]4([C@@](C[C@@H](CC4)O)(C[C@H]3O)[H])C)[H])[H])(CC[C@@]2([C@@H](CCCC(C)(C)O)C)[H])[H])C		
CHEBI:169973	5beta-cholestane-3alpha,7alpha,12alpha,25-tetrol		C27H48O4	436.677	C1[C@@]2([C@]3(C[C@@H]([C@]4([C@]([C@@]3([C@@H](C[C@@]2(C[C@@H](C1)O)[H])O)[H])(CC[C@@]4([C@@H](CCCC(C)(C)O)C)[H])[H])C)O)[H])C		
CHEBI:171927	Lycopersiconolide		C22H34O4	362.510	O1C2C(C3(C(C4C(C5(C(CC4)CC(O)CC5)C)CC3)C2)C)C(O)(C1=O)C		
CHEBI:172718	Isocyclocalamin		C27H34O9	502.560	O1C23C4(C(C5(C(C(O)C4=O)C(OC5CC(OC)=O)(C)C)C)CCC2(C(OC(=O)C13)C=6C=COC6)C)C		
CHEBI:173184	Isolimonic acid 16->17-lactone		C26H32O9	488.533	O1C23C4(C(C5(C(CC4=O)C(OC5)(C)C)C(O)CC(O)=O)CCC2(C(OC(=O)C13)C=6C=COC6)C)C		
CHEBI:174904	Epitestosterone sulfate		C19H28O5S	368.490	S(O[C@H]1[C@@]2([C@]([C@]3([C@@]([C@@]4(C(CC3)=CC(=O)CC4)C)(CC2)[H])[H])(CC1)[H])C)(O)(=O)=O		
CHEBI:174957	Neriantogenin		C23H32O4	372.505	OC1C2C3C(C4(C(CC3)CC(O)CC4)C)CCC2(C(=C1)C=5COC(=O)C5)C		
CHEBI:175109	3-keto-Digoxigenin		C23H32O5	388.504	O[C@]12[C@]([C@H](O)C[C@]3([C@]1(CC[C@]4([C@@]3(CCC(=O)C4)C)[H])[H])[H])([C@H](CC2)C=5COC(=O)C5)C		
CHEBI:175481	Abiraterone sulfate		C24H31NO4S	429.580	S(OC1CC=2[C@@]([C@@]3([C@]([C@]4([C@](CC3)(C(=CC4)C=5C=CC=NC5)C)[H])(CC2)[H])[H])(CC1)C)(O)(=O)=O		
CHEBI:175627	Withanolide B		C28H38O5	454.607	O1[C@H]2[C@]3([C@]4([C@@]([C@](CC4)([C@@H]([C@@]5(OC(=O)C(=C(C5)C)C)[H])C)[H])(CC[C@@]3([C@@]6([C@@](O)([C@@H]12)CC=CC6=O)C)[H])C)[H])[H]		
CHEBI:175675	Jangomolide		C26H28O8	468.502	O1C23C4(C(C56C(CC4=O)C(OC6OC(=O)C=C5)(C)C)CCC2(C(OC(=O)C13)C=7C=COC7)C)C		
CHEBI:175683	Withanolide A		C28H38O6	470.606	O1[C@H]2[C@]3([C@]4([C@@]([C@](CC4)([C@@](O)([C@@]5(OC(=O)C(=C(C5)C)C)[H])C)[H])(CC[C@@]3([C@@]6([C@@](O)([C@@H]12)CC=CC6=O)C)[H])C)[H])[H]		
CHEBI:175686	2-Hydroxyestrone sulfate		C18H22O6S	366.430	S(OC=1C=C2C(C3C(C4C(CC3)(C(=O)CC4)C)CC2)=CC1O)(O)(=O)=O		
CHEBI:175692	4-Hydroxyestrone sulfate		C18H22O6S	366.430	S(OC1=C(O)C2=C(C3C(C4[C@@](CC3)(C(=O)CC4)C)CC2)C=C1)(O)(=O)=O		
CHEBI:175701	Ixocarpanolide		C28H40O6	472.622	O1C2C3C4C(C(CC4)C(O)(C5OC(=O)C(C(C5)C)C)C)(CCC3C6(C(O)(C12)CC=CC6=O)C)C		
CHEBI:175703	Vamonolide		C28H40O6	472.622	O1C2C3C4(O)C(C(CC4)C(C5OC(=O)C(C(C5)C)C)C)(CCC3C6(C(O)(C12)CC=CC6=O)C)C		
CHEBI:175770	Etiocholanolone sulfate		C19H30O5S	370.500	S(O[C@H]1C[C@@]2([C@@](C3C(C4[C@](CC3)(C(=O)CC4)C)CC2)(CC1)C)[H])(O)(=O)=O		
CHEBI:175792	Withaphysacarpin		C28H40O7	488.621	O1[C@@]23[C@]([C@@]4([C@]([C@]5([C@@]([C@]([C@@H](O)C5)([C@@](O)([C@@]6(OC(=O)[C@@H]([C@H](C6)C)C)[H])C)[H])(CC4)C)[H])(C[C@@]12[H])[H])[H])(C)C(=O)C=C[C@@H]3O		
CHEBI:175793	2,3-Dihydrowithanolide E		C28H40O7	488.621	O1C23C(C4C(C5(O)C(C(O)(CC5)C(O)(C6OC(=O)C(=C(C6)C)C)C)(CC4)C)CC12)(C(=O)CCC3)C		
CHEBI:175794	14alpha-Hydroxyixocarpanolide		C28H40O7	488.621	O1C2C3C4(O)C(C(CC4)C(O)(C5OC(=O)C(C(C5)C)C)C)(CCC3C6(C(O)(C12)CC=CC6=O)C)C		
CHEBI:175839	Withaperuvin E		C28H36O8	500.588	O1C23C(C4C(C5(O)C(C(O)(CC5)C(O)(C6OC(=O)C(=C(C6)C)C)C)(CC4)C)CC12)(C)C(=O)C=CC3=O		
CHEBI:175884	(5alpha,6beta,14alpha,20R,22R)-5,6,14,20,27-Pentahydroxy-1-oxowith-24-enolide		C28H42O8	506.636	OC12C(C(CC1)C(O)(C3OC(=O)C(=C(C3)C)CO)C)(CCC4C2CC(O)C5(O)C4(C(=O)CCC5)C)C		
CHEBI:175960	20, 22-Dihydrodigoxigenin		C23H36O5	392.536	O[C@@]12[C@@]([C@](CC1)([C@]3(CC(OC3)=O)[H])[H])([C@H](O)C[C@]4(C2CC[C@]5([C@@]4(CC[C@H](O)C5)C)[H])[H])C		
CHEBI:176145	(14alpha,17beta,20S,22R)-14,20-Epoxy-17-hydroxy-1-oxowitha-3,5,24-trienolide		C28H36O5	452.591	O1C23C(C(O)(C1(C4OC(=O)C(=C(C4)C)C)C)CC2)(CCC5C3CC=C6C5(C)C(=O)CC=C6)C		
CHEBI:176187	28-Hydroxywithanolide E		C28H38O8	502.604	O1[C@@]23[C@]([C@@]4([C@]([C@@]5(O)[C@@]([C@@](O)(CC5)[C@@](O)([C@@]6(OC(=O)C(=C(C6)CO)C)[H])C)(CC4)C)(C[C@@]12[H])[H])[H])(C)C(=O)C=CC3		
CHEBI:176189	Withaperuvin G		C28H38O8	502.604	O1[C@@]23[C@@]([C@@]4([C@]([C@@]5(O)[C@@]([C@@](O)(CC5)[C@](O)([C@@]6(OC(=O)C(=C(C6)C)C)[H])C)(CC4)C)(C[C@@]12[H])[H])[H])(C(=O)[C@@H]7O[C@@H]7C3)C		
CHEBI:176191	4beta-Hydroxywithanolide E		C28H38O8	502.604	O1[C@@]23[C@]([C@@]4([C@]([C@@]5(O)[C@@]([C@@](O)(CC5)[C@@](O)([C@@]6(OC(=O)C(=C(C6)C)C)[H])C)(CC4)C)(C[C@@]12[H])[H])[H])(C)C(=O)C=C[C@@H]3O		
CHEBI:176192	Ixocarpalactone B		C28H38O8	502.604	O1[C@@]23[C@]([C@@]4([C@]([C@]5([C@@]([C@@]6([C@@](O[C@@]7(OC(=O)[C@@H]([C@H]7C)C)[C@@H](O)[C@@]6(O)C)(C5)[H])[H])(CC4)C)[H])(C[C@@]12[H])[H])[H])(C)C(=O)C=C[C@@H]3O		
CHEBI:176194	Withaperuvin F		C28H38O8	502.604	O1C2C3(O)C(C4C(C2)C=5C(C(O)(CC5)C(O)(C6OC(=O)C(=C(C6)C)C)C)(CC4)C)(C(=O)CC1C3O)C		
CHEBI:176249	(1alpha,3beta,20S,22R,24S,25S)-Pubescenin		C34H52O10	620.780	O1C2(CC(OC(=O)C12C)C(C3C4(C(C5C(C6(C(=CC5)CC(OC7OC(C(O)C(O)C7O)CO)CC6O)C)CC4)CC3)C)C)C		
CHEBI:176250	Physagulin D		C34H52O10	620.780	O[C@@H]1[C@@]2([C@@]3([C@]([C@]4([C@@]([C@](CC4)([C@@H]([C@@]5(OC(=O)C(=C(C5)C)CO)[H])C)[H])(CC3)C)[H])(CC=C2C[C@@H](O[C@@H]6O[C@@H]([C@@H](O)[C@H](O)[C@H]6O)CO)C1)[H])[H])C		
CHEBI:176259	Coagulin R 3-glucoside		C34H48O11	632.747	O1C23C(C(O)(C1(C4OC(=O)C(=C(C4)C)C)C)CC2)(CCC5C3CC=C6C5(C(=O)CC(OC7OC(C(O)C(O)C7O)CO)C6)C)C		
CHEBI:176893	4,4,24-trimethylcholesta-8,24(28)-dien-3beta-ol		C30H50O	426.729	C1[C@@]2(C=3CC[C@]4(C(C3CC[C@]2(C([C@H](C1)O)(C)C)[H])CC[C@@]4([C@H](C)CCC(C(C)C)=C)[H])C)C		
CHEBI:176955	Batrachotoxinin A		C24H35NO5	417.546	O1C23C4(C(CC1(O)CC4)CC=C2C56OCCN(CC5(CC3O)C(=CC6)C(O)C)C)C		
CHEBI:177554	Estra-1,3,5(10)-trien-3-yl hydrogen sulfate		C18H24O4S	336.450	S(OC1=CC2=C([C@@]3([C@]([C@]4([C@](CC3)(CCC4)C)[H])(CC2)[H])[H])C=C1)(O)(=O)=O		
CHEBI:177715	Dicirenone		C26H36O5	428.569	O1[C@@]2([C@@]3([C@]([C@]4([C@@]([C@@]5(C(C[C@H]4C(OC(C)C)=O)=CC(=O)CC5)C)(CC3)[H])[H])(CC2)[H])C)CCC1=O		
CHEBI:178025	3beta-hydroxy-lanosta-8, 24-dien-26-oate		C30H47O3	455.704	C1[C@@]2(C=3CC[C@]4([C@](C3CC[C@]2(C([C@H](C1)O)(C)C)[H])(CC[C@@]4([C@H](C)CC/C=C(\C)/C([O-])=O)[H])C)C)C		
CHEBI:178054	4-androsten-3alpha,17alpha-diol 17-sulfate		C19H30O5S	370.500	C[C@]12C(CC[C@@]3([C@@]1(CC[C@]4([C@]3(CC[C@H]4OS(=O)(=O)O)[H])C)[H])[H])=C[C@@H](CC2)O		
CHEBI:178055	4-androsten-3beta,17beta-diol 17-sulfate		C19H30O5S	370.500	C[C@]12C(CC[C@@]3([C@@]1(CC[C@]4([C@]3(CC[C@@H]4OS(=O)(=O)O)[H])C)[H])[H])=C[C@H](CC2)O		
CHEBI:178079	21-hydroxypregnenolone monosulfate		C21H32O6S	412.540	S(OCC(=O)[C@@H]1[C@@]2([C@]([C@]3([C@@]([C@@]4(C(=CC3)C[C@@H](O)CC4)C)(CC2)[H])[H])(CC1)[H])C)(O)(=O)=O		
CHEBI:178080	5alpha-pregnan-3alpha-ol,20-one sulfate		C21H34O5S	398.560	S(O[C@H]1C[C@]2([C@@]([C@@]3([C@]([C@]4([C@](CC3)([C@H](CC4)C(=O)C)C)[H])(CC2)[H])[H])(CC1)C)[H])(O)(=O)=O		
CHEBI:180497	7-keto-25-hydroxycholesterol		C27H44O3	416.646	C1[C@@]2([C@]3(CC[C@]4([C@]([C@@]3(C(C=C2C[C@H](C1)O)=O)[H])(CC[C@@]4([C@H](C)CCCC(C)(C)O)[H])[H])C)[H])C		
CHEBI:180498	7beta,25-dihydroxycholesterol		C27H46O3	418.662	C1[C@@]2([C@]3(CC[C@]4([C@]([C@@]3([C@H](C=C2C[C@H](C1)O)O)[H])(CC[C@@]4([C@H](C)CCCC(C)(C)O)[H])[H])C)[H])C		
CHEBI:180766	Physagulin E		C36H50O14	706.782	O[C@]12[C@]3([C@@]([C@@]4([C@@](O)([C@H](O)C3)CC=CC4=O)C)(CC[C@@]1(C(=C[C@@H]2OC(=O)C)[C@@H]([C@@]5(OC(=O)C(=C(C5)CO[C@@H]6O[C@@H]([C@@H](O)[C@H](O)[C@H]6O)CO)C)[H])C)C)[H])[H]		
CHEBI:180834	7-Acetoxy-6-hydroxylimonin		C28H34O10	530.570	O1C23C4(C(C56C(C(O)C4OC(=O)C)C(OC5CC(OC6)=O)(C)C)CCC2(C(OC(=O)C13)C=7C=COC7)C)C		
CHEBI:181100	5-(3,14-Dihydroxy-10,13-dimethyl-1,2,3,4,5,6,7,8,9,11,12,15,16,17-tetradecahydrocyclopenta[a]phenanthren-17-yl)pyran-2-one		C24H34O4	386.532	OC12C3C(C4(C(CC3)CC(O)CC4)C)CCC1(C(CC2)C=5C=CC(OC5)=O)C		
CHEBI:181292	(9S,14S)-10,13-Dimethylspiro[2,8,9,11,12,14,15,16-octahydro-1H-cyclopenta[a]phenanthrene-17,5'-oxolane]-2',3-dione		C22H28O3	340.463	O1C2(C3([C@](C4[C@](CC3)(C5(C(C=C4)=CC(=O)CC5)C)[H])(CC2)[H])C)CCC1=O		
CHEBI:181527	(5-Acetyloxy-9,18-dihydroxy-2,6,10-trimethyl-16-oxo-14-pyridin-3-yl-11,15-dioxatetracyclo[8.8.0.02,7.012,17]octadeca-12(17),13-dien-6-yl)methyl acetate		C29H35NO9	541.597	O1C2(C(C3(C(C(C(OC(=O)C)CC3)(COC(=O)C)C)CC2O)C)C(O)C4=C1C=C(OC4=O)C=5C=CC=NC5)C		
CHEBI:181806	3-(3,12,14-Trihydroxy-10,13-dimethyl-1,2,3,4,5,6,7,8,9,11,12,15,16,17-tetradecahydrocyclopenta[a]phenanthren-17-yl)-2H-furan-5-one		C23H34O5	390.520	OC12C3C(C4(C(CC3)CC(O)CC4)C)CC(O)C1(C(CC2)C=5COC(=O)C5)C		
CHEBI:182096	2-[1-[1-hydroxy-10,13-dimethyl-3-[3,4,5-trihydroxy-6-[[3,4,5-trihydroxy-6-(hydroxymethyl)oxan-2-yl]oxymethyl]oxan-2-yl]oxy-2,3,4,7,8,9,11,12,14,15,16,17-dodecahydro-1H-cyclopenta[a]phenanthren-17-yl]ethyl]-4,5-dimethyl-2,3-dihydropyran-6-one		C40H62O14	766.922	OC1C2(C3C(C4C(C(CC4)C(C5OC(=O)C(=C(C5)C)C)C)(CC3)C)CC=C2CC(OC6OC(C(O)C(O)C6O)COC7OC(C(O)C(O)C7O)CO)C1)C		
CHEBI:182229	2-[1-[1-hydroxy-10,13-dimethyl-3-[3,4,5-trihydroxy-6-[[3,4,5-trihydroxy-6-(hydroxymethyl)oxan-2-yl]oxymethyl]oxan-2-yl]oxy-2,3,4,7,8,9,11,12,14,15,16,17-dodecahydro-1H-cyclopenta[a]phenanthren-17-yl]ethyl]-4-(hydroxymethyl)-5-methyl-2,3-dihydropyran-6-one		C40H62O15	782.921	OC1C2(C3C(C4C(C(CC4)C(C5OC(=O)C(=C(C5)CO)C)C)(CC3)C)CC=C2CC(OC6OC(C(O)C(O)C6O)COC7OC(C(O)C(O)C7O)CO)C1)C		
CHEBI:182395	Dtxsid30925075		C21H30O8S	442.520	S(OCC(=O)[C@]1(O)C2(C(C3C(C4(C(CC3)=CC(=O)CC4)C)C(O)C2)CC1)C)(O)(=O)=O		
CHEBI:182698	methyl (E)-3-[18-acetyloxy-7-(furan-3-yl)-17-hydroxy-1,8,15,15-tetramethyl-5-oxo-3,6,14-trioxapentacyclo[9.7.0.02,4.02,8.012,16]octadecan-12-yl]prop-2-enoate		C29H36O10	544.597	O1C23C4(C(C5(C(C(O)C4OC(=O)C)C(OC5)(C)C)/C=C/C(OC)=O)CCC2(C(OC(=O)C13)C=6C=COC6)C)C		
CHEBI:182734	Hellebrigenin glucoside		C30H42O11	578.655	O[C@@]12[C@]3([C@@]([C@@]4([C@](O)(CC3)C[C@@H](O[C@@H]5O[C@@H]([C@@H](O)[C@H](O)[C@H]5O)CO)CC4)C=O)(CC[C@@]1([C@H](CC2)C=6C=CC(OC6)=O)C)[H])[H]		
CHEBI:182756	(1R,5R,6S,11S,12R,14R)-22-[(1S)-1-Hydroxyethyl]-6,16-dimethyl-10,19-dioxa-16-azahexacyclo[12.5.3.15,9.01,14.02,11.06,11]tricosa-2,21-diene-9,12-diol		C24H35NO5	417.546	O1[C@@]23[C@@]4([C@@](CC1(O)CC4)(CC=C2[C@]56OCCN(C[C@@]5(C[C@H]3O)C(=CC6)[C@@H](O)C)C)[H])C		
CHEBI:182889	Dtxsid40950237		C28H38O6	470.606	O1C2C3C4C(C(O)(CC4)C(C5OC(=O)C(=C(C5)C)C)C)(CCC3C6(C(O)(C12)CC=CC6=O)C)C		
CHEBI:182951	4alpha-Carboxy-stigmasta-7,24(24(1))-dien-3beta-ol		C30H48O3	456.711	O[C@@H]1[C@H]([C@]2([C@@]([C@@]3(C([C@]4([C@@]([C@](CC4)([C@@H](CC/C(/C(C)C)=C/C)C)[H])(CC3)C)[H])=CC2)[H])(CC1)C)[H])C(O)=O		
CHEBI:183342	(3beta,9xi)-3,14-Dihydroxycarda-5,20(22)-dienolide		C23H32O4	372.505	O[C@@]12[C@@]([C@H](CC1)C=3COC(=O)C3)(CCC4[C@]2(CC=C5[C@@]4(CC[C@H](O)C5)C)[H])C		
CHEBI:183476	Obacunoic acid		C26H32O8	472.534	O1[C@@]23[C@]4([C@@]([C@@]([C@@](CC4=O)(C(O)(C)C)[H])(C)/C=C\C(O)=O)(CC[C@]2([C@@H](OC(=O)[C@@]13[H])C=5C=COC5)C)[H])C		
CHEBI:183482	Tetrahydroaldosterone		C21H32O5	364.482	O1[C@@]2([C@]3([C@]([C@]4([C@](C2)([C@H](CC4)C(=O)CO)C1O)[H])(CC[C@]5([C@@]3(CC[C@@H](O)C5)C)[H])[H])[H])[H]		
CHEBI:183552	Physagulin C		C30H38O9	542.625	O1C2(C3(C(O)(C4C(C5(C6(OC6C4)C(O)C=CC5=O)C)CC3)C(OC(=O)C)C12)C)C(C7OC(=O)C(=C(C7)C)C)C		
CHEBI:183586	Ganosporelactone A		C30H40O7	512.643	O1C2(C3C(C4(C(C3=O)(C5=C(C6(C(CC5O)C(C(=O)CC6)(C)C)C)C(=O)C4O)C)C)C(C2)C)CC(C1=O)C		
CHEBI:183624	Physagulin B		C30H39ClO7	547.090	ClC12C(C3C(C4(O)C(CC3)(C(=CC4OC(=O)C)C(C5OC(=O)C(=C(C5)C)C)C)C)CC1O)(C)C(=O)C=CC2		
CHEBI:183967	12-deoxywithastramonolide		C28H38O6	470.606	O1[C@H]2[C@]3([C@]4([C@@]([C@](CC4)([C@@H]([C@@]5(OC(=O)C(=C(C5)C)CO)[H])C)[H])(CC[C@@]3([C@@]6([C@@](O)([C@@H]12)CC=CC6=O)C)[H])C)[H])[H]		
CHEBI:184771	17-beta-Estradiol-3,17-beta-sulfate		C18H24O8S2	432.500	S(O[C@@H]1[C@@]2([C@]([C@]3([C@](CC2)(C4=C(CC3)C=C(OS(O)(=O)=O)C=C4)[H])[H])(CC1)[H])C)(O)(=O)=O		
CHEBI:185275	Physagulin G		C36H50O15	722.781	O1C2(C3(C(O)(C(OC(=O)C)C12)C4C(CC3)C5(C(O)(C(O)C4)CC=CC5=O)C)C)C(C6OC(=O)C(=C(C6)COC7OC(C(O)C(O)C7O)CO)C)C		
CHEBI:185561	Ixocarpalactone A		C28H40O8	504.620	O1C23C(C4C(C5C(C(C(O)C5)C(O)(C(O)C6OC(=O)C(C6C)C)C)(CC4)C)CC12)(C)C(=O)C=CC3O		
CHEBI:185755	Withaperuvin B		C28H40O9	520.619	OC12C(C(O)(CC1)C(O)(C3OC(=O)C(=C(C3)C)C)C)(CCC4C2CC(O)C5(O)C4(C)C(=O)C=CC5O)C		
CHEBI:185845	Deacetylspironolactone		C22H30O3S	374.540	S[C@H]1[C@]2([C@]3([C@@]([C@@]4(OC(=O)CC4)CC3)(CC[C@@]2([C@@]5(C(C1)=CC(=O)CC5)C)[H])C)[H])[H]		
CHEBI:185901	STROPHANTHIDIN SEMICARBAZIDE		C24H35N3O6	461.559	OC12C3C(C4(C(O)(CC3)CC(O)CC4)\C=N\NC(=O)N)CCC1(C(CC2)C=5COC(=O)C5)C		
CHEBI:186211	N-Oxide abiraterone sulfate		C24H31NO5S	445.570	S(O[C@@H]1CC=2[C@@]([C@@]3([C@]([C@]4([C@](CC3)(C(=CC4)C5=C[N+]([O-])=CC=C5)C)[H])(CC2)[H])[H])(CC1)C)(O)(=O)=O		
CHEBI:186293	Withaperuvin D		C28H40O9	520.619	O1[C@@]2([C@@]3(O)[C@@]([C@@]4([C@]([C@@]5(O)[C@@]([C@@](O)(CC5)[C@@](O)([C@@]6(OC(=O)C(=C(C6)C)C)[H])C)(CC4)C)(C2)[H])[H])(C(=O)C[C@@]1([C@@H]3O)[H])C)[H]		
CHEBI:186927	15beta-Hydroxynicandrin B		C28H38O7	486.605	O1[C@H]2[C@]3([C@]4([C@@]([C@](C[C@H]4O)([C@@H](C5OC(=O)C(=C(C5)C)C)C)[H])([C@@H](O)C[C@@]3([C@@]6([C@@](O)([C@@H]12)CC=CC6=O)C)[H])C)[H])[H]		
CHEBI:187498	Nomilinic acid		C28H36O10	532.586	O1C23C4(C(C(C(CC4=O)C(O)(C)C)(C(OC(=O)C)CC(O)=O)C)CCC2(C(OC(=O)C13)C=5C=COC5)C)C		
CHEBI:187672	Minabeolide-3		C28H40O3	424.625	O1C([C@H]([C@@]2([C@@]3([C@]([C@]4([C@@]([C@@]5(C(CC4)=CC(=O)CC5)C)(CC3)[H])[H])(CC2)[H])C)[H])C)CC(=C(C1=O)C)C		
CHEBI:187762	(25S)-5alpha-cholestan-3beta,4beta,6alpha,7beta,8beta,15alpha,16beta,26-octol		C27H48O8	500.673	O[C@]12[C@]3([C@@]([C@]([C@@H](O)[C@@H]3O)([C@@H](CCC[C@@H](CO)C)C)[H])(CC[C@@]1([C@@]4([C@@]([C@@H](O)[C@H]2O)([C@@H](O)[C@@H](O)CC4)[H])C)[H])C)[H]		
CHEBI:187847	Physalolactone C		C28H37ClO7	521.050	ClC1C2(O)C(C3C(C=4C(C(O)(CC4)C(O)(C5OC(=O)C(=C(C5)C)C)C)(CC3)C)C1)(C)C(=O)C=CC2O		
CHEBI:187970	Ptilosteroid B		C21H34O7S	430.560	S(O[C@H]1C[C@@]2([C@@]3([C@]([C@]4([C@](CC3)([C@H]([C@@H](O)C4)C=C)C)[H])(CC[C@]2([C@@H](O)[C@H]1O)[H])[H])[H])C)(O)(=O)=O		
CHEBI:187984	Ptilosteroid C		C21H34O7S	430.560	S(O[C@H]1C[C@@]2([C@@]3([C@]([C@]4([C@](CC3)([C@H](C[C@H]4O)C=C)C)[H])(CC[C@]2([C@@H](O)[C@H]1O)[H])[H])[H])C)(O)(=O)=O		
CHEBI:188034	Ptilosteroid A		C21H34O8S	446.560	S(O[C@H]1C[C@@]2([C@@]3([C@]([C@]4([C@](CC3)([C@H]([C@@H](O)[C@H]4O)C=C)C)[H])(CC[C@]2([C@@H](O)[C@H]1O)[H])[H])[H])C)(O)(=O)=O		
CHEBI:188247	1-Acetyl-3,27-dihydroxywitha-5,24-dienolide 3-glucoside		C36H54O11	662.817	O(C1C2(C3C(C4C(C(CC4)C(C5OC(=O)C(=C(C5)C)CO)C)(CC3)C)CC=C2CC(OC6OC(C(O)C(O)C6O)CO)C1)C)C(=O)C		
CHEBI:188301	Physalolactone B 3-glucoside		C36H54O11	662.817	OC(C1C2(C(C3C(C4(C(=CC3)CC(OC5OC(C(O)C(O)C5O)CO)CC4OC(=O)C)C)CC2)CC1)C)(C6OC(=O)C(=C(C6)C)C)C		
CHEBI:188465	(5alpha,22S)-22-hydroxycholestan-3beta-ol		C27H48O2	404.679	[C@]12([C@]([C@]3([C@](CC1)([C@@]4([C@](C[C@H](CC4)O)(CC3)[H])C)[H])[H])(CC[C@@]2([C@@H]([C@H](CCC(C)C)O)C)[H])[H])C		
CHEBI:188495	6alpha-hydroxytyphasterol		C28H50O4	450.704	[C@@]1([C@@H]([C@H]([C@@H]([C@H](C(C)C)C)O)O)C)([H])[C@]2(CC[C@]3([C@@](C[C@@H]([C@]4(C[C@@H](CC[C@@]43C)O)[H])O)([C@@]2(CC1)[H])[H])[H])C		
CHEBI:188496	3-dehydro-6alpha-hydroxyteasterone		C28H48O4	448.688	[C@@]1([C@@H]([C@H]([C@@H]([C@H](C(C)C)C)O)O)C)([H])[C@]2(CC[C@]3([C@@](C[C@@H]([C@]4(CC(CC[C@@]43C)=O)[H])O)([C@@]2(CC1)[H])[H])[H])C		
CHEBI:188499	6alpha-hydroxyteasterone		C28H50O4	450.704	[C@@]1([C@@H]([C@H]([C@@H]([C@H](C(C)C)C)O)O)C)([H])[C@]2(CC[C@]3([C@@](C[C@@H]([C@]4(C[C@H](CC[C@@]43C)O)[H])O)([C@@]2(CC1)[H])[H])[H])C		
CHEBI:188918	7-oxoteasterone		C28H48O5	464.687	C1[C@]2([C@]3([H])COC([C@@]4([C@@]([C@]3(CC[C@@]2([C@](C1)([C@@H]([C@H]([C@@H]([C@H](C(C)C)C)O)O)C)[H])C)[H])(CC[C@@H](C4)O)C)[H])=O)[H]		
CHEBI:188985	6-deoxo-28-norteasterone		C27H48O3	420.678	C1[C@@]2([C@]3(CC[C@]4([C@]([C@@]3(CC[C@]2(C[C@H](C1)O)[H])[H])(CC[C@@]4([C@@H]([C@H]([C@@H](CC(C)C)O)O)C)[H])[H])C)[H])C		
CHEBI:188987	6alpha-hydroxy-28-norteasterone		C27H48O4	436.677	C1[C@@]2([C@]3(CC[C@]4([C@]([C@@]3(C[C@@H]([C@]2(C[C@H](C1)O)[H])O)[H])(CC[C@@]4([C@@H]([C@H]([C@@H](CC(C)C)O)O)C)[H])[H])C)[H])C		
CHEBI:188989	3-dehydro-6-deoxo-28-norteasterone		C27H46O3	418.662	C1[C@@]2([C@]3(CC[C@]4([C@]([C@@]3(CC[C@]2(CC(C1)=O)[H])[H])(CC[C@@]4([C@@H]([C@H]([C@@H](CC(C)C)O)O)C)[H])[H])C)[H])C		
CHEBI:188990	3-dehydro-6alpha-hydroxy-28-norteasterone		C27H46O4	434.661	C1[C@@]2([C@]3(CC[C@]4([C@]([C@@]3(C[C@@H]([C@]2(CC(C1)=O)[H])O)[H])(CC[C@@]4([C@@H]([C@H]([C@@H](CC(C)C)O)O)C)[H])[H])C)[H])C		
CHEBI:188991	6-dehydro-28-norteasterone		C27H44O4	432.645	C1[C@@]2([C@]3(CC[C@]4([C@]([C@@]3(CC([C@]2(CC(C1)=O)[H])=O)[H])(CC[C@@]4([C@@H]([C@H]([C@@H](CC(C)C)O)O)C)[H])[H])C)[H])C		
CHEBI:188992	6-deoxo-28-nortyphasterol		C27H48O3	420.678	C1[C@@]2([C@]3(CC[C@]4([C@]([C@@]3(CC[C@]2(C[C@@H](C1)O)[H])[H])(CC[C@@]4([C@@H]([C@H]([C@@H](CC(C)C)O)O)C)[H])[H])C)[H])C		
CHEBI:188993	6alpha-hydroxy-28-nortyphasterol		C27H48O4	436.677	C1[C@@]2([C@]3(CC[C@]4([C@]([C@@]3(C[C@@H]([C@]2(C[C@@H](C1)O)[H])O)[H])(CC[C@@]4([C@@H]([C@H]([C@@H](CC(C)C)O)O)C)[H])[H])C)[H])C		
CHEBI:188995	6-deoxo-28-norcastasterone		C27H48O4	436.677	C1[C@@]2([C@]3(CC[C@]4([C@]([C@@]3(CC[C@]2(C[C@@H]([C@@H]1O)O)[H])[H])(CC[C@@]4([C@@H]([C@H]([C@@H](CC(C)C)O)O)C)[H])[H])C)[H])C		
CHEBI:188996	6alpha-hydroxy-28-norcastasterone		C27H48O5	452.676	C1[C@@]2([C@]3(CC[C@]4([C@]([C@@]3(C[C@@H]([C@]2(C[C@@H]([C@@H]1O)O)[H])O)[H])(CC[C@@]4([C@@H]([C@H]([C@@H](CC(C)C)O)O)C)[H])[H])C)[H])C		
CHEBI:189050	20beta-dihydrocorticosterone		C21H32O4	348.483	C1[C@@]2([C@@]([C@@]3(C(C1)=CC(CC3)=O)C)([C@H](C[C@@]4([C@@](CC[C@@]24[H])([H])[C@@H](CO)O)C)O)[H])[H]		
CHEBI:189267	Awajanomycin		C17H27NO5	325.405	O1[C@]2([C@H]([C@](O)(C(=O)N[C@@H]2C)C1=O)/C=C/C(O)CCCCCCC)[H]		
CHEBI:189467	Estriol 17-sulfate		C18H24O6S	368.440	S(O[C@@H]1[C@@]2([C@]([C@]3([C@](CC2)(C4=C(CC3)C=C(O)C=C4)[H])[H])(C[C@H]1O)[H])C)(O)(=O)=O		
CHEBI:190469	17beta-estradiol 17-sulfate(1-)		C18H23O5S	351.440	[H][C@@]12CC[C@H](OS([O-])(=O)=O)[C@@]1(C)CC[C@]1([H])C3=CC=C(O)C=C3CC[C@@]21[H]		
CHEBI:190485	epitestosterone sulfate(1-)		C19H27O5S	367.480	C1C2=CC(CC[C@@]2([C@]3(CC[C@]4([C@]([C@@]3(C1)[H])(CC[C@H]4OS(=O)([O-])=O)[H])C)[H])C)=O		
CHEBI:190599	3,14-Dihydroxycarda-5,20(22)-dienolide		C23H32O4	372.505	O[C@@]12[C@@](C(CC1)C=3COC(=O)C3)(CCC4C2CC=C5[C@@]4(CC[C@H](O)C5)C)C		
CHEBI:190727	Scillipheosidin 3-[glucosyl-(1->2)-rhamnoside]		C36H52O14	708.798	OC12C(C(O)CC3C1CCC=4C3(CCC(OC5OC(C(O)C(O)C5OC6OC(C(O)C(O)C6O)CO)C)C4)C)(C(CC2)C=7C=CC(OC7)=O)C		
CHEBI:190798	Calamin		C27H36O10	520.575	O1[C@@]23[C@]4([C@@]([C@]([C@@](C(=O)C4O)(C(O)(C)C)[H])(C(O)CC(OC)=O)C)(CC[C@]2([C@@H](OC(=O)[C@@]13[H])C=5C=COC5)C)[H])C		
CHEBI:190823	Cyclocalamin		C27H34O9	502.560	O1C23C4(C(C5(C(C(=O)C4O)C(OC5CC(OC)=O)(C)C)C)CCC2(C(OC(=O)C13)C=6C=COC6)C)C		
CHEBI:191773	Deacetylnomilinic acid		C26H34O9	490.549	O1C23C4(C(C(C(CC4=O)C(O)(C)C)(C(O)CC(O)=O)C)CCC2(C(OC(=O)C13)C=5C=COC5)C)C		
CHEBI:193403	(25S)-5alpha-cholestan-3beta,6alpha,8beta,15alpha,16beat,26-hexol		C27H48O6	468.675	O[C@]12[C@]3([C@@]([C@]([C@@H](O)[C@@H]3O)([C@@H](CCC[C@@H](CO)C)C)[H])(CC[C@@]1([C@@]4([C@@]([C@@H](O)C2)(C[C@@H](O)CC4)[H])C)[H])C)[H]		
CHEBI:193908	23-Hydroxyphysalolactone		C28H39ClO9	555.060	ClC1CC2C3(O)C(C(O)(CC3)C(O)(C4OC(=O)C(=C(C4O)C)C)C)(CCC2C5(C1(O)C(O)C=CC5=O)C)C		
CHEBI:193909	Physangulide		C28H42O9	522.635	O1C23C(C4C(C5C(C(CC5)C(O)(C6OC(=O)C(O)(C(O)(C6)C)C)C)(CC4)C)CC12)(C(=O)CC(O)C3O)C		
CHEBI:194315	19-hydroxy-17-oxoandrost-5-en-3-yl sulfuric acid		C19H28O6S	384.490	C[C@@]12CC[C@]3([C@](CC=C4CC(CC[C@@]43CO)OS(O)(=O)=O)([H])[C@@]2(CCC1=O)[H])[H]		
CHEBI:194328	32-hydroxyeburicol		C31H52O2	456.755	C1[C@@]2(C=3CC[C@]4([C@](C3CC[C@]2(C([C@H](C1)O)(C)C)[H])(CC[C@@]4([C@H](C)CCC(C(C)C)=C)[H])CO)C)C		
CHEBI:194329	32-ketoeburicol		C31H50O2	454.739	C1[C@@]2(C=3CC[C@]4([C@](C3CC[C@]2(C([C@H](C1)O)(C)C)[H])(CC[C@@]4([C@H](C)CCC(C(C)C)=C)[H])C=O)C)C		
CHEBI:194330	4,4,24-trimethyl-5alpha-cholesta-8,14,24(28)-triene-3beta-ol		C30H48O	424.713	C1[C@@]2(C=3CC[C@]4(C(C3CC[C@]2(C([C@H](C1)O)(C)C)[H])=CC[C@@]4([C@H](C)CCC(C(C)C)=C)[H])C)C		
CHEBI:195166	18-hydroxydeoxycorticosterone		C21H30O4	346.467	C1[C@@]2([C@@]3([C@]([C@]4([C@](CC3)([C@H](CC4)C(CO)=O)CO)[H])(CCC2=CC(C1)=O)[H])[H])C		
CHEBI:195167	19-hydroxy-11-deoxycorticosterone		C21H30O4	346.467	C1[C@@]2([C@@]3([C@]([C@]4([C@](CC3)([C@H](CC4)C(CO)=O)C)[H])(CCC2=CC(C1)=O)[H])[H])CO		
CHEBI:195179	18-hydroxy-11-deoxycortisol		C21H30O5	362.466	C1[C@@]2([C@@]([C@@]3(C(C1)=CC(CC3)=O)C)(CC[C@@]4([C@@](CC[C@@]24[H])(O)C(CO)=O)CO)[H])[H]		
CHEBI:195624	3alpha-sulfoglycodeoxycholate(2-)		C26H41NO8S	527.670	C1[C@@]2([C@]3(C[C@@H]([C@]4([C@]([C@@]3(CC[C@@]2(C[C@@H](C1)OS(=O)(=O)[O-])[H])[H])(CC[C@@]4([C@@H](CCC(NCC([O-])=O)=O)C)[H])[H])C)O)[H])C		
CHEBI:197060	Withaperuvin C		C28H38O7	486.605	O[C@]12[C@@]([C@@](O)(CC1)[C@@](O)([C@@]3(OC(=O)C(=C(C3)C)C)[H])C)(CC[C@]4([C@]2(C[C@@H](O)C=5[C@]4(C)C(=O)C=CC5)[H])[H])C		
CHEBI:197067	Arenobufagin		C24H32O6	416.514	O[C@@]12[C@]3([C@@]([C@@]4([C@](CC3)(C[C@@H](O)CC4)[H])C)([C@H](O)C(=O)[C@@]1([C@H](CC2)C=5C=CC(OC5)=O)C)[H])[H]		
CHEBI:197716	Hexatenuin A		C34H48O7	568.751	O=C1O[C@]2(O[C@H]3[C@@H]([C@]4(CCC5=C([C@@]4(C3)C)CC[C@@H]6[C@@]5(CC[C@H](C6(C)C)OC(=O)CC(=O)O)C)C)[C@@H](C2)C)C(=C1C)C		
CHEBI:198238	Fomlactone A		C33H50O5	526.758	O=C1O[C@]2(O[C@H]3[C@]4([C@](C=5CC[C@@H]6[C@@](C5C3)(CC[C@H](C6(C)C)OC(=O)C)C)(CC[C@@H]4[C@@H](C2)C)C)C)[C@H]([C@@H]1C)C		
CHEBI:199554	Ganotropic acid		C30H44O7	516.675	O=C1C2=C([C@@]3([C@@H](O)C[C@]4([C@]3(C1)C)O[C@]5(OC(=O)C(C5)C)C[C@H]4C)C)[C@@H](O)C[C@@H]6[C@@]2(CC[C@@H](C6(C)C)O)C		
CHEBI:199770	Officimalonic acid B		C34H48O8	584.750	O=C1C2=C([C@]3(CC[C@H](C([C@@H]3C1)(C)C)OC(=O)CC(=O)O)C)C[C@@H](O)[C@]4([C@]2(CC[C@@H]4[C@@H](C[C@@H]5OC(=O)C(=C5C)C)C)C)C		
CHEBI:200476	Terretonin A		C26H32O8	472.534	O=C1C(O)=C2[C@@](CCC(C2(C)C)=O)(C)[C@@H]3[C@@]1([C@@H]4C(=O)O[C@](C(=O)OC)(C)C([C@]4(C(=C)C3)C)=O)C		
CHEBI:200830	Artabotryol A		C30H48O3	456.711	O=C1O[C@H]([C@H]([C@@H]2[C@@]3([C@@](C4=C([C@@]5(C(C([C@H](O)CC5)(C)C)CC4)C)CC3)(C)CC2)C)C)CC[C@H]1C		
CHEBI:200886	Hawaiinolide D		C22H30O5	374.477	O=C1O[C@@H]2C[C@H]3[C@@H](C(=C)CC[C@@H]3[C@@]4([C@@]2([C@@]1([C@H](OC(=O)C)CC4)C)O)C)C=C		
CHEBI:201150	15-hydroxydecaturin A		C30H35NO7	521.610	O=C1OC(C2=CN=CC=C2)=CC3=C1[C@H](O)[C@@]4(C(=CC[C@H]5[C@]4(CC[C@@]6([C@@]57CO[C@@](C6(C)C)(O)CC7)O)C)C)O3		
CHEBI:201165	Kobutimycin A		C19H25NO5	347.411	O=C(OC(/C=C\1/C=C(C)C=2C13OC3CCN2)C(OC(=O)C)C)C(C)C		
CHEBI:201437	Sonolisib		C29H35NO8	525.598	O=C1OC(C2(C3=C(C4C(C(=O)CC4)(C)CC3OC(=O)C)C(C(=C2C1=CN(CC=C)CC=C)O)=O)C)COC		
CHEBI:202425	Colobetaolactone B		C32H48O5	512.731	O=C1OC([C@H]([C@@H]2[C@@]3([C@@](C4=C([C@@]5([C@H](C([C@@H](O)CC5)(C)C)CC4)COC(=O)C)CC3)(C)CC2)C)C)CC=C1C		
CHEBI:203115	Hexagonin C		C33H48O5	524.742	O=C1OC2(O[C@H]3[C@@H]([C@]4(CCC5=C([C@@]4(C3)C)CCC6[C@@]5(CC[C@H](C6(C)C)OC(=O)C)C)C)[C@@H](C2)C)C(=C1C)C		
CHEBI:203262	Fomitopsin B		C34H48O7	568.751	O=C1O[C@]2(O[C@H]3[C@]4([C@](C=5CC[C@@H]6[C@@](C5C3)(CC[C@H](C6(C)C)OC(=O)CC(=O)O)C)(CC[C@@H]4[C@@H](C2)C)C)C)C(=C1C)C		
CHEBI:203419	Colobetaolactone I		C30H46O3	454.695	O=C1O[C@@H]([C@H]([C@@H]2[C@@]3([C@@](C4=C([C@@]5([C@H](C([C@@H](O)CC5)(C)C)CC4)C)CC3)(C)CC2)C)C)CC=C1C		
CHEBI:203422	Pyripyropene T		C29H33NO8	523.582	O=C1OC(C2=CN=CC=C2)=CC3=C1C=C4[C@]5([C@H]([C@@]([C@@H](OC(=O)C)CC5)(COC(=O)C)C)C[C@@H]([C@]4(O3)C)O)C		
CHEBI:203681	Dhilirolide K		C25H28O8	456.491	O=C1OC(C=2[C@H](O)C[C@]3(C(C2C1)=C[C@@]4(C(=O)[C@]5([C@@]3(C(=O)O[C@H]5C)C4=C)OC(=O)C)C)C)(C)C		
CHEBI:204099	Fomefficinol A		C31H48O5	500.720	O=C1O[C@]2(OC[C@@]34[C@](C5=C([C@@]6([C@H](C([C@H](O)CC6)(C)C)CC5)C)C[C@@H]3O)(CC[C@@H]4[C@@H](C2)C)C)[C@H]([C@@H]1C)C		
CHEBI:204798	Hexagonin B		C31H46O4	482.705	O=C1OC2(O[C@H]3[C@@H]([C@]4(CCC5=C([C@@]4(C3)C)CCC6[C@@]5(CC[C@H](C6(C)C)O)C)C)[C@@H](C2)C)C(=C1C)C		
CHEBI:205484	Colobetaolactone II		C30H46O4	470.694	O=C1O[C@@H]([C@H]([C@@H]2[C@@]3([C@@](C4=C([C@]5([C@H](O)C[C@H](O)C([C@@H]5CC4)(C)C)C)CC3)(C)CC2)C)C)CC=C1C		
CHEBI:205729	Terretonin B		C26H32O10	504.532	O=C1C(=O)[C@@]2([C@](O)(CC(=C)[C@]3([C@H]2C(=O)O[C@](C(=O)OC)(C)C3=O)C)[C@@]4([C@]1(O)C(C(=O)CC4)(C)C)C)C		
CHEBI:206271	Latumcidin		C10H11NO	161.204	O1C2/3C(=NCCC12)C=C\C3=C/C		
CHEBI:207730	Zythiostromolid		C20H28O4	332.440	O=C1O[C@@H]2C[C@H]3[C@H](C(=C)CC[C@@H]3[C@@]4([C@@]2([C@@]1([C@H](O)CC4)C)O)C)C=C		
CHEBI:208440	Nocarditriene		C19H27NO2	301.430	O1[C@H]2C(=NCC[C@@H]12)C(O)(C/C=C/C=C/C(=C/C=C/CC)/C)C		
CHEBI:208759	Terretonin E		C26H32O9	488.533	O=C1O[C@@H](C(=O)[C@@]2([C@]1(C(=O)OC)[C@@]3(C(=O)C(O)=C4C(C(=O)C[C@@H]([C@@]4([C@H]3CC2=C)C)O)(C)C)C)C)C		
CHEBI:209346	Terretonin C		C24H30O7	430.497	O=C1C(O)=C2[C@@](CCC(C2(C)C)=O)(C)[C@@]3([C@@]1([C@@H]4C(=O)O[C@H](C)C([C@@]4(C)C(C3)=C)=O)C)O		
CHEBI:210070	Officimalonic acid C		C34H48O9	600.749	O=C1C2=C([C@]3(CC[C@H](C([C@@H]3C1)(C)C)OC(=O)CC(=O)O)C)C[C@@H](O)[C@@]45[C@]2(CC[C@@H]4[C@@H](C[C@]6(OC5)OC(=O)[C@H]([C@@H]6C)C)C)C		
CHEBI:210131	16-O-deacetylhelvolic acid 21,16-lactone		C31H40O6	508.655	O=C1C=C[C@@]2([C@H]3[C@]([C@@]4([C@H](C5=C(C(=O)O[C@H]5C4)CCC=C(C)C)CC3)C)(C)C([C@H]([C@H]2[C@@H]1C)OC(=O)C)=O)C		
CHEBI:210134	6-O-propionyl-6,16-O-dideacetylhelvolic acid 21,16-lactone		C32H42O6	522.682	O=C1C=C[C@@]2([C@H]3[C@]([C@@]4([C@H](C5=C(C(=O)O[C@H]5C4)CCC=C(C)C)CC3)C)(C)C([C@H]([C@H]2[C@@H]1C)OC(=O)CC)=O)C		
CHEBI:210141	1,2-dihydro-6,16-O-dideacetylhelvolic acid 21,16-lactone		C29H40O5	468.634	O=C1[C@@]2([C@@]3([C@H](C4=C(C(=O)O[C@H]4C3)CCC=C(C)C)CC[C@H]2[C@]5(CCC([C@H]([C@@H]5[C@@H]1O)C)=O)C)C)C		
CHEBI:210148	1,2-dihydro-16-O-deacetylhelvolic acid 21,16-lactone		C31H42O6	510.671	O=C1[C@@]2([C@@]3([C@H](C4=C(C(=O)O[C@H]4C3)CCC=C(C)C)CC[C@H]2[C@]5(CCC([C@H]([C@@H]5[C@@H]1OC(=O)C)C)=O)C)C)C		
CHEBI:210168	24-epi-6beta,16beta-diacetoxy-25-hydroxy-3,7-dioxo-29-nordammara-1,17(20)-diene-21,24-lactone		C33H44O9	584.706	O=C/1O[C@H](C(O)(C)C)CC\C1=C\2/[C@H]3[C@]([C@]4(C(=O)[C@@H](OC(=O)C)[C@H]5[C@@H](C(=O)C=C[C@@]5([C@@H]4CC3)C)C)C)(C)C[C@@H]2OC(=O)C		
CHEBI:210228	Asperterpene M		C26H34O7	458.551	O=C1O[C@H](C(=O)[C@@]2([C@]1(C(=C)C[C@H]3[C@]4([C@@H](C(C(=O)CC4)(C)C)C(C[C@]23C)=O)C)C)C(=O)OC)C		
CHEBI:210557	Abikoviromycin		C10H11NO	161.204	O1[C@]2/3C(=NCC[C@H]12)C=C\C3=C/C		
CHEBI:210744	Astraeusin Q		C32H50O4	498.748	O=C1O[C@H]([C@H]([C@@H]2[C@@]3([C@@](C4=C([C@@]5([C@H](C([C@H](OC(=O)C)CC5)(C)C)CC4)C)CC3)(C)CC2)C)C)CC[C@H]1C		
CHEBI:211375	Penijanthoid A		C28H36O3	420.593	O=C1C=C2C=CC3=C4[C@]([C@@H](/C(=C/[C@H]5OC(=O)[C@@H]([C@@H]5C)C)/C)CC4)(C)CC[C@@H]3[C@@]2(C)CC1		
CHEBI:211381	Penijanthoid B		C28H36O3	420.593	O=C1C=C2C=CC3=C4[C@]([C@@H](/C(=C/[C@H]5OC(=O)[C@H]([C@@H]5C)C)/C)CC4)(C)CC[C@@H]3[C@@]2(C)CC1		
CHEBI:212102	Fomlactone C		C31H46O4	482.705	O=C1C([C@H]2[C@](C3=C([C@]4([C@]5([C@@H]([C@H](C)C[C@]6(O[C@@H]5C3)OC(=O)[C@H]([C@@H]6C)C)CC4)C)C)CC2)(C)CC1)(C)C		
CHEBI:212186	24-methyl-lanost-8,24-dien-23S,26-lactone		C31H46O3	466.706	O=C1C([C@H]2[C@](C3=C([C@]4([C@]([C@@H]([C@@H](C[C@@H]5OC(=O)C(=C5C)C)C)CC4)(C)CC3)C)CC2)(C)CC1)(C)C		
CHEBI:212367	Hexagonin A		C35H50O7	582.778	O=C1OC2(O[C@H]3[C@@H]([C@]4(CCC5=C([C@@]4(C3)C)CCC6[C@@]5(CC[C@H](C6(C)C)OC(=O)CC(=O)OC)C)C)[C@@H](C2)C)C(=C1C)C		
CHEBI:212674	Fomlactone B		C31H48O4	484.721	O=C1O[C@]2(O[C@H]3[C@]4([C@](C=5CC[C@@H]6[C@@](C5C3)(CC[C@H](C6(C)C)O)C)(CC[C@@H]4[C@@H](C2)C)C)C)[C@H]([C@@H]1C)C		
CHEBI:212760	Sonomolide A		C20H28O4	332.440	O=C1O[C@@H]2C[C@H]3[C@@H](C(=C)CC[C@@H]3[C@@]4([C@@]2([C@@]1([C@@H](O)CC4)C)O)C)C=C		
CHEBI:215147	Spiroganocalitone A		C30H42O6	498.660	O=C1C2=C([C@@]3([C@@H](O)C[C@]4([C@]3(C1)C)O[C@]5(OC(=O)[C@H](C5)C)C[C@H]4C)C)CC[C@@H]6[C@@]2(CCC(C6(C)C)=O)C		
CHEBI:215151	Spiroganocalitone B		C30H42O7	514.659	O=C1C2=C([C@@]3([C@@H](O)C[C@]4([C@]3(C1)C)O[C@]5(OC(=O)[C@H](C5)C)C[C@H]4C)C)[C@@H](O)C[C@@H]6[C@@]2(CCC(C6(C)C)=O)C		
CHEBI:215154	Spiroganocalitone C		C32H44O7	540.697	O=C1C2=C([C@@]3([C@@H](OC(=O)C)C[C@]4([C@]3(C1)C)O[C@]5(OC(=O)[C@H](C5)C)C[C@H]4C)C)CC[C@@H]6[C@@]2(CCC(C6(C)C)=O)C		
CHEBI:215158	Spiroganocalitone D		C32H44O8	556.696	O=C1C2=C([C@@]3([C@@H](O)C[C@]4([C@]3(C1)C)O[C@]5(OC(=O)[C@H](C5)C)C[C@H]4C)C)[C@@H](OC(=O)C)C[C@@H]6[C@@]2(CCC(C6(C)C)=O)C		
CHEBI:215330	Kobutimycin B		C20H27NO5	361.438	O=C(OC(/C=C\1/C=C(C)C=2C13OC3CCN2)C(OC(=O)C)C)C(CC)C		
CHEBI:215576	Hawaiinolide C		C20H28O4	332.440	O=C1O[C@@H]2C[C@H]3[C@@H](C(=C)CC[C@@H]3[C@@]4([C@@]2([C@@]1([C@H](O)CC4)C)O)C)C=C		
CHEBI:215739	Terreusterpene C		C26H36O9	492.565	O=C1[C@@H](O)[C@]2([C@@H](CC(=C)[C@@]3([C@H]2C(=O)OC3(O)[C@](O)(C(=O)OC)C)C)[C@]4([C@H]1C(C(=O)CC4)(C)C)C)C		
CHEBI:215755	Palustrisolide A		C38H58O8	642.874	O=C1O[C@@H](C[C@H]([C@@H]2[C@@]3([C@@](C4=C([C@@]5([C@H](C([C@H](OC(=O)C[C@@](O)(CC(=O)OC)C)CC5)(C)C)CC4)C)C[C@@H]3O)(C)CC2)C)C)C(=C1C)C		
CHEBI:215760	Palustrisolide B		C37H56O8	628.847	O=C1O[C@@H](C[C@H]([C@@H]2[C@@]3([C@@](C4=C([C@@]5([C@H](C([C@H](OC(=O)C[C@@](O)(CC(=O)O)C)CC5)(C)C)CC4)C)C[C@@H]3O)(C)CC2)C)C)C(=C1C)C		
CHEBI:215765	Palustrisolide C		C38H58O9	658.873	O=C1O[C@@H](C[C@H]([C@@H]2[C@@]3([C@@](C4=C([C@@]5([C@H](C([C@H](OC(=O)C[C@@](O)(CC(=O)OC)C)CC5)(C)C)CC4)C)C[C@@H]3O)(C)CC2)C)C)C(=C1C)CO		
CHEBI:215773	Palustrisolide D		C34H50O7	570.767	O=C1O[C@@H](C[C@H]([C@@H]2[C@@]3([C@@](C4=C([C@@]5([C@H](C([C@H](OC(=O)CC(=O)O)CC5)(C)C)CC4)C)C[C@@H]3O)(C)CC2)C)C)C(=C1C)C		
CHEBI:215779	Palustrisolide E		C37H56O8	628.847	O=C1O[C@@H](C[C@H]([C@@H]2[C@@]3([C@@](C4=C([C@@]5([C@H](C([C@@H](OC(=O)C[C@@](O)(CC(=O)O)C)CC5)(C)C)CC4)C)C[C@@H]3O)(C)CC2)C)C)C(=C1C)C		
CHEBI:215790	Palustrisolide F		C37H56O9	644.846	O=C1O[C@@H](C[C@H]([C@@H]2[C@@]3([C@@](C4=C([C@@]5([C@H](C([C@@H](OC(=O)C[C@@](O)(CC(=O)O)C)CC5)(C)C)[C@@H](C4)O)C)C[C@@H]3O)(C)CC2)C)C)C(=C1C)C		
CHEBI:215797	Palustrisolide G		C38H54O8	638.842	O=C1C2=C(C=C[C@]3([C@]2(CC[C@@H]3[C@@H](C[C@H]4OC(=O)C(=C4C)C)C)C)C)[C@]5(CC[C@H](C([C@@H]5C1)(C)C)OC(=O)C[C@@](O)(CC(=O)OC)C)C		
CHEBI:215888	Hawaiinolide A		C20H26O4	330.424	O=C1[C@]2(O)[C@@]([C@H]3CCC([C@H]([C@@H]3C1)C=C)=C)(CC[C@H]4[C@@]2(C(=O)O4)C)C		
CHEBI:216006	Fomefficinol B		C31H48O6	516.719	O=C1O[C@]2(O[C@H]3[C@]4([C@@](C(=O)C[C@@H]4[C@@H](C2)C)([C@@H]5CC[C@@H]6[C@@]([C@H]5C3)([C@H](O)C[C@@H](O)C6(C)C)C)C)C)[C@H]([C@@H]1C)C		
CHEBI:216068	(+)-(5alpha,23R,24Z)-lanosta-8,24-dien-3,7-dioxo-23,26-gamma-lactone		C30H42O4	466.662	O=C1C2=C([C@]3(CCC(C([C@@H]3C1)(C)C)=O)C)CC[C@]4([C@]2(CC[C@@H]4[C@@H](C[C@H]5OC(=O)C(=C5)C)C)C)C		
CHEBI:216070	1,7,11-trideacetyl-pyripyropene A		C25H31NO7	457.523	O=C1OC(C2=CN=CC=C2)=CC3=C1[C@H](O)[C@@H]4[C@@]5([C@H]([C@@]([C@@H](O)CC5)(CO)C)C[C@@H]([C@]4(O3)C)O)C		
CHEBI:216199	Terretonin N		C26H38O7	462.583	O=C1O[C@H](C(=O)[C@]2([C@H]1[C@@]3([C@H]([C@]4([C@@H](C([C@@H](OC(=O)C)CC4)(C)C)[C@H](C3)O)C)[C@@H](C2=C)O)C)C)C		
CHEBI:216424	(17S,23S)-17,23-epoxy-3beta,15alpha-dihydroxy-11-oxo-5alpha-lanosta-8-en-26,23-olide		C30H44O6	500.676	O=C1C2=C([C@@]3([C@@H](O)C[C@]4([C@]3(C1)C)O[C@]5(OC(=O)[C@@H](C5)C)C[C@H]4C)C)CC[C@@H]6[C@@]2(CC[C@@H](C6(C)C)O)C		
CHEBI:216429	(17S,23S)-17,23-epoxy-3beta,15alpha-dihydroxy-7,11-dioxo-5alpha-lanosta-8-en-26,23-olide		C30H42O7	514.659	O=C1C2=C(C(=O)C[C@@H]3[C@@]2(CC[C@@H](C3(C)C)O)C)[C@@]4([C@@H](O)C[C@]5([C@]4(C1)C)O[C@]6(OC(=O)[C@@H](C6)C)C[C@H]5C)C		
CHEBI:216435	(17S,23S)-17,23-epoxy-3beta,7beta-dihydroxy-11,15-dioxo-5alpha-lanosta-8-en-26,23-olide		C30H42O7	514.659	O=C1C2=C([C@@]3(C(=O)C[C@]4([C@]3(C1)C)O[C@]5(OC(=O)[C@H](C5)C)C[C@H]4C)C)[C@@H](O)C[C@@H]6[C@@]2(CC[C@@H](C6(C)C)O)C		
CHEBI:216446	(17S,23S)-17,23-epoxy-3beta-hydroxy-7,11,15-trioxo-5alpha-lanosta-8-en-26,23-olide		C30H40O7	512.643	O=C1C2=C(C(=O)C[C@@H]3[C@@]2(CC[C@@H](C3(C)C)O)C)[C@@]4(C(=O)C[C@]5([C@]4(C1)C)O[C@]6(OC(=O)[C@@H](C6)C)CC5C)C		
CHEBI:216743	Lepiotaprocerin K		C32H42O6	522.682	O=C1C=C[C@@]2(C=3C(=O)C[C@@]4([C@@H]([C@@H](C[C@@H]5OC(=O)C(=C5)C)C)[C@H](C[C@]4(C3CC[C@H]2C1(C)C)C)OC(=O)C)C)C		
CHEBI:216748	Lepiotaprocerin L		C32H42O6	522.682	O=C1C=C[C@@]2(C=3C(=O)C[C@@]4([C@@H]([C@@H](C[C@H]5OC(=O)C(=C5)C)C)[C@H](C[C@]4(C3CC[C@H]2C1(C)C)C)OC(=O)C)C)C		
CHEBI:216764	Lepiotaprocerin C		C30H38O5	478.629	O=C1C=C2O[C@@H]3C[C@@]4([C@H]5[C@@H](C[C@]6(OC(=O)C(=C6)C)O[C@H]5C[C@]4(C7=C3[C@]2(C)[C@H](C1(C)C)CC7)C)C)C		
CHEBI:216776	Lepiotaprocerin E		C32H42O6	522.682	O=C1C=C2O[C@@H]3C[C@@]4([C@H]([C@@H](OC(=O)C)C[C@]4(C5=C3[C@]2(C)[C@H](C1(C)C)CC5)C)[C@@H](C[C@@H]6OC(=O)C(=C6)C)C)C		
CHEBI:216783	Lepiotaprocerin F		C32H42O6	522.682	O=C1C=C2O[C@@H]3C[C@@]4([C@H]([C@@H](OC(=O)C)C[C@]4(C5=C3[C@]2(C)[C@H](C1(C)C)CC5)C)[C@@H](C[C@H]6OC(=O)C(=C6)C)C)C		
CHEBI:216789	Lepiotaprocerin G		C30H38O5	478.629	O=C1C=C[C@@]2(C=3C(=O)C[C@@]4([C@H]5[C@@H](C[C@@]6(O[C@H]5C[C@]4(C3CC[C@H]2C1(C)C)C)OC(=O)C(=C6)C)C)C)C		
CHEBI:217184	Terreustoxin L		C26H36O7	460.567	O=C1O[C@@H](C(=O)[C@@]2([C@]1(C(=C)C[C@H]3[C@]4([C@@H](C(C(=O)CC4)(C)C)[C@H](C[C@]23C)O)C)C)C(=O)OC)C		
CHEBI:217371	Colobetaolactone III		C31H46O4	482.705	O=C1O[C@@H]([C@H]([C@@H]2[C@@]3([C@@](C4=C([C@]56[C@H](O[C@H](C([C@@H]5CC4)(C)C)CC6)OC)CC3)(C)CC2)C)C)CC=C1C		
CHEBI:217411	Aspermeroterpene B		C28H32O10	528.554	O=C1O[C@@H](C(=O)[C@@]2([C@]1(C(=C)[C@@H](OC(=O)C)[C@H]3[C@]4(C(C(C(=O)C=C4)(C)C)=C(C([C@]23C)=O)O)C)C)C(=O)OC)C		
CHEBI:217417	Aspermeroterpene C		C28H34O10	530.570	O=C1O[C@@H](C(=O)[C@@]2([C@]1(C(=C)[C@@H](OC(=O)C)[C@H]3[C@]4(C(C(C(=O)CC4)(C)C)=C(C([C@]23C)=O)O)C)C)C(=O)OC)C		
CHEBI:217515	Fomitopsin E		C34H50O7	570.767	O=C1O[C@]2(O[C@H]3[C@]4([C@](C=5CC[C@@H]6[C@@](C5C3)(CC[C@H](C6(C)C)OC(=O)CC(=O)O)C)(CC[C@@H]4[C@@H](C2)C)C)C)[C@H]([C@@H]1C)C		
CHEBI:217518	Fomitopsin F		C34H50O7	570.767	O=C1O[C@@]2(O[C@H]3[C@]4([C@](C=5CC[C@@H]6[C@@](C5C3)(CC[C@H](C6(C)C)OC(=O)CC(=O)O)C)(CC[C@@H]4[C@@H](C2)C)C)C)[C@H]([C@@H]1C)C		
CHEBI:218617	7-deacetylpyripyropene A		C29H35NO9	541.597	O=C1OC(C2=CN=CC=C2)=CC3=C1[C@H](O)[C@@H]4[C@@]5([C@H]([C@@]([C@@H](OC(=O)C)CC5)(COC(=O)C)C)C[C@@H]([C@]4(O3)C)O)C		
CHEBI:220467	Wortmannine E		C21H25NO7	403.431	O=C/1O[C@@H]([C@@]2(C3=C(C4[C@](C(=O)CC4)(C)C[C@H]3O)C(C(=C2\C1=C/N)O)=O)C)COC		
CHEBI:220498	Fomefficinin		C36H54O9	630.819	O=C1O[C@]2(OC[C@]34[C@@](C(=O)C[C@@H]3[C@@H](C2)C)([C@H]5[C@@](OCC)([C@@]6([C@H](C([C@H](OC(=O)CC(=O)O)CC6)(C)C)CC5)C)CC4)C)[C@H]([C@@H]1C)C		
CHEBI:220931	Terretonin M		C26H38O6	446.584	O=C1O[C@H](C(=O)[C@]2([C@H]1[C@@]3([C@H]([C@]4([C@@H](C([C@@H](OC(=O)C)CC4)(C)C)CC3)C)[C@@H](C2=C)O)C)C)C		
CHEBI:221640	Hexagonin D		C31H44O5	496.688	O=C1OC2(O[C@H]3[C@@H]([C@]4(CCC5=C([C@@]4(C3)C)CCC6[C@@]5(CC[C@H]([C@]6(C=O)C)O)C)C)[C@@H](C2)C)C(=C1C)C		
CHEBI:221979	Terretonin F		C26H30O8	470.518	O=C1O[C@@H](C(=O)[C@@]2([C@]1(C(=O)OC)[C@@]3(C(=O)C(O)=C4C(C(=O)C=C[C@@]4([C@H]3CC2=C)C)(C)C)C)C)C		
CHEBI:222162	Hexatenuin B		C31H44O4	480.689	O=C1O[C@]2(O[C@H]3[C@@H]([C@]4(CC=C5C([C@@]4(C3)C)=CC[C@@H]6[C@@]5(CC[C@H](C6(C)C)O)C)C)[C@@H](C2)C)C(=C1C)C		
CHEBI:223571	Ganodermalactone Q		C32H48O6	528.730	O=C1O[C@@H]([C@@H](O)C=C1C)[C@H]([C@@H]2[C@@]3([C@@](C4=C([C@@]5([C@H](C([C@@H](O)CC5)(C)C)CC4)COC(=O)C)CC3)(C)CC2)C)C		
CHEBI:223576	Ganodermalactone R		C32H46O5	510.715	O=C1O[C@H]([C@H]([C@@H]2[C@@]3([C@@](C4=C([C@@]5([C@H](C(C(=O)CC5)(C)C)CC4)COC(=O)C)CC3)(C)CC2)C)C)CC=C1C		
CHEBI:223580	Ganodermalactone S		C30H46O4	470.694	O=C1O[C@@H]([C@@H](O)C=C1C)[C@H]([C@@H]2[C@@]3([C@@](C4=C([C@@]5([C@H](C([C@@H](O)CC5)(C)C)CC4)C)CC3)(C)CC2)C)C		
CHEBI:224962	Astrakurkurone		C31H50O3	470.738	O=C1O[C@@]([C@H]([C@@H]2[C@@]3([C@@](C4=C([C@@]5([C@H](C([C@@H](O)CC5)(C)C)CC4)C)CC3)(C)CC2)C)C)(CC[C@@H]1C)C		
CHEBI:225188	Gibbosicolid A		C30H40O6	496.644	O=C1C=C2[C@@]3([C@H](C(C(=O)CC3)(C)C)C[C@@H]4[C@]2(O4)[C@]5([C@]1([C@@H](/C(=C/[C@H]6OC(=O)[C@H](C6)C)/C)C[C@@H]5O)C)C)C		
CHEBI:225193	Gibbosicolid B		C30H40O6	496.644	O=C1C=C2[C@@]3([C@H](C(C(=O)CC3)(C)C)C[C@@H]4[C@]2(O4)[C@]5([C@]1([C@@H](/C(=C/[C@@H]6OC(=O)[C@H](C6)C)/C)C[C@@H]5O)C)C)C		
CHEBI:225196	Gibbosicolid C		C30H40O6	496.644	O=C1C=C2[C@@]3([C@H](C(C(=O)CC3)(C)C)C[C@@H]4[C@]2(O4)[C@]5([C@]1([C@@H](C(=C[C@H]6OC(=O)[C@H](C6)C)C)C[C@H]5O)C)C)C		
CHEBI:225201	Gibbosicolid D		C30H40O6	496.644	O=C1C=C2[C@@]3([C@H](C(C(=O)CC3)(C)C)C[C@@H]4[C@]2(O4)[C@]5([C@]1([C@@H](C(=C[C@@H]6OC(=O)[C@H](C6)C)C)C[C@H]5O)C)C)C		
CHEBI:225665	Fomitopsin C		C34H50O7	570.767	O=C1O[C@]2(O[C@H]3[C@]4([C@](C=5CC[C@@H]6[C@@](C5C3)(CC[C@H](C6(C)C)OC(=O)CC(=O)O)C)(CC[C@@H]4[C@@H](C2)C)C)C)[C@@H]([C@H]1C)C		
CHEBI:225941	Irpexolide A		C31H44O7	528.686	O=C1O[C@@]2(O[C@@H]3[C@@H]([C@]4(CC=C5C([C@@]4(C3)C)=C[C@@H](O)[C@]6([C@@]5([C@H](O)C[C@H](C6(C)C)O)C)O)C)[C@@H](C2)C)C(=C1C)C		
CHEBI:226728	Ganodermalactone W		C30H42O4	466.662	O=C1O[C@H]([C@H]([C@@H]2[C@@]3([C@@](C4=C([C@]56C(=O)O[C@@H](C([C@@H]5CC4)(C)C)CC6)CC3)(C)CC2)C)C)CC=C1C		
CHEBI:226734	Ganodermalactone X		C30H44O3	452.679	O=C1O[C@H]([C@H]([C@@H]2[C@@]3([C@@](C4=C([C@@]5([C@H](C(C(=O)CC5)(C)C)CC4)C)CC3)(C)CC2)C)C)CC=C1C		
CHEBI:227384	Applanlactone A		C30H42O8	530.658	O=C1C=C2[C@@](O)(C(=O)C[C@@H]3[C@@]2(CCC(C3(C)C)=O)C)[C@]4([C@]1([C@@H]([C@@](O)(C[C@H]5OC(=O)[C@H](C5)C)C)C[C@H]4O)C)C		
CHEBI:227701	Terreustoxin E		C26H34O8	474.550	O=C1O[C@@H](C(=O)[C@@]2([C@]1(C(=C)C[C@H]3[C@]4([C@@H](C(C(=O)CC4)(C)C)C([C@H]([C@]23C)O)=O)C)C)C(=O)OC)C		
CHEBI:227707	Terreustoxin F		C26H34O8	474.550	O=C1O[C@H](C(=O)[C@@]2([C@]1(C(=C)C[C@H]3[C@]4([C@@H](C(C(=O)CC4)(C)C)C([C@H]([C@]23C)O)=O)C)C)C(=O)OC)C		
CHEBI:227717	Terreustoxin H		C24H32O6	416.514	O=C1O[C@H](C(=O)[C@]2([C@H]1[C@]3(C(=O)[C@H](O)[C@@H]4C(C(=O)CC[C@]4([C@@H]3CC2=C)C)(C)C)C)C)C		
CHEBI:227722	Terreustoxin I		C26H30O8	470.518	O=C1C(O)=C2[C@](CCC(C2(C)C)=O)(C)C=3[C@]1([C@H]4C(=O)O[C@@](C(=O)OC)(C)C([C@]4(C)C(C3)=C)=O)C		
CHEBI:227737	Terreustoxin A		C26H36O8	476.566	O=C1[C@](OC(=O)[C@H]2[C@]1(C(=C)C[C@H]3[C@]4([C@@H](C(C(=O)CC4)(C)C)[C@H]([C@H]([C@]23C)O)O)C)C)(C(=O)OC)C		
CHEBI:227741	Terreustoxin B		C26H36O8	476.566	O=C1[C@](OC(=O)[C@@H]2[C@]1(C(=C)C[C@H]3[C@]4([C@@H](C(C(=O)CC4)(C)C)[C@H]([C@H]([C@]23C)O)O)C)C)(C(=O)OC)C		
CHEBI:227746	Terreustoxin C		C24H34O6	418.530	O=C1O[C@H](C(=O)[C@]2([C@H]1[C@]3([C@H](O)[C@H](O)[C@@H]4C(C(=O)CC[C@]4([C@@H]3CC2=C)C)(C)C)C)C)C		
CHEBI:227785	Antrolactone A		C31H42O7	526.670	O=C1C([C@H]2[C@](C=3C([C@]4([C@]5([C@@H]([C@](O)(C)C[C@@]6(O[C@@H]5C3)OC(=O)C(=C6C)C)C[C@@H]4O)C)C)=CC2)(C)C[C@H]1O)(C)C		
CHEBI:227790	Antrolactone B		C31H42O7	526.670	O=C1[C@H](O)C([C@@H]2CC=C3C([C@]2(C1)C)=C[C@H]4O[C@@]5(OC(=O)C(=C5C)C)C[C@@]([C@@H]6[C@@]4([C@]3([C@@H](O)C6)C)C)(O)C)(C)C		
CHEBI:227873	Ganodermalactone E		C30H46O4	470.694	O=C1O[C@H]([C@H]([C@@H]2[C@@]3([C@@](C4=C([C@@]5([C@H](C([C@@H](O)CC5)(C)C)CC4)CO)CC3)(C)CC2)C)C)CC=C1C		
CHEBI:228069	Aperterpene O		C26H32O10	504.532	O=C1C(=O)[C@]2([C@@](O)(CC(=C)[C@@]3([C@@H]2C(=O)O[C@@](C(=O)OC)(C)C3=O)C)[C@]4([C@@]1(O)C(C(=O)CC4)(C)C)C)C		
CHEBI:229072	Bufotalin 3-succinoylarginine ester		C36H52N4O10	700.830	OC12C3C(C4(C(CC3)CC(OC(=O)CCC(=O)NC(CCCN=C(N)N)C(O)=O)CC4)C)CCC1(C(C(OC(=O)C)C2)C=5C=CC(OC5)=O)C		
CHEBI:229087	Coroglaucigenin		C23H34O5	390.520	O[C@@]12[C@]3([C@@]([C@@]4([C@@](CC3)(C[C@@H](O)CC4)[H])CO)(CC[C@@]1([C@H](CC2)C=5COC(=O)C5)C)[H])[H]		
CHEBI:229093	Daturilinol		C28H38O5	454.607	O1CC(C2[C@@]3(C(C4C(CC3)[C@@]5(C(=CC4)CC=CC5=O)C)CC2)C)[C@]6(OC(=O)C([C@@]1(C6)C)CO)[H]		
CHEBI:229791	5beta-hydroxybufotalin		C26H36O7	460.567	O[C@@]12[C@H]3[C@@H]([C@@]4([C@](O)(CC3)C[C@@H](O)CC4)C)CC[C@@]1([C@H]([C@@H](OC(=O)C)C2)C=5C=CC(OC5)=O)C		
CHEBI:229842	physalolactone		C28H39ClO8	539.060	ClC1CC2C3(O)C(C(O)(CC3)C(O)(C4OC(=O)C(=C(C4)C)C)C)(CCC2C5(C1(O)C(O)C=CC5=O)C)C		
CHEBI:229934	(2beta,3beta,5beta)-2,3-diacetoxy-5,14-dihydroxy-19-oxobufa-20,22-dienolide		C28H36O9	516.587	C1[C@@H]([C@@H](C[C@@]2([C@]1([C@@H]3[C@@H](CC2)[C@]4(CC[C@@H]([C@]4(CC3)C)C5=COC(C=C5)=O)O)C=O)O)OC(=O)C)OC(=O)C		
CHEBI:230004	4-Androsten-17.beta.-ol-3-one sulfate		C19H28O5S	368.490	S(O[C@@H]1[C@@]2(C(C3C([C@@]4(C(CC3)=CC(=O)CC4)C)CC2)CC1)C)(O)(=O)=O		
CHEBI:230006	5.alpha.-Pregnan-3.alpha.,17-diol-20-one 3-sulfate		C21H34O6S	414.560	S(O[C@H]1C[C@]2([C@@]([C@@]3([C@]([C@]4([C@](CC3)([C@](O)(CC4)C(=O)C)C)[H])(CC2)[H])[H])(CC1)C)[H])(O)(=O)=O		
CHEBI:231321	(22E,24R)-6alpha-methoxy-7alpha,15beta-dihydroxyergosta-4,8(14),22-triene-3-one		C29H44O4	456.667	C1[C@]2(C(=CC(C1)=O)[C@H]([C@H](C=3[C@@H]2CC[C@]4(C3[C@@H](C[C@@H]4[C@@H](/C=C/[C@@H](C(C)C)C)C)O)C)O)OC)C		
CHEBI:231322	(22E,24R)-5alpha,6alpha-epoxy3beta,7alpha,14beta-trihydroxy-ergosta-8,22,dien-15-one		C28H42O5	458.639	C1[C@]2([C@]3(C[C@H](C1)O)[C@H]([C@H](C4=C2CC[C@]5([C@@]4(C(C[C@@H]5[C@@H](/C=C/[C@@H](C(C)C)C)C)=O)O)C)O)O3)C		
CHEBI:231685	Withanone		C28H38O6	470.606	O1[C@H]2[C@]3([C@]4([C@@]([C@](O)(CC4)[C@@H]([C@@]5(OC(=O)C(=C(C5)C)C)[H])C)(CC[C@@]3([C@@]6([C@@](O[H])([C@@H]12)CC=CC6=O)C)[H])C)[H])[H]		
CHEBI:231687	Withanoside V		C40H62O14	766.922	O[C@@H]1[C@@]2([C@@]3([C@]([C@]4([C@@]([C@](CC4)([C@@H]([C@@]5(OC(=O)C(=C(C5)C)C)[H])C)[H])(CC3)C)[H])(CC=C2C[C@@H](O[C@@H]6O[C@@H]([C@@H](O)[C@H](O)[C@H]6O)CO[C@@H]7O[C@@H]([C@@H](O)[C@H](O)[C@H]7O)CO)C1)[H])[H])C		
CHEBI:231688	Withanoside IV		C40H62O15	782.921	O[C@@H]1[C@@]2([C@@]3([C@]([C@]4([C@@]([C@](CC4)([C@@H]([C@@]5(OC(=O)C(=C(C5)C)CO)[H])C)[H])(CC3)C)[H])(CC=C2C[C@@H](O[C@@H]6O[C@@H]([C@@H](O)[C@H](O)[C@H]6O)CO[C@@H]7O[C@@H]([C@@H](O)[C@H](O)[C@H]7O)CO)C1)[H])[H])C		
CHEBI:232564	4-Androsten-3beta,17beta-diol 3-sulfate		C19H30O5S	370.500	C[C@]12C(CC[C@@]3([C@@]1(CC[C@]4([C@]3(CC[C@@H]4O)[H])C)[H])[H])=C[C@H](CC2)OS(O)(=O)=O		
CHEBI:232565	4-Androsten-3alpha,17alpha-diol 3-sulphate		C19H30O5S	370.500	S(=O)(=O)(O)O[C@H]1C=C2CC[C@]3([C@@]4(CC[C@H]([C@@]4(C)CC[C@@]3([C@]2(CC1)C)[H])O)[H])[H]		
CHEBI:232945	2,25-dideoxy-3-dehydroecdysone		C27H42O4	430.629	C1C(C[C@@]2([C@](C1)([C@@]3(C(=CC2=O)[C@]4(O)CC[C@@]([C@]4(CC3)C)([C@@H]([C@@H](CCC(C)C)O)C)[H])[H])C)[H])=O		
CHEBI:2497	Adynerin		C30H44O7	516.667	CO[C@@H]1C[C@H](O[C@H]2CC[C@@]3(C)[C@H](CC[C@@]45O[C@@]44CC[C@H](C6=CC(=O)OC6)[C@@]4(C)CC[C@H]35)C2)O[C@H](C)[C@@H]1O		
CHEBI:2867	Asclepin		C31H42O10	574.660	C[C@@H]1C[C@H](OC(C)=O)[C@]2(O)O[C@@H]3C[C@@]4(C=O)[C@@H](CC[C@@H]5[C@@H]4CC[C@]4(C)[C@H](CC[C@]54O)C4=CC(=O)OC4)C[C@H]3O[C@@H]2O1		
CHEBI:2878	Aspecioside		C29H42O10	550.639	C[C@H]1O[C@@H](O[C@H]2CC[C@@]3(C)[C@@H](C[C@@H]4O[C@]44[C@@H]3C[C@@H](O)[C@]3(C)[C@H](CC[C@]43O)C3=CC(=O)OC3)C2)[C@H](O)[C@H](O)[C@@H]1O		
CHEBI:3115	Bipindoside		C29H44O10	552.661	C[C@@H]1O[C@@H](O[C@H]2CC[C@]3(C)[C@H]4[C@H](O)C[C@]5(C)[C@H](CC[C@]5(O)[C@@H]4CC[C@]3(O)C2)C2=CC(=O)OC2)[C@H](O)[C@H](O)[C@@H]1O		
CHEBI:3299	Calactin		C29H40O9	532.624	C[C@@H]1C[C@@H](O)[C@]2(O)O[C@@H]3C[C@@]4(C=O)[C@@H](CC[C@@H]5[C@@H]4CC[C@]4(C)[C@H](CC[C@]54O)C4=CC(=O)OC4)C[C@H]3O[C@@H]2O1		
CHEBI:3329	Calotropin		C29H40O9	532.624	C[C@@H]1C[C@H](O)[C@]2(O)O[C@@H]3C[C@@]4(C=O)[C@@H](CC[C@@H]5[C@@H]4CC[C@]4(C)[C@H](CC[C@]54O)C4=CC(=O)OC4)C[C@H]3O[C@@H]2O1		
CHEBI:3555	Cerbertin		C32H44O11	604.686	CO[C@@H]1[C@@H](O)[C@H](C)O[C@@H](O[C@H]2CC[C@@]3(C=O)[C@H](CC[C@@H]4[C@@H]3[C@@H]3O[C@@H]3[C@]3(C)[C@H](CC[C@]43O)C3=CC(=O)OC3)C2)[C@H]1OC(C)=O		
CHEBI:4037	Cymarin		C30H44O9	548.666	CO[C@H]1C[C@H](O[C@H]2CC[C@]3(C=O)[C@H]4CC[C@]5(C)[C@H](CC[C@]5(O)[C@@H]4CC[C@]3(O)C2)C2=CC(=O)OC2)O[C@H](C)[C@H]1O		
CHEBI:4668	Divaricoside		C30H46O8	534.683	CO[C@H]1C[C@H](O[C@H]2CC[C@@]3(C)[C@H](CC[C@@H]4[C@@H]3[C@H](O)C[C@]3(C)[C@H](CC[C@]43O)C3=CC(=O)OC3)C2)O[C@@H](C)[C@@H]1O		
CHEBI:4669	Divostroside		C30H46O8	534.683	CO[C@H]1C[C@H](O[C@H]2CC[C@@]3(C)[C@H](CC[C@@H]4[C@@H]3[C@H](O)C[C@]3(C)[C@H](CC[C@]43O)C3=CC(=O)OC3)C2)O[C@@H](C)[C@H]1O		
CHEBI:4830	Eriocarpin		C29H38O11	562.607	C[C@@H]1C[C@@H](O)[C@]2(O)O[C@@H]3C[C@@]4(C)[C@@H](C[C@@H]5O[C@]55[C@@H]4[C@H](O)C(=O)[C@]4(C)[C@H](CC[C@]54O)C4=CC(=O)OC4)C[C@H]3O[C@@H]2O1		
CHEBI:6345	Labriformidin		C29H36O11	560.591	C[C@@H]1CC(=O)[C@]2(O)O[C@@H]3C[C@@]4(C)[C@@H](C[C@@H]5O[C@]55[C@@H]4[C@H](O)C(=O)[C@]4(C)[C@H](CC[C@]54O)C4=CC(=O)OC4)C[C@H]3O[C@@H]2O1		
CHEBI:6346	Labriformin		C31H39NO10S	617.709	C[C@@H]1CC2(SCC=N2)[C@]2(O)O[C@@H]3C[C@@]4(C)[C@@H](C[C@@H]5O[C@]55[C@@H]4[C@H](O)C(=O)[C@]4(C)[C@H](CC[C@]54O)C4=CC(=O)OC4)C[C@H]3O[C@@H]2O1		
CHEBI:7029	Musaroside		C30H44O10	564.666	CO[C@H]1[C@@H](O)[C@@H](C)O[C@@H](O[C@H]2CC[C@@]3(C)[C@H](CC[C@@H]4[C@@H]3C(=O)[C@@H](O)[C@]3(C)[C@H](CC[C@]43O)C3=CC(=O)OC3)C2)[C@@H]1O		
CHEBI:9032	Sarmentoloside		C29H44O11	568.654	C[C@@H]1O[C@@H](O[C@H]2CC[C@]3(CO)[C@H]4[C@H](O)C[C@]5(C)[C@H](CC[C@]5(O)[C@@H]4CC[C@]3(O)C2)C2=CC(=O)OC2)[C@H](O)[C@H](O)[C@@H]1O		
CHEBI:9913	Uscharidin		C29H38O9	530.608	C[C@@H]1CC(=O)[C@]2(O)O[C@@H]3C[C@@]4(C=O)[C@@H](CC[C@@H]5[C@@H]4CC[C@]4(C)[C@H](CC[C@]54O)C4=CC(=O)OC4)C[C@H]3O[C@@H]2O1		
CHEBI:9958	Vernadigin		C30H44O10	564.666	CO[C@@H]1C[C@H](O[C@H]2CC[C@]3(C=O)[C@H]4CC[C@]5(C)[C@H]([C@@H](O)C[C@]5(O)[C@@H]4CC[C@]3(O)C2)C2=CC(=O)OC2)O[C@H](C)[C@@H]1O		
CHEBI:10214	alpha-Antiarin		C29H42O11	566.638	C[C@H]1O[C@@H](O[C@H]2CC[C@]3(C=O)[C@H]4C[C@@H](O)[C@]5(C)[C@H](CC[C@]5(O)[C@@H]4CC[C@]3(O)C2)C2=CC(=O)OC2)[C@H](O)[C@H](O)[C@H]1O		
CHEBI:10582	k-Strophanthoside		C42H64O19	872.948	CO[C@H]1C[C@H](O[C@H]2CC[C@]3(C=O)[C@H]4CC[C@]5(C)[C@H](CC[C@]5(O)[C@@H]4CC[C@]3(O)C2)C2=CC(=O)OC2)O[C@H](C)[C@H]1O[C@@H]1O[C@H](CO)[C@@H](O[C@@H]2O[C@H](CO)[C@@H](O)[C@H](O)[C@H]2O)[C@H](O)[C@H]1O		
CHEBI:70300	Camphoratin A, (rel)-		C29H44O6	488.65610	[H][C@@]1(CC[C@@]2([H])C3=C(C(=O)[C@H](O)[C@]12C)[C@@]1(C)CC[C@@H](O)[C@@H](C)[C@]1([H])C[C@@H]3O)[C@H](C)CCC(=C)C(C)C(O)=O		
CHEBI:70304	Camphoratin E		C30H44O5	484.66740	[H][C@@]1(CC[C@@]2([H])C3=C(C(=O)C[C@]12C)[C@@]1(C)CC[C@@H](O)[C@@H](C)[C@]1([H])CC3=O)[C@H](C)CCC(=C)C(C)C(=O)OC		
CHEBI:70305	Camphoratin F		C30H44O5	484.66740	[H][C@@]1(CC[C@@]2([H])C3=C(C(=O)C[C@]12C)[C@@]1(C)CCC(=O)[C@@H](C)[C@]1([H])C[C@@H]3O)[C@H](C)CCC(=C)C(C)C(=O)OC		
CHEBI:70306	Camphoratin G		C29H42O5	470.64080	[H][C@@]1(CC[C@@]2([H])C3=C(C(=O)C[C@]12C)[C@@]1(C)CCC(=O)[C@@H](C)[C@]1([H])C[C@H]3O)[C@H](C)CCC(=C)C(C)C(O)=O		
CHEBI:70312	antcin C		C29H42O5	470.64080	[H][C@@]1(CC[C@@]2([H])C3=C(C(=O)C[C@]12C)[C@@]1(C)CCC(=O)[C@@H](C)[C@]1([H])C[C@@H]3O)[C@H](C)CCC(=C)[C@H](C)C(O)=O		
CHEBI:70313	antcin K		C29H44O6	488.65610	[H][C@@]1(CC[C@@]2([H])C3=C(C(=O)C[C@]12C)[C@@]1(C)CC[C@@H](O)[C@](C)(O)[C@]1([H])C[C@@H]3O)[C@H](C)CCC(=C)C(C)C(O)=O		
CHEBI:80723	Meliantriol		C30H50O5	490.71500	CC(C)(O)[C@@H](O)[C@@H]1O[C@@H](O)C[C@@H]1C1CC[C@]2(C)C3=CC[C@H]4C(C)(C)[C@@H](O)CC[C@]4(C)[C@H]3CC[C@@]12C		
CHEBI:80753	k-Strophanthin-beta		C36H54O14	710.80560	CO[C@H]1C[C@H](O[C@H]2CC[C@]3(C=O)[C@H]4CC[C@]5(C)[C@H](CC[C@]5(O)[C@@H]4CC[C@]3(O)C2)C2=CC(=O)OC2)O[C@H](C)[C@H]1O[C@@H]1O[C@H](CO)[C@@H](O)[C@H](O)[C@H]1O		
CHEBI:80765	Squalamine		C34H65N3O5S	627.96200	CC(C)[C@@H](CC[C@@H](C)[C@H]1CC[C@H]2[C@@H]3[C@H](O)C[C@H]4C[C@H](CC[C@]4(C)[C@H]3CC[C@]12C)NCCCNCCCCN)OS(O)(=O)=O		
CHEBI:80817	Dehydroeburicoic acid		C31H48O3	468.71100	CC(C)C(=C)CC[C@H]([C@H]1CC[C@@]2(C)C3=CC[C@H]4C(C)(C)[C@@H](O)CC[C@]4(C)C3=CC[C@]12C)C(O)=O		
CHEBI:81155	Mallogenin-3-o-alpha-L-rhamnopyranoside		C29H44O9	536.65430	C[C@@H]1O[C@@H](O[C@H]2CC[C@@]3(C)[C@@H](CC[C@@H]4[C@@H]3[C@@H](O)C[C@]3(C)[C@H](CC[C@]43O)C3=CC(=O)OC3)C2)[C@H](O)[C@H](O)[C@H]1O		
CHEBI:81156	Panogenin-3-o-alpha-L-rhamnopyranoside		C29H44O10	552.65370	C[C@@H]1O[C@@H](O[C@H]2CC[C@@]3(CO)[C@@H](CC[C@@H]4[C@@H]3[C@@H](O)C[C@]3(C)[C@H](CC[C@]43O)C3=CC(=O)OC3)C2)[C@H](O)[C@H](O)[C@H]1O		
CHEBI:81157	Coroglaucigenin-3-o-alpha-L-rhamnopyranoside		C29H44O9	536.65430	C[C@@H]1O[C@@H](O[C@H]2CC[C@@]3(CO)[C@@H](CC[C@@H]4[C@@H]3CC[C@]3(C)[C@H](CC[C@]43O)C3=CC(=O)OC3)C2)[C@H](O)[C@H](O)[C@H]1O		
CHEBI:81158	Corotoxigenin-3-O-alpha-L-rhamnopyranoside		C29H42O9	534.63840	C[C@@H]1O[C@@H](O[C@H]2CC[C@@]3(C=O)[C@@H](CC[C@@H]4[C@@H]3CC[C@]3(C)[C@H](CC[C@]43O)C3=CC(=O)OC3)C2)[C@H](O)[C@H](O)[C@H]1O		
CHEBI:81159	Boivinide A		C36H54O14	710.80560	CO[C@@H]1[C@@H](O)[C@H](O[C@H]2CC[C@@]3(C=O)[C@@H](CC[C@@H]4[C@@H]3CC[C@]3(C)[C@H](CC[C@]43O)C3=CC(=O)OC3)C2)O[C@H](C)[C@@H]1O[C@@H]1O[C@H](CO)[C@@H](O)[C@H](O)[C@H]1O		
CHEBI:81246	alpha-Phocaecholic acid		C24H40O6	424.57080	C[C@H](C[C@@H](O)C(O)=O)[C@H]1CC[C@H]2[C@@H]3[C@H](O)C[C@@H]4C[C@H](O)CC[C@]4(C)[C@H]3C[C@H](O)[C@]12C		
CHEBI:81249	beta-Phocaecholate		C24H40O5	408.57140	C[C@H](C[C@@H](O)C(O)=O)[C@H]1CC[C@H]2[C@@H]3[C@H](O)C[C@@H]4C[C@H](O)CC[C@]4(C)[C@H]3CC[C@]12C		
CHEBI:81252	Bitocholate		C24H40O5	408.57140	C[C@H](C[C@@H](O)C(O)=O)[C@H]1CC[C@H]2[C@@H]3CC[C@@H]4C[C@H](O)CC[C@]4(C)[C@H]3C[C@H](O)[C@]12C		
CHEBI:81262	Haemulcholate		C24H40O5	408.57140	C[C@H]([C@@H](O)CC(O)=O)[C@H]1CC[C@H]2[C@@H]3[C@H](O)C[C@@H]4C[C@H](O)CC[C@]4(C)[C@H]3CC[C@]12C		
CHEBI:89753	3alpha,7alpha,12alpha-trihydroxy-5beta-cholestane-5-carboxylic acid		C28H48O5	464.687	[H][C@@]1(CC[C@@]2([H])[C@]3([H])[C@H](O)C[C@@]4(C[C@H](O)CC[C@]4(C)[C@@]3([H])C[C@H](O)[C@]12C)C(O)=O)[C@H](C)CCCC(C)C		
CHEBI:91723	3-[1,5,11,14-tetrahydroxy-10-(hydroxymethyl)-13-methyl-3-[(3,4,5-trihydroxy-6-methyl-2-oxanyl)oxy]-2,3,4,6,7,8,9,11,12,15,16,17-dodecahydro-1H-cyclopenta[a]phenanthren-17-yl]-2H-furan-5-one		C29H44O12	584.654	CC1C(C(C(C(O1)OC2CC(C3(C4C(CCC3(C2)O)C5(CCC(C5(CC4O)C)C6=CC(=O)OC6)O)CO)O)O)O)O		
CHEBI:91801	(4R)-4-[(10S,13R,17R)-10,13-dimethyl-3,7,12-trioxo-1,2,4,5,6,8,9,11,14,15,16,17-dodecahydrocyclopenta[a]phenanthren-17-yl]pentanoic acid		C24H34O5	402.525	C[C@H](CCC(=O)O)[C@H]1CCC2[C@@]1(C(=O)CC3C2C(=O)CC4[C@@]3(CCC(=O)C4)C)C		
CHEBI:94472	(4R)-4-[(3R,5R,8R,9S,10S,13R,14S,17S)-3-hydroxy-10,13-dimethyl-2,3,4,5,6,7,8,9,11,12,14,15,16,17-tetradecahydro-1H-cyclopenta[a]phenanthren-17-yl]pentanoic acid		C24H40O3	376.574	C[C@H](CCC(=O)O)[C@@H]1CC[C@@H]2[C@@]1(CC[C@H]3[C@H]2CC[C@H]4[C@@]3(CC[C@H](C4)O)C)C		
CHEBI:94495	(4R)-4-[(5S,8S,9R,10S,13R,14S,17R)-10,13-dimethyl-3,7,12-trioxo-1,2,4,5,6,8,9,11,14,15,16,17-dodecahydrocyclopenta[a]phenanthren-17-yl]pentanoic acid		C24H34O5	402.525	C[C@H](CCC(=O)O)[C@H]1CC[C@@H]2[C@@]1(C(=O)C[C@@H]3[C@@H]2C(=O)C[C@H]4[C@@]3(CCC(=O)C4)C)C		
CHEBI:95125	4-[(5S,10S,13R,17R)-10,13-dimethyl-3,7,12-trioxo-1,2,4,5,6,8,9,11,14,15,16,17-dodecahydrocyclopenta[a]phenanthren-17-yl]pentanoic acid		C24H34O5	402.525	CC(CCC(=O)O)[C@H]1CCC2[C@@]1(C(=O)CC3C2C(=O)C[C@H]4[C@@]3(CCC(=O)C4)C)C		
CHEBI:95166	4-[(3R,5R,10S,13R,17R)-3-hydroxy-10,13-dimethyl-2,3,4,5,6,7,8,9,11,12,14,15,16,17-tetradecahydro-1H-cyclopenta[a]phenanthren-17-yl]pentanoic acid		C24H40O3	376.574	CC(CCC(=O)O)[C@H]1CCC2[C@@]1(CCC3C2CC[C@H]4[C@@]3(CC[C@H](C4)O)C)C		
CHEBI:124913	3-[(1R,3S,5S,8R,9S,10R,11R,13R,14S,17R)-1,5,11,14-tetrahydroxy-10-(hydroxymethyl)-13-methyl-3-[(3,4,5-trihydroxy-6-methyl-2-oxanyl)oxy]-2,3,4,6,7,8,9,11,12,15,16,17-dodecahydro-1H-cyclopenta[a]phenanthren-17-yl]-2H-furan-5-one		C29H44O12	584.654	CC1C(C(C(C(O1)O[C@H]2C[C@H]([C@@]3([C@@H]4[C@@H](CC[C@@]3(C2)O)[C@]5(CC[C@@H]([C@]5(C[C@H]4O)C)C6=CC(=O)OC6)O)CO)O)O)O)O		
CHEBI:135825	peruvoside		C30H44O9	548.666	C(=O)[C@@]12[C@@]3([C@]([C@]4(O)[C@@](CC3)(C)[C@H](CC4)C=5COC(C5)=O)(CC[C@@]1(C[C@H](CC2)O[C@]6([C@@H](O)[C@H](OC)[C@H]([C@@H](O6)C)O)[H])[H])[H])[H]		
CHEBI:135885	metildigoxin		C42H66O14	794.967	O[C@@]12[C@@](C)([C@H](CC1)C3=CC(OC3)=O)[C@H](O)C[C@]4([C@]2(CC[C@]5([C@]4(C)CC[C@@H](C5)O[C@]6(C[C@H](O)[C@@H]([C@H](O6)C)O[C@]7(C[C@H](O)[C@@H]([C@H](O7)C)O[C@]8(C[C@H](O)[C@@H]([C@H](O8)C)OC)[H])[H])[H])[H])[H])[H]		
CHEBI:135892	acetyldigoxin		C43H66O15	822.977	O[C@@]12[C@]3([C@@]([C@]4(C)[C@](CC3)(C[C@H](CC4)O[C@]5(C[C@H](O)[C@@H]([C@H](O5)C)O[C@]6(C[C@H](O)[C@@H]([C@H](O6)C)O[C@]7(C[C@H](O)[C@@H]([C@H](O7)C)OC(C)=O)[H])[H])[H])[H])(C[C@H]([C@]1(C)[C@H](CC2)C=8COC(C8)=O)O)[H])[H]		
CHEBI:135896	gitoformate		C46H64O19	920.991	O[C@@]12[C@@](C)([C@H]([C@H](C1)OC=O)C3=CC(OC3)=O)CC[C@]4([C@]2(CC[C@]5([C@]4(C)CC[C@@H](C5)O[C@H]6C[C@H](OC=O)[C@@H]([C@H](O6)C)O[C@@H]7C[C@@H](OC=O)[C@H]([C@@H](O7)C)O[C@H]8C[C@H](OC=O)[C@@H]([C@H](O8)C)OC=O)[H])[H])[H]		
CHEBI:135898	lanatoside C		C49H76O20	985.118	O[C@@]12[C@@](C)([C@H](CC1)C=3COC(C3)=O)[C@H](O)C[C@]4([C@]2(CC[C@]5([C@]4(C)CC[C@@H](C5)O[C@]6(C[C@H](O)[C@@H]([C@H](O6)C)O[C@]7(C[C@H](O)[C@@H]([C@H](O7)C)O[C@]8(C[C@H](OC(C)=O)[C@@H]([C@H](O8)C)O[C@]9(O[C@H](CO)[C@H]([C@@H]([C@H]9O)O)O)[H])[H])[H])[H])[H])[H])[H]		
CHEBI:137099	Helveticosol		C29H44O9	536.655	O[C@@]12C3C([C@@]4([C@](O)(CC3)C[C@@H](O[C@@H]5O[C@@H]([C@@H](O)[C@@H](O)C5)C)CC4)CO)CC[C@@]1(C(CC2)C=6COC(=O)C6)C		
CHEBI:137760	3beta-hydroxy-7-oxo-5alpha-cholan-24-oic acid		C24H38O4	390.557	C1C[C@@H](C[C@@]2(CC([C@@]3([C@](CC[C@]4([C@]3(CC[C@@]4([C@@](CCC(=O)O)(C)[H])[H])[H])C)([C@@]12C)[H])[H])=O)[H])O		
CHEBI:137805	24R-cholest-5-en-3beta,7-alpha,24-triol		C27H46O3	418.653	C1C[C@@H](CC=2[C@]1([C@@]3(C([C@@H](C2)O)[C@]4([C@](CC3)([C@H](CC4)[C@@H](CC[C@H](C(C)C)O)C)C)[H])[H])C)O		
CHEBI:137806	24-vinyloxy-cholest-5,23Z-dien-3beta-ol		C29H46O2	426.675	C1C[C@@H](CC2=CC[C@@]3([C@](CC[C@]4([C@]3(CC[C@@]4([C@@](C/C=C(/C(C)C)\OC=C)(C)[H])[H])[H])C)([C@@]12C)[H])[H])O		
CHEBI:137810	3beta,6alpha,7alpha-trihydroxy-5beta-cholan-24-oic acid		C24H40O5	408.572	C1C[C@@H](C[C@]2([C@H]([C@H]([C@@]3([C@](CC[C@]4([C@]3(CC[C@@]4([C@@](CCC(=O)O)(C)[H])[H])[H])C)([C@@]12C)[H])[H])O)O)[H])O		
CHEBI:138876	Cygnocholic acid		C24H40O5	408.572	[C@@]12([C@]3([C@@]([C@@]([C@@H](CCC(O)=O)C)(C[C@@H]3O)[H])(CC[C@@]1([C@@]4([C@@](C[C@H](O)CC4)(C[C@H]2O)[H])C)[H])C)[H])[H]		
CHEBI:139131	allolithocholic acid		C24H40O3	376.574	O[C@H]1C[C@]2([C@@]([C@@]3([C@]([C@]4([C@@]([C@](CC4)([C@@H](CCC(O)=O)C)[H])(CC3)C)[H])(CC2)[H])[H])(CC1)C)[H]		
CHEBI:139133	6-ketolithocholic acid		C24H38O4	390.557	C1C[C@H](C[C@]2(C(C[C@@]3([C@](CC[C@]4([C@]3(CC[C@@]4([C@@](CCC(=O)O)(C)[H])[H])[H])C)([C@@]12C)[H])[H])=O)[H])O		
CHEBI:139134	12-ketolithocholic acid		C24H38O4	390.557	C1C[C@H](C[C@]2(CC[C@@]3([C@](CC([C@]4([C@]3(CC[C@@]4([C@@](CCC(=O)O)(C)[H])[H])[H])C)=O)([C@@]12C)[H])[H])[H])O		
CHEBI:145198	Mogroside II-E		C42H72O14	801.024	O[C@H]1[C@@]2([C@]([C@]3([C@@]([C@](CC3)([C@@H](CC[C@@H](O[C@@H]4O[C@@H]([C@@H](O)[C@H](O)[C@H]4O)CO)C(O)(C)C)C)[H])(C1)C)C)(CC=C5[C@]2(CC[C@H](O[C@@H]6O[C@@H]([C@@H](O)[C@H](O)[C@H]6O)CO)C5(C)C)[H])[H])C		
CHEBI:147380	ecdysone 22-phosphate(2-)		C27H43O9P	542.607	C1=2[C@]3([C@](CC[C@@]1([C@@]4([C@](C(C2)=O)(C[C@H]([C@H](C4)O)O)[H])C)[H])([C@@](CC3)([H])[C@@H]([C@@H](CCC(C)(C)O)OP(=O)([O-])[O-])C)C)O		
CHEBI:156154	26,27-dinor-3,6,12-trihydroxy-5-cholestan-24-one		C25H42O4	406.607	O[C@@H]1[C@]2([C@]([C@]3([C@@]([C@@]4([C@](C[C@H]3O)(C[C@H](O)CC4)[H])C)(C1)[H])[H])(CC[C@@]2([C@@H](CCC(=O)C)C)[H])[H])C		
CHEBI:156158	24-Nor-5-cholane-3,6,23-triol		C23H40O3	364.570	O[C@@H]1[C@]2([C@@]([C@@]3([C@]([C@]4([C@@]([C@](CC4)([C@@H](CCO)C)[H])(CC3)C)[H])(C1)[H])[H])(CC[C@@H](O)C2)C)[H]		
CHEBI:156164	Polyporusterone F		C28H46O5	462.671	O[C@]12[C@@]([C@](CC1)([C@@H]([C@H](O)C[C@@H](C(C)C)C)C)[H])(CC[C@@]3([C@@]4([C@@](C[C@@H](O)[C@@H](O)C4)(C(=O)C=C23)[H])C)[H])C		
CHEBI:156183	16alpha,27-dihydroxycholesterol		C27H46O3	418.662	O[C@H]1[C@@]([C@@]2([C@]([C@]3([C@@]([C@@]4(C(=CC3)C[C@@H](O)CC4)C)(CC2)[H])[H])(C1)[H])C)([C@@H](CCC[C@H](CO)C)C)[H]		
CHEBI:156192	12-Hydroxy-3-oxochola-4,6-dien-24-oic Acid		C24H34O4	386.532	OC1[C@]2([C@]([C@]3([C@](C1)([C@@]4(C(C=C3)=CC(=O)CC4)C)[H])[H])(CC[C@@]2([C@@H](CCC(O)=O)C)[H])[H])C		
CHEBI:156200	1,3,12-Trihydroxycholan-24-oic acid		C24H40O5	408.579	OC1[C@]2([C@]([C@]3([C@@]([C@@]4(C(CC3)CC(O)CC4O)C)(C1)[H])[H])(CC[C@@]2([C@@H](CCC(O)=O)C)[H])[H])C		
CHEBI:156279	26,27-dinor-5beta-cholestan-24-one		C25H42O	358.610	O=C(CC[C@H]([C@@]1([C@@]2([C@]([C@]3([C@@]([C@@]4([C@](CC3)(CCCC4)[H])C)(CC2)[H])[H])(CC1)[H])C)[H])C)C		
CHEBI:166700	12beta-Hydroxy-3-oxo-5beta-cholan-24-oic acid		C24H38O4	390.564	O[C@H]1[C@]2([C@]([C@]3([C@@]([C@@]4([C@](CC3)(CC(=O)CC4)[H])C)(C1)[H])[H])(CC[C@@]2([C@@H](CCC(O)=O)C)[H])[H])C		
CHEBI:166701	1,7-Dioxo-5beta-chol-2-en-24-oic acid		C24H34O4	386.532	O=C1[C@]2([C@]3([C@@]([C@](CC3)([C@@H](CCC(O)=O)C)[H])(CC[C@@]2([C@@]4([C@](C1)(CC=CC4=O)[H])C)[H])C)[H])[H]		
CHEBI:166702	2beta,3alpha,7alpha,12alpha-Tetrahydroxy-5beta-cholan-24-oic acid		C24H40O6	424.578	O[C@@H]1[C@]2([C@]([C@]3([C@@]([C@@]4([C@](C[C@H]3O)(C[C@H](O)[C@@H](O)C4)[H])C)(C1)[H])[H])(CC[C@@]2([C@@H](CCC(O)=O)C)[H])[H])C		
CHEBI:166704	2beta,7alpha,12alpha-Trihydroxy-3-oxo-5beta-cholan-24-oic acid		C24H38O6	422.562	O[C@@H]1[C@]2([C@]([C@]3([C@@]([C@@]4([C@](C[C@H]3O)(CC(=O)[C@@H](O)C4)[H])C)(C1)[H])[H])(CC[C@@]2([C@@H](CCC(O)=O)C)[H])[H])C		
CHEBI:166705	3,12-Diketocholanic acid		C24H36O4	388.548	O=C1[C@]2([C@]([C@]3([C@@]([C@@]4([C@](CC3)(CC(=O)CC4)[H])C)(C1)[H])[H])(CC[C@@]2([C@@H](CCC(O)=O)C)[H])[H])C		
CHEBI:166706	3,6-Diketocholanic acid		C24H36O4	388.548	O=C1[C@]2([C@@]([C@@]3([C@]([C@]4([C@@]([C@](CC4)([C@@H](CCC(O)=O)C)[H])(CC3)C)[H])(C1)[H])[H])(CCC(=O)C2)C)[H]		
CHEBI:166707	3,7,12-Trioxochola-1,5-dien-24-oic acid		C24H30O5	398.499	O=C1[C@]2([C@]([C@]3([C@](C1)([C@@]4(C(=CC3=O)CC(=O)C=C4)C)[H])[H])(CC[C@@]2([C@@H](CCC(O)=O)C)[H])[H])C		
CHEBI:166708	3,7-Diketocholanic acid		C24H36O4	388.548	O=C1[C@]2([C@]3([C@@]([C@](CC3)([C@@H](CCC(O)=O)C)[H])(CC[C@@]2([C@@]4([C@](C1)(CC(=O)CC4)[H])C)[H])C)[H])[H]		
CHEBI:166709	3a,6b,7a,12a-Tetrahydroxy-5b-cholanoic acid		C24H40O6	424.578	O[C@@H]1[C@]2([C@]([C@]3([C@@]([C@@]4([C@]([C@H](O)[C@H]3O)(C[C@H](O)CC4)[H])C)(C1)[H])[H])(CC[C@@]2([C@@H](CCC(O)=O)C)[H])[H])C		
CHEBI:166711	3alpha,6alpha,12alpha-Trihydroxy-7-oxo-5beta-cholan-24-oic acid		C24H38O6	422.562	O[C@@H]1[C@]2([C@]([C@]3([C@@]([C@@]4([C@]([C@@H](O)C3=O)(C[C@H](O)CC4)[H])C)(C1)[H])[H])(CC[C@@]2([C@@H](CCC(O)=O)C)[H])[H])C		
CHEBI:166712	3alpha,6alpha,7alpha,12alpha-Tetrahydroxy-5beta-cholan-24-oic acid		C24H40O6	424.578	O[C@@H]1[C@]2([C@]([C@]3([C@@]([C@@]4([C@]([C@@H](O)[C@H]3O)(C[C@H](O)CC4)[H])C)(C1)[H])[H])(CC[C@@]2([C@@H](CCC(O)=O)C)[H])[H])C		
CHEBI:166713	3alpha,7alpha,12beta-Trihydroxy-11-oxo-5beta-cholan-24-oic acid		C24H38O6	422.562	O[C@H]1[C@]2([C@]([C@]3([C@@]([C@@]4([C@](C[C@H]3O)(C[C@H](O)CC4)[H])C)(C1=O)[H])[H])(CC[C@@]2([C@@H](CCC(O)=O)C)[H])[H])C		
CHEBI:166715	3beta,6alpha,7beta-Trihydroxy-5beta-cholan-24-oic acid		C24H40O5	408.579	O[C@@H]1[C@]2([C@]3([C@@]([C@](CC3)([C@@H](CCC(O)=O)C)[H])(CC[C@@]2([C@@]4([C@]([C@H]1O)(C[C@@H](O)CC4)[H])C)[H])C)[H])[H]		
CHEBI:166717	3beta-Hydroxychol-4-en-24-oic acid		C24H38O3	374.565	O[C@H]1CC[C@@]2([C@@]3([C@]([C@]4([C@@]([C@](CC4)([C@@H](CCC(O)=O)C)[H])(CC3)C)[H])(CCC2=C1)[H])[H])C		
CHEBI:166718	3-Oxochola-1,4,6-trien-24-oic acid		C24H32O3	368.517	O=C1C=C2[C@]([C@@]3([C@]([C@]4([C@@]([C@](CC4)([C@@H](CCC(O)=O)C)[H])(CC3)C)[H])(C=C2)[H])[H])(C)C=C1		
CHEBI:166719	5alpha-Cholanic acid-3,6-dione		C24H36O4	388.548	O=C1[C@@]2([C@@]([C@@]3([C@]([C@]4([C@@]([C@](CC4)([C@@H](CCC(O)=O)C)[H])(CC3)C)[H])(C1)[H])[H])(CCC(=O)C2)C)[H]		
CHEBI:166720	5alpha-Cholanic acid-3alpha-ol-6-one		C24H38O4	390.564	O=C1[C@@]2([C@@]([C@@]3([C@]([C@]4([C@@]([C@](CC4)([C@@H](CCC(O)=O)C)[H])(CC3)C)[H])(C1)[H])[H])(CC[C@@H](O)C2)C)[H]		
CHEBI:166721	7,12-Dioxo-5beta-cholan-24-oic acid		C24H36O4	388.548	O=C1[C@]2([C@]([C@]3([C@@]([C@@]4([C@](CC3=O)(CCCC4)[H])C)(C1)[H])[H])(CC[C@@]2([C@@H](CCC(O)=O)C)[H])[H])C		
CHEBI:166723	7alpha-Hydroxy-3,12-dioxochola-1,4-dien-24-oic acid		C24H32O5	400.515	O[C@H]1[C@]2([C@]3([C@@]([C@](CC3)([C@@H](CCC(O)=O)C)[H])(C(=O)C[C@@]2([C@@]4(C(C1)=CC(=O)C=C4)C)[H])C)[H])[H]		
CHEBI:166725	9(11),(5beta)-Cholenic acid-3alpha-ol-12-one		C24H36O4	388.548	O=C1[C@]2([C@]([C@]3(C([C@@]4([C@](CC3)(C[C@H](O)CC4)[H])C)=C1)[H])(CC[C@@]2([C@@H](CCC(O)=O)C)[H])[H])C		
CHEBI:166726	Chenodeoxycholic acid disulfate		C24H40O10S2	552.690	S(O[C@H]1[C@]2([C@]3([C@@]([C@](CC3)([C@@H](CCC(O)=O)C)[H])(CC[C@@]2([C@@]4([C@](C1)(C[C@H](OS(O)(=O)=O)CC4)[H])C)[H])C)[H])[H])(O)(=O)=O		
CHEBI:166727	Chenodeoxycholic acid sulfate		C24H40O7S	472.640	S(O[C@H]1[C@]2([C@]3([C@@]([C@](CC3)([C@@H](CCC(O)=O)C)[H])(CC[C@@]2([C@@]4([C@](C1)(C[C@H](O)CC4)[H])C)[H])C)[H])[H])(O)(=O)=O		
CHEBI:166728	Deoxycholic acid disulfate		C24H40O10S2	552.690	S(O[C@@H]1[C@]2([C@]([C@]3([C@@]([C@@]4([C@](CC3)(C[C@H](OS(O)(=O)=O)CC4)[H])C)(C1)[H])[H])(CC[C@@]2([C@@H](CCC(O)=O)C)[H])[H])C)(O)(=O)=O		
CHEBI:166734	Isoallolithocholic acid		C24H40O3	376.581	O[C@@H]1C[C@]2([C@@]([C@@]3([C@]([C@]4([C@@]([C@](CC4)([C@@H](CCC(O)=O)C)[H])(CC3)C)[H])(CC2)[H])[H])(CC1)C)[H]		
CHEBI:166736	Lithocholenic acid		C24H38O3	374.565	O[C@H]1C[C@@]2([C@@]([C@@]3([C@]([C@]4([C@@]([C@](CC4)([C@@H](CCC(O)=O)C)[H])(C=C3)C)[H])(CC2)[H])[H])(CC1)C)[H]		
CHEBI:166744	3alpha,6alpha,7alpha,12alpha-Tetrahydroxy-5beta-cholest-24-en-26-oic acid		C27H44O6	464.643	O[C@@H]1[C@]2([C@]([C@]3([C@@]([C@@]4([C@]([C@@H](O)[C@H]3O)(C[C@H](O)CC4)[H])C)(C1)[H])[H])(CC[C@@]2([C@@H](CC/C=C(\C)/C(O)=O)C)[H])[H])C		
CHEBI:166745	3alpha,7alpha,12alpha,24-Tetrahydroxy-24-methyl-5beta-cholestan-26-oic acid		C28H48O6	480.686	O[C@@H]1[C@]2([C@]([C@]3([C@@]([C@@]4([C@](C[C@H]3O)(C[C@H](O)CC4)[H])C)(C1)[H])[H])(CC[C@@]2([C@@H](CCC(O)(C(C)C(O)=O)C)C)[H])[H])C		
CHEBI:166746	3alpha,7alpha,12alpha-Trihydroxy-24-methyl-5beta-cholest-23-en-26-oic acid		C28H46O5	462.671	O[C@@H]1[C@]2([C@]([C@]3([C@@]([C@@]4([C@](C[C@H]3O)(C[C@H](O)CC4)[H])C)(C1)[H])[H])(CC[C@@]2([C@@H](C/C=C(/C(C)C(O)=O)\C)C)[H])[H])C		
CHEBI:166803	24-Oxocholesterol		C27H44O2	400.647	O[C@@H]1CC=2[C@@](C3C(C4[C@@]([C@](CC4)([C@@H](CCC(=O)C(C)C)C)[H])(CC3)C)CC2)(CC1)C		
CHEBI:166804	25,27-Dihydroxycholesterol		C27H46O3	418.662	O[C@@H]1CC=2[C@@](C3C(C4[C@@]([C@](CC4)([C@@H](CCCC(O)(CO)C)C)[H])(CC3)C)CC2)(CC1)C		
CHEBI:166809	6,24S-Dihydroxycholesterol		C27H46O3	418.662	OC=1CC2C3[C@@]([C@](CC3)([C@@H](CC[C@H](O)C(C)C)C)[H])(CCC2[C@@]4(C1C[C@@H](O)CC4)C)C		
CHEBI:166995	tigogenin 3-O-beta-D-glucopyranoside		C33H54O8	578.787	C1C[C@@H](C[C@]2([C@]1([C@@]3([C@@](CC2)([C@@]4(C[C@@]5(O[C@]6([C@H]([C@@]5([C@]4(CC3)C)[H])C)OC[C@@H](CC6)C)[H])[H])[H])[H])C)[H])O[C@H]7[C@@H]([C@H]([C@@H]([C@H](O7)CO)O)O)O		
CHEBI:168071	Perulactone		C30H46O7	518.691	OC(C1C2(C(C3C(C4(C(=CC3)CC(O)CC4OC(=O)C)C)CC2)CC1)C)(C(O)CC5C(C(OC5)=O)C)C		
CHEBI:168144	(25S)-3-oxo-cholest-1,4-dien-26-oic acid		C28H42O3	426.641	O=C1C=C2[C@]([C@@]3([C@]([C@]4([C@@]([C@](CC4)([C@@H](CCC[C@H](C)C(O)=O)C)[H])([C@@H](C3)C)C)[H])(CC2)[H])[H])(C)C=C1		
CHEBI:168153	Coroloside		C35H54O12	666.805	OC12C3C(C4(C(CC3)CC(OC5OC(C(OC6OC(C(O)C(O)C6O)CO)C(O)C5)C)CC4)C)CCC1(C(CC2)C=7COC(=O)C7)C		
CHEBI:168310	Norcholic acid		C23H38O5	394.552	O[C@@H]1[C@]2([C@]([C@]3([C@@]([C@@]4([C@](C[C@H]3O)(C[C@H](O)CC4)[H])C)(C1)[H])[H])(CC[C@@]2([C@@H](CC(O)=O)C)[H])[H])C		
CHEBI:168526	24-Nor-5beta-cholane-3alpha,7alpha,12alpha,23-tetrol		C23H40O4	380.569	O[C@@H]1[C@]2([C@]([C@]3([C@@]([C@@]4([C@](C[C@H]3O)(C[C@H](O)CC4)[H])C)(C1)[H])[H])(CC[C@@]2([C@@H](CCO)C)[H])[H])C		
CHEBI:168625	5beta-Cholane-3alpha,7alpha,12alpha,24-tetrol		C24H42O4	394.596	O[C@@H]1[C@]2([C@]([C@]3([C@@]([C@@]4([C@](C[C@H]3O)(C[C@H](O)CC4)[H])C)(C1)[H])[H])(CC[C@@]2([C@@H](CCCO)C)[H])[H])C		
CHEBI:168740	(25S)-3-oxo-12beta-acetoxy-cholest-1,4-dien-26-oic acid		C30H44O5	484.677	O(C[C@H]1[C@]2([C@]([C@]3([C@](C1)([C@@]4(C(CC3)=CC(=O)C=C4)C)[H])[H])(CC[C@@]2([C@@H](CCC[C@H](C)C(O)=O)C)[H])[H])C)C(=O)C		
CHEBI:169017	24-northornasterol A		C26H42O4	418.618	O[C@@H]1[C@@]2([C@@](C=3[C@]([C@]4([C@@]([C@](CC4)([C@@](O)(CC(=O)C(C)C)C)[H])(CC3)C)[H])(C1)[H])(CC[C@H](O)C2)C)[H]		
CHEBI:169070	(25R)-3alpha,7alpha,12alpha-trihydroxy-5alpha-cholestan-26-oic acid		C27H46O5	450.660	O[C@@H]1[C@]2([C@]([C@]3([C@@]([C@@]4([C@@](C[C@H]3O)(C[C@H](O)CC4)[H])C)(C1)[H])[H])(CC[C@@]2([C@@H](CCC[C@@H](C)C(O)=O)C)[H])[H])C		
CHEBI:169214	Corchorosol A		C29H44O9	536.662	OC12C3C(C4(C(O)(CC3)CC(OC5OC(C(O)C(O)C5)C)CC4)CO)CCC1(C(CC2)C=6COC(=O)C6)C		
CHEBI:169296	5beta-cholestan-3alpha,4alpha,11beta,12beta,21-pentol-3,21-disulphate		C27H48O11S2	612.790	S(O[C@H]1[C@@H](O)[C@@]2([C@@]([C@@]3(C(C4[C@@]([C@](CC4)([C@@H](CCCC(C)C)COS(O)(=O)=O)[H])([C@H](O)[C@@H]3O)C)CC2)[H])(CC1)C)[H])(O)(=O)=O		
CHEBI:169366	(2alpha,3alpha,5alpha,22R,23R)-2,3,22,23-Tetrahydroxy-25-methylergost-24(28)en-6-one		C29H48O5	476.698	O=C1C2C(C3C(C4C(C(CC4)C(C(O)C(O)C(C(C)(C)C)=C)C)(CC3)C)C1)(CC(O)C(O)C2)C		
CHEBI:169387	3alpha,7beta,12alpha-Trihydroxy-6-oxo-5alpha-cholan-24-oic Acid		C24H38O6	422.562	O[C@@H]1[C@]2([C@]([C@]3([C@@]([C@@]4([C@@](C(=O)[C@@H]3O)(C[C@H](O)CC4)[H])C)(C1)[H])[H])(CC[C@@]2([C@@H](CCC(O)=O)C)[H])[H])C		
CHEBI:169635	Desglucocheirotoxin		C29H42O10	550.645	OC12C3C(C4(C(O)(CC3)CC(OC5OC(C(O)C(O)C5O)C)CC4)C=O)CCC1(C(CC2)C=6COC(=O)C6)C		
CHEBI:169769	5beta-Cholane-3alpha,7alpha,23,24-tetrol		C24H42O4	394.596	O[C@H]1[C@]2([C@]3([C@@]([C@](CC3)([C@@H](CC(O)CO)C)[H])(CC[C@@]2([C@@]4([C@](C1)(C[C@H](O)CC4)[H])C)[H])C)[H])[H]		
CHEBI:169844	Corchorusoside A		C35H54O14	698.803	O[C@@]12[C@]3([C@@]([C@@]4([C@](O)(CC3)C[C@@H](O[C@@H]5O[C@@H]([C@@H](O[C@@H]6O[C@@H]([C@@H](O)[C@H](O)[C@H]6O)CO)[C@@H](O)C5)C)CC4)C)([C@H](O)C[C@@]1([C@H](CC2)C=7COC(=O)C7)C)[H])[H]		
CHEBI:171981	3 alpha,7 alpha,26-Trihydroxy-5beta-cholestane		C27H48O3	420.678	OC1C2C3[C@@](C(CC3)[C@@H](CCCC(CO)C)C)(CCC2[C@@]4(C(C1)C[C@H](O)CC4)C)C		
CHEBI:172621	12a-Hydroxy-3-oxocholadienic acid		C24H34O4	386.532	O[C@@H]1[C@]2(C(C3C(C1)[C@@]4(C(C=C3)=CC(=O)CC4)C)CCC2[C@@H](CCC(O)=O)C)C		
CHEBI:172644	7b-Hydroxy-3-oxo-5b-cholanoic acid		C25H38O4	402.575	O=C1[C@]2([C@]3([C@@]([C@](CC3)([C@@H](CCC(OC)=O)C)[H])(CC[C@@]2([C@@]4(C(C1)CC(=O)CC4)C)[H])C)[H])[H]		
CHEBI:172667	1beta-Hydroxycholic acid		C24H40O6	424.578	O[C@@H]1[C@]2([C@]([C@]3([C@@]([C@@]4([C@](C[C@H]3O)(C[C@H](O)C[C@H]4O)[H])C)(C1)[H])[H])(CC[C@@]2([C@@H](CCC(O)=O)C)[H])[H])C		
CHEBI:172685	6-Deoxodolichosterone		C28H48O4	448.688	OC1CC2(C3C(C4C(C(CC4)C(C(O)C(O)C(C(C)C)=C)C)(CC3)C)CCC2CC1O)C		
CHEBI:172693	Dolichosterone		C28H46O5	462.671	O=C1[C@@]2([C@@]([C@@]3([C@]([C@]4([C@@]([C@](CC4)([C@@H]([C@@H](O)[C@H](O)C(C(C)C)=C)C)[H])(CC3)C)[H])(C1)[H])[H])(C[C@@H](O)[C@@H](O)C2)C)[H]		
CHEBI:172974	24-oxocholest-5-en-3beta-ol		C27H44O2	400.647	O[C@@H]1CC=2[C@@]([C@@]3([C@]([C@]4([C@@]([C@](CC4)([C@@H](CCC(=O)C(C)C)C)[H])(CC3)C)[H])(CC2)[H])[H])(CC1)C		
CHEBI:172975	24-oxocholest-25-en-3beta-ol		C27H44O2	400.647	O[C@@H]1C[C@]2([C@@]([C@@]3([C@]([C@]4([C@@]([C@](CC4)([C@@H](CCC(=O)C(C)=C)C)[H])(CC3)C)[H])(CC2)[H])[H])(CC1)C)[H]		
CHEBI:172987	22-oxo-cholest-5-en-3beta-ol		C27H44O2	400.647	O[C@@H]1CC=2[C@@](C3C(C4[C@@]([C@](CC4)([C@H](C)C(=O)CCC(C)C)[H])(CC3)C)CC2)(CC1)C		
CHEBI:173133	1beta,3alpha,7alpha-Trihydroxy-5beta-cholan-24-oic Acid		C24H40O5	408.579	O[C@H]1[C@]2([C@]3([C@@]([C@](CC3)([C@@H](CCC(O)=O)C)[H])(CC[C@@]2([C@@]4([C@](C1)(C[C@H](O)C[C@H]4O)[H])C)[H])C)[H])[H]		
CHEBI:173152	7alpha-Hydroxy-3,12-dioxo-5beta-cholan-24-oic Acid		C24H36O5	404.547	O[C@H]1[C@]2([C@]3([C@@]([C@](CC3)([C@@H](CCC(O)=O)C)[H])(C(=O)C[C@@]2([C@@]4([C@](C1)(CC(=O)CC4)[H])C)[H])C)[H])[H]		
CHEBI:173163	1alpha-Hydroxy-3-oxo-5beta-cholan-24-oic Acid		C24H38O4	390.564	O[C@@H]1[C@@]2([C@@]3([C@]([C@]4([C@@]([C@](CC4)([C@@H](CCC(O)=O)C)[H])(CC3)C)[H])(CC[C@@]2(CC(=O)C1)[H])[H])[H])C		
CHEBI:173165	3beta-Hydroxy-7,12-dioxo-5beta-cholan-24-oic Acid		C24H36O5	404.547	O=C1[C@]2([C@]([C@]3([C@@]([C@@]4([C@](CC3=O)(C[C@@H](O)CC4)[H])C)(C1)[H])[H])(CC[C@@]2([C@@H](CCC(O)=O)C)[H])[H])C		
CHEBI:173171	3-keto Petromyzonol		C24H40O4	392.580	OC1[C@]2(C([C@]3(C([C@@]4(C(CC3O)CC(=O)CC4)C)C1)[H])CCC2C(CCCO)C)C		
CHEBI:173177	3beta-Hydroxy-12-oxo-5beta-cholan-24-oic Acid		C24H38O4	390.564	O=C1[C@]2([C@]([C@]3([C@@]([C@@]4([C@](CC3)(C[C@@H](O)CC4)[H])C)(C1)[H])[H])(CC[C@@]2([C@@H](CCC(O)=O)C)[H])[H])C		
CHEBI:173187	3beta-Hydroxy-6-oxo-5beta-cholan-24-oic Acid		C24H38O4	390.564	O=C1[C@]2([C@@]([C@@]3([C@]([C@]4([C@@]([C@](CC4)([C@@H](CCC(O)=O)C)[H])(CC3)C)[H])(C1)[H])[H])(CC[C@H](O)C2)C)[H]		
CHEBI:173218	Desglucocoroloside		C29H44O7	504.664	OC12C3C(C4(C(CC3)CC(OC5OC(C(O)C(O)C5)C)CC4)C)CCC1(C(CC2)C=6COC(=O)C6)C		
CHEBI:175274	3a,4b,7a-Trihydroxy-5b-cholanoic acid		C24H40O5	408.579	O[C@H]1[C@]2([C@]3([C@@](C(CC3)[C@H](CCC(O)=O)C)(CC[C@@]2([C@@]4([C@](C1)([C@@H](O)[C@H](O)CC4)[H])C)[H])C)[H])[H]		
CHEBI:175276	3a,4b,12a-Trihydroxy-5b-cholanoic acid		C24H40O5	408.579	O[C@@H]1[C@]2(C(C3C([C@@]4(C(CC3)[C@@H](O)[C@H](O)CC4)C)C1)CCC2[C@H](CCC(O)=O)C)C		
CHEBI:175279	3b,7a,12a-Trihydroxy-5a-Cholanoic acid		C24H40O5	408.579	O[C@@H]1[C@]2([C@]([C@]3([C@@]([C@@]4([C@@](C[C@H]3O)(C[C@@H](O)CC4)[H])C)(C1)[H])[H])(CC[C@@]2([C@@H](CCC(O)=O)C)[H])[H])C		
CHEBI:175280	3a,7b,12b-Trihydroxy-5b-cholanoic acid		C24H40O5	408.579	O[C@H]1[C@]2([C@]([C@]3([C@@]([C@@]4([C@](C[C@@H]3O)(C[C@H](O)CC4)[H])C)(C1)[H])[H])(CC[C@@]2([C@@H](CCC(O)=O)C)[H])[H])C		
CHEBI:175281	3b,7b,12a-Trihydroxy-5b-cholanoic acid		C24H40O5	408.579	O[C@@H]1[C@]2([C@]([C@]3([C@@]([C@@]4([C@](C[C@@H]3O)(C[C@@H](O)CC4)[H])C)(C1)[H])[H])(CC[C@@]2([C@@H](CCC(O)=O)C)[H])[H])C		
CHEBI:175282	2b,3a,7a-Trihydroxy-5b-cholanoic acid		C24H40O5	408.579	O[C@H]1[C@]2([C@]3([C@@]([C@](CC3)([C@@H](CCC(O)=O)C)[H])(CC[C@@]2([C@@]4([C@](C1)(C[C@H](O)[C@@H](O)C4)[H])C)[H])C)[H])[H]		
CHEBI:175283	3b,7b,12a-Trihydroxy-5a-Cholanoic acid		C24H40O5	408.579	O[C@@H]1[C@]2([C@]([C@]3([C@@]([C@@]4([C@@](C[C@@H]3O)(C[C@@H](O)CC4)[H])C)(C1)[H])[H])(CC[C@@]2([C@@H](CCC(O)=O)C)[H])[H])C		
CHEBI:175284	3a,7b,12a-Trihydroxy-5a-Cholanoic acid		C24H40O5	408.579	O[C@@H]1[C@]2([C@]([C@]3([C@@]([C@@]4([C@@](C[C@@H]3O)(C[C@H](O)CC4)[H])C)(C1)[H])[H])(CC[C@@]2([C@@H](CCC(O)=O)C)[H])[H])C		
CHEBI:175285	6a,12a-Dihydroxylithocholic acid		C24H40O5	408.579	O[C@@H]1[C@]2([C@]([C@]3([C@@]([C@@]4(C([C@@H](O)C3)C[C@H](O)CC4)C)(C1)[H])[H])(CC[C@@]2([C@@H](CCC(O)=O)C)[H])[H])C		
CHEBI:175321	(22Alpha)-hydroxy-campest-4-en-3-one		C28H46O2	414.674	O[C@H]([C@H](C1[C@@]2(C(C3C([C@@]4(C(CC3)=CC(=O)CC4)C)CC2)CC1)C)C)C[C@H](C(C)C)C		
CHEBI:175524	27-Deoxy-5alpha-cyprinol		C27H48O4	436.677	OC1C2(C(C3C(C4(C(CC3O)CC(O)CC4)C)C1)CCC2C(CCCC(CO)C)C)C		
CHEBI:175656	Polyporusterone G		C28H44O5	460.655	O[C@]12[C@@]([C@](CC1)([C@@H]([C@H](O)CC(C(C)C)=C)C)[H])(CC[C@@]3([C@@]4([C@@](C[C@@H](O)[C@@H](O)C4)(C(=O)C=C23)[H])C)[H])C		
CHEBI:175790	Perulactone B		C28H40O7	488.621	O[C@]12[C@@]([C@@](O)(CC1)[C@@](O)([C@H](O)C[C@H]3[C@H](C(OC3)=O)C)C)(CCC4[C@]2(CC=C5[C@]4(C)C(=O)C=CC5)[H])C		
CHEBI:176017	Bipindogulomethyloside		C29H44O10	552.661	OC12C3C(C4(C(O)(CC3)CC(OC5OC(C(O)C(O)C5O)C)CC4)C)C(O)CC1(C(CC2)C=6COC(=O)C6)C		
CHEBI:176019	Desglucocheirotoxol		C29H44O10	552.661	OC12C3C(C4(C(O)(CC3)CC(OC5OC(C(O)C(O)C5O)C)CC4)CO)CCC1(C(CC2)C=6COC(=O)C6)C		
CHEBI:176297	Convalloside		C35H52O15	712.786	O[C@@]12[C@]3([C@@]([C@@]4([C@](O)(CC3)C[C@@H](O[C@@H]5O[C@H]([C@H](O[C@@H]6O[C@@H]([C@@H](O)[C@H](O)[C@H]6O)CO)[C@@H](O)[C@H]5O)C)CC4)C=O)(CC[C@@]1([C@H](CC2)C=7COC(=O)C7)C)[H])[H]		
CHEBI:176382	Dinorlithocholic acid		C22H36O3	348.527	O[C@H]1C[C@@]2([C@@]([C@@]3([C@]([C@]4([C@@]([C@](CC4)([C@H](C)C(O)=O)[H])(CC3)C)[H])(CC2)[H])[H])(CC1)C)[H]		
CHEBI:176410	3beta-Hydroxychola-5,16-dien-24-oic Acid		C24H36O3	372.549	O[C@@H]1CC=2[C@@]([C@@]3([C@]([C@]4([C@](CC3)(C(=CC4)[C@@H](CCC(O)=O)C)C)[H])(CC2)[H])[H])(CC1)C		
CHEBI:176412	3alpha,9alpha-Dihydroxy-11-oxo-5beta-cholan-24-oic Acid		C24H38O5	406.563	O[C@@]12[C@]([C@]3([C@@]([C@](CC3)([C@@H](CCC(O)=O)C)[H])(CC1=O)C)[H])(CC[C@]4([C@@]2(CC[C@@H](O)C4)C)[H])[H]		
CHEBI:176413	Noravicholic acid		C23H38O5	394.552	O[C@H]1[C@]2([C@]3([C@@]([C@]([C@H](O)C3)([C@@H](CC(O)=O)C)[H])(CC[C@@]2([C@@]4([C@](C1)(C[C@H](O)CC4)[H])C)[H])C)[H])[H]		
CHEBI:176415	3alpha-Hydroxy-5beta-chola-7,9(11)-dien-24-oic Acid		C24H36O3	372.549	O[C@H]1C[C@@]2([C@@](C=3C([C@]4([C@@]([C@](CC4)([C@@H](CCC(O)=O)C)[H])(CC3)C)[H])=CC2)(CC1)C)[H]		
CHEBI:176827	(R)-4-((8S,9S,10R,13R,14S,17R)-10,13-dimethyl-3-oxo-2,3,6,7,8,9,10,11,12,13,14,15,16,17-tetradecahydro-1H-cyclopenta[a]phenanthren-17-yl)pentanoic acid		C24H36O3	372.549	O=C1CC[C@@]2([C@@]3([C@]([C@]4([C@@]([C@](CC4)([C@@H](CCC(O)=O)C)[H])(CC3)C)[H])(CCC2=C1)[H])[H])C		
CHEBI:176828	3-Ketocholanic Acid		C24H38O3	374.565	O=C1CC2C(C3C(C4C(C(CC4)C(CCC(O)=O)C)(CC3)C)CC2)(CC1)C		
CHEBI:176867	6beta-acetoxy-24-methylcholestan-3beta,5alpha,22R,24-tetrol		C30H52O6	508.740	O[C@]12[C@@]([C@@]3([C@]([C@]4([C@@]([C@](CC4)([C@@H]([C@H](O)CC(O)(C(C)C)C)C)[H])(CC3)C)[H])(C[C@H]1OC(=O)C)[H])[H])(CC[C@H](O)C2)C		
CHEBI:177012	Cholic Acid Methyl Ester		C25H42O5	422.606	O[C@@H]1[C@]2([C@]([C@]3([C@@]([C@@]4([C@](C[C@H]3O)(C[C@H](O)CC4)[H])C)(C1)[H])[H])(CC[C@@]2([C@@H](CCC(OC)=O)C)[H])[H])C		
CHEBI:177019	5,9-hexacosadienoic acid		C26H48O2	392.668	OC(=O)CCC\C=C\CC\C=C\CCCCCCCCCCCCCCCC		
CHEBI:177282	5b-Cyprinol sulfate		C27H48O8S	532.730	S(OCC(CCCC(C1[C@@]2(C(C3C([C@@]4(C(CC3O)C[C@H](O)CC4)C)C[C@H]2O)CC1)C)C)CO)(O)(=O)=O		
CHEBI:177502	trodusquemine		C37H72N4O5S	685.070	S(O[C@H](CC[C@H]([C@@]1([C@@]2([C@]([C@]3([C@@]([C@@]4([C@@](C[C@H]3O)(C[C@@H](NCCCNCCCCNCCCN)CC4)[H])C)(CC2)[H])[H])(CC1)[H])C)[H])C)C(C)C)(O)(=O)=O		
CHEBI:178065	Cholic acid-2,2,4,4-d4		C24H36D4O5	412.603	O[C@@H]1[C@]2([C@]([C@]3([C@@]([C@@]4([C@](C[C@H]3O)(C([C@H](O)C(C4)([2H])[2H])([2H])[2H])[H])C)(C1)[H])[H])(CC[C@@]2([C@@H](CCC(O)=O)C)[H])[H])C		
CHEBI:178556	(20S,24S)-Thornasterol B		C28H46O4	446.672	O[C@@H]1[C@@]2([C@@](C=3[C@]([C@]4([C@@]([C@](CC4)([C@@](O)(CC(=O)[C@H](C(C)C)C)C)[H])(CC3)C)[H])(C1)[H])(CC[C@H](O)C2)C)[H]		
CHEBI:178558	920S,24R)-Thornasterol B		C28H46O4	446.672	O[C@@H]1[C@@]2([C@@](C=3[C@]([C@]4([C@@]([C@](CC4)([C@@](O)(CC(=O)[C@@H](C(C)C)C)C)[H])(CC3)C)[H])(C1)[H])(CC[C@H](O)C2)C)[H]		
CHEBI:178590	(25R)-3beta-hydroxy-7-oxo-5-cholestenoic acid		C27H42O4	430.629	O=C1C2[C@]3([C@@]([C@](CC3)([C@@H](CCC[C@@H](C)C(O)=O)C)[H])(CC[C@@]2([C@@]4(C(=C1)C[C@@H](O)CC4)C)[H])C)[H]		
CHEBI:178591	3,7-Dioxo-5alpha-cholestan-26-oic acid		C27H42O4	430.629	O=C1[C@]2([C@]3([C@@]([C@](CC3)([C@@H](CCCC(C)C(O)=O)C)[H])(CC[C@@]2([C@@]4([C@@](C1)(CC(=O)CC4)[H])C)[H])C)[H])[H]		
CHEBI:178592	7alpha-hydroxy-3-oxocholest-4-en-27-oic acid		C27H42O4	430.629	OC1C2C3[C@@]([C@](CC3)([C@@H](CCCC(C)C(O)=O)C)[H])(CCC2[C@@]4(C(C1)=CC(=O)CC4)C)C		
CHEBI:178702	6alpha-Hydroxy-3-oxochol-4-en-24-oic Acid		C24H36O4	388.548	O[C@H]1C[C@]2([C@]3([C@@]([C@](CC3)([C@@H](CCC(O)=O)C)[H])(CC[C@@]2([C@@]4(C1=CC(=O)CC4)C)[H])C)[H])[H]		
CHEBI:178704	6beta-Hydroxy-3-oxochol-4-en-24-oic Acid		C24H36O4	388.548	O[C@@H]1C[C@]2([C@]3([C@@]([C@](CC3)([C@@H](CCC(O)=O)C)[H])(CC[C@@]2([C@@]4(C1=CC(=O)CC4)C)[H])C)[H])[H]		
CHEBI:178705	3alpha-Hydroxy-11-oxo-5beta-chol-8-en-24-oic Acid		C24H36O4	388.548	O=C1C=2[C@@]3([C@](CCC2[C@]4([C@@]([C@](CC4)([C@@H](CCC(O)=O)C)[H])(C1)C)[H])(C[C@H](O)CC3)[H])C		
CHEBI:178706	12alpha-Hydroxy-3-oxochol-4-en-24-oic Acid		C24H36O4	388.548	O[C@@H]1[C@]2([C@]([C@]3([C@@]([C@@]4(C(CC3)=CC(=O)CC4)C)(C1)[H])[H])(CC[C@@]2([C@@H](CCC(O)=O)C)[H])[H])C		
CHEBI:178707	3beta-Hydroxy-12-oxo-5beta-chol-9(11)-en-24-oic Acid		C24H36O4	388.548	O=C1[C@]2([C@]([C@]3(C([C@@]4([C@](CC3)(C[C@@H](O)CC4)[H])C)=C1)[H])(CC[C@@]2([C@@H](CCC(O)=O)C)[H])[H])C		
CHEBI:178708	3,11-Dioxo-5beta-cholan-24-oic Acid		C24H36O4	388.548	O=C1[C@]2([C@]([C@]3([C@@]([C@](CC3)([C@@H](CCC(O)=O)C)[H])(C1)C)[H])(CC[C@]4([C@@]2(CCC(=O)C4)C)[H])[H])[H]		
CHEBI:178710	3beta-Hydroxy-19-oxochol-5-en-24-oic Acid		C24H36O4	388.548	O[C@@H]1CC=2[C@@]([C@@]3([C@]([C@]4([C@@]([C@](CC4)([C@@H](CCC(O)=O)C)[H])(CC3)C)[H])(CC2)[H])[H])(CC1)C=O		
CHEBI:178712	3alpha-Hydroxy-12-oxo-5beta-chol-6-en-24-oic Acid		C24H36O4	388.548	O=C1[C@]2([C@]([C@]3([C@@]([C@@]4([C@@](C[C@H](O)CC4)(C=C3)[H])C)(C1)[H])[H])(CC[C@@]2([C@@H](CCC(O)=O)C)[H])[H])C		
CHEBI:178713	3beta-Hydroxy-11-oxo-5beta-chol-8-en-24-oic Acid		C24H36O4	388.548	O=C1C=2[C@@]3([C@](CCC2[C@]4([C@@]([C@](CC4)([C@@H](CCC(O)=O)C)[H])(C1)C)[H])(C[C@@H](O)CC3)[H])C		
CHEBI:178714	3alpha-Hydroxy-12-oxo-5beta-chol-8(14)-en-24-oic Acid		C24H36O4	388.548	O=C1[C@]2(C(=C3[C@@]([C@@]4([C@](CC3)(C[C@H](O)CC4)[H])C)(C1)[H])CC[C@@]2([C@@H](CCC(O)=O)C)[H])C		
CHEBI:178715	3alpha-Hydroxy-12-oxo-5beta-chol-8-en-24-oic Acid		C24H36O4	388.548	O=C1[C@]2([C@](C3=C([C@@]4([C@](CC3)(C[C@H](O)CC4)[H])C)C1)(CC[C@@]2([C@@H](CCC(O)=O)C)[H])[H])C		
CHEBI:178716	12alpha-Hydroxy-3-oxo-5beta-chol-9(11)-en-24-oic Acid		C24H36O4	388.548	O[C@@H]1[C@]2([C@]([C@]3(C([C@@]4([C@](CC3)(CC(=O)CC4)[H])C)=C1)[H])(CC[C@@]2([C@@H](CCC(O)=O)C)[H])[H])C		
CHEBI:178717	3alpha-Hydroxy-12-oxo-5beta-chol-7-en-24-oic Acid		C24H36O4	388.548	O=C1[C@]2([C@](C=3[C@@]([C@@]4([C@](CC3)(C[C@H](O)CC4)[H])C)(C1)[H])(CC[C@@]2([C@@H](CCC(O)=O)C)[H])[H])C		
CHEBI:178718	3alpha-Hydroxy-7-oxo-5beta-chol-11-en-24-oic Acid		C24H36O4	388.548	O=C1[C@]2([C@]3([C@@]([C@](CC3)([C@@H](CCC(O)=O)C)[H])(C=C[C@@]2([C@@]4([C@](C1)(C[C@H](O)CC4)[H])C)[H])C)[H])[H]		
CHEBI:178719	12beta-Hydroxy-3-oxochol-4-en-24-oic Acid		C24H36O4	388.548	O[C@H]1[C@]2([C@]([C@]3([C@@]([C@@]4(C(CC3)=CC(=O)CC4)C)(C1)[H])[H])(CC[C@@]2([C@@H](CCC(O)=O)C)[H])[H])C		
CHEBI:178720	3alpha-Hydroxy-15-oxo-5beta-chol-8-en-24-oic Acid		C24H36O4	388.548	O=C1[C@@]2([C@@]([C@](C1)([C@@H](CCC(O)=O)C)[H])(CCC=3[C@@]4([C@](CCC23)(C[C@H](O)CC4)[H])C)C)[H]		
CHEBI:178721	3beta-Hydroxy-7-oxochol-5-en-24-oic Acid		C24H36O4	388.548	O=C1[C@]2([C@]3([C@@]([C@](CC3)([C@@H](CCC(O)=O)C)[H])(CC[C@@]2([C@@]4(C(=C1)C[C@@H](O)CC4)C)[H])C)[H])[H]		
CHEBI:178722	7,12-Dioxo-5alpha-cholan-24-oic Acid		C24H36O4	388.548	O=C1[C@]2([C@]([C@]3([C@@]([C@@]4([C@@](CC3=O)(CCCC4)[H])C)(C1)[H])[H])(CC[C@@]2([C@@H](CCC(O)=O)C)[H])[H])C		
CHEBI:178723	3,7-Dioxo-5alpha-cholan-24-oic Acid		C24H36O4	388.548	O=C1[C@]2([C@]3([C@@]([C@](CC3)([C@@H](CCC(O)=O)C)[H])(CC[C@@]2([C@@]4([C@@](C1)(CC(=O)CC4)[H])C)[H])C)[H])[H]		
CHEBI:178724	3,12-Dioxo-5alpha-cholan-24-oic Acid		C24H36O4	388.548	O=C1[C@]2([C@]([C@]3([C@@]([C@@]4([C@@](CC3)(CC(=O)CC4)[H])C)(C1)[H])[H])(CC[C@@]2([C@@H](CCC(O)=O)C)[H])[H])C		
CHEBI:179144	7b-Hydroxy-3-oxo-5b-cholan-24-oate		C25H40O4	404.591	O[C@@H]1[C@]2([C@]3([C@@]([C@](CC3)([C@@H](CCC(OC)=O)C)[H])(CC[C@@]2([C@@]4([C@](C1)(CC(=O)CC4)[H])C)[H])C)[H])[H]		
CHEBI:179324	3alpha,7alpha,11alpha-Trihydroxy-12-oxo-5beta-cholan-24-oic Acid		C24H38O6	422.562	O[C@H]1[C@@]2([C@@]([C@@]3([C@](C1)(C[C@H](O)CC3)[H])C)([C@H](O)C(=O)[C@]4([C@]2(CC[C@@]4([C@@H](CCC(O)=O)C)[H])[H])C)[H])[H]		
CHEBI:179983	3-Oxochola-1,4-dien-24-oic Acid		C24H34O3	370.533	O=C1C=C2[C@]([C@@]3([C@]([C@]4([C@@]([C@](CC4)([C@@H](CCC(O)=O)C)[H])(CC3)C)[H])(CC2)[H])[H])(C)C=C1		
CHEBI:179985	3-Oxo-5beta-chola-7,9(11)-dien-24-oic Acid		C24H34O3	370.533	O=C1C[C@@]2([C@@](C=3C([C@]4([C@@]([C@](CC4)([C@@H](CCC(O)=O)C)[H])(CC3)C)[H])=CC2)(CC1)C)[H]		
CHEBI:179986	3-Oxo-5beta-chola-8(14),11-dien-24-oic Acid		C24H34O3	370.533	O=C1C[C@@]2([C@@]([C@@]3(C(=C4[C@@]([C@](CC4)([C@@H](CCC(O)=O)C)[H])(C=C3)C)CC2)[H])(CC1)C)[H]		
CHEBI:179987	3-Oxo-5beta-chola-7,11-dien-24-oic Acid		C24H34O3	370.533	O=C1C[C@@]2([C@@]([C@@]3(C([C@]4([C@@]([C@](CC4)([C@@H](CCC(O)=O)C)[H])(C=C3)C)[H])=CC2)[H])(CC1)C)[H]		
CHEBI:180957	3a-Hydroxycholanoic acid		C24H40O3	376.581	O[C@H]1CC2[C@@]([C@@]3([C@]([C@]4([C@@]([C@](CC4)([C@@H](CCC(O)=O)C)[H])(CC3)C)[H])(CC2)[H])[H])(CC1)C		
CHEBI:181118	5alpha-Cholestane-3alpha,7alpha,12alpha,26-tetrol		C27H48O4	436.677	O[C@@H]1[C@]2([C@]([C@]3([C@@]([C@@]4([C@@](C[C@H]3O)(C[C@H](O)CC4)[H])C)(C1)[H])[H])(CC[C@@]2([C@@H](CCCC(CO)C)C)[H])[H])C		
CHEBI:181159	(23S)-3alpha,7alpha,23-Trihydroxy-5beta-cholan-24-oic Acid		C24H40O5	408.579	O[C@H]1[C@]2([C@]3([C@@]([C@](CC3)([C@@H](C[C@H](O)C(O)=O)C)[H])(CC[C@@]2([C@@]4([C@](C1)(C[C@H](O)CC4)[H])C)[H])C)[H])[H]		
CHEBI:181168	(3R,5R,6R,7S,9S,10R,13R,17R)-17-((R)-5-Methoxy-5-oxopentan-2-yl)-10,13-dimethylhexadecahydro-1H-cyclopenta[a]phenanthrene-3,6,7-triyl triacetate		C31H48O8	548.717	O(C1[C@]2([C@]3([C@@]([C@](CC3)([C@@H](CCC(OC)=O)C)[H])(CC[C@@]2([C@@]4([C@](C1OC(=O)C)(CC(OC(=O)C)CC4)[H])C)[H])C)[H])[H])C(=O)C		
CHEBI:181170	(3R,7R,8R,9S,10S,12S,13R,14S,17R)-17-((2R,5R)-5,7-Dihydroxyheptan-2-yl)-10,13-dimethylhexadecahydro-1H-cyclopenta[a]phenanthrene-3,7,12-triol		C26H46O5	438.649	O[C@@H]1C2([C@]([C@]3([C@@](C4(C(C[C@H]3O)C[C@H](O)CC4)C)(C1)[H])[H])(CC[C@@H]2C(CC[C@@H](O)CCO)C)[H])C		
CHEBI:181174	(2R,3S,6R)-6-((3R,5S,7R,8R,9S,10S,13R,14S,17R)-3,7-Dihydroxy-10,13-dimethylhexadecahydro-1H-cyclopenta[a]phenanthren-17-yl)-3-hydroxy-2-methylheptanoic acid		C27H46O5	450.660	O[C@H]1[C@]2([C@]3([C@@]([C@](CC3)([C@@H](CC[C@H](O)[C@@H](C)C(O)=O)C)[H])(CC[C@@]2([C@@]4([C@](C1)(C[C@H](O)CC4)[H])C)[H])C)[H])[H]		
CHEBI:181189	Methyl (2R,4R)-4-((3R,5R,9S,10S,12S,13R,17R)-3,12-dihydroxy-10,13-dimethylhexadecahydro-1H-cyclopenta[a]phenanthren-17-yl)-2-hydroxypentanoate		C25H42O5	422.606	O[C@@H]1[C@]2([C@]([C@]3([C@@]([C@@]4([C@](CC3)(C[C@H](O)CC4)[H])C)(C1)[H])[H])(CC[C@@]2([C@@H](C[C@@H](O)C(OC)=O)C)[H])[H])C		
CHEBI:181190	Methyl (4R)-4-((5R,9S,10S,12S,13R,17R)-12-hydroxy-10,13-dimethyl-2,5,6,7,8,9,10,11,12,13,14,15,16,17-tetradecahydro-1H-cyclopenta[a]phenanthren-17-yl)pentanoate		C25H40O3	388.592	O[C@@H]1[C@]2([C@]([C@]3([C@@]([C@@]4([C@](CC3)(C=CCC4)[H])C)(C1)[H])[H])(CC[C@@]2([C@@H](CCC(OC)=O)C)[H])[H])C		
CHEBI:181192	7alpha-Hydroxy-3-oxo-5alpha-cholan-24-oic Acid		C24H38O4	390.564	O[C@H]1[C@]2([C@]3([C@@]([C@](CC3)([C@@H](CCC(O)=O)C)[H])(CC[C@@]2([C@@]4([C@@](C1)(CC(=O)CC4)[H])C)[H])C)[H])[H]		
CHEBI:181196	5alpha-Cholestane-3beta,7alpha,26-triol		C27H48O3	420.678	O[C@H]1[C@]2([C@]3([C@@]([C@](CC3)([C@@H](CCCC(CO)C)C)[H])(CC[C@@]2([C@@]4([C@@](C1)(C[C@@H](O)CC4)[H])C)[H])C)[H])[H]		
CHEBI:181328	Ethyl (R)-4-((5R,7R,8R,9S,10S,13R,14S,17R)-7-hydroxy-10,13-dimethyl-3,12-dioxohexadecahydro-1H-cyclopenta[a]phenanthren-17-yl)pentanoate		C26H40O5	432.601	O[C@H]1[C@]2([C@]3([C@@]([C@](CC3)([C@@H](CCC(OCC)=O)C)[H])(C(=O)C[C@@]2([C@@]4([C@](C1)(CC(=O)CC4)[H])C)[H])C)[H])[H]		
CHEBI:181330	(3R,5R,6S,9S,10R,13R,17R)-17-((R)-5-Ethoxy-5-oxopentan-2-yl)-10,13-dimethylhexadecahydro-1H-cyclopenta[a]phenanthrene-3,6-diyl diacetate		C30H48O6	504.708	O(C1[C@]2([C@@]([C@@]3([C@]([C@]4([C@@]([C@](CC4)([C@@H](CCC(OCC)=O)C)[H])(CC3)C)[H])(C1)[H])[H])(CCC(OC(=O)C)C2)C)[H])C(=O)C		
CHEBI:181333	Methyl 3,6-dioxo-5beta-cholan-24-oate		C25H38O4	402.575	O=C1[C@]2([C@@]([C@@]3([C@]([C@]4([C@@]([C@](CC4)([C@@H](CCC(OC)=O)C)[H])(CC3)C)[H])(C1)[H])[H])(CCC(=O)C2)C)[H]		
CHEBI:181350	3alpha,7alpha,12alpha,26,27-Pentahydroxy-5beta-cholestane 26-sulfate		C27H48O8S	532.730	S(OCC(CCCC(C1C2(C(C3C(C4(C(CC3O)C[C@H](O)CC4)C)C[C@@H]2O)CC1)C)C)CO)(O)(=O)=O		
CHEBI:181389	(5S,8R,9S,10S,13S,17R)-17-[(2S,3S,5R)-3-Hydroxy-5,6-dimethylheptan-2-yl]-10,13-dimethyl-1,2,4,5,6,7,8,9,11,12,14,15,16,17-tetradecahydrocyclopenta[a]phenanthren-3-one		C28H48O2	416.690	O[C@H]([C@H]([C@@]1([C@@]2(C([C@]3([C@@]([C@@]4([C@@](CC3)(CC(=O)CC4)[H])C)(CC2)[H])[H])CC1)C)[H])C)C[C@H](C(C)C)C		
CHEBI:181581	3alpha,4beta,7alpha-Trihydroxy-5beta-cholan-24-oic Acid		C24H40O5	408.579	O[C@H]1[C@]2([C@]3([C@@]([C@](CC3)([C@@H](CCC(O)=O)C)[H])(CC[C@@]2([C@@]4([C@](C1)([C@@H](O)[C@H](O)CC4)[H])C)[H])C)[H])[H]		
CHEBI:181665	(24R,25R)-3alpha,7alpha,12alpha,24-Tetrahydroxy-5beta-cholestan-26-oic acid		C27H46O6	466.659	O[C@@H]1[C@]2([C@]([C@]3([C@@]([C@@]4([C@](C[C@H]3O)(C[C@H](O)CC4)[H])C)(C1)[H])[H])(CC[C@@]2([C@@H](CC[C@@H](O)[C@@H](C)C(O)=O)C)[H])[H])C		
CHEBI:181782	3alpha,7alpha,12alpha,26-Tetrahydroxy-5alpha-cholestan-27-oic acid		C27H46O6	466.659	O[C@@H]1[C@]2([C@]([C@]3([C@@]([C@@]4([C@@](C[C@H]3O)(C[C@H](O)CC4)[H])C)(C1)[H])[H])(CC[C@@]2([C@@H](CCCC(CO)C(O)=O)C)[H])[H])C		
CHEBI:181783	3alpha,7alpha,15beta-Trihydroxy-5beta-cholane-24-oic acid methyl ester		C25H42O5	422.606	O[C@H]1[C@@]2([C@@]([C@](C1)([C@@H](CCC(OC)=O)C)[H])(CC[C@]3([C@]2([C@H](O)C[C@]4([C@@]3(CC[C@@H](O)C4)C)[H])[H])[H])C)[H]		
CHEBI:181785	(3S,5R,7R,8R,9S,10S,12S,13R,14S,17R)-17-((R)-7-Hydroxy-6-(hydroxymethyl)heptan-2-yl)-10,13-dimethylhexadecahydro-1H-cyclopenta[a]phenanthrene-3,7,12-triol		C27H48O5	452.676	O[C@@H]1C2([C@]([C@]3([C@@](C4([C@@](C[C@H]3O)(C[C@@H](O)CC4)[H])C)(C1)[H])[H])(CC[C@@H]2C(CCCC(CO)CO)C)[H])C		
CHEBI:181786	(2R,3R,6R)-6-((3R,5S,7R,9S,10S,13R,14S,17R)-3,7-Dihydroxy-10,13-dimethylhexadecahydro-1H-cyclopenta[a]phenanthren-17-yl)-3-hydroxy-2-methylheptanoic acid		C27H46O5	450.660	OC1C2[C@]3([C@@]([C@](CC3)([C@@H](CC[C@@H](O)[C@@H](C)C(O)=O)C)[H])(CC[C@@]2([C@@]4([C@](C1)(C[C@H](O)CC4)[H])C)[H])C)[H]		
CHEBI:181787	3beta,7beta,12beta-Trihydroxy-5beta-cholan-24-oic acid		C24H40O5	408.579	O[C@H]1[C@]2([C@]([C@]3([C@@]([C@@]4([C@](C[C@@H]3O)(C[C@@H](O)CC4)[H])C)(C1)[H])[H])(CC[C@@]2([C@@H](CCC(O)=O)C)[H])[H])C		
CHEBI:181789	3alpha,6beta,7beta,12alpha-Tetrahydroxy-5alpha-cholan-24-oic Acid		C24H40O6	424.578	O[C@@H]1[C@]2([C@]([C@]3([C@@]([C@@]4([C@@]([C@H](O)[C@@H]3O)(C[C@H](O)CC4)[H])C)(C1)[H])[H])(CC[C@@]2([C@@H](CCC(O)=O)C)[H])[H])C		
CHEBI:181790	(6R)-2-Methyl-6-((2R,3S,5S,7R,8R,9S,10S,12S,13R,14S,17R)-2,3,7,12-tetrahydroxy-10,13-dimethylhexadecahydro-1H-cyclopenta[a]phenanthren-17-yl)heptanoic acid		C27H46O6	466.659	O[C@@H]1[C@]2([C@]([C@]3([C@@]([C@@]4([C@@](C[C@H]3O)(C[C@H](O)[C@H](O)C4)[H])C)(C1)[H])[H])(CC[C@@]2([C@@H](CCCC(C)C(O)=O)C)[H])[H])C		
CHEBI:181791	24-Hydroxychola-4-ene-3-one		C24H38O2	358.566	O=C1CC[C@@]2([C@@]3([C@]([C@]4([C@@]([C@](CC4)([C@@H](CCCO)C)[H])(CC3)C)[H])(CCC2=C1)[H])[H])C		
CHEBI:181792	Methyl (R)-4-((3R,5S,7R,8S,9S,10S,13R,14R,17R)-3,7,14-trihydroxy-10,13-dimethylhexadecahydro-1H-cyclopenta[a]phenanthren-17-yl)pentanoate		C25H42O5	422.606	O[C@]12[C@@]([C@](CC1)([C@@H](CCC(OC)=O)C)[H])(CC[C@]3([C@]2([C@H](O)C[C@]4([C@@]3(CC[C@@H](O)C4)C)[H])[H])[H])C		
CHEBI:181796	Methyl-3,7,12-trihydroxycholest-24-ene-26-oate		C28H46O5	462.671	O[C@@H]1[C@]2([C@]([C@]3([C@@]([C@@]4([C@](C[C@H]3O)(C[C@H](O)CC4)[H])C)(C1)[H])[H])(CC[C@@]2([C@@H](CC/C=C(\C)/C(OC)=O)C)[H])[H])C		
CHEBI:181797	(6R)-2-Hydroxy-2-methyl-6-((3R,5S,7R,8R,9S,10S,12S,13R,14S,17R)-3,7,12-trihydroxy-10,13-dimethylhexadecahydro-1H-cyclopenta[a]phenanthren-17-yl)heptyl hydrogen sulfate		C27H48O8S	532.730	S(OCC(O)(CCCC([C@@H]1C2([C@]([C@]3([C@@](C4([C@](C[C@H]3O)(C[C@H](O)CC4)[H])C)(C[C@@H]2O)[H])[H])(CC1)[H])C)C)C)(O)(=O)=O		
CHEBI:181840	3a,7a,14a-(OH)3-5b-cholanic acid		C24H40O5	408.579	O[C@]12[C@@]([C@](CC1)([C@@H](CCC(O)=O)C)[H])(CC[C@]3([C@]2([C@H](O)C[C@]4([C@@]3(CC[C@@H](O)C4)C)[H])[H])[H])C		
CHEBI:181842	(3S,5R,7R,8R,9S,10S,13S,14S,16R,17R)-17-((2R)-7-Acetoxy-6-methylheptan-2-yl)-10,13-dimethylhexadecahydro-1H-cyclopenta[a]phenanthrene-3,7,16-triyl triacetate		C35H56O8	604.825	O(C1[C@]2([C@]3(C([C@H](C(OC(=O)C)C3)C(CCCC(COC(=O)C)C)C)(CC[C@@]2(C4([C@@](C1)(CC(OC(=O)C)CC4)[H])C)[H])C)[H])[H])C(=O)C		
CHEBI:181843	3a,4b,7a,12a-Tetrahydroxy-5b-cholanoic acid		C24H40O6	424.578	O[C@@H]1[C@]2([C@]([C@]3([C@@]([C@@]4([C@](C[C@H]3O)([C@@H](O)[C@H](O)CC4)[H])C)(C1)[H])[H])(CC[C@@]2([C@@H](CCC(O)=O)C)[H])[H])C		
CHEBI:181892	4-(3-Hydroxy-10,13-dimethyl-2,3,4,5,6,7,8,9,14,15,16,17-dodecahydro-1H-cyclopenta[a]phenanthren-17-yl)pentanoic acid		C24H38O3	374.565	OC1CC2C(C3C(C4C(C(CC4)C(CCC(O)=O)C)(C=C3)C)CC2)(CC1)C		
CHEBI:181902	(23S)-3alpha,12alpha,23-Trihydroxy-5beta-cholan-24-oic Acid		C24H40O5	408.579	O[C@@H]1[C@]2([C@]([C@]3([C@@]([C@@]4([C@](CC3)(C[C@H](O)CC4)[H])C)(C1)[H])[H])(CC[C@@]2([C@@H](C[C@H](O)C(O)=O)C)[H])[H])C		
CHEBI:181974	(3R,5R,6R,7S,9S,10R,13R,17R)-17-((R)-5-Ethoxy-5-oxopentan-2-yl)-10,13-dimethylhexadecahydro-1H-cyclopenta[a]phenanthrene-3,6,7-triyl triacetate		C32H50O8	562.744	O(C1[C@]2([C@]3([C@@]([C@](CC3)([C@@H](CCC(OCC)=O)C)[H])(CC[C@@]2([C@@]4([C@](C1OC(=O)C)(CC(OC(=O)C)CC4)[H])C)[H])C)[H])[H])C(=O)C		
CHEBI:182100	3alpha,6beta,12alpha-Trihydroxy-5beta-cholan-24-oic Acid		C24H40O5	408.579	O[C@@H]1[C@]2([C@]([C@]3([C@@]([C@@]4([C@]([C@H](O)C3)(C[C@H](O)CC4)[H])C)(C1)[H])[H])(CC[C@@]2([C@@H](CCC(O)=O)C)[H])[H])C		
CHEBI:182102	(3R,5R,7R,8R,9S,10S,12S,13R,14S,17R)-17-((R)-7-Acetoxy-6-(acetoxymethyl)heptan-2-yl)-12-hydroxy-10,13-dimethylhexadecahydro-1H-cyclopenta[a]phenanthrene-3,7-diyl diacetate		C35H56O9	620.824	O[C@@H]1C2([C@]([C@]3([C@@](C4([C@@](C[C@H]3OC(=O)C)(C[C@H](OC(=O)C)CC4)[H])C)(C1)[H])[H])(CC[C@@H]2C(CCCC(COC(=O)C)COC(=O)C)C)[H])C		
CHEBI:182108	3alpha,7alpha,15alpha-Trihydroxy-5beta-cholane-24-oic acid methyl ester		C25H42O5	422.606	O[C@@H]1[C@@]2([C@@]([C@](C1)([C@@H](CCC(OC)=O)C)[H])(CC[C@]3([C@]2([C@H](O)C[C@]4([C@@]3(CC[C@@H](O)C4)C)[H])[H])[H])C)[H]		
CHEBI:182111	3beta,6beta,7beta-Trihydroxy-5beta-cholan-24-oic Acid		C24H40O5	408.579	O[C@@H]1[C@]2([C@]3([C@@]([C@](CC3)([C@@H](CCC(O)=O)C)[H])(CC[C@@]2([C@@]4([C@]([C@@H]1O)(C[C@@H](O)CC4)[H])C)[H])C)[H])[H]		
CHEBI:182112	Methyl (6R)-2-(hydroxymethyl)-6-((3R,5S,7R,9S,10S,12S,13R,14S,17R)-3,7,12-trihydroxy-10,13-dimethylhexadecahydro-1H-cyclopenta[a]phenanthren-17-yl)heptanoate		C28H48O6	480.686	O[C@@H]1[C@]2([C@]([C@]3([C@@]([C@@]4([C@](C[C@H]3O)(C[C@H](O)CC4)[H])C)(C1)[H])[H])(CC[C@@]2([C@@H](CCCC(CO)C(OC)=O)C)[H])[H])C		
CHEBI:182129	3beta,6beta,7alpha-Trihydroxy-5beta-cholan-24-oic Acid		C24H40O5	408.579	O[C@H]1[C@]2([C@]3([C@@]([C@](CC3)([C@@H](CCC(O)=O)C)[H])(CC[C@@]2([C@@]4([C@]([C@@H]1O)(C[C@@H](O)CC4)[H])C)[H])C)[H])[H]		
CHEBI:182189	11,15>]Heptadec-14-yl]-5-hydrofuran-2-one, hydrate		C29H44O12.H2O	602.674	O[C@@]12[C@]3([C@@]([C@@]4([C@](O)(CC3)C[C@@H](O[C@@H]5O[C@H]([C@H](O)[C@@H](O)[C@H]5O)C)C[C@H]4O)CO)([C@H](O)C[C@@]1([C@H](CC2)C=6COC(=O)C6)C)[H])[H].O		
CHEBI:182357	3-[(1R,3S,5S,10R,11R,13R,14S,17R)-1,5,11,14-tetrahydroxy-10-(hydroxymethyl)-13-methyl-3-[(2R,3S,4S,5R,6R)-3,4,5-trihydroxy-6-methyloxan-2-yl]oxy-2,3,4,6,7,8,9,11,12,15,16,17-dodecahydro-1H-cyclopenta[a]phenanthren-17-yl]-2H-furan-5-one		C29H44O12	584.659	O[C@@]12C3C([C@@]4([C@](O)(CC3)C[C@@H](O[C@@H]5O[C@@H]([C@H](O)[C@H](O)[C@@H]5O)C)C[C@H]4O)CO)C(O)C[C@@]1([C@H](CC2)C=6COC(=O)C6)C		
CHEBI:182360	(3R,5S,7R,9R,10S,12R,14R,18R,19R,22S,23R)-9,10,22-trihydroxy-7,18-dimethyl-19-(5-oxo-2H-furan-3-yl)-4,6,11-trioxahexacyclo[12.11.0.03,12.05,10.015,23.018,22]pentacosane-14-carbaldehyde		C29H40O9	532.630	O[C@@]12[C@]3(C([C@@]4(C(CC3)C[C@]5(O[C@@]6(O[C@@H](C[C@@H](O)[C@@]6(O[C@@]5(C4)[H])O)C)[H])[H])C=O)CC[C@@]1([C@H](CC2)C=7COC(=O)C7)C)[H]		
CHEBI:182388	(3R,5S,7R,8R,9S,10S,12S,13R,14S,17R)-17-((2R,5R)-5,7-Dihydroxyheptan-2-yl)-10,13-dimethylhexadecahydro-1H-cyclopenta[a]phenanthrene-3,7,12-triol		C26H46O5	438.649	O[C@@H]1C2([C@]([C@]3([C@@](C4([C@](C[C@H]3O)(C[C@H](O)CC4)[H])C)(C1)[H])[H])(CC[C@@H]2C(CC[C@@H](O)CCO)C)[H])C		
CHEBI:182566	[3-[5-(3,5-Dihydroxy-4-methoxy-6-methyloxan-2-yl)oxy-3,4-dihydroxy-6-(hydroxymethyl)oxan-2-yl]oxy-14-hydroxy-10,13-dimethyl-17-(5-oxo-2H-furan-3-yl)-1,2,3,4,5,6,7,8,9,11,12,15,16,17-tetradecahydrocyclopenta[a]phenanthren-1-yl] acetate		C38H58O15	754.867	OC12C3C(C4(C(CC3)CC(OC5OC(C(OC6OC(C(O)C(OC)C6O)C)C(O)C5O)CO)CC4OC(=O)C)C)CCC1(C(CC2)C=7COC(=O)C7)C		
CHEBI:182662	[2-(Hydroxymethyl)-6-[(3R,5R,7R,8R,9S,12S,14S,17R)-3,7,12-trihydroxy-10,13-dimethyl-2,3,4,5,6,7,8,9,11,12,14,15,16,17-tetradecahydro-1H-cyclopenta[a]phenanthren-17-yl]heptyl] hydrogen sulfate		C27H48O8S	532.730	S(OCC(CCCC([C@@H]1C2([C@]([C@]3([C@@](C4([C@@](C[C@H]3O)(C[C@H](O)CC4)[H])C)(C[C@@H]2O)[H])[H])(CC1)[H])C)C)CO)(O)(=O)=O		
CHEBI:182663	(3R,5R,7R,8S,9S,10S,12S,13R,14S,17R)-17-((R)-7-Hydroxy-6-(hydroxymethyl)heptan-2-yl)-10,13-dimethylhexadecahydro-1H-cyclopenta[a]phenanthrene-3,7,12-triol		C27H48O5	452.676	O[C@@H]1[C@]2([C@]([C@@]3([C@@]([C@@]4([C@@](C[C@H]3O)(C[C@H](O)CC4)[H])C)(C1)[H])[H])(CC[C@@]2([C@@H](CCCC(CO)CO)C)[H])[H])C		
CHEBI:182664	3alpha,6alpha,7beta,12alpha-Tetrahydroxy-5alpha-cholan-24-oic Acid		C24H40O6	424.578	O[C@@H]1[C@]2([C@]([C@]3([C@@]([C@@]4([C@@]([C@@H](O)[C@@H]3O)(C[C@H](O)CC4)[H])C)(C1)[H])[H])(CC[C@@]2([C@@H](CCC(O)=O)C)[H])[H])C		
CHEBI:182665	2-((R)-4-((3R,5S,7S,8R,9S,10S,12R,13R,14S,17R)-3,7,12-Trihydroxy-10,13-dimethylhexadecahydro-1H-cyclopenta[a]phenanthren-17-yl)pentanamido)ethane-1-sulfonic acid		C26H45NO7S	515.710	S(O)(=O)(=O)CCNC(=O)CC[C@H]([C@@]1([C@@]2([C@]([C@]3([C@@]([C@@]4([C@](C[C@@H]3O)(C[C@H](O)CC4)[H])C)(C[C@H]2O)[H])[H])(CC1)[H])C)[H])C		
CHEBI:182694	(3R,6R)-6-((3R,5S,7R,8R,9S,10S,12S,13R,14S,17R)-3,7-Diacetoxy-12-hydroxy-10,13-dimethylhexadecahydro-1H-cyclopenta[a]phenanthren-17-yl)heptane-1,3-diyl diacetate		C34H54O9	606.797	O[C@@H]1C2([C@]([C@]3([C@@](C4([C@](CC3OC(=O)C)(CC(OC(=O)C)CC4)[H])C)(C1)[H])[H])(CC[C@@H]2C(CCC(OC(=O)C)CCOC(=O)C)C)[H])C		
CHEBI:182707	(2S,3S,6R)-3-Hydroxy-2-methyl-6-((3R,5S,7R,8R,9S,10S,12S,13R,14S,17R)-3,7,12-trihydroxy-10,13-dimethylhexadecahydro-1H-cyclopenta[a]phenanthren-17-yl)heptanoic acid		C27H46O6	466.659	O[C@@H]1[C@]2([C@]([C@]3([C@@]([C@@]4([C@](C[C@H]3O)(C[C@H](O)CC4)[H])C)(C1)[H])[H])(CC[C@@]2([C@@H](CC[C@H](O)[C@H](C)C(O)=O)C)[H])[H])C		
CHEBI:182732	(25S)-3alpha,7alpha,12alpha,24R-Tetrahydroxy-5beta-cholestan-26-oic acid		C27H46O6	466.659	O[C@@H]1[C@]2([C@]([C@]3([C@@]([C@@]4([C@](C[C@H]3O)(C[C@H](O)CC4)[H])C)(C1)[H])[H])(CC[C@@]2([C@@H](CC[C@@H](O)[C@H](C)C(O)=O)C)[H])[H])C		
CHEBI:182733	(3R,5R,6S,9S,10R,13R,17R)-17-((R)-5-Acetoxypentan-2-yl)-10,13-dimethylhexadecahydro-1H-cyclopenta[a]phenanthrene-3,6-diyl diacetate		C30H48O6	504.708	O([C@@H]1[C@]2([C@@]([C@@]3([C@]([C@]4([C@@]([C@](CC4)([C@@H](CCCOC(=O)C)C)[H])(CC3)C)[H])(C1)[H])[H])(CC[C@@H](OC(=O)C)C2)C)[H])C(=O)C		
CHEBI:182760	3-Dehydroecdysone group		C27H42O6	462.627	O[C@]12[C@@]([C@](CC1)([C@@H]([C@H](O)CCC(O)(C)C)C)[H])(CCC3[C@@]4([C@](C(=O)C=C23)(CC(=O)[C@@H](O)C4)[H])C)C		
CHEBI:182795	3alpha,6alpha,7beta,12alpha-Tetrahydroxy-5beta-cholan-24-oic Acid		C24H40O6	424.578	O[C@@H]1[C@]2([C@]([C@]3([C@@]([C@@]4([C@]([C@@H](O)[C@@H]3O)(C[C@H](O)CC4)[H])C)(C1)[H])[H])(CC[C@@]2([C@@H](CCC(O)=O)C)[H])[H])C		
CHEBI:182860	3-[3-[4,5-Dihydroxy-6-(hydroxymethyl)-3-[3,4,5-trihydroxy-6-(hydroxymethyl)oxan-2-yl]oxyoxan-2-yl]oxy-14-hydroxy-10,13-dimethyl-1,2,3,4,5,6,7,8,9,11,12,15,16,17-tetradecahydrocyclopenta[a]phenanthren-17-yl]-2H-furan-5-one		C35H54O14	698.803	OC12C3C(C4(C(CC3)CC(OC5OC(C(O)C(O)C5OC6OC(C(O)C(O)C6O)CO)CO)CC4)C)CCC1(C(CC2)C=7COC(=O)C7)C		
CHEBI:182861	(6R)-2-(Hydroxymethyl)-6-((3R,5R,7R,8R,9S,10S,12S,13R,14S,17R)-3,7,12-trihydroxy-10,13-dimethylhexadecahydro-1H-cyclopenta[a]phenanthren-17-yl)heptyl hydrogen sulfate		C27H48O8S	532.730	S(OCC(CCCC([C@@H]1C2([C@]([C@]3([C@@](C4(C(C[C@H]3O)C[C@H](O)CC4)C)(C[C@@H]2O)[H])[H])(CC1)[H])C)C)CO)(O)(=O)=O		
CHEBI:182882	4-(3-Hydroxy-10,13-dimethyl-6-oxo-1,2,3,4,5,7,8,9,11,12,14,15,16,17-tetradecahydrocyclopenta[a]phenanthren-17-yl)pentanoic acid		C24H38O4	390.564	O=C1C2C(C3C(C4C(C(CC4)C(CCC(O)=O)C)(CC3)C)C1)(CCC(O)C2)C		
CHEBI:182921	3-[(3S,5S,8R,10S,13R,14S,17R)-3-[4,5-Dihydroxy-6-(hydroxymethyl)-3-[3,4,5-trihydroxy-6-(hydroxymethyl)oxan-2-yl]oxyoxan-2-yl]oxy-14-hydroxy-10,13-dimethyl-1,2,3,4,5,6,7,8,9,11,12,15,16,17-tetradecahydrocyclopenta[a]phenanthren-17-yl]-2H-furan-5-one		C35H54O14	698.803	O[C@@]12[C@]3(C([C@@]4([C@@](CC3)(C[C@@H](OC5OC(C(O)C(O)C5OC6OC(C(O)C(O)C6O)CO)CO)CC4)[H])C)CC[C@@]1([C@H](CC2)C=7COC(=O)C7)C)[H]		
CHEBI:183011	3-Hydroxy-5-chola-8,14-dien-24-oic Acid		C24H36O3	372.549	O[C@H]1C[C@@]2([C@@](C3=C(C=4[C@@]([C@](CC4)([C@@H](CCC(O)=O)C)[H])(CC3)C)CC2)(CC1)C)[H]		
CHEBI:183628	3alpha,7alpha,16alpha,22S-Tetrahydroxy-5beta-cholestan-26-oic acid		C27H46O6	466.659	O[C@H]1[C@]2([C@]3([C@@]([C@]([C@H](O)C3)([C@@H]([C@@H](O)CCC(C)C(O)=O)C)[H])(CC[C@@]2([C@@]4([C@](C1)(C[C@H](O)CC4)[H])C)[H])C)[H])[H]		
CHEBI:183683	(3beta,9xi)-3-(beta-D-Glucopyranosyloxy)-14-hydroxycard-20(22)-enolide		C29H44O9	536.662	O[C@@]12[C@]3(C([C@@]4(C(CC3)C[C@@H](O[C@@H]5O[C@@H]([C@@H](O)[C@H](O)[C@H]5O)CO)CC4)C)CC[C@@]1([C@H](CC2)C=6COC(=O)C6)C)[H]		
CHEBI:184001	3-[(3s,5r,10s,13r,14s,17s)-14-hydroxy-3-[(2r,3s,4s,5s,6s)-3-hydroxy-4-methoxy-6-methyl-5-[(2s,3r,4s,5s,6r)-3,4,5-trihydroxy-6-[[(2r,3r,4s,5s,6r)-3,4,5-trihydroxy-6-(hydroxymethyl)oxan-2-yl]oxymethyl]oxan-2-yl]oxyoxan-2-yl]oxy-10,13-dimethyl-1,2,3,4,5,6,7,8,9,11,12,15,16,17-tetradecahydrocyclopenta[a]phenanthren-17-yl]-2h-furan-5-one		C42H66O18	858.972	O[C@@]12C3C([C@@]4([C@](CC3)(C[C@@H](O[C@@H]5O[C@H]([C@H](O[C@@H]6O[C@@H]([C@@H](O)[C@H](O)[C@H]6O)CO[C@@H]7O[C@@H]([C@@H](O)[C@H](O)[C@H]7O)CO)[C@@H](OC)[C@@H]5O)C)CC4)[H])C)CC[C@@]1([C@@H](CC2)C=8COC(=O)C8)C		
CHEBI:184191	26-Glucosyl-1,3,11,22-tetrahydroxyergosta-5,24-dien-26-oate		C34H54O11	638.795	OC1C2C(C3C(C(CC3)C(C(O)C/C(/C)=C(/C)\C(OC4OC(C(O)C(O)C4O)CO)=O)C)(C1)C)CC=C5C2(C(O)CC(O)C5)C		
CHEBI:184261	3beta,7alpha,12alpha-Trihydroxychol-5-en-24-oic Acid		C24H38O5	406.563	O[C@@H]1[C@]2([C@]([C@]3([C@@]([C@@]4(C(=C[C@H]3O)C[C@@H](O)CC4)C)(C1)[H])[H])(CC[C@@]2([C@@H](CCC(O)=O)C)[H])[H])C		
CHEBI:184528	(22R)-3alpha,7alpha,22-Trihydroxy-5beta-cholan-24-oic Acid		C24H40O5	408.579	O[C@H]1[C@]2([C@]3([C@@]([C@](CC3)([C@@H]([C@H](O)CC(O)=O)C)[H])(CC[C@@]2([C@@]4([C@](C1)(C[C@H](O)CC4)[H])C)[H])C)[H])[H]		
CHEBI:184605	1,3,7-Trioxo-5beta-cholan-24-oic Acid		C24H34O5	402.531	O=C1[C@]2([C@]3([C@@]([C@](CC3)([C@@H](CCC(O)=O)C)[H])(CC[C@@]2([C@@]4([C@](C1)(CC(=O)CC4=O)[H])C)[H])C)[H])[H]		
CHEBI:184736	3alpha,12alpha,15alpha-Trihydroxy-5beta-cholan-24-oic Acid		C24H40O5	408.579	O[C@@H]1[C@]2([C@]([C@]3([C@@]([C@@]4([C@](CC3)(C[C@H](O)CC4)[H])C)(C1)[H])[H])([C@@H](O)C[C@@]2([C@@H](CCC(O)=O)C)[H])[H])C		
CHEBI:184806	(23S)-3alpha,7alpha,12alpha,23-Tetrahydroxy-5beta-cholan-24-oic Acid		C24H40O6	424.578	O[C@@H]1[C@]2([C@]([C@]3([C@@]([C@@]4([C@](C[C@H]3O)(C[C@H](O)CC4)[H])C)(C1)[H])[H])(CC[C@@]2([C@@H](C[C@H](O)C(O)=O)C)[H])[H])C		
CHEBI:184830	(23R)-3alpha,7alpha,17alpha,23-Tetrahydroxy-5beta-cholan-24-oic Acid		C24H40O6	424.578	O[C@]1([C@@]2([C@]([C@]3([C@@]([C@@]4([C@](C[C@H]3O)(C[C@H](O)CC4)[H])C)(CC2)[H])[H])(CC1)[H])C)[C@@H](C[C@@H](O)C(O)=O)C		
CHEBI:184849	2chi,3alpha,6alpha,7alpha-Tetrahydroxy-5beta-cholan-24-oic Acid		C24H40O6	424.578	O[C@H]1[C@]2([C@]3([C@@]([C@](CC3)([C@@H](CCC(O)=O)C)[H])(CC[C@@]2([C@@]4([C@]([C@H]1O)(C[C@H](O)C(O)C4)[H])C)[H])C)[H])[H]		
CHEBI:184927	7alpha-Hydroxy-3,12-dioxochol-4-en-24-oic Acid		C24H34O5	402.531	O[C@H]1[C@]2([C@]3([C@@]([C@](CC3)([C@@H](CCC(O)=O)C)[H])(C(=O)C[C@@]2([C@@]4(C(C1)=CC(=O)CC4)C)[H])C)[H])[H]		
CHEBI:184945	(23R)-3alpha,5beta,7alpha,23-Tetrahydroxycholan-24-oic Acid		C24H40O6	424.578	O[C@@]12[C@@]([C@@]3([C@]([C@]4([C@@]([C@](CC4)([C@@H](C[C@@H](O)C(O)=O)C)[H])(CC3)C)[H])([C@H](O)C1)[H])[H])(CC[C@@H](O)C2)C		
CHEBI:185014	12alpha-Hydroxy-3-oxochola-1,4-dien-24-oic Acid		C24H34O4	386.532	O[C@@H]1[C@]2([C@]([C@]3([C@](C1)([C@@]4(C(CC3)=CC(=O)C=C4)C)[H])[H])(CC[C@@]2([C@@H](CCC(O)=O)C)[H])[H])C		
CHEBI:185115	2beta,3alpha,7alpha,12alpha-Tetrahydroxy-5beta-cholestan-26-oic acid		C27H46O6	466.659	O[C@@H]1[C@]2([C@]([C@]3([C@@]([C@@]4([C@](C[C@H]3O)(C[C@H](O)[C@@H](O)C4)[H])C)(C1)[H])[H])(CC[C@@]2([C@@H](CCCC(C)C(O)=O)C)[H])[H])C		
CHEBI:185150	Nor-alpha-muricholic acid		C23H38O5	394.552	O[C@H]1[C@]2([C@]3([C@@]([C@](CC3)([C@@H](CC(O)=O)C)[H])(CC[C@@]2([C@@]4([C@]([C@@H]1O)(C[C@H](O)CC4)[H])C)[H])C)[H])[H]		
CHEBI:185193	3,12,15-Trioxo-5beta-cholan-24-oic Acid		C24H34O5	402.531	O=C1[C@]2([C@]([C@]3([C@@]([C@@]4([C@](CC3)(CC(=O)CC4)[H])C)(C1)[H])[H])(C(=O)C[C@@]2([C@@H](CCC(O)=O)C)[H])[H])C		
CHEBI:185260	3alpha,6beta,7alpha,12beta-Tetrahydroxy-5beta-cholan-24-oic Acid		C24H40O6	424.578	O[C@H]1[C@]2([C@]([C@]3([C@@]([C@@]4([C@]([C@H](O)[C@H]3O)(C[C@H](O)CC4)[H])C)(C1)[H])[H])(CC[C@@]2([C@@H](CCC(O)=O)C)[H])[H])C		
CHEBI:185313	1beta,3alpha,7alpha,12alpha-Tetrahydroxy-5beta-cholestan-26-oic acid		C27H46O6	466.659	O[C@@H]1[C@]2([C@]([C@]3([C@@]([C@@]4([C@](C[C@H]3O)(C[C@H](O)C[C@H]4O)[H])C)(C1)[H])[H])(CC[C@@]2([C@@H](CCCC(C)C(O)=O)C)[H])[H])C		
CHEBI:185358	3Alpha,7Alpha,12Alpha-trihydroxy-27-nor-5Beta-cholestan-24-one		C26H44O4	420.634	O[C@@H]1[C@]2([C@]([C@]3([C@@]([C@@]4([C@](C[C@H]3O)(C[C@H](O)CC4)[H])C)(C1)[H])[H])(CC[C@@]2([C@@H](CCC(=O)CC)C)[H])[H])C		
CHEBI:185405	3beta,7alpha,12alpha-Trihydroxy-5alpha-cholestan-26-oic acid		C27H46O5	450.660	O[C@@H]1[C@]2([C@]([C@]3([C@@]([C@@]4([C@@](C[C@H]3O)(C[C@@H](O)CC4)[H])C)(C1)[H])[H])(CC[C@@]2([C@@H](CCCC(C)C(O)=O)C)[H])[H])C		
CHEBI:185518	Dinoravicholic acid		C22H36O5	380.525	O[C@H]1[C@]2([C@]3([C@@]([C@]([C@H](O)C3)([C@H](C)C(O)=O)[H])(CC[C@@]2([C@@]4([C@](C1)(C[C@H](O)CC4)[H])C)[H])C)[H])[H]		
CHEBI:185557	Norlithocholic acid		C23H38O3	362.554	O[C@H]1C[C@@]2([C@@]([C@@]3([C@]([C@]4([C@@]([C@](CC4)([C@@H](CC(O)=O)C)[H])(CC3)C)[H])(CC2)[H])[H])(CC1)C)[H]		
CHEBI:185583	Nor-beta-muricholic acid		C23H38O5	394.552	O[C@@H]1[C@]2([C@]3([C@@]([C@](CC3)([C@@H](CC(O)=O)C)[H])(CC[C@@]2([C@@]4([C@]([C@@H]1O)(C[C@H](O)CC4)[H])C)[H])C)[H])[H]		
CHEBI:185585	Nor-omega-muricholic acid		C23H38O5	394.552	O[C@@H]1[C@]2([C@]3([C@@]([C@](CC3)([C@@H](CC(O)=O)C)[H])(CC[C@@]2([C@@]4([C@]([C@H]1O)(C[C@H](O)CC4)[H])C)[H])C)[H])[H]		
CHEBI:185619	3alpha,7alpha,12alpha,26-Tetrahydroxy-5beta-cholestan-27-oic acid		C27H46O6	466.659	O[C@@H]1[C@]2([C@]([C@]3([C@@]([C@@]4([C@](C[C@H]3O)(C[C@H](O)CC4)[H])C)(C1)[H])[H])(CC[C@@]2([C@@H](CCCC(CO)C(O)=O)C)[H])[H])C		
CHEBI:185626	5beta-Chol-11-en-24-oic Acid		C24H38O2	358.566	OC(=O)CC[C@H]([C@@]1([C@@]2([C@]([C@]3([C@@]([C@@]4([C@](CC3)(CCCC4)[H])C)(C=C2)[H])[H])(CC1)[H])C)[H])C		
CHEBI:185648	3-Oxo-5beta-chol-9(11)-en-24-oic Acid		C24H36O3	372.549	O=C1C[C@@]2([C@@](C=3[C@]([C@]4([C@@]([C@](CC4)([C@@H](CCC(O)=O)C)[H])(CC3)C)[H])(CC2)[H])(CC1)C)[H]		
CHEBI:185672	3,12-Dioxochola-1,4,9(11)-trien-24-oic Acid		C24H30O4	382.500	O=C1[C@]2([C@]([C@]3(C([C@@]4(C(CC3)=CC(=O)C=C4)C)=C1)[H])(CC[C@@]2([C@@H](CCC(O)=O)C)[H])[H])C		
CHEBI:185743	7alpha-Hydroxy-3-oxochola-1,4-dien-24-oic Acid		C24H34O4	386.532	O[C@H]1[C@]2([C@]3([C@@]([C@](CC3)([C@@H](CCC(O)=O)C)[H])(CC[C@@]2([C@@]4(C(C1)=CC(=O)C=C4)C)[H])C)[H])[H]		
CHEBI:185748	3alpha,12alpha,16alpha-Trihydroxy-5beta-cholan-24-oic Acid		C24H40O5	408.579	O[C@@H]1[C@]2([C@]([C@]3([C@@]([C@@]4([C@](CC3)(C[C@H](O)CC4)[H])C)(C1)[H])[H])(C[C@@H](O)[C@@]2([C@@H](CCC(O)=O)C)[H])[H])C		
CHEBI:185756	3alpha,7alpha,12alpha,22-Tetrahydroxy-5beta-cholestan-26-oic acid		C27H46O6	466.659	O[C@@H]1[C@]2([C@]([C@]3([C@@]([C@@]4([C@](C[C@H]3O)(C[C@H](O)CC4)[H])C)(C1)[H])[H])(CC[C@@]2([C@@H](C(O)CCC(C)C(O)=O)C)[H])[H])C		
CHEBI:185768	3alpha-Hydroxy-11-oxo-5beta-cholan-24-oic Acid		C24H38O4	390.564	O=C1[C@]2([C@]([C@]3([C@@]([C@](CC3)([C@@H](CCC(O)=O)C)[H])(C1)C)[H])(CC[C@]4([C@@]2(CC[C@@H](O)C4)C)[H])[H])[H]		
CHEBI:185831	3,12-Dioxo-5beta-chol-6-en-24-oic Acid		C24H34O4	386.532	O=C1[C@]2([C@]([C@]3([C@@]([C@@]4([C@](C=C3)(CC(=O)CC4)[H])C)(C1)[H])[H])(CC[C@@]2([C@@H](CCC(O)=O)C)[H])[H])C		
CHEBI:185850	3alpha,7alpha,12alpha-Trihydroxy-24-nor-5beta-cholan-23-al		C23H38O4	378.553	O[C@@H]1[C@]2([C@]([C@]3([C@@]([C@@]4([C@](C[C@H]3O)(C[C@H](O)CC4)[H])C)(C1)[H])[H])(CC[C@@]2([C@@H](CC=O)C)[H])[H])C		
CHEBI:185983	12alpha-Hydroxy-3,7-dioxo-5beta-cholan-24-oic Acid		C24H36O5	404.547	O[C@@H]1[C@]2([C@]([C@]3([C@@]([C@@]4([C@](CC3=O)(CC(=O)CC4)[H])C)(C1)[H])[H])(CC[C@@]2([C@@H](CCC(O)=O)C)[H])[H])C		
CHEBI:185992	3alpha,7alpha,12alpha-trihydroxy-27-carboxymethyl-5beta-cholestan-26-oic acid		C29H48O7	508.696	O[C@@H]1[C@]2([C@]([C@]3([C@@]([C@@]4([C@](C[C@H]3O)(C[C@H](O)CC4)[H])C)(C1)[H])[H])(CC[C@@]2([C@@H](CCCC(CCC(O)=O)C(O)=O)C)[H])[H])C		
CHEBI:186094	Dinorhyocholic acid		C22H36O5	380.525	O[C@H]1[C@]2([C@]3([C@@]([C@](CC3)([C@H](C)C(O)=O)[H])(CC[C@@]2([C@@]4([C@]([C@H]1O)(C[C@H](O)CC4)[H])C)[H])C)[H])[H]		
CHEBI:186098	5alpha-cholestan-3beta,6alpha,8beta,15alpha,24S-triol		C27H48O5	452.676	O[C@]12[C@]3([C@@]([C@](C[C@@H]3O)([C@@H](CC[C@H](O)C(C)C)C)[H])(CC[C@@]1([C@@]4([C@@]([C@@H](O)C2)(C[C@@H](O)CC4)[H])C)[H])C)[H]		
CHEBI:186156	Corchoroside A		C29H42O9	534.646	OC12C3C(C4(C(O)(CC3)CC(OC5OC(C(O)C(O)C5)C)CC4)C=O)CCC1(C(CC2)C=6COC(=O)C6)C		
CHEBI:186272	Neoconvallatoxoloside		C35H54O15	714.802	OC12C3C(C4(C(O)(CC3)CC(OC5OC(C(O)C(O)C5OC6OC(C(O)C(O)C6O)CO)C)CC4)CO)CCC1(C(CC2)C=7COC(=O)C7)C		
CHEBI:186303	Dinor-alpha-muricholic acid		C22H36O5	380.525	O[C@H]1[C@]2([C@]3([C@@]([C@](CC3)([C@H](C)C(O)=O)[H])(CC[C@@]2([C@@]4([C@]([C@@H]1O)(C[C@H](O)CC4)[H])C)[H])C)[H])[H]		
CHEBI:186470	SARMENTOSIDE B		C34H48O13	664.745	O[C@@]12C3C([C@@]4([C@](O)(CC3)C[C@@H](OC5OC(C(OC(=O)C)C(OC)C5O)C)CC4)C=O)C(OC(=O)C)C[C@@]1([C@H](CC2)C=6COC(=O)C6)C		
CHEBI:186528	3beta,7alpha,12alpha-Trihydroxy-5beta-cholestan-26-oic acid		C27H46O5	450.660	O[C@@H]1[C@]2([C@]([C@]3([C@@]([C@@]4([C@](C[C@H]3O)(C[C@@H](O)CC4)[H])C)(C1)[H])[H])(CC[C@@]2([C@@H](CCCC(C)C(O)=O)C)[H])[H])C		
CHEBI:186608	3beta-Hydroxychola-5,7-dien-24-oic Acid		C24H36O3	372.549	O[C@@H]1CC=2[C@@]([C@@]3(C([C@]4([C@@]([C@](CC4)([C@@H](CCC(O)=O)C)[H])(CC3)C)[H])=CC2)[H])(CC1)C		
CHEBI:186610	3alpha-Hydroxy-5beta-chola-8(14),11-dien-24-oic Acid		C24H36O3	372.549	O[C@H]1C[C@@]2([C@@]([C@@]3(C(=C4[C@@]([C@](CC4)([C@@H](CCC(O)=O)C)[H])(C=C3)C)CC2)[H])(CC1)C)[H]		
CHEBI:186618	12alpha-Hydroxy-5beta-chol-3-en-24-oic Acid		C24H38O3	374.565	O[C@@H]1[C@]2([C@]([C@]3([C@@]([C@@]4([C@](CC3)(C=CCC4)[H])C)(C1)[H])[H])(CC[C@@]2([C@@H](CCC(O)=O)C)[H])[H])C		
CHEBI:186670	24-ketocholestanol		C27H46O2	402.663	O[C@@H]1C[C@]2([C@@]([C@@]3([C@]([C@]4([C@@]([C@](CC4)([C@@H](CCC(=O)C(C)C)C)[H])(CC3)C)[H])(CC2)[H])[H])(CC1)C)[H]		
CHEBI:186682	3alpha,11alpha,12alpha-Trihydroxy-5beta-cholan-24-oic Acid		C24H40O5	408.579	O[C@@H]1[C@]2([C@]([C@]3([C@@]([C@@]4([C@](CC3)(C[C@H](O)CC4)[H])C)([C@@H]1O)[H])[H])(CC[C@@]2([C@@H](CCC(O)=O)C)[H])[H])C		
CHEBI:186692	3alpha,12alpha,22-Trihydroxy-5beta-cholestan-26-oic acid		C27H46O5	450.660	O[C@@H]1[C@]2([C@]([C@]3([C@@]([C@@]4([C@](CC3)(C[C@H](O)CC4)[H])C)(C1)[H])[H])(CC[C@@]2([C@@H](C(O)CCC(C)C(O)=O)C)[H])[H])C		
CHEBI:186725	3alpha,7alpha,12alpha,24-Tetrahydroxy-5alpha-cholestan-26-oic acid		C27H46O6	466.659	O[C@@H]1[C@]2([C@]([C@]3([C@@]([C@@]4([C@@](C[C@H]3O)(C[C@H](O)CC4)[H])C)(C1)[H])[H])(CC[C@@]2([C@@H](CCC(O)C(C)C(O)=O)C)[H])[H])C		
CHEBI:186731	3alpha,11alpha,12beta-Trihydroxy-5beta-cholan-24-oic Acid		C24H40O5	408.579	O[C@H]1[C@]2([C@]([C@]3([C@@]([C@@]4([C@](CC3)(C[C@H](O)CC4)[H])C)([C@@H]1O)[H])[H])(CC[C@@]2([C@@H](CCC(O)=O)C)[H])[H])C		
CHEBI:186737	3alpha,11beta,12alpha-Trihydroxy-5beta-cholan-24-oic Acid		C24H40O5	408.579	O[C@@H]1[C@]2([C@]([C@]3([C@@]([C@@]4([C@](CC3)(C[C@H](O)CC4)[H])C)([C@H]1O)[H])[H])(CC[C@@]2([C@@H](CCC(O)=O)C)[H])[H])C		
CHEBI:186752	3alpha-Hydroxy-5beta-cholest-24-en-26-oic acid		C27H44O3	416.646	O[C@H]1C[C@@]2([C@@]([C@@]3([C@]([C@]4([C@@]([C@](CC4)([C@@H](CC/C=C(\C)/C(O)=O)C)[H])(CC3)C)[H])(CC2)[H])[H])(CC1)C)[H]		
CHEBI:186796	3alpha,7alpha,12alpha,16alpha-tetrahydroxy-5beta-cholan-24-oic Acid		C24H40O6	424.578	O[C@@H]1[C@]2([C@]([C@]3([C@@]([C@@]4([C@](C[C@H]3O)(C[C@H](O)CC4)[H])C)(C1)[H])[H])(C[C@@H](O)[C@@]2([C@@H](CCC(O)=O)C)[H])[H])C		
CHEBI:186850	3alpha,7alpha,12alpha-Trihydroxy-5beta-24E-cholesten-26-oic acid		C27H44O5	448.644	O[C@@H]1[C@]2([C@]([C@]3([C@@]([C@@]4([C@](C[C@H]3O)(C[C@H](O)CC4)[H])C)(C1)[H])[H])(CC[C@@]2([C@@H](CC/C=C(\C)/C(O)=O)C)[H])[H])C		
CHEBI:186882	24-keto-25dehydrocholesterol		C27H42O2	398.631	O[C@@H]1CC=2[C@@]([C@@]3([C@]([C@]4([C@@]([C@](CC4)([C@@H](CCC(=O)C(C)=C)C)[H])(CC3)C)[H])(CC2)[H])[H])(CC1)C		
CHEBI:186887	3alpha,12alpha,24R-Trihydroxy-5beta-cholestan-26-oic acid		C27H46O5	450.660	O[C@@H]1[C@]2([C@]([C@]3([C@@]([C@@]4([C@](CC3)(C[C@H](O)CC4)[H])C)(C1)[H])[H])(CC[C@@]2([C@@H](CC[C@@H](O)C(C)C(O)=O)C)[H])[H])C		
CHEBI:186956	3alpha,12alpha,22S-Trihydroxy-5beta-cholestan-26-oic acid		C27H46O5	450.660	O[C@@H]1[C@]2([C@]([C@]3([C@@]([C@@]4([C@](CC3)(C[C@H](O)CC4)[H])C)(C1)[H])[H])(CC[C@@]2([C@@H]([C@@H](O)CCC(C)C(O)=O)C)[H])[H])C		
CHEBI:186962	Norhyocholic acid		C23H38O5	394.552	O[C@H]1[C@]2([C@]3([C@@]([C@](CC3)([C@@H](CC(O)=O)C)[H])(CC[C@@]2([C@@]4([C@]([C@H]1O)(C[C@H](O)CC4)[H])C)[H])C)[H])[H]		
CHEBI:186969	5alpha-Cholestane-3alpha,7alpha,16alpha,26-tetrol		C27H48O4	436.677	O[C@H]1[C@]2([C@]3([C@@]([C@]([C@H](O)C3)([C@@H](CCCC(CO)C)C)[H])(CC[C@@]2([C@@]4([C@@](C1)(C[C@H](O)CC4)[H])C)[H])C)[H])[H]		
CHEBI:186974	24-Nor-5beta-cholane-3alpha,12alpha,23-triol		C23H40O3	364.570	O[C@@H]1[C@]2([C@]([C@]3([C@@]([C@@]4([C@](CC3)(C[C@H](O)CC4)[H])C)(C1)[H])[H])(CC[C@@]2([C@@H](CCO)C)[H])[H])C		
CHEBI:187012	24-Nor-5beta-cholane-3alpha,12alpha,22,23-tetrol		C23H40O4	380.569	O[C@@H]1[C@]2([C@]([C@]3([C@@]([C@@]4([C@](CC3)(C[C@H](O)CC4)[H])C)(C1)[H])[H])(CC[C@@]2([C@@H](C(O)CO)C)[H])[H])C		
CHEBI:187018	3alpha,11beta,12beta-Trihydroxy-5beta-cholan-24-oic Acid		C24H40O5	408.579	O[C@H]1[C@]2([C@]([C@]3([C@@]([C@@]4([C@](CC3)(C[C@H](O)CC4)[H])C)([C@H]1O)[H])[H])(CC[C@@]2([C@@H](CCC(O)=O)C)[H])[H])C		
CHEBI:187046	5beta-Cholestane-3alpha,24,25-triol		C27H48O3	420.678	O[C@H]1C[C@@]2([C@@]([C@@]3([C@]([C@]4([C@@]([C@](CC4)([C@@H](CCC(O)C(O)(C)C)C)[H])(CC3)C)[H])(CC2)[H])[H])(CC1)C)[H]		
CHEBI:187057	3alpha,7alpha,12alpha-Trihydroxy-24-methyl-5beta-Cholestan-26-oic acid		C28H48O5	464.687	O[C@@H]1[C@]2([C@]([C@]3([C@@]([C@@]4([C@](C[C@H]3O)(C[C@H](O)CC4)[H])C)(C1)[H])[H])(CC[C@@]2([C@@H](CCC(C(C)C(O)=O)C)C)[H])[H])C		
CHEBI:187073	Corchorusoside B		C35H54O13	682.804	OC12C3C(C4(C(CC3)CC(OC5OC(C(OC6OC(C(O)C(O)C6O)CO)C(O)C5)C)CC4)C)C(O)CC1(C(CC2)C=7COC(=O)C7)C		
CHEBI:187081	24-methylene-cholest-5-en-3beta,17alpha,22S-triol		C28H46O3	430.673	O[C@]1([C@@]2([C@]([C@]3([C@@]([C@@]4(C(=CC3)C[C@@H](O)CC4)C)(CC2)[H])[H])(CC1)[H])C)[C@@H]([C@@H](O)CC(C(C)C)=C)C		
CHEBI:187102	Corchorusoside C		C35H54O13	682.804	O[C@@]12[C@]3([C@@]([C@@]4([C@](O)(CC3)C[C@@H](O[C@@H]5O[C@@H]([C@@H](O[C@@H]6O[C@@H]([C@@H](O)[C@H](O)[C@H]6O)CO)[C@@H](O)C5)C)CC4)C)(CC[C@@]1([C@H](CC2)C=7COC(=O)C7)C)[H])[H]		
CHEBI:187219	24-Nor-5beta-cholane-3alpha,7alpha,23-triol		C23H40O3	364.570	O[C@H]1[C@]2([C@]3([C@@]([C@](CC3)([C@@H](CCO)C)[H])(CC[C@@]2([C@@]4([C@](C1)(C[C@H](O)CC4)[H])C)[H])C)[H])[H]		
CHEBI:187250	3alpha-Hydroxy-12-oxo-5beta-chola-7,9(11)-dien-24-oic Acid		C24H34O4	386.532	O=C1[C@]2([C@@](CC[C@@]2([C@@H](CCC(O)=O)C)[H])(C=3C([C@@]4([C@](CC3)(C[C@H](O)CC4)[H])C)=C1)[H])C		
CHEBI:187258	12alpha-Hydroxy-3-oxochola-1,4,6-trien-24-oic Acid		C24H32O4	384.516	O[C@@H]1[C@]2([C@]([C@]3([C@](C1)([C@@]4(C(C=C3)=CC(=O)C=C4)C)[H])[H])(CC[C@@]2([C@@H](CCC(O)=O)C)[H])[H])C		
CHEBI:187379	3-Oxo-5beta-chol-1-en-24-oic Acid		C24H36O3	372.549	O=C1C[C@@]2([C@]([C@@]3([C@]([C@]4([C@@]([C@](CC4)([C@@H](CCC(O)=O)C)[H])(CC3)C)[H])(CC2)[H])[H])(C)C=C1)[H]		
CHEBI:187395	3,7,12-Trioxo-5beta-chol-1-en-24-oic Acid		C24H32O5	400.515	O=C1[C@]2([C@]([C@]3([C@@]([C@@]4([C@](CC3=O)(CC(=O)C=C4)[H])C)(C1)[H])[H])(CC[C@@]2([C@@H](CCC(O)=O)C)[H])[H])C		
CHEBI:187426	12alpha-Hydroxy-7-oxo-5alpha-cholan-24-oic Acid		C24H38O4	390.564	O[C@@H]1[C@]2([C@]([C@]3([C@@]([C@@]4([C@@](CC3=O)(CCCC4)[H])C)(C1)[H])[H])(CC[C@@]2([C@@H](CCC(O)=O)C)[H])[H])C		
CHEBI:187454	3alpha,7alpha,12alpha-Trihydroxy-5beta-chol-9(11)-en-24-oic Acid		C24H38O5	406.563	O[C@@H]1[C@]2([C@]([C@]3(C([C@@]4([C@](C[C@H]3O)(C[C@H](O)CC4)[H])C)=C1)[H])(CC[C@@]2([C@@H](CCC(O)=O)C)[H])[H])C		
CHEBI:187470	Olitorin		C35H52O14	696.787	OC12C3C(C4(C(O)(CC3)CC(OC5OC(C(OC6OC(C(O)C(O)C6O)CO)C(O)C5)C)CC4)C=O)CCC1(C(CC2)C=7COC(=O)C7)C		
CHEBI:187502	5beta-Cholest-25-ene-3alpha,7alpha,12alpha,23-tetrol		C27H46O4	434.661	O[C@@H]1[C@]2([C@]([C@]3([C@@]([C@@]4([C@](C[C@H]3O)(C[C@H](O)CC4)[H])C)(C1)[H])[H])(CC[C@@]2([C@@H](CC(O)CC(C)=C)C)[H])[H])C		
CHEBI:187570	7alpha,25,27-trihydroxycholesterol		C27H46O4	434.661	O[C@H]1[C@]2([C@]3([C@@]([C@](CC3)([C@@H](CCCC(O)(CO)C)C)[H])(CC[C@@]2([C@@]4(C(=C1)C[C@@H](O)CC4)C)[H])C)[H])[H]		
CHEBI:187658	3beta,5alpha,6beta-Trihydroxycholan-24-oic Acid		C24H40O5	408.579	O[C@]12[C@@]([C@@]3([C@]([C@]4([C@@]([C@](CC4)([C@@H](CCC(O)=O)C)[H])(CC3)C)[H])(C[C@H]1O)[H])[H])(CC[C@H](O)C2)C		
CHEBI:187677	27-nor-22R-hydroxy-5alpha-cholestan-3,6-dione		C26H42O3	402.619	O=C1[C@@]2([C@@]([C@@]3([C@]([C@]4([C@@]([C@](CC4)([C@@H]([C@H](O)CCCC)C)[H])(CC3)C)[H])(C1)[H])[H])(CCC(=O)C2)C)[H]		
CHEBI:187678	Cheirotoxol		C35H54O15	714.802	OC12C3C(C4(C(O)(CC3)CC(OC5OC(C(OC6OC(C(O)C(O)C6O)CO)C(O)C5O)C)CC4)CO)CCC1(C(CC2)C=7COC(=O)C7)C		
CHEBI:187696	3,7,12-Trioxochol-4-en-24-oic Acid		C24H32O5	400.515	O=C1[C@]2([C@]([C@]3([C@@]([C@@]4(C(CC3=O)=CC(=O)CC4)C)(C1)[H])[H])(CC[C@@]2([C@@H](CCC(O)=O)C)[H])[H])C		
CHEBI:187738	5beta-Cholest-25-ene-3alpha,7alpha,12alpha,24-tetrol		C27H46O4	434.661	O[C@@H]1[C@]2([C@]([C@]3([C@@]([C@@]4([C@](C[C@H]3O)(C[C@H](O)CC4)[H])C)(C1)[H])[H])(CC[C@@]2([C@@H](CCC(O)C(C)=C)C)[H])[H])C		
CHEBI:187761	3,7,12-Trioxochola-1,4-dien-24-oic Acid		C24H30O5	398.499	O=C1[C@]2([C@]([C@]3([C@](C1)([C@@]4(C(CC3=O)=CC(=O)C=C4)C)[H])[H])(CC[C@@]2([C@@H](CCC(O)=O)C)[H])[H])C		
CHEBI:187810	(25R)-1beta,3alpha,7alpha-trihydroxy-5beta-cholestan-26-oic acid		C27H46O5	450.660	O[C@H]1[C@]2([C@]3([C@@]([C@](CC3)([C@@H](CCC[C@@H](C)C(O)=O)C)[H])(CC[C@@]2([C@@]4([C@](C1)(C[C@H](O)C[C@H]4O)[H])C)[H])C)[H])[H]		
CHEBI:187929	3beta-Hydroxy-5beta-cholestan-26-oic acid		C27H46O3	418.662	O[C@@H]1C[C@@]2([C@@]([C@@]3([C@]([C@]4([C@@]([C@](CC4)([C@@H](CCCC(C)C(O)=O)C)[H])(CC3)C)[H])(CC2)[H])[H])(CC1)C)[H]		
CHEBI:187934	3alpha-Hydroxy-5beta-cholestan-26-oic acid		C27H46O3	418.662	O[C@H]1C[C@@]2([C@@]([C@@]3([C@]([C@]4([C@@]([C@](CC4)([C@@H](CCCC(C)C(O)=O)C)[H])(CC3)C)[H])(CC2)[H])[H])(CC1)C)[H]		
CHEBI:187937	3alpha,7alpha,12alpha-Trihydroxy-5alpha-cholan-24-al		C24H40O4	392.580	O[C@@H]1[C@]2([C@]([C@]3([C@@]([C@@]4([C@@](C[C@H]3O)(C[C@H](O)CC4)[H])C)(C1)[H])[H])(CC[C@@]2([C@@H](CCC=O)C)[H])[H])C		
CHEBI:187942	5beta-Chol-2-en-24-oic Acid		C24H38O2	358.566	OC(=O)CC[C@H]([C@@]1([C@@]2([C@]([C@]3([C@@]([C@@]4([C@](CC3)(CC=CC4)[H])C)(CC2)[H])[H])(CC1)[H])C)[H])C		
CHEBI:187943	5alpha-Cholestane-3alpha,7alpha,12alpha,24-tetrol		C27H48O4	436.677	O[C@@H]1[C@]2([C@]([C@]3([C@@]([C@@]4([C@@](C[C@H]3O)(C[C@H](O)CC4)[H])C)(C1)[H])[H])(CC[C@@]2([C@@H](CCC(O)C(C)C)C)[H])[H])C		
CHEBI:187986	3,12-Dioxochol-4-en-24-oic Acid		C24H34O4	386.532	O=C1[C@]2([C@]([C@]3([C@@]([C@@]4(C(CC3)=CC(=O)CC4)C)(C1)[H])[H])(CC[C@@]2([C@@H](CCC(O)=O)C)[H])[H])C		
CHEBI:187989	3alpha,7beta,21chi-Trihydroxy-5beta-cholan-24-oic Acid		C24H40O5	408.579	O[C@@H]1[C@]2([C@]3([C@@]([C@](CC3)([C@@H](CCC(O)=O)CO)[H])(CC[C@@]2([C@@]4([C@](C1)(C[C@H](O)CC4)[H])C)[H])C)[H])[H]		
CHEBI:187994	(20S,24S)-24-ethylthornasterol		C29H48O4	460.699	O[C@@H]1[C@@]2([C@@](C=3[C@]([C@]4([C@@]([C@](CC4)([C@@](O)(CC(=O)[C@H](C(C)C)CC)C)[H])(CC3)C)[H])(C1)[H])(CC[C@H](O)C2)C)[H]		
CHEBI:188009	5-Cholestene-3beta,7alpha,12alpha,24-tetrol		C27H46O4	434.661	O[C@@H]1[C@]2([C@]([C@]3([C@@]([C@@]4(C(=C[C@H]3O)C[C@@H](O)CC4)C)(C1)[H])[H])(CC[C@@]2([C@@H](CCC(O)C(C)C)C)[H])[H])C		
CHEBI:188017	5beta-Cholane-3alpha,6alpha,24-triol		C24H42O3	378.597	O[C@@H]1[C@]2([C@@]([C@@]3([C@]([C@]4([C@@]([C@](CC4)([C@@H](CCCO)C)[H])(CC3)C)[H])(C1)[H])[H])(CC[C@@H](O)C2)C)[H]		
CHEBI:188170	3alpha-Hydroxy-5beta-chol-7-en-24-oic Acid		C24H38O3	374.565	O[C@H]1C[C@@]2([C@@]([C@@]3(C([C@]4([C@@]([C@](CC4)([C@@H](CCC(O)=O)C)[H])(CC3)C)[H])=CC2)[H])(CC1)C)[H]		
CHEBI:188195	5beta-Cholestane-3alpha,7alpha,25,26-tetrol		C27H48O4	436.677	O[C@H]1[C@]2([C@]3([C@@]([C@](CC3)([C@@H](CCCC(O)(CO)C)C)[H])(CC[C@@]2([C@@]4([C@](C1)(C[C@H](O)CC4)[H])C)[H])C)[H])[H]		
CHEBI:188213	5beta-Chola-7,9(11)-dien-24-oic Acid		C24H36O2	356.550	OC(=O)CC[C@H]([C@@]1([C@@]2([C@@](CC1)(C=3C([C@@]4([C@](CC3)(CCCC4)[H])C)=CC2)[H])C)[H])C		
CHEBI:188222	3alpha-Hydroxychol-4-en-24-oic Acid		C24H38O3	374.565	O[C@@H]1CC[C@@]2([C@@]3([C@]([C@]4([C@@]([C@](CC4)([C@@H](CCC(O)=O)C)[H])(CC3)C)[H])(CCC2=C1)[H])[H])C		
CHEBI:188238	5beta-Chola-8(14),11-dien-24-oic Acid		C24H36O2	356.550	OC(=O)CC[C@H]([C@@]1([C@@]2(C(=C3[C@@]([C@@]4([C@](CC3)(CCCC4)[H])C)(C=C2)[H])CC1)C)[H])C		
CHEBI:188392	3beta,4beta,7alpha-Trihydroxy-5beta-cholan-24-oic Acid		C24H40O5	408.579	O[C@H]1[C@]2([C@]3([C@@]([C@](CC3)([C@@H](CCC(O)=O)C)[H])(CC[C@@]2([C@@]4([C@](C1)([C@@H](O)[C@@H](O)CC4)[H])C)[H])C)[H])[H]		
CHEBI:188994	28-nortyphasterol		C27H46O4	434.661	C1[C@@]2([C@]3(CC[C@]4([C@]([C@@]3(CC([C@]2(C[C@@H](C1)O)[H])=O)[H])(CC[C@@]4([C@@H]([C@H]([C@@H](CC(C)C)O)O)C)[H])[H])C)[H])C		
CHEBI:188997	28-norcastasterone		C27H46O5	450.660	C1[C@@]2([C@]3(CC[C@]4([C@]([C@@]3(CC([C@]2(C[C@@H]([C@@H]1O)O)[H])=O)[H])(CC[C@@]4([C@@H]([C@H]([C@@H](CC(C)C)O)O)C)[H])[H])C)[H])C		
CHEBI:189930	Digitoxigenin 3-[glucosyl-(1->6)-glucosyl-(1->4)-2,6-dideoxyribohexoside]		C41H64O17	828.946	OC12C3C(C4(C(CC3)CC(OC5OC(C(OC6OC(C(O)C(O)C6O)COC7OC(C(O)C(O)C7O)CO)C(O)C5)C)CC4)C)CCC1(C(CC2)C=8COC(=O)C8)C		
CHEBI:189931	Digoxigenin bisdigitoxoside		C35H54O11	650.806	O[C@@]12[C@]3([C@@]([C@@]4([C@](CC3)(C[C@@H](O[C@@H]5O[C@@H]([C@@H](O[C@@H]6O[C@@H]([C@@H](O)[C@@H](O)C6)C)[C@@H](O)C5)C)CC4)[H])C)(C[C@@H](O)[C@@]1([C@H](CC2)C=7COC(=O)C7)C)[H])[H]		
CHEBI:189935	Glucoconvallatoxoloside		C41H64O20	876.943	OC12C3C(C4(C(O)(CC3)CC(OC5OC(C(OC6OC(C(OC7OC(C(O)C(O)C7O)CO)C(O)C6O)CO)C(O)C5O)C)CC4)CO)CCC1(C(CC2)C=8COC(=O)C8)C		
CHEBI:189948	Evobioside		C35H54O13	682.804	O[C@@]12[C@]3([C@@]([C@@]4([C@](CC3)(C[C@@H](O[C@@H]5O[C@H]([C@H](O[C@@H]6O[C@@H]([C@@H](O)[C@H](O)[C@H]6O)CO)[C@@H](O)[C@H]5O)C)CC4)[H])C)(CC[C@@]1([C@H](CC2)C=7COC(=O)C7)C)[H])[H]		
CHEBI:189972	Canescein		C29H42O11	566.644	O[C@@]12[C@]3([C@@]([C@@]4([C@](O)(CC3)C[C@@H](O[C@@H]5O[C@@H]([C@H](O)[C@@H](O)[C@H]5O)C)CC4)C=O)([C@H](O)C[C@@]1([C@H](CC2)C=6COC(=O)C6)C)[H])[H]		
CHEBI:190357	24-Nor-5beta-cholane-3alpha,7alpha,22,23-tetrol		C23H40O4	380.569	O[C@H]1[C@]2([C@]3([C@@]([C@](CC3)([C@@H](C(O)CO)C)[H])(CC[C@@]2([C@@]4([C@](C1)(C[C@H](O)CC4)[H])C)[H])C)[H])[H]		
CHEBI:190386	3alpha,7alpha,16alpha-Trihydroxy-5beta-cholestan-26-oic acid		C27H46O5	450.660	O[C@H]1[C@]2([C@]3([C@@]([C@]([C@H](O)C3)([C@@H](CCCC(C)C(O)=O)C)[H])(CC[C@@]2([C@@]4([C@](C1)(C[C@H](O)CC4)[H])C)[H])C)[H])[H]		
CHEBI:190409	20a,22b-Dihydroxycholesterol		C27H46O3	418.662	O[C@]([C@@]1([C@@]2([C@]([C@]3([C@@]([C@@]4(C(=CC3)CC(O)CC4)C)(CC2)[H])[H])(CC1)[H])C)[H])([C@H](O)CCC(C)C)C		
CHEBI:190776	3a,6b,7b,12a-Tetrahydroxy-5b-cholanoic acid		C24H40O6	424.578	O[C@@H]1[C@]2([C@]([C@]3([C@@]([C@@]4([C@]([C@H](O)[C@@H]3O)(C[C@H](O)CC4)[H])C)(C1)[H])[H])(CC[C@@]2([C@@H](CCC(O)=O)C)[H])[H])C		
CHEBI:190983	3-[(cholamidopropyl)dimethylammonio]-1-propanesulfonate		C32H59N2O7S	615.890	S(O)(=O)(=O)CCC[N+](CCCNC(=O)CC[C@H]([C@@]1([C@@]2([C@]([C@]3([C@@]([C@@]4([C@](C[C@H]3O)(C[C@H](O)CC4)[H])C)(C[C@@H]2O)[H])[H])(CC1)[H])C)[H])C)(C)C		
CHEBI:191265	24-Nor-5beta-cholane-3alpha,7alpha,12alpha,22,23-pentol		C23H40O5	396.568	O[C@@H]1[C@]2([C@]([C@]3([C@@]([C@@]4([C@](C[C@H]3O)(C[C@H](O)CC4)[H])C)(C1)[H])[H])(CC[C@@]2([C@@H](C(O)CO)C)[H])[H])C		
CHEBI:191479	Canesceol		C29H44O11	568.660	OC12C3C(C4(C(O)(CC3)CC(OC5OC(C(O)C(O)C5O)C)CC4)CO)C(O)CC1(C(CC2)C=6COC(=O)C6)C		
CHEBI:192167	7alpha,27-dihydroxycholestenone		C27H44O3	416.646	O[C@H]1[C@]2([C@]3([C@@]([C@](CC3)([C@@H](CCCC(C(O)=O)=C)C)[H])(CC[C@@]2([C@@]4(C(C1)CCCC4)C)[H])C)[H])[H]		
CHEBI:192446	Olitoriusin		C41H62O19	858.928	OC12C3C(C4(C(O)(CC3)CC(OC5OC(C(OC6OC(C(O)C(O)C6O)COC7OC(C(O)C(O)C7O)CO)C(O)C5)C)CC4)C=O)CCC1(C(CC2)C=8COC(=O)C8)C		
CHEBI:192782	deoxycholic acid-2,2,4,4-d4		C24H36D4O4	396.604	O[C@@H]1[C@]2([C@]([C@]3([C@@]([C@@]4([C@](CC3)(C([C@H](O)C(C4)([2H])[2H])([2H])[2H])[H])C)(C1)[H])[H])(CC[C@@]2([C@@H](CCC(O)=O)C)[H])[H])C		
CHEBI:192785	lithocholic acid-2,2,4,4-d4		C24H36D4O3	380.605	O[C@H]1C([C@@]2([C@@]([C@@]3([C@]([C@]4([C@@]([C@](CC4)([C@@H](CCC(O)=O)C)[H])(CC3)C)[H])(CC2)[H])[H])(CC1([2H])[2H])C)[H])([2H])[2H]		
CHEBI:192788	alpha-muricholic acid-d5		C24H35D5O5	413.610	O[C@H]1[C@]2([C@]3([C@@]([C@](CC3)([C@@H](CCC(O)=O)C)[H])(CC[C@@]2([C@@]4([C@]([C@@H]1O)(C([C@](O)(C(C4)([2H])[2H])[2H])([2H])[2H])[H])C)[H])C)[H])[H]		
CHEBI:193027	17alpha-hydroxywithaferin A		C28H38O7	486.605	[C@]123[C@@]([C@]4(CC[C@]5([C@]([C@@]4(C[C@H]1O2)[H])(CC[C@@]5([C@H](C)[C@@]6(OC(=O)C(=C(C6)C)CO)[H])O)[H])C)[H])(C(=O)C=C[C@@H]3O)C		
CHEBI:193029	17alpha-sitoindoside IX		C34H48O12	648.746	[C@]123[C@@]([C@]4(CC[C@]5([C@]([C@@]4(C[C@H]1O2)[H])(CC[C@@]5([C@H](C)[C@@]6(OC(=O)C(=C(C6)C)CO[C@@H]7O[C@@H]([C@@H](O)[C@H](O)[C@H]7O)CO)[H])O)[H])C)[H])(C(=O)C=C[C@@H]3O)C		
CHEBI:193033	27-hydroxywithanone		C28H38O7	486.605	[C@H]([C@@]1(O)CC[C@]2([C@@]3([C@H]4[C@@H]([C@]5(CC=CC(=O)[C@@]5([C@]3(CC[C@@]21C)[H])C)O)O4)[H])[H])([C@@]6(OC(C(=C(C6)C)CO)=O)[H])C		
CHEBI:193034	withanone 27-O-beta-D-glucoside		C34H48O12	648.746	O[C@H]1[C@H](O)[C@H](O[C@H]([C@@H]1O)OCC=2C(O[C@@]([C@H]([C@@]3(O)CC[C@]4([C@@]5([C@H]6[C@@H]([C@]7(CC=CC(=O)[C@@]7([C@]5(CC[C@@]43C)[H])C)O)O6)[H])[H])C)(CC2C)[H])=O)CO		
CHEBI:193035	5alpha,6beta,17alpha,27-tetrahydroxywithanolide		C28H40O7	488.621	[C@H]([C@@]1(O)CC[C@]2([C@@]3(C[C@H]([C@]4(CC=CC(=O)[C@@]4([C@]3(CC[C@@]21C)[H])C)O)O)[H])[H])([C@@]5(OC(C(=C(C5)C)CO)=O)[H])C		
CHEBI:193036	5alpha,6beta,17alpha-trihydroxywithanolide 27-O-beta-D-glucoside		C34H50O12	650.762	O[C@H]1[C@H](O)[C@H](O[C@H]([C@@H]1O)OCC=2C(O[C@@]([C@H]([C@@]3(O)CC[C@]4([C@@]5(C[C@H]([C@]6(CC=CC(=O)[C@@]6([C@]5(CC[C@@]43C)[H])C)O)O)[H])[H])C)(CC2C)[H])=O)CO		
CHEBI:193181	Thornasterol A		C27H44O4	432.645	O[C@@H]1[C@@]2([C@@](C=3[C@]([C@]4([C@@]([C@](CC4)([C@@](O)(CC(=O)CC(C)C)C)[H])(CC3)C)[H])(C1)[H])(CC[C@H](O)C2)C)[H]		
CHEBI:193183	7beta,27-dihydroxycholesterol		C27H46O3	418.662	O[C@@H]1[C@]2([C@]3([C@@]([C@](CC3)([C@@H](CCC[C@H](CO)C)C)[H])(CC[C@@]2([C@@]4(C(=C1)C[C@@H](O)CC4)C)[H])C)[H])[H]		
CHEBI:193193	3alpha-Hydroxy-5beta-chol-14-en-24-oic Acid		C24H38O3	374.565	O[C@H]1C[C@@]2([C@@]([C@@]3([C@](C=4[C@](CC3)([C@](CC4)([C@@H](CCC(O)=O)C)[H])C)(CC2)[H])[H])(CC1)C)[H]		
CHEBI:193208	3alpha,7alpha,12alpha-Trihydroxy-5beta-cholan-24-al		C24H40O4	392.580	O[C@@H]1[C@]2([C@]([C@]3([C@@]([C@@]4([C@](C[C@H]3O)(C[C@H](O)CC4)[H])C)(C1)[H])[H])(CC[C@@]2([C@@H](CCC=O)C)[H])[H])C		
CHEBI:193260	3alpha,7alpha,12alpha,16alpha-Tetrahydroxy-5beta-cholestan-26-oic acid		C27H46O6	466.659	O[C@@H]1[C@]2([C@]([C@]3([C@@]([C@@]4([C@](C[C@H]3O)(C[C@H](O)CC4)[H])C)(C1)[H])[H])(C[C@@H](O)[C@@]2([C@@H](CCCC(C)C(O)=O)C)[H])[H])C		
CHEBI:193348	5beta-Chola-3,11-dien-24-oic Acid		C24H36O2	356.550	OC(=O)CC[C@H]([C@@]1([C@@]2([C@]([C@]3([C@@]([C@@]4([C@](CC3)(C=CCC4)[H])C)(C=C2)[H])[H])(CC1)[H])C)[H])C		
CHEBI:193543	3alpha,12alpha,15beta-Trihydroxy-5beta,-chol-8(14)-en-24-oic Acid		C24H38O5	406.563	O[C@@H]1[C@]2(C(=C3[C@@]([C@@]4([C@](CC3)(C[C@H](O)CC4)[H])C)(C1)[H])[C@H](O)C[C@@]2([C@@H](CCC(O)=O)C)[H])C		
CHEBI:193921	Uzarigenin 3-[xylosyl-(1->2)-rhamnoside]		C34H52O12	652.778	OC12C3C(C4(C(CC3)CC(OC5OC(C(O)C(O)C5OC6OCC(O)C(O)C6O)C)CC4)C)CCC1(C(CC2)C=7COC(=O)C7)C		
CHEBI:194031	Corchorusoside E		C41H64O19	860.944	OC12C3C(C4(C(O)(CC3)CC(OC5OC(C(OC6OC(C(OC7OC(C(O)C(O)C7O)CO)C(O)C6O)CO)C(O)C5)C)CC4)CO)CCC1(C(CC2)C=8COC(=O)C8)C		
CHEBI:194389	2-{[(3alpha,5beta,7alpha,8xi,12alpha)-3,7,12-Trihydroxy-24-oxocholan-24-yl]amino}ethyl hydrogen sulfate		C26H45NO8S	531.710	S(OCCNC(=O)CC[C@H]([C@@]1([C@@]2([C@](C3[C@@]([C@@]4([C@](CC3O)(C[C@H](O)CC4)[H])C)(C[C@@H]2O)[H])(CC1)[H])C)[H])C)(O)(=O)=O		
CHEBI:196592	3alpha-Hydroxy-7-oxo-5alpha-cholan-24-oic Acid		C24H38O4	390.564	O=C1[C@]2([C@]3([C@@]([C@](CC3)([C@@H](CCC(O)=O)C)[H])(CC[C@@]2([C@@]4([C@@](C1)(C[C@H](O)CC4)[H])C)[H])C)[H])[H]		
CHEBI:196605	3alpha-Hydroxy-12-oxo-5alpha-cholan-24-oic Acid		C24H38O4	390.564	O=C1[C@]2([C@]([C@]3([C@@]([C@@]4([C@@](CC3)(C[C@H](O)CC4)[H])C)(C1)[H])[H])(CC[C@@]2([C@@H](CCC(O)=O)C)[H])[H])C		
CHEBI:196607	12alpha-Hydroxy-7-oxo-5beta-cholan-24-oic Acid		C24H38O4	390.564	O[C@@H]1[C@]2([C@]([C@]3([C@@]([C@@]4([C@](CC3=O)(CCCC4)[H])C)(C1)[H])[H])(CC[C@@]2([C@@H](CCC(O)=O)C)[H])[H])C		
CHEBI:196609	3beta-Hydroxy-6-oxo-5alpha-cholan-24-oic Acid		C24H38O4	390.564	O=C1[C@@]2([C@@]([C@@]3([C@]([C@]4([C@@]([C@](CC4)([C@@H](CCC(O)=O)C)[H])(CC3)C)[H])(C1)[H])[H])(CC[C@H](O)C2)C)[H]		
CHEBI:196610	7beta-Hydroxy-12-oxo-5alpha-cholan-24-oic Acid		C24H38O4	390.564	O[C@@H]1[C@]2([C@]3([C@@]([C@](CC3)([C@@H](CCC(O)=O)C)[H])(C(=O)C[C@@]2([C@@]4([C@@](C1)(CCCC4)[H])C)[H])C)[H])[H]		
CHEBI:196611	7alpha-Hydroxy-12-oxo-5alpha-cholan-24-oic Acid		C24H38O4	390.564	O[C@H]1[C@]2([C@]3([C@@]([C@](CC3)([C@@H](CCC(O)=O)C)[H])(C(=O)C[C@@]2([C@@]4([C@@](C1)(CCCC4)[H])C)[H])C)[H])[H]		
CHEBI:196612	12alpha-Hydroxy-3-oxo-5alpha-cholan-24-oic Acid		C24H38O4	390.564	O[C@@H]1[C@]2([C@]([C@]3([C@@]([C@@]4([C@@](CC3)(CC(=O)CC4)[H])C)(C1)[H])[H])(CC[C@@]2([C@@H](CCC(O)=O)C)[H])[H])C		
CHEBI:196613	6alpha-Hydroxy-3-oxo-5alpha-cholan-24-oic Acid		C24H38O4	390.564	O[C@@H]1[C@@]2([C@@]([C@@]3([C@]([C@]4([C@@]([C@](CC4)([C@@H](CCC(O)=O)C)[H])(CC3)C)[H])(C1)[H])[H])(CCC(=O)C2)C)[H]		
CHEBI:196614	7beta-Hydroxy-3-oxo-5beta-cholan-24-oic Acid		C24H38O4	390.564	O[C@@H]1[C@]2([C@]3([C@@]([C@](CC3)([C@@H](CCC(O)=O)C)[H])(CC[C@@]2([C@@]4([C@](C1)(CC(=O)CC4)[H])C)[H])C)[H])[H]		
CHEBI:196615	7beta-Hydroxy-12-oxo-5beta-cholan-24-oic Acid		C24H38O4	390.564	O[C@@H]1[C@]2([C@]3([C@@]([C@](CC3)([C@@H](CCC(O)=O)C)[H])(C(=O)C[C@@]2([C@@]4([C@](C1)(CCCC4)[H])C)[H])C)[H])[H]		
CHEBI:196616	7alpha-Hydroxy-12-oxo-5beta-cholan-24-oic Acid		C24H38O4	390.564	O[C@H]1[C@]2([C@]3([C@@]([C@](CC3)([C@@H](CCC(O)=O)C)[H])(C(=O)C[C@@]2([C@@]4([C@](C1)(CCCC4)[H])C)[H])C)[H])[H]		
CHEBI:196617	6alpha-Hydroxy-3-oxo-5beta-cholan-24-oic Acid		C24H38O4	390.564	O[C@@H]1[C@]2([C@@]([C@@]3([C@]([C@]4([C@@]([C@](CC4)([C@@H](CCC(O)=O)C)[H])(CC3)C)[H])(C1)[H])[H])(CCC(=O)C2)C)[H]		
CHEBI:196618	6beta-Hydroxy-3-oxo-5beta-cholan-24-oic Acid		C24H38O4	390.564	O[C@H]1[C@]2([C@@]([C@@]3([C@]([C@]4([C@@]([C@](CC4)([C@@H](CCC(O)=O)C)[H])(CC3)C)[H])(C1)[H])[H])(CCC(=O)C2)C)[H]		
CHEBI:196619	3beta-Hydroxy-11-oxo-5beta-cholan-24-oic Acid		C24H38O4	390.564	O=C1[C@]2([C@]([C@]3([C@@]([C@](CC3)([C@@H](CCC(O)=O)C)[H])(C1)C)[H])(CC[C@]4([C@@]2(CC[C@H](O)C4)C)[H])[H])[H]		
CHEBI:197006	7,12-Dioxochol-5-en-24-oic Acid		C24H34O4	386.532	O=C1[C@]2([C@]([C@]3([C@@]([C@@]4(C(=CC3=O)CCCC4)C)(C1)[H])[H])(CC[C@@]2([C@@H](CCC(O)=O)C)[H])[H])C		
CHEBI:197071	3,12-Dioxo-5beta-chol-14-en-24-oic Acid		C24H34O4	386.532	O=C1[C@]2(C([C@]3([C@@]([C@@]4([C@](CC3)(CC(=O)CC4)[H])C)(C1)[H])[H])=CC[C@@]2([C@@H](CCC(O)=O)C)[H])C		
CHEBI:197100	3,12-Dioxo-5beta-chol-8(14)-en-24-oic Acid		C24H34O4	386.532	O=C1[C@]2(C(=C3[C@@]([C@@]4([C@](CC3)(CC(=O)CC4)[H])C)(C1)[H])CC[C@@]2([C@@H](CCC(O)=O)C)[H])C		
CHEBI:197117	3,7,23-Trioxo-5beta-cholan-24-oic Acid		C24H34O5	402.531	O=C1[C@]2([C@]3([C@@]([C@](CC3)([C@@H](CC(=O)C(O)=O)C)[H])(CC[C@@]2([C@@]4([C@](C1)(CC(=O)CC4)[H])C)[H])C)[H])[H]		
CHEBI:197134	3,12-Dioxo-5beta-chol-7-en-24-oic Acid		C24H34O4	386.532	O=C1[C@]2([C@](C=3[C@@]([C@@]4([C@](CC3)(CC(=O)CC4)[H])C)(C1)[H])(CC[C@@]2([C@@H](CCC(O)=O)C)[H])[H])C		
CHEBI:197207	Taurochenodeoxycholate-7-sulfate		C26H43NO9S2.Na.Na	623.730	S(O[C@H]1C2C3[C@@]([C@](CC3)([C@@H](CCC(=O)NCCS([O-])(=O)=O)C)[H])(CCC2[C@@]4([C@](C1)(C[C@H](O)CC4)[H])C)C)([O-])(=O)=O.[Na+].[Na+]		
CHEBI:197240	Acolongifloriside K		C29H44O12	584.659	O[C@@]12C3C([C@@]4([C@](O)(CC3)C[C@@H](O[C@H]5OC([C@H](O)C(O)C5O)C)C[C@H]4O)CO)[C@H](O)C[C@@]1([C@H](CC2)C=6COC(=O)C6)C		
CHEBI:197283	3alpha-Hydroxy-11,12-dioxo-5beta-cholan-24-oic Acid		C24H36O5	404.547	O=C1[C@]2([C@]([C@]3([C@@]([C@@]4([C@](CC3)(C[C@H](O)CC4)[H])C)(C1=O)[H])[H])(CC[C@@]2([C@@H](CCC(O)=O)C)[H])[H])C		
CHEBI:199520	methyl 25-hydroxy-3-epidehydrotumulosate		C32H50O5	514.747	O=C(OC)C([C@@H]1[C@@]2([C@@](C=3C([C@@]4([C@H](C([C@H](O)CC4)(C)C)CC3)C)=CC2)(C)C[C@H]1O)C)CCC(=C)C(O)(C)C		
CHEBI:200491	Bendigole A		C22H30O4	358.478	O=C1C=C2[C@]([C@@H]3[C@H]([C@H]4[C@]([C@@H]([C@@H](C(=O)O)C)CC4)(C)[C@H](C3)O)CC2)(C)C=C1		
CHEBI:200642	Applanoxidic acid H		C30H42O8	530.658	O=C1C=C(C(O)(CC(=O)CC(C(=O)O)C)C)[C@@]2([C@@]1([C@@]34O[C@@H]3C[C@@H]5[C@@](C4=C[C@@H]2O)(CC[C@@H](C5(C)C)O)C)C)C		
CHEBI:201135	Igniaren A		C30H46O2	438.696	O=C1[C@H](C2[C@](C=3C([C@]4([C@]([C@@H]([C@@H]([C@H](O)CC(=C)C(C)C)C)CC4)(C)CC3)C)=CC2)(C)CC1)C		
CHEBI:201956	3-Dimethoxy-7-ketocholanic acid		C26H42O5	434.617	O=C1C2C([C@]3(CCC(CC3C1)(OC)OC)C)CC[C@]4(C2CCC4[C@@H](CCC(=O)O)C)C		
CHEBI:202371	Ganohainanic acid E		C29H40O7	500.632	O=C1C2=C(C(=O)C[C@@H]3[C@@]2(CCC([C@H]3C)=O)C)[C@@]4([C@H](O)C[C@@H]([C@]4(C1)C)[C@@H](CC(=O)CC(C(=O)O)C)C)C		
CHEBI:202497	Antcin F		C29H40O5	468.634	O=C1C2=C(C3=CCC(C3(C1)C)C(CCC(=C)C(C(=O)O)C)C)[C@@H](O)CC4C2(CCC([C@H]4C)=O)C		
CHEBI:203421	Gloeophyllin F		C30H48O3	456.711	O=C(O)[C@H]([C@@H]1[C@@]2([C@H](C3=C([C@@]4([C@H](C([C@@H](O)CC4)(C)C)CC3)C)CC2)CC1)C)CCC(=C)C(C)C		
CHEBI:203726	Elfvingic acid D		C30H42O9	546.657	O=C1C=C2[C@@]3(C(C([C@@H](O)[C@@H](C3)O)(C)C)C[C@H]4[C@@]2(O4)[C@]5([C@]1(C(=C[C@H]5O)C(O)(CC(=O)CC(C(=O)O)C)C)C)C)C		
CHEBI:204297	Elfvingic acid E		C30H42O9	546.657	O=C1C=C2[C@@]3(C([C@@]([C@@H](O)CC3)(CO)C)C[C@H]4[C@@]2(O4)[C@]5([C@]1(C(=C[C@H]5O)C(O)(CC(=O)CC(C(=O)O)C)C)C)C)C		
CHEBI:204922	3-Dimethoxy-12alpha-hydroxycholanic acid		C26H44O5	436.633	O=C(O)CC[C@H](C1[C@]2([C@@H](O)CC3[C@@]4(C(CC(OC)(OC)CC4)CCC3C2CC1)C)C)C		
CHEBI:205193	29-hydroxypolyporenic acid C		C31H46O5	498.704	O=C1[C@@]([C@H]2[C@](C=3C([C@]4([C@]([C@@H]([C@H](C(=O)O)CCC(=C)C(C)C)[C@@H](C4)O)(C)CC3)C)=CC2)(C)CC1)(CO)C		
CHEBI:205197	Elfvingic acid F		C30H42O9	546.657	O=C1C=C2[C@@]3(C(C([C@@H](O)CC3)(C)C)C[C@H]4[C@@]2(O4)[C@]5([C@]1(C(=C[C@H]5O)C(O)(CC(=O)CC(C(=O)O)C)C)C)C)CO		
CHEBI:205344	15alpha-acetyl-dehydrosulphurenic acid,		C33H50O5	526.758	O=C(O)[C@@H]([C@@H]1[C@@]2([C@@](C=3C([C@@]4([C@H](C([C@@H](O)CC4)(C)C)CC3)C)=CC2)(C)[C@H](C1)OC(=O)C)C)CCC(=C)C(C)C		
CHEBI:205899	Resinacein T		C25H38O5	418.574	O=C1C2=C([C@@]3([C@@H](O)C=C([C@]3(C1)C)[C@@H](CO)C)C)[C@@H](O)C[C@@H]4[C@@]2(CC[C@@H](C4(C)C)O)C		
CHEBI:206041	16alpha-hydroxy-3-oxo-24-methyllanosta-5,7,9(11),24(31)-tetraen-21-oic acid		C31H44O4	480.689	O=C1C(C2=CC=C3[C@]4([C@]([C@@H]([C@H](C(=O)O)CCC(=C)C(C)C)[C@@H](C4)O)(C)CC=C3[C@@]2(C)CC1)C)(C)C		
CHEBI:207806	12alpha-Hydroxy-3,7-diketocholanic acid		C24H36O5	404.547	O=C1C2C([C@]3(CCC(CC3C1)=O)C)C[C@H](O)[C@]4(C2CCC4[C@@H](CCC(=O)O)C)C		
CHEBI:208021	Cladosporisteroid A		C28H44O5	460.655	O=C1C=C2C=C[C@H]3[C@H]4[C@]([C@@H]([C@@](O)([C@H](O)[C@H](O)[C@@H](C(O)(C)C)C)C)CC4)(C)CC[C@@H]3[C@@]2(C)CC1		
CHEBI:208208	Gilvsin C		C30H48O2	440.712	O=C1[C@H]([C@H]2[C@](C3=C([C@]4([C@]([C@@H]([C@@H]([C@H](O)CC(=C)C(C)C)C)CC4)(C)CC3)C)CC2)(C)CC1)C		
CHEBI:209415	Applanoxidic acid B		C30H38O8	526.626	O=C1C=C2[C@@]3([C@H](C(C(=O)CC3)(C)C)C[C@@H]4[C@]2(O4)[C@]5([C@]1(C(=CC5=O)C(O)(CC(=O)CC(C(=O)O)C)C)C)C)C		
CHEBI:209975	(23R,24R,25R)-23,26-epoxy-3beta,14alpha,21alpha,22alpha-tetrahydroxyergost-7-en-6-one		C28H44O6	476.654	O=C1C=C2[C@@]3(O)[C@@]([C@@H]([C@](O)([C@H](O)[C@@H]4OC[C@@H]([C@H]4C)C)C)CC3)(CC[C@@H]2[C@@]5([C@H]1C[C@@H](O)CC5)C)C		
CHEBI:211743	(5S,9R,10S,11R,13R,14R,15S,17R)-11,15-dihydroxy-17-[(2S)-6-hydroxy-6-methyl-5-oxoheptan-2-yl]-10,13-dimethyl-1,2,4,5,6,9,11,12,14,15,16,17-dodecahydrocyclopenta[a]phenanthren-3-one		C27H42O5	446.628	O=C1C[C@H]2[C@]([C@@H]3C([C@H]4[C@]([C@@H]([C@H](CCC(=O)C(O)(C)C)C)C[C@@H]4O)(C)C[C@H]3O)=CC2)(C)CC1		
CHEBI:212435	Elfvingic acid C		C30H42O8	530.658	O=C1C=C2[C@@]3(C(C([C@@H](O)CC3)(C)C)C[C@H]4[C@@]2(O4)[C@]5([C@]1(C(=C[C@H]5O)C(O)(CC(=O)CC(C(=O)O)C)C)C)C)C		
CHEBI:212834	3beta-hydroxy-4,4,14alpha-trimethyl-5alpha-pregna-7,9(11)-diene-20S-carboxylic acid		C25H38O3	386.576	O=C(O)[C@H]([C@@H]1[C@@]2([C@@](C=3C([C@@]4([C@H](C([C@@H](O)CC4)(C)C)CC3)C)=CC2)(C)CC1)C)C		
CHEBI:213075	Elfvingic acid B		C30H40O8	528.642	O=C1C=C2[C@@]3(C(C(C(=O)CC3)(C)C)C[C@H]4[C@@]2(O4)[C@]5([C@]1(C(=C[C@H]5O)C(O)(CC(=O)CC(C(=O)O)C)C)C)C)C		
CHEBI:214060	15alpha-hydroxydehydrotumulosic acid		C31H48O5	500.720	O=C(O)C([C@@H]1[C@@]2([C@@](C=3C([C@@]4([C@H](C([C@@H](O)CC4)(C)C)CC3)C)=CC2)(C)[C@H]([C@H]1O)O)C)CCC(=C)C(C)C		
CHEBI:215124	(24E)-3beta-acetoxy-7alpha,15alpha,26-trihydroxylanosta-8,24-diene		C32H52O5	516.763	O=C(O[C@@H]1C([C@H]2[C@](C3=C([C@]4([C@]([C@@H]([C@@H](CC/C=C(/CO)\C)C)C[C@@H]4O)(C)CC3)C)[C@@H](C2)O)(C)CC1)(C)C)C		
CHEBI:215166	Ganocasuarin A		C30H48O5	488.709	O=C1C([C@H]2[C@]([C@]3(O)C(=C4[C@]([C@@H]([C@@H](CC/C=C(/CO)\C)C)C[C@]4(O)C)(C)CC3)[C@@H](C2)O)(C)CC1)(C)C		
CHEBI:215170	Ganocasuarin B		C30H50O5	490.725	O[C@@]12C(=C3[C@]([C@@H]([C@@H](CC/C=C(/CO)\C)C)C[C@]3(O)C)(C)CC1)[C@H](O)C[C@@H]4[C@@]2(CC[C@@H](C4(C)C)O)C		
CHEBI:215438	15alpha-Acetyl-dehydrosulphurenic acid		C34H50O7	570.767	O=C(O)[C@@H]([C@@H]1[C@@]2([C@@](C=3C([C@@]4(C([C@](OC(=O)C)([C@@H](O)CC4)C)CC3)C)=CC2)(C)[C@H](C1)OC(=O)C)C)CCC(=C)C(C)C		
CHEBI:215535	Tricholimbrin A		C31H44O7	528.686	O=C1O[C@H]2C[C@@]3(OO)C4=CC[C@H]5C([C@H](OC(=O)C)CC[C@@]5([C@H]4CC[C@@]3([C@H]2[C@H]1CC(=O)C=C(C)C)C)C)(C)C		
CHEBI:215540	Tricholimbrin B		C31H44O5	496.688	O=C1O[C@H]2CC3=C4[C@@H]([C@@]5([C@H](C([C@H](OC(=O)C)CC5)(C)C)CC4)C)CC[C@@]3([C@H]2[C@H]1CC(=O)C=C(C)C)C		
CHEBI:216905	Bendigole B		C23H32O3	356.506	O=C1C=C2[C@]([C@@H]3[C@H]([C@H]4[C@]([C@@H]([C@@H](C(=O)C)C)CC4)(C)[C@H](C3)O)CC2)(C)C=C1		
CHEBI:220552	Ganoderic acid Jd		C27H40O4	428.613	O=C1C(C2[C@](C=3C([C@]4([C@]([C@@H]([C@@H](CCC(=O)O)C)C[C@@H]4O)(C)CC3)C)=CC2)(C)CC1)(C)C		
CHEBI:220758	20-hydroxy-3,12,15,23-tetraoxolanosta-7,9(11),16-trien-26-oic acid		C30H38O7	510.627	O=C1C=C2C(=CC[C@@H]3[C@@]2(CCC(C3(C)C)=O)C)[C@]4([C@]1(C(=CC4=O)C(O)(CC(=O)CC(C(=O)O)C)C)C)C		
CHEBI:223132	Murecholamide		C31H54N2O6	550.781	O=C(NCCCCCN(O)C(=O)C)CC[C@H]([C@@H]1[C@]2([C@@H](O)C[C@@H]3[C@@]4([C@@H](C[C@H](O)CC4)C[C@H]([C@H]3[C@@H]2CC1)O)C)C)C		
CHEBI:224556	Applanoxidic acid G		C30H40O8	528.642	O=C1C=C2[C@@]3([C@H](C(C(=O)CC3)(C)C)C[C@@H]4[C@]2(O4)[C@]5([C@]1(C(=C[C@H]5O)C(O)(CC(=O)CC(C(=O)O)C)C)C)C)C		
CHEBI:225093	12alpha-Hydroxy-3-ketocholanic acid		C24H38O4	390.564	O=C1CC2[C@](C3C(C4[C@](C([C@@H](CCC(=O)O)C)CC4)(C)[C@H](C3)O)CC2)(C)CC1		
CHEBI:225736	Antcamphorol D		C28H42O6	474.638	O=C1C2=C([C@@H](O)C[C@@H]3[C@@]2(CC[C@H]([C@@H]3O)O)C)[C@@H]4CC[C@@H]([C@]4(C1)C)[C@@H](CCC(=C)[C@H](C(=O)O)C)C		
CHEBI:225741	Antcamphorol E		C28H42O6	474.638	O=C1C2=C([C@@H](O)C[C@@H]3[C@@]2(CC[C@H]([C@@H]3O)O)C)[C@@H]4CC[C@@H]([C@]4(C1)C)[C@@H](CCC(=C)[C@@H](C(=O)O)C)C		
CHEBI:227399	Methyl applaniate A		C31H44O9	560.684	O=C1C=C2[C@@](O)(C(=O)C[C@@H]3[C@@]2(CC[C@@H](C3(C)C)O)C)[C@]4([C@]1(C(=C[C@H]4O)[C@@](O)(CC(=O)C[C@@H](C(=O)OC)C)C)C)C		
CHEBI:227561	Irpeksolactin B		C31H48O5	500.720	O=C(O)[C@@H]([C@@H]1[C@@]2([C@@](C=3C([C@@]4([C@H](C([C@H](O)CC4)(C)C)CC3)C)=CC2)(C)[C@H]([C@H]1O)O)C)CCC(=C)C(C)C		
CHEBI:228341	Polyporenic acid C		C31H46O4	482.705	O[C@H]1[C@@]([C@@]2([C@@](C1)(C=3C([C@@]4(C(C(C(=O)CC4)(C)C)CC3)C)=CC2)C)C)([C@@H](CCC(C(C)C)=C)C(O)=O)[H]		
CHEBI:228795	Sodium Dehydrocholate		C24H33O5.Na	424.513	[Na+].O=C1[C@]2([C@]([C@]3([C@@]([C@@]4([C@](CC3=O)(CC(=O)CC4)[H])C)(C1)[H])[H])(CC[C@@]2([C@@H](CCC([O-])=O)C)[H])[H])C		
CHEBI:228894	Ouabain octahydrate		C29H44O12.H2O.H2O.H2O.H2O.H2O.H2O.H2O.H2O	728.779	O[C@@]12[C@]3([C@@]([C@@]4([C@](O)(CC3)C[C@@H](O[C@@H]5O[C@H]([C@H](O)[C@@H](O)[C@H]5O)C)C[C@H]4O)CO)([C@H](O)C[C@@]1([C@H](CC2)C=6COC(=O)C6)C)[H])[H].O.O.O.O.O.O.O.O		
CHEBI:228896	Periplocymarin		C30H46O8	534.690	O[C@@]12[C@]3([C@@]([C@@]4([C@](O)(CC3)C[C@@H](O[C@@H]5O[C@@H]([C@@H](O)[C@@H](OC)C5)C)CC4)C)(CC[C@@]1([C@H](CC2)C=6COC(=O)C6)C)[H])[H]		
CHEBI:229092	Cymarol		C30H46O9	550.689	O[C@@]12[C@]3([C@@]([C@@]4([C@](O)(CC3)C[C@@H](O[C@@H]5O[C@@H]([C@@H](O)[C@@H](OC)C5)C)CC4)CO)(CC[C@@]1([C@H](CC2)C=6COC(=O)C6)C)[H])[H]		
CHEBI:229114	Erychroside		C34H50O13	666.761	O[C@@]12[C@]3([C@@]([C@@]4([C@](O)(CC3)C[C@@H](O[C@@H]5O[C@@H]([C@@H](O[C@@H]6OC[C@@H](O)[C@H](O)[C@H]6O)[C@@H](O)C5)C)CC4)C=O)(CC[C@@]1([C@H](CC2)C=7COC(=O)C7)C)[H])[H]		
CHEBI:229115	Erychrozol		C34H52O13	668.777	O[C@@]12C3C([C@@]4([C@](O)(CC3)C[C@@H](O[C@@H]5O[C@@H]([C@@H](O[C@@H]6OC[C@@H](O)[C@H](O)[C@H]6O)[C@@H](O)C5)C)CC4)CO)CC[C@@]1(C(CC2)C=7COC(=O)C7)C		
CHEBI:229584	Sodium taurolithocholate		C26H44NO5S.Na	505.690	S([O-])(=O)(=O)CCNC(=O)CC[C@H]([C@@]1([C@@]2([C@]([C@]3([C@@]([C@@]4([C@](CC3)(C[C@H](O)CC4)[H])C)(CC2)[H])[H])(CC1)[H])C)[H])C.[Na+]		
CHEBI:229822	pinnasterol		C27H42O5	446.628	O[C@]([C@@H]1[C@@]2(C(CC1)C=3C(CC2)[C@]4(C[C@H](O)[C@@H](O)C=C4C(=O)C3)C)C)([C@@H](O)CCC(C)C)C		
CHEBI:229888	dormantinol		C27H46O3	418.662	O[C@H]([C@H]([C@@H]1[C@@]2([C@H]([C@H]3[C@@H]([C@@]4(C(=CC3)C[C@@H](O)CC4)C)CC2)CC1)C)C)CC[C@@H](CO)C		
CHEBI:230007	2b,3a,7a,12a-Tetrahydroxy-5b-cholanoic acid		C24H40O6	424.578	O[C@@H]1[C@]2(C(C3C([C@@]4([C@](CC3O)(C[C@H](O)[C@@H](O)C4)[H])C)C1)CCC2[C@H](CCC(O)=O)C)C		
CHEBI:230259	3alpha,7alpha,12alpha,25-Tetrahydroxy-5beta-cholestane-24-one		C27H46O5	450.660	O[C@H]1[C@]2([C@@H]([C@@H]3[C@H]([C@]4([C@@H](C[C@@H]3O)C[C@@H](O)CC4)C)C1)CC[C@@H]2[C@@H](CCC(=O)C(O)(C)C)C)C		
CHEBI:230570	(3alpha,5alpha,22R,23R)-Cholestane-3,22,23-triol		C27H48O3	420.678	OC1CC2C(C3C(C4C(C(CC4)C(C(O)C(O)CC(C)C)C)(CC3)C)CC2)(CC1)C		
CHEBI:230856	3b,4b,7a,12a-Tetrahydroxy-5b-cholanoic acid		C24H40O6	424.578	O[C@@H]1[C@]2([C@H]([C@H]3[C@@H]([C@@]4([C@H](C[C@H]3O)[C@@H](O)[C@@H](O)CC4)C)C1)CC[C@@H]2[C@@H](CCC(O)=O)C)C		
CHEBI:230878	Monoketocholic acid		C24H38O6	422.562	OC1C2(C(C3C(C4(C(CC3O)CC(O)CC4=O)C)C1)CCC2C(CCC(O)=O)C)C		
CHEBI:230903	Digitoxigenin bisdigitoxide		C35H54O10	634.807	O[C@@]12C3C([C@@]4([C@H](CC3)C[C@@H](O[C@@H]5O[C@@H]([C@@H](O[C@@H]6O[C@@H]([C@@H](O)[C@@H](O)C6)C)[C@@H](O)C5)C)CC4)C)CC[C@@]1([C@H](CC2)C=7COC(=O)C7)C		
CHEBI:230917	3a,7a,12a,19-Tetrahydroxy-5b-cholanoic acid		C24H40O6	424.578	O[C@@H]1[C@]2([C@H]([C@H]3[C@@H]([C@@]4([C@H](C[C@H]3O)C[C@H](O)CC4)CO)C1)CC[C@@H]2[C@@H](CCC(O)=O)C)C		
CHEBI:231062	Asi-222		C29H45NO7	519.679	OC12C3C(C4(C(CC3)CC(OC5OC(C(N)C(O)C5O)C)CC4)C)CCC1(C(CC2)C=6COC(=O)C6)C		
CHEBI:231164	7-Methyl-cholic acid		C25H42O5	422.606	OC1(C2C3C(C(CC3)C(CCC(O)=O)C)(C(O)CC2C4(C(C1)CC(O)CC4)C)C)C		
CHEBI:231313	7.alpha.-Hydroxy-3-oxo-4-cholestenoic acid		C27H42O4	430.629	O[C@H]1[C@H]2[C@H]3[C@@]([C@H](CC3)[C@@H](CCC[C@@H](C)C(O)=O)C)(CC[C@@H]2[C@@]4(C(C1)=CC(=O)CC4)C)C		
CHEBI:231686	Digoxin-d3		C41H61D3O14	783.967	OC12C3C(C4(C(CC3)CC(OC5OC(C(OC6OC(C(OC7OC(C(O)C(O)C7)C)C(O)C6)C)C(O)C5)C)CC4)C)CC(O)C1(C(CC2)C=8C(OC(=O)C8[2H])([2H])[2H])C		
